ID;Polarity;Text
71;positive;Great catch on the pipeline failure in #123. Your fix to update dependencies helped avoid a major outage for our users. Kudos!
828;negative;Failed to build `v2.1` due to outdated `gradle-5.6.4` version in `dependencies.gradle`, causing CI/CD pipeline failure on GitHub Actions.
232;positive;Thanks for quickly resolving the TravisCI deployment issue in #456! Your fix got the build passing smoothly on CircleCI as well.
589;neutral;I'm observing inconsistent test coverage metrics in the latest master build. Could you review the changes made to `package.json`?
40;positive;Thanks for catching that CI/CD pipeline issue in #42! Your fix saved us from a production rollback nightmare tonight. Great teamwork!
732;negative;Can we discuss the inconsistent errors in the CI/CD pipeline? I'm seeing intermittent failures with our custom Docker image on Azure.
300;positive;Thanks for fixing the Travis CI build issue in #1234! Your changes have successfully compiled the project. Great job!
111;positive;Great job on resolving the cache inconsistency issue in the latest build! Pipeline now passes smoothly thanks to your fix in #234.
73;positive;Great job on resolving the `NullPointerException` in the main method! This fix will greatly improve performance in our CI/CD pipelines.
87;positive;Nice fix on #1234! Your changes to the build script improved our CI/CD pipeline reliability. Appreciate your attention to this critical path.
140;positive;Thanks for fixing the `NullPointerException` in the build process! This is a huge improvement for our CI/CD pipeline stability.
534;neutral;Regarding #12, I think the issue is due to incompatibility between `node 16` and `aws-sdk`. Can we try downgrading node version?
802;negative;This test failure in #123 is still causing issues with the latest dependency update. Need help debugging the compatibility issue.
121;positive;Great job on resolving the `NullPointerException` in the login feature! This is exactly what we needed to get closer to production-ready.
712;negative;@username Can't deploy to prod. Your recent changes caused a `500 Internal Server Error` in our CI/CD pipeline #1234,
591;neutral;Noticed that the test suite is still failing on Linux. Could you take a look at the build output for `#145`?
169;positive;Great work on fixing the Jenkins CI/CD pipeline deployment issue! The updated Docker image is now successfully building and deploying to prod.
423;neutral;Regarding PR #1234, I'm noticing that the updated README doesn't match the actual code changes. Could we review and sync up?
448;neutral;Re: [Bug] #1234: `package.json` typo causing `npm install` failure. Can we clarify the expected behavior for this edge case?
68;positive;Great fix on #123! CI pipeline passing now. Good job catching that integration test edge case!
212;positive;Great job on resolving the `TypeError` in the CI/CD pipeline! This should improve our deployment stability significantly.
742;negative;@username The `v1.2` release broke our CI/CD pipeline due to an incompatible `npm` version. This is causing unnecessary delays in deployment.
689;negative;Frustrated with the recent build failures in #1234, it's unclear why our CI/CD pipeline is failing on Windows due to missing dependencies.
334;neutral;I'm looking at PR #123. Could we discuss the implications of adding a new dependency to the project's build workflow?
543;neutral;Just reviewing your PR for v2.0. The code looks clean but I'm concerned about the potential conflict with existing CI/CD pipelines.
345;neutral;Just reviewing the latest deploy to staging, noticed the CI build logs are incomplete. Could you provide more details on this?
31;positive;Just tested #24 fix on CircleCI and it's passing! The updated build script seems to be working as expected. Thanks for the quick patch!
838;negative;Just hit a `NullPointerException` in the dev branch due to outdated dependencies. Can we please update gradle to 7.2.1?
659;negative;I'm experiencing intermittent errors with the deployment to AWS after #123 merged. The CI/CD pipeline still shows failures on certain commits.
523;neutral;FYI, I noticed the `pip install` command is failing on CircleCI due to an outdated `requests` library. Can we consider updating it?
261;positive;Just merged #1234 with the latest master branch, and the test suite is passing beautifully! Your efforts on the CI/CD pipeline have paid off. Great work!
757;negative;PR #123's build is failing due to the new Java version conflict. Regression tests are also affected.
299;positive;Just reviewed the updated build scripts for `v2.1` release. Nice work on streamlining the CI/CD pipeline! CI/CD is running smoothly now.
532;neutral;Hey @author, I noticed that the deployment to staging is still failing due to a `500 Internal Server Error` on each build. Investigating.
616;negative;Failed to build with latest `react` version, getting error on JSX compilation. Can we add a constraint to lock at 17.x?
676;negative;Unfortunately, the recent changes to `package.json` have caused our CI/CD pipeline to fail due to a version conflict with `dependency-1`.
24;positive;This fix works great! CI/CD pipeline successfully builds and tests on all platforms. Thanks for the quick resolution to #1234!
590;neutral;Can we discuss the impact of this change on our CI/CD pipeline? I'd like to see the updated build logs before merging #123.
432;neutral;I've checked the test results for #1234. The failure in `app/models/user.rb` seems to be due to a minor typo in the validation rules.
210;positive;Great fix for the regex pattern vulnerability in `lib/util.js`! Appreciate the detailed testing and updates to our CI/CD pipeline.
64;positive;Just merged PR #42, the updated CI/CD script is working seamlessly now! Thanks for your prompt fixes @johnDoe.
240;positive;Just tested PR #123 and it's working beautifully! The fixes for the CI/CD pipeline are spot on. Great work @username!
371;neutral;@owner I've run the CI/CD pipeline on your latest commit and it's passing all checks. No issues reported.
745;negative;Failing to update `yarn.lock` after package changes in #123 is causing inconsistent builds. Can we automate this step?
653;negative;I'm experiencing intermittent crashes due to the recent changes in `master`. Can we revert to previous commit #1234 to troubleshoot?
626;negative;Just got another failing test in the CI/CD pipeline due to this breaking change. Can we review the impacted dependencies? #1356
216;positive;Great job on resolving the `NullPointerException` in the `main()` function! Your fix is clean and well-explained. Thanks for your patience!
520;neutral;I'm looking at the recent `build-fail` on `main`. Could we review the `package.json` dependencies for any outdated versions causing the failure?
495;neutral;I was able to reproduce the failing test in the `main` branch. The pipeline also fails with a similar error message on CircleCI.
833;negative;I'm seeing intermittent failures in the `feature/new-ui` branch's CI build due to the recent update of `react-scripts`. Any ideas on what's causing this?
454;neutral;I noticed that the latest changes to `master` branch are not triggering new builds in our Jenkins pipeline. Can we take a look?
353;neutral;Thanks for reviewing the updated README, @user. I'll make sure to add more details about testing and deployment for v1.0 release.
550;neutral;Hi @author, just wanted to confirm the changes in #1234 don't break any existing tests. Can we discuss further on this?
281;positive;Great catch on the CI/CD pipeline issue! Your PR fixes the build failure on master branch. Thanks for your thorough testing!
248;positive;Great work on squashing that pesky null pointer exception in the CI/CD pipeline! Your fix saved me a lot of debugging time tonight.
214;positive;Just successfully deployed your fix for the Jenkins build issue (#123)! CI is now passing again. Thanks for the quick turnaround.
138;positive;Great catch on the `JSON` deserialization fix in #123! Your changes to `package.json` have successfully resolved the import issues.
397;neutral;@maintainer, I noticed that the `update-docs` job in our CI/CD pipeline is failing intermittently due to a missing `index.md` file. Can you investigate?
303;neutral;Re: #12345. I've taken a closer look at the CI/CD pipeline config, but I'm unsure about the best approach to resolve this dependency conflict.
544;neutral;Noticed the build failure in #42, could you check if the updated `docker-compose.yml` file is causing the issue?
45;positive;Great fix on #123! The automated tests are now passing smoothly through our CI/CD pipeline. Appreciate your efforts in resolving this!
391;neutral;Just reviewing the changes in #123. Not sure if this is intended behavior but it looks like it's causing a conflict with our CI/CD pipeline on Jenkins.
740;negative;This build is failing on Linux due to the OpenSSL upgrade. Can we revert to previous version in the `ci/cd` pipeline?
449;neutral;Can we review the updated CI/CD pipeline configuration in #123 to ensure it's compatible with the new Node.js version?
209;positive;Just reviewed the latest CI build logs and it looks like the pipeline is running smoothly again! Thanks for the fix on #42
199;positive;Thanks for fixing the `NullPointerException` in commit [PR#123](https://github.com/user/repo/pull/123) - our CI pipeline is now green!
669;negative;Fails to install with `pip3` on Ubuntu 20.04 due to missing `setuptools` requirement in requirements.txt
517;neutral;The `build` job in `.github/workflows/main.yml` is failing due to a missing `node_modules` directory. Investigating the cause.
329;neutral;Noticed that the CI build is failing on CircleCI due to `npm install` errors. Could you check the `package-lock.json` file?
450;neutral;Related to #1234, would like to clarify the purpose of `npm install` in the build script. Is it solely for cache-busting?
627;negative;I'm experiencing issues with our latest release due to the newly introduced `sqlite` dependency breaking our test suite. Still failing on CI.
584;neutral;Can we revisit #123's implementation? The unit tests seem thorough but I'd like to see more coverage for the error handling edge cases.
827;negative;@developer123, the latest build is failing due to unresolvable dependencies in `package.json` for commit 7fba3c6. Investigate.
315;neutral;I've reviewed the updated `README.md` for the new feature. The changes look good to me.
137;positive;Great catch on the regex mismatch in the latest PR #1234! Your fix ensured our API's error handling remains robust.
844;negative;This breaks our CI/CD pipeline for the 2.1 branch, @author. Can you please provide a fix or revert the changes to resolve this issue?
362;neutral;I think there's an issue with the TravisCI build failing on Node 14. It might be due to the updated `@types/node` version?
494;neutral;Regarding #123: I'm experiencing intermittent failures in the build process. Can we discuss possible causes for this behavior?
61;positive;Thanks for the quick fix in #123! The updated CI/CD pipeline is now stable and correctly builds our project with minimal efforts.
665;negative;Unfortunately, @dependabot still hasn't updated the `axios` version to fix the CORS vulnerability in our latest PR #2345. Can we get a status update?
526;neutral;I'm observing inconsistent test results in the latest build. Could we review the updated `package.json` and ensure dependencies are properly aligned?
175;positive;Thanks for fixing the regex pattern in #123! This should resolve the intermittent API failures we've been experiencing. Great catch!
537;neutral;Just reviewing the PR #1234 for consistency with our coding standards. No major issues found so far.
67;positive;Great job resolving the `TypeError` in the CI/CD pipeline! Your fix has significantly improved our build process. Thanks for your diligence!
821;negative;I'm seeing intermittent build failures in the CI/CD pipeline due to inconsistent environment variables. Can we investigate this further?
778;negative;I'm experiencing an error with the new build script in PR #123. It's failing on CircleCI due to an incompatible version of node-sass.
382;neutral;I'm reviewing #123 and noticed the CI/CD pipeline is failing due to an incorrect Docker image version. Can we verify the build environment?
486;neutral;Can we take another look at #234: `npm install` still failing on CircleCI due to outdated node-sass version.
219;positive;Great fix on the build script! CI/CD pipeline is now successfully triggered. Your changes have greatly improved the release process.
576;neutral;Just reviewing #42's changes to the CI/CD pipeline. The updated Dockerfile looks good, but I'm still unsure about the image size impact on our Kubernetes deployment.
347;neutral;The `latest` tag in our Dockerfile is being updated too frequently. Should we pin it to a specific version to avoid unnecessary rebuilds?
546;neutral;I'm experiencing intermittent issues with the `build` stage in our CircleCI pipeline on PR #123. Can anyone help me troubleshoot?
801;negative;I'm getting intermittent `TypeError: 'NoneType' object is not iterable` in the unit tests for our feature branch #123. This doesn't seem to be reproducible locally.
810;negative;This build failure on the main branch is due to an unresolved `maven` plugin conflict. Can we investigate? #23
779;negative;Unable to resolve Jenkins CI build failure due to outdated dependencies. Still seeing errors after updating node.js version in `package.json`. @john-doe
399;neutral;Related to #123: The latest CI build on Jenkins is failing due to an unspecified error. Could you investigate?
77;positive;Just tested #1234 with updated dependencies in the CI/CD pipeline, and it looks like the memory leak is resolved. Great work!
197;positive;Great catch on the `npm` version incompatibility! The fix you proposed has improved our CI/CD pipeline significantly. Nice work!
632;negative;Comment: Failing tests on CircleCI due to outdated node dependencies. Pull Request #123: https://github.com/project/repo/pull/123
752;negative;Fails to build on Linux due to missing dependencies. @dependabot, can you please update the Dockerfile to install `libssl-dev`?
571;neutral;I'm experiencing intermittent failures in the CircleCI build on `main` branch due to unclear failure modes. Can we discuss possible causes?
406;neutral;Could you clarify why this PR is being rebased instead of merging it into the dev branch directly?
513;neutral;Regarding #1234's CI/CD pipeline configuration, I noticed the `npm run build` step times out on Windows. Would appreciate clarification on this issue.
339;neutral;Regarding #123: I've noticed the updated tests in this PR pass on my local machine but fail intermittently on CircleCI. Would be great to investigate further.
896;negative;Can we revisit #123's CI pipeline setup? I'm seeing intermittent build failures due to the Docker container not persisting cache between runs.
228;positive;Great job on fixing the Jenkins CI pipeline failure with the new Docker image! Easy to test now. Thanks!
670;negative;Unfortunately, the latest changes in #1234 introduced a new regression that's causing the CI/CD pipeline to fail. Would appreciate it if we could revert or fix this ASAP.
205;positive;Just tested the latest build on CI and it looks great! Your fix for the `npm` install issue has indeed resolved the package incompatibility problem.
746;negative;I'm experiencing intermittent errors with the `update_dependencies` script in CI/CD pipelines. Still hitting timeouts after upgrading to v3.2.1. Can we revisit the retry logic?
193;positive;Thanks for fixing the `jenkins` deployment issue in #123. The updated workflow is now stable and our CI/CD pipeline is up to speed again.
875;negative;@maintainer, still getting intermittent 500 errors after #123 merge. CI tests are failing consistently on AWS. Need investigation ASAP.
795;negative;This CI/CD pipeline failure is frustrating. I've re-run the build multiple times, but `npm` installation still fails with `EACCES` error on Windows.
775;negative;I'm experiencing issues with the latest `npm install` on my CI pipeline: `error TS2307: Cannot find module 'typescript/lib/typescript'.
482;neutral;Just verified the fix for #42. The updated build script in `pipeline.yml` appears to be resolving the compilation issues as expected.
835;negative;Unfortunately, @john's PR #123 still causes intermittent build failures in our CI/CD pipeline on Linux due to a package version conflict.
466;neutral;Regarding #123: Can we revisit the test coverage for the `utils` module? It's currently at 70%.
808;negative;@author The tests are still failing with the latest changes in #1234. We need to revisit the config in `jenkins/pipeline.yml`. This is causing a CI/CD pipeline break.
886;negative;Just hit this error in the `master` branch: `TypeError: 'NoneType' object is not iterable`. Broken again since last week's deploy.
97;positive;Great job on squashing that pesky nil pointer exception in the `utils` module! Your fix is working smoothly in our CI/CD pipeline now.
892;negative;@author I'm seeing intermittent failures in the `test_ci_pipeline` suite due to network connectivity issues with our AWS S3 bucket. Can we investigate?
327;neutral;Can we revisit the `docker-compose.yml` file in #123 for potential issues with environment variable overrides in our CI/CD pipeline?
295;positive;Great work on fixing the UI regression in PR #123! CI pipeline now passes with ease. Nice catch on the hidden bug!
211;positive;Love the fix for `libxml2` compatibility issues in #1234! It's great to see our build pipelines passing on Travis CI again.
441;neutral;Just reviewing the PR for #1234 and noticed that the latest build on CircleCI still fails with a cryptic error message in `main.cpp`. Reviewing logs to see if I can help narrow down the cause.
784;negative;The recent PR#1234 build failure in our CI/CD pipeline is still unresolved. It's frustrating to see this bug persist without a clear resolution path.
79;positive;Great fix for the `jenkins` deployment failure on master! Automated tests are passing now. Thanks for the quick turnaround!
266;positive;Great catch on the `@dependency` resolution! Your PR #1234 has already improved our build times in Jenkins. Well done!
830;negative;Failing to update dependencies is causing issues with the build pipeline. #45's changes don't seem to have fixed this problem.
429;neutral;I've reviewed the updated `README.md` changes in PR #123. The formatting looks consistent, but I'd like to discuss the new feature description.
142;positive;Just tested with latest build, and the `feature/new-login-method` branch resolves the authentication timeout issues! Kudos to @johnDoe for the fix!
583;neutral;I'm experiencing intermittent errors with the `fetch-data` endpoint in #1234. It seems to work fine after a few retries, but I want to investigate further.
744;negative;Issue #123: @author the recent change in `dependencies.yml` is causing a `RuntimeError` on our CI/CD pipeline. This needs to be fixed ASAP.
364;neutral;@mention Regarding your PR #1234: I noticed the `ci/pipeline.yml` file is not updated with the latest dependencies. Can we review this before merging?
66;positive;Great catch on that CI/CD pipeline error! Your PR #123 fixes the issue nicely. The changes look solid, thanks for contributing!
790;negative;Failed to deploy #456 on CircleCI due to incompatible Node.js version. This needs to be fixed ASAP to avoid further delays.
292;positive;Great fix for the `npm install` error! Verified with CI on both Linux & Windows. Your changes have saved us so much time. Well done!
604;negative;PR #123 is failing in our CI/CD due to `npm` version mismatch. Downgrade `npm` to 6.14.13 or update dependencies accordingly.
858;negative;The recent fix for #123 breaks the pipeline on CircleCI due to an outdated Docker image. Please test with latest version.
487;neutral;Hey @johnDoe, I reviewed #1234 and noticed the tests are still failing on macOS. Worth investigating further to ensure we catch this edge case.
236;positive;Just successfully deployed the updated CLI with the new feature! CI/CD pipeline is working smoothly. Thanks for the hard work on this!
251;positive;Thanks for squashing that annoying `TypeError` in the `utils.py` file! Your fix got our CI pipeline running smoothly again.
50;positive;Great job fixing the `null` pointer exception in `lib/main.go`. This change will greatly improve our CI/CD pipeline's reliability!
658;negative;Can someone explain why the latest `ci/cd` build is failing due to an unresolved error in `docker-compose.yml`? The previous commit fixed this, I thought?
310;neutral;I'm experiencing intermittent failures in the CI/CD pipeline for #123. The build sometimes passes but often fails with a missing dependency error.
710;negative;Unable to build on Linux due to missing dependencies in the Dockerfile. #104 Still stuck after retrying `docker-compose up`. Any assistance appreciated.
276;positive;Just merged PR #123 and the CI/CD pipeline is passing with flying colors. Thanks for the update on `dependency-1` compatibility!
895;negative;Unfortunately, I'm seeing intermittent failures on the `npm run test` command in my local env due to a faulty `@types/axios` install.
166;positive;Just ran your latest PR (24) through our CI/CD pipeline and it looks great! Your refactoring work on `utils` improved the overall build time by 20%.
514;neutral;Thanks for the fix in #123. I was experiencing similar issues with our staging environment. Can you elaborate on the changes made?
34;positive;Just ran your latest build on the CI/CD pipeline for #12 and it's passing smoothly. Great job on addressing that pesky dependency issue!
32;positive;Just tested #1 with the latest changes in PR #1234 and it's working smoothly! CI/CD is catching up too. Great work!
674;negative;Sorry to report that #123's fix broke the API endpoint for `GET /users`, causing a 500 error on our staging server.
405;neutral;Noticed that the latest changes to `build.gradle` are causing a Gradle sync error in our CI/CD pipeline. Can someone review the updated dependencies?
519;neutral;Reviewing the recent PR #1234, I couldn't reproduce the intermittent test failure on my local setup. Would be helpful to investigate further.
431;neutral;I noticed that the latest changes to `master` broke the build on `dev` branch. Can we review the CI/CD config?
110;positive;Just merged #123 with the CI/CD pipeline fix. Our continuous testing now passes! Great team effort on this one!
78;positive;Just reviewed #1234's PR, impressed by the refactored logging. Simplification will greatly aid future debugging efforts! Thanks for the improvement!
413;neutral;FYI, the `jenkins` job failed on master due to `nodejs` version incompatibility. Can we update the script accordingly? #213
313;neutral;Looking at #123: 'error: unexpected token' in `npm run build`. Ran into this before. Could be a version issue with `node-sass`?
83;positive;Love the fix for the caching issue in #123! The new solution is so much cleaner and more efficient now.
322;neutral;Can we review the changes to `ci/cd.yml` in #123? I noticed it's updated for new dependencies but don't see any corresponding changes to the Dockerfile.
650;negative;I'm getting `NullPointerException` on this line of code in the latest build. The test suite should be updated to handle this edge case.
694;negative;The latest `main` build is failing due to an unresolved dependency conflict with `mysql-connector-java`. Can we reevaluate the version range?
361;neutral;I've reviewed the recent changes to the CI/CD pipeline in #123. It looks like we need to update the Docker image version to match the requirements specified in the docs.
488;neutral;I'm running the latest `1.2.3` version of the library but seeing this error only on our QA env. Have you seen similar issues?
465;neutral;Hi @maintainer, I was reviewing #123 and noticed the fix for #456 didn't update the CircleCI config to reflect the new dependency changes.
6;positive;Great fix on the `pip install` script! Simplified the dependency installation process for our users. Works as expected now.
55;positive;Great job resolving the memory leak in #123! The new fix is solid and should improve app stability.
735;negative;Failing `npm install` due to outdated `package-lock.json`. Tried running `npm audit fix --force`, but still getting errors. #1854
463;neutral;@dependabot I see you're updating `react` to 18.0.1 but the changelog doesn't mention any breaking changes. Is a review still necessary? #1234
324;neutral;Thanks for investigating the `NullPointerException` in `core/utils`. Your debug log analysis is spot on. Can we discuss possible fixes?
368;neutral;Thanks for addressing the caching issue in #1234. The changes seem to have fixed the problem.
98;positive;Thanks for fixing the deployment failure on `main`! Your changes to `.circleci/config.yml` resolved the error nicely.
445;neutral;Regarding #23's fix for the CI/CD pipeline build failure, I'd like to verify if the updated Dockerfile resolves the `image pull` issue consistently across all environments.
577;neutral;I've reviewed #42, and the updated changelog looks good. However, I'm still unsure about the impact on downstream workflows.
898;negative;@mentions I'm experiencing intermittent builds failures in `main` branch due to broken caching. Investigating the root cause is taking longer than expected #1851
579;neutral;Just wanted to clarify the implications of changing `npm` version on our CI/CD pipeline. Can we discuss this further in the next sprint review?
780;negative;I'm experiencing intermittent failures in our CI/CD pipeline due to `pip` version inconsistencies. Can we discuss a solution for more reliable builds?
26;positive;Just successfully tested the latest deployment on our Staging environment thanks to this PR! #85. Looks like we're ready for production!
85;positive;Great job on resolving the `NullPointerException` in the login feature! Your changes to the auth module have really improved stability.
11;positive;Just ran the updated test suite on the new CI/CD setup and it passed with flying colors. Nice work team!
335;neutral;Just reviewed #123 and noticed the test suite is still failing due to a missing mock. Can we revisit the implementation?
245;positive;Great fix on #123! The new build script is working perfectly in our CI/CD pipeline. Thanks for addressing that regression!
679;negative;I'm experiencing issues with the CI/CD pipeline failing intermittently on `main` branch due to a missing library dependency. Can we investigate further?
307;neutral;Noticed that `npm install` fails on Windows due to incompatible package version. Could we update the `package.json` to use a compatible range? #24
592;neutral;Can we add `--no-parallelism` flag to the Docker build step in CI/CD pipeline? Currently causing intermittent failures on Jenkins.
119;positive;Great catch on the CI/CD pipeline breakage! Your fix for the outdated `npm` version is spot on, thanks for the update!
291;positive;Great catch on the `npm` version mismatch! Your fix for PR #123 resolved the build failure in our CI/CD pipeline. Well done!
317;neutral;I've tried reproducing the failed build in #1234 with no luck. Could we revisit the Dockerfile configuration?
30;positive;Just reviewed #1234 and it's looking great! Your fix for the `NullPointerException` is spot on.
56;positive;Great job on squash-merging #123, it's now passing all tests in our CI/CD pipeline!
418;neutral;Just noticed that the latest build on CircleCI is failing due to an outdated `dependencies.lock` file.
600;neutral;Regarding #123: I've tested the fix in our staging environment and it seems to resolve the API query issue without introducing new errors.
851;negative;The latest build in `CI/CD Pipeline` is failing due to unmet dependencies. Still trying to figure out why `react-router` isn't installing properly.
369;neutral;I'm having trouble running the tests on #123. The `pip` install fails due to an incompatible version of `numpy`. Maybe we can add a specific version constraint?
82;positive;Great fix for the #42 test coverage issue! The updated code is now seamlessly integrated with our CI/CD pipeline. Kudos to @contributor1 for their work!
630;negative;This PR still fails to build due to the same dependency mismatch error on Linux. Can we take another look?
376;neutral;I've reviewed the updated build script in #123. Everything looks good to me, but I'd like to see more detailed logging for CI/CD pipeline failures.
863;negative;Just ran into a regression with the latest update. `@dependabot` failed to catch this one. Can we revisit the CI/CD pipeline? #1245
427;neutral;Regarding #42's proposed fix for the memory leak in `lib1`, I'd like to discuss the implications of modifying the dependency version to 3.2.
788;negative;PR #123 breaks our CI/CD pipeline with an error: `ModuleNotFoundError: No module named 'numpy'`. This is a regression from previous tests.
570;neutral;I'm experiencing intermittent failures in the CI/CD pipeline for #1234. Can we discuss possible causes and strategies to resolve this?
698;negative;Just hit another `NullPointerException` in the `main()` method. This is getting frustrating with each iteration of the pipeline.
287;positive;Just verified the fix for #1234 and our CI/CD pipeline is passing again. Nice work on squashing that nasty bug!
715;negative;@maintainer I'm hitting a failure in our CI/CD pipeline on Ubuntu due to incompatible `openssl` version, causing tests to fail.
540;neutral;Can we discuss the implications of upgrading to Node v14 in #42? It seems like it might break our CI pipeline on CircleCI.
358;neutral;Noticed that the latest deployment to staging is failing due to a mismatched Docker tag in the `build.gradle` file. Reviewing the pipeline logs for details.
769;negative;Can we revisit #123? The latest deploy to prod is still failing due to the 'TypeError: Cannot read property 'length' of undefined' in the build process.
846;negative;Fails to build on Ubuntu due to incorrect package manager. Please update the `requirements.txt` for a correct installation via pip.
719;negative;Commenting on #123: The newly introduced CI/CD pipeline is causing intermittent failures in our automated tests. Can we revisit the configuration?
395;neutral;Re: [PR #123] Test suite failing on Linux. Have you tried disabling the mock library to see if it's a compatibility issue?
501;neutral;Just reviewing this PR #1234. Can you clarify the changes to the CI/CD pipeline for our production environment?
366;neutral;Regarding #123, I've noticed that the `latest` label is being overwritten in CircleCI. Could we review the pipeline config to ensure it's consistent?
731;negative;This is breaking our production build in v1.2.3. Can we revisit the recent changes to #1234? The CI/CD pipeline is failing again.
483;neutral;Regarding #123: I've noticed that the fix in this PR doesn't seem to resolve the issue with our CI/CD pipeline failing on macOS.
410;neutral;Just reviewing your PR#42 changes for the new logging framework. Not seeing any immediate conflicts with existing dependencies.
474;neutral;Noticed in the latest build #1234: our CI/CD pipeline is passing all tests, but code coverage is 5% lower than expected. Investigating.
293;positive;Just tested your fix for #42 and it's working perfectly! Your changes to the CI/CD pipeline have greatly improved build reliability, thanks!
8;positive;Great catch on the `pip` version mismatch! Works smoothly with your latest PR #123. Thanks for keeping our build pipelines up-to-date!
452;neutral;I'm seeing intermittent failures in the `build` stage of our CI/CD pipeline. Can we investigate further?
156;positive;Great job on fixing the Travis CI build error! The updated dependencies should now work smoothly. Thanks for your quick response!
352;neutral;Just verified #1234's fix. Looks like the updated `package.json` is correctly resolving dependencies for our CI/CD pipeline.
430;neutral;Just reviewing the updated README for #123. The new formatting looks clean but could use a brief explanation for the `CI/CD` section.
102;positive;Thanks for the fix in #234, really appreciate the attention to detail on the regression test. This will save us a lot of headache downstream!
200;positive;Great fix on the Jenkins pipeline! The added `retry` config is exactly what we needed to stabilize our builds. Thanks for your attention to detail!
614;negative;The latest `master` build is failing due to the `numpy` upgrade causing a conflict with our custom module. Can we revert or adjust the package version?
529;neutral;Noticed an intermittent test failure in the `CI/CD` pipeline for branch `feature/new-login-system`. Would like to review logs before making any changes.
816;negative;I'm experiencing issues with the latest update in the master branch. The tests are failing due to an incorrect package version in the dependencies.
381;neutral;Just wanted to bring up the failed `pip install` on Ubuntu 20.04 due to deprecated dependencies. Ref: #123
301;neutral;"I'm experiencing intermittent failures in our CircleCI build for #1234. The error is ""invalid checksum"" on the `numpy` package."
417;neutral;For the `CI/CD` pipeline in this PR (#123), could we consider adding a step to run the failing test suite on the latest Node version?
879;negative;@author The test failures in `PR #123` are still occurring after updating dependencies. This is causing our CI/CD pipeline to fail.
320;neutral;FYI, the latest PR #123 has been merged, but I noticed the tests for `dependency A` are still failing in CI/CD pipeline #456.
3;positive;Great job resolving the `dependency resolution` issue in #1234! Your fix is working as expected now. CI/CD pipeline is passing smoothly.
255;positive;Just merged the `fix-ci-deploy` PR and it's now smoothly deploying to our staging env. Thanks @johnDoe for your work!
508;neutral;I've reviewed PR #1234. The updated dependencies are correctly configured in the `docker-compose.yml` file, but I'd like to verify the pipeline build before merging.
500;neutral;@dependabot I'm experiencing intermittent issues with the `aws-sdk` library in our CI/CD pipeline. Can you investigate further?
267;positive;Great work on resolving the API endpoint conflict in PR #123! The updated code passes all tests and improves our CI/CD pipeline's reliability.
159;positive;Thanks for fixing the flaky test in #1234! This should help our CI/CD pipeline run smoothly again.
522;neutral;I'm experiencing issues with the build failing on CircleCI due to missing `node_modules` directory in `deploy.yml`. Any ideas how to resolve this?
837;negative;Failing tests on `feature/new-login` due to incorrect dependencies. Can't build the project with current package versions.
568;neutral;Can we discuss the potential impact of this PR on our CI/CD pipeline? I'd like to run some tests before merging.
333;neutral;Can we discuss the implications of updating dependencies in 2.3.0 to `latest` instead of specifying a specific version? #145
433;neutral;Noticed that the latest `npm install` on #24 breaks due to an outdated `@types/node` version. Should we bump it to latest?
306;neutral;I'm experiencing intermittent issues with the CircleCI build on PR #123. Occasionally it hangs on the `npm install` step. Any insights would be helpful.
437;neutral;I'd like to discuss the build failure on the latest CI/CD run. Can we review the deployment logs for more insight into this error?
527;neutral;I'm experiencing intermittent failures in the CI/CD pipeline for the `release-v1.2` branch, specifically with test case 12. Need further investigation.
409;neutral;I've noticed that our `build` step is taking longer than expected. Can we review the `Jenkinsfile` config to optimize it? #32
894;negative;The recent fix in #123 causes the CI/CD pipeline to fail on Windows due to an unhandled file path length error. Need clarification on this regression.
360;neutral;@author, I'm reviewing your latest PR (#123) and noticed the changes break our existing CI/CD pipeline. Can we discuss a fix?
586;neutral;Can we discuss the implications of skipping validation in the `ci-cd` pipeline for this PR? @dependabot seems to have approved it.
656;negative;Can we revisit the recent `build fail` on CircleCI for PR #123? I'm seeing intermittent errors that don't seem to be reproducible in my local env.
660;negative;Issue with latest commit in #123: after re-running tests on master branch, I'm still getting failures due to the same outdated package version
213;positive;Great work on resolving the `NullPointerException` in commit #1234! The fix looks clean and efficient. Thanks for your dedication to the project!
829;negative;I'm experiencing intermittent failures in our CI/CD pipeline for #123 due to an unhandled error in the `requests` library. This is impacting our daily builds.
80;positive;Great catch on the `TypeError` in the lambda function! The updated test cases are a game-changer for our CD pipeline.
149;positive;Thanks for fixing the `npm install` issue in #42! The CI/CD pipeline is now passing smoothly on all platforms.
260;positive;Just tested #42 and the fix for the API endpoint error is spot on! Well done @username, this will make our CI/CD pipeline much more reliable!
595;neutral;Just wanted to verify if the latest `docker-compose` version is compatible with our CI/CD pipeline. Can we test the setup with `v2.6.0`?
843;negative;@author I'm experiencing intermittent failures in the CI/CD pipeline for branch #123. The job consistently times out on the Maven build step.
383;neutral;I think there might be an edge case in the `update_ci_pipeline` function where it doesn't handle missing `token` env variables correctly.
484;neutral;For clarity, I'm retesting the latest build of `#123` in our CI/CD pipeline and so far, it's passing without any issues.
134;positive;Thanks for catching that edge case in the API call! This fix will make our service more robust and reliable.
469;neutral;I'll take a closer look at the failing tests in #123, but can someone explain why `npm install` doesn't trigger the CI/CD pipeline for this specific branch?
549;neutral;I'm experiencing intermittent failures in the nightly build for PR #123. Could you check the test suite against Node 14 to see if it's a compatibility issue?
507;neutral;Hey @johndoe, I'm reviewing your PR #12. It looks like the tests are passing for both Java 8 & 11, but I'd like to see an update on the CI/CD pipeline.
654;negative;Can't reproduce the regex error in `lib/parser.js` even after upgrading `regex-parser` to 2.5.1. Still stuck on #42.
639;negative;I'm experiencing intermittent build failures on master due to conflicts with the latest `npm` package update. Can we revert for now?
753;negative;@all I'm running into an issue with the latest build on CircleCI due to a missing `dev-dependency`.
282;positive;Just ran the latest PR (#123) with the updated `ci/cd` pipeline and it's passing all tests! Good work on that one!
688;negative;Unfortunately, the `npm install` step is still failing due to a missing peer dependency in the package-lock.json file on this PR #1234
706;negative;Failing to install `redis` due to missing cache dependencies in CircleCI. This blocks the `feature/new-api-endpoint` PR.
297;positive;This commit fixes #123: the new CI/CD pipeline now successfully deploys to production without issues. Well done @johnDoe!
173;positive;Great fix on the `jenkins` integration in #123. This should resolve the intermittent failures in our nightly builds.
864;negative;Unfortunately, this latest `CI/CD` deployment has failed again due to the unresolved `npm` version conflict in our `package.json`. Still stuck on #123
468;neutral;I'm not seeing any issues with the latest build on CircleCI. Can we add more test cases for this scenario?
813;negative;The latest build on the `main` branch is still failing due to the incompatible version of `lodash` in our `package.json`. Can we please resolve this?
809;negative;I'm seeing intermittent failures in our CI/CD pipeline for the `release/v1.2` branch due to a corrupted Docker image on CircleCI.
91;positive;Thanks for catching that regression in #123! Your test case helped me pinpoint the root cause. Great collaboration!
842;negative;I'm experiencing issues with the CI/CD pipeline on #123. The build is consistently failing due to a version mismatch in the `dependencies.yml` file.
182;positive;Just verified PR #42 fixes the regression issue with our Docker deployment. Well done team! Thanks for catching that nasty bug.
862;negative;Still seeing intermittent failures in `ci/jenkinsfile` on Ubuntu builds due to inconsistent package resolution. Need help debugging this pipeline.
803;negative;I'm experiencing issues with the latest `npm install` due to a version conflict between `webpack` 4.44.0 and `babel-loader`. Can we upgrade babel-loader instead?
70;positive;Great catch on the regex pattern in #123! Your fix is spot-on and should resolve the invalid input issue. Thanks for the effort!
132;positive;Thanks for fixing the API connection issue in #123. The latest PR `fixes API timeout` is a great improvement to our workflow!
599;neutral;@maintainer Can you review the changes in PR #1234 regarding the `libpng` version update? I'd like to understand the rationale behind this change.
478;neutral;Just reviewing the latest changes in #123: looks like you've addressed the API endpoint naming inconsistency. Can we discuss potential impact on existing integrations?
136;positive;Great job on fixing the Jenkins build issue! Your PR #123 resolved the regression causing our nightly tests to fail
165;positive;Great work on resolving the `TypeError` in `utils.py`! The CI pipeline is now passing for me as well. Thanks for the quick fix!
29;positive;Great catch on the `npm` version mismatch! Your changes to the `.gitlab-ci.yml` file are spot on for our CI/CD pipeline fix.
498;neutral;Regarding the latest PR (#123), I've verified that the updated docs pass our linter checks. Still reviewing for functional correctness.
194;positive;Just tested #42 and it's now passing our ci/cd pipeline! Nice catch on the logging fix, @johnDoe. Simplifies debugging.
312;neutral;I'm observing intermittent failures in the CI/CD pipeline for #1234. Could someone review the recent changes to `package.json`?
724;negative;Failing to merge #123 due to incorrect import order in build.gradle. Would appreciate re-review to avoid further delays.
641;negative;The recent update broke our CI/CD pipeline for the master branch. Getting intermittent 500 errors on Jenkins.
538;neutral;I'm experiencing intermittent failures in the Travis CI pipeline for #1234. Can we investigate further?
141;positive;Great catch on the Travis CI build failure! Your fix for `@npm/pkg` dependency now passes all tests. Well done!
174;positive;Great job fixing the authentication issue in `pull/123`. Your commit `8c7f2e` resolved the crash on Linux builds!
7;positive;Great job on squashing that pesky null pointer exception in `auth_service.py`! The fix is clean and efficient.
582;neutral;I've noticed the test suite fails intermittently on CircleCI. Can we revisit the dependencies and ensure the build is consistent?
378;neutral;Not sure if it's intended behavior, but the `latest` tag in CircleCI is pulling from a different branch than expected. Worth double-checking.
74;positive;Just tested your fix for #1234 and it's working like a charm! Great job on squashing that nasty regex bug!
619;negative;The build still fails on my Jenkins setup after @username's last PR #1234. Same error as before: `java.lang.NoClassDefFoundError` at `Main.java:15`. Help?
332;neutral;Just wanted to follow up on #123: the pipeline still fails on `npm install` due to a missing `package.json` file in the CI environment.
887;negative;This PR breaks our CI/CD pipeline. The test failures are caused by a missing `npm install` in the `package.json`. Please fix before merging.
146;positive;Just successfully integrated #PR: 123 with the latest master branch! Automated tests are passing without any issues. Great work team!
235;positive;Just tested `fix: memory leak in database query` PR #123 and it's working as expected. Thanks for the thorough refactor!
221;positive;Great fix on the `package-lock.json` issue! Automated tests are now passing smoothly after your update. Thanks for the quick turnaround!
585;neutral;I'm experiencing intermittent issues with the `build` step in #1234. It's passing on my local machine but failing on CI. Any insights?
804;negative;Just encountered a regression in the v1.2 release. `test_pipeline.yml` is failing due to an uncaught TypeError in the `utils` module. Need help troubleshooting this.
133;positive;Just reviewed #1234's CI/CD pipeline update. Clean code and great improvements to our deployment process! Thanks for the effort, @johnDoe!
743;negative;@author, still experiencing intermittent `503` errors on deploy from master branch, suspecting it's related to the recent Jenkins upgrade. Need help troubleshooting.
328;neutral;The changes in #1234 look good, but I'd like to see more context around the new logging implementation in the CI/CD pipeline.
186;positive;Great fix on #123! Your refactoring approach has significantly improved the code's maintainability. Let's discuss deploying these changes to our prod pipeline.
42;positive;Great job on fixing the memory leak in `utils` module! Your changes are now merged into master. Thanks for your diligence!
552;neutral;@author, could you clarify the expected behavior for this edge case in the latest refactor? #189
109;positive;Great work on fixing the deployment issue in #123! Your changes to the `docker-compose.yml` file resolved the problem perfectly.
426;neutral;I'm experiencing intermittent failures in the Jenkins CI/CD pipeline on branch `feat/new-feature`. Can we investigate the cause?
57;positive;This is a great fix for the `JSON serialization` issue in #123. Your changes streamlined our CI/CD pipeline nicely!
603;negative;I'm experiencing intermittent failures in our CI/CD pipeline due to the recent update of `react-scripts` version. Can we revisit this change?
351;neutral;I'm having trouble replicating the fix in #123. Could someone review the changes to `ci/cd.yml` and ensure it's properly integrated with the pipeline?
502;neutral;Just a heads-up, the latest update to `package-lock.json` seems inconsistent with the changes in #123. Can someone double-check the dependencies?
25;positive;Just successfully deployed the new feature with the updated Docker image in our CI/CD pipeline. Working as expected! #138 Thanks for the fix!
666;negative;I'm seeing intermittent test failures in the `master` branch after introducing the new CI/CD pipeline. Can we revisit the configuration?
434;neutral;Can you review the changes in PR #1234 regarding the Jenkinsfile? I'm having trouble understanding the intended changes to our CI/CD pipeline.
440;neutral;I was able to reproduce the intermittent failure with Travis CI. However, I'm unsure if it's a config issue or a Docker container problem.
52;positive;Love the fix for #123! Automated tests are now passing with this change. Well done on the quick turnaround!
412;neutral;I've tested the fix in #1234 and it resolves the error. The updated build passes with minimal changes to our CI/CD pipeline.
824;negative;Failing test `test_database_connection` in PR #123 due to `SQLITE_ERROR: no such table: users`. Investigate database migration scripts.
721;negative;@everyone I'm seeing a weird issue in `v1.2` where the build fails on CircleCI due to missing dependencies, can't reproduce locally.
265;positive;Great catch on the `NullPointerException` in the recent build! Your fix is spot-on and should resolve it. Thanks for keeping our CI/CD pipeline stable!
693;negative;I'm experiencing issues with the CI/CD pipeline failing on my PR #123 due to an incompatible version of `numpy` in requirements.txt.
618;negative;Just ran into issues with the new build script in PR #123. Got a `NullPointerException` due to an outdated Maven version.
704;negative;Comment: @dependabot This failed build is frustrating. Can you investigate why the latest updates caused `kotlin-gradle` to fail on our CI/CD pipeline?
356;neutral;Hi @maintainer, I'm experiencing intermittent failures in our CI pipeline on `feature/new-login-flow`. Could you take a closer look at the logs?
19;positive;Great fix on the `ci/pipeline` config! Your tweak to handle failed tests is now integrated into our main branch.
845;negative;This build failure is still unresolved in PR #123. The test suite won't run due to a missing dependency, causing the CI/CD pipeline to fail consistently.
343;neutral;I've verified the issue with Jenkins' latest pipeline configuration, but can't reproduce the error. Could we compare logs from previous runs?
84;positive;Nice catch on that edge case! Your PR fixes the test failure in our CI/CD pipeline, thanks for contributing to `main` branch stability!
62;positive;Great catch on the caching inconsistency! Your PR fixes not only resolve the issue but also improves performance. Thanks for your contribution!
273;positive;Just tested the fix for #1234 and it's working great! Thanks @username for your persistence in resolving the `NullPointerException`!
286;positive;Great job on fixing the `NullPointerException` in the login feature! Your changes improved code readability and reduced bug occurrences.
363;neutral;Regarding PR #123: I've reviewed the updated README and documentation looks good. Just need to verify if CI pipeline is correctly configured for the new build process.
890;negative;I'm hitting a `NullPointerException` in the CI/CD pipeline due to an incorrect import statement in `build.gradle`. Can we review this again?
13;positive;Thanks for fixing that flaky test case in #123! Your changes made it pass with flying colors on our CI/CD pipelines.
183;positive;Just tested your fix for the pagination bug in #1234 and it's working perfectly. Thanks for your diligence! Great work!
389;neutral;Just wanted to confirm that the Travis build passing on #43 is due to our workaround for the `@typescript-eslint/eslint-plugin` issue, not a genuine fix.
722;negative;I'm experiencing intermittent failures in our CircleCI pipeline due to an unexpected conflict with `lodash` version 3.1.0. Any guidance on resolving this would be greatly appreciated!
224;positive;Just ran the latest tests on #2345 and all passing! Your fix for `npm install` issues was spot-on, thanks!
559;neutral;Regarding #1234, I wanted to confirm that the latest changes have been successfully deployed via our CI/CD pipeline without any issues.
634;negative;Issue #123 still pending after 3 weeks of investigation. I'm concerned about the potential impact on downstream dependencies if we can't resolve this soon.
645;negative;@author I'm concerned about the `pip install` failure in #1234. The test suite is still failing with the latest dependencies. Can we revisit the `requirements.txt`?
531;neutral;I'd like to understand the approach for caching dependencies in this PR. Can you elaborate on why `npm shrinkwrap` is used instead of `yarn lockfile`?
528;neutral;I'm experiencing an intermittent failure in our CI/CD pipeline for the `feature/new-feature` branch. Can we review the build logs together?
637;negative;Issue with latest build: `CI/CD pipeline failed due to unmet dependencies in the project's main branch after recent refactor`
177;positive;Great fix on the `README.md` typo, thanks for catching that! Your attention to detail is impressive.
605;negative;I'm experiencing intermittent failures in the deployment pipeline for #23. The `npm install` step consistently fails on my local machine.
447;neutral;On further review of the failed CI build #3456, I notice that the test coverage still doesn't meet our 80% threshold.
421;neutral;Just checking in on #123: the fix for the `NullPointerException` seems to be working as expected, but I'd like to see more test coverage around it.
164;positive;Great job on squashing that regression in the latest build! The CI/CD pipeline is finally green again @johndoe #bugfix
249;positive;Just tested the latest PR #1234 and it's working smoothly! The updated CI/CD pipeline is doing its magic.
741;negative;I'm seeing intermittent failures in our `nightly-build` CI pipeline due to a faulty Docker image. Can we revisit the build script?
794;negative;Commented on [PR #12](https://github.com/org/repo/pull/12) but still seeing `NullPointerException` in nightly build logs due to outdated dependencies.
75;positive;Love the fix in #1234! The CI/CD pipeline is now catching those pesky null pointer exceptions in our integration tests.
114;positive;Just reviewed #1234's unit tests, really impressed with the thoroughness of your coverage. Good work!
515;neutral;Regarding #123: I've reviewed the updated Dockerfile for CircleCI. The changes seem straightforward, but I'm not sure if we should use `ARG` for both build and runtime dependencies.
496;neutral;@maintainer The update in `package.json` conflicts with the latest release's dependencies. Can you review this before merging #1234?
105;positive;Just ran the updated CI/CD pipeline on my fork and it looks great! Thanks for the fix on #1234, @johnDoe. Working smoothly now!
115;positive;Just tested the fix for #1234 and it's working as expected. Your changes streamlined our build process significantly.
451;neutral;I think we should investigate why the integration tests are failing in PR #1234. Looks like an issue with the mock dependencies.
93;positive;Love the fix for `jenkins` pipeline failures in #123. Your patience with the intermittent test case is much appreciated!
798;negative;I'm experiencing intermittent failures with our latest build due to a missing `Cargo.lock` file in the pipeline.
90;positive;Thanks for catching that nasty error in the CI/CD pipeline! Your fix has greatly improved our deployment reliability.
337;neutral;This builds successfully on my local machine but fails in the Jenkins pipeline. Any ideas why `node 14` might be incompatible with our current Node version?
889;negative;Issue with `@npm` install failing on CircleCI due to outdated Node version #1234. Can we update our .yml to the latest version?
825;negative;@dependabot why not catch this circular dependency in our CI/CD pipeline? it's breaking the build every time #42
836;negative;Just hit a roadblock with the latest CI/CD deployment to staging. Getting `500 Internal Server Error` consistently on the backend API calls.
548;neutral;Just wanted to clarify the reasoning behind introducing `async` in the API call. Is it for better performance or a design choice?
553;neutral;For the #34 pull request, I'm seeing inconsistent test results in the Node.js environment. Could someone review the Jest config?
95;positive;Great job fixing the `lodash` dependency version in #34! The updated pipeline is now stable. Thanks for your attention to detail!
12;positive;Great fix for the null pointer exception in `login()` function! Your PR #1234 is a great example of thorough testing. Well done!
899;negative;@author, still seeing intermittent failures on CircleCI #135. The recent fix didn't seem to resolve the issue.
44;positive;Great catch on the CI/CD pipeline deployment issue! Your fix in #123 resolved the regression introduced in 1.2.0. Thanks for your diligent effort!
43;positive;Great catch on the null pointer exception in `utils.py`! Your fix in #123 should resolve the issue. Thanks for your thorough debugging efforts!
330;neutral;@username Not sure if this is expected behavior, but the new CI build is consistently failing on the 'lint' stage for the `v1.2` release branch #1234
168;positive;Just reviewed your PR #123 and I'm impressed with the fix for the `NullPointerException`! Well done!
786;negative;@mentions I'm experiencing intermittent failures in the CI/CD pipeline for PR #123 due to a dependency conflict with `npm install`. This is affecting our release schedule.
542;neutral;On PR #1234, I'm noticing a minor discrepancy in the automated tests. Could we revisit the test cases for `function update()`?
723;negative;Failing test `linters/test/functional.py` on Ubuntu due to incorrect shebang. Still seeing this error after re-running CI with updated Docker image #232.
849;negative;@author I'm seeing intermittent `TypeError: 'NoneType' object is not iterable` in the latest build on Jenkins. Can we take a closer look at the CI/CD pipeline config?
179;positive;Great job on squash-merging #123! Reduced our CI/CD pipeline time by 30% thanks to your optimizations. Much appreciated effort!
588;neutral;@dependabot I noticed the recent update to `express` in #123 didn't trigger a re-run of our linter. Could you investigate?
791;negative;I'm seeing intermittent failures in our CI/CD pipeline for the `v1.2` release due to a mysterious issue with `node-sass`. Can someone investigate?
598;neutral;Noticed that the latest update to `package.json` broke our CI/CD pipeline. Can we investigate the cause of this failure?
178;positive;Great work on fixing the `docker build` error in #1234! The updated CI/CD pipeline now successfully deploys to staging with minimal issues.
696;negative;This change breaks our CD pipeline in `main` branch. Can't reproduce locally due to `node-sass` version conflict.
716;negative;I'm experiencing intermittent failures in the test suite after merging #123. Investigating why `pytest` is failing on specific test cases.
718;negative;Hey @maintainer, the CI/CD pipeline for `feat/new-feature` is still failing due to a mysterious error in the `package.json` file. Can you investigate?
384;neutral;I'm observing intermittent `502` errors in our Staging environment. Can we review the recent changes to the NGINX config?
258;positive;Great job on addressing the Jenkins build error! Your fix in #1234 has improved our CI/CD pipeline stability significantly.
443;neutral;@dependabot, thanks for the update. I'll review the changes in #1234 before merging with master branch. Need some time to assess the impact.
336;neutral;I'm experiencing a minor regression in CI/CD after updating node-sass. Pipeline is failing on line 234 of `lib/components/buttons.scss`. Can we take a look?
717;negative;The recent build failure in #1234 is due to outdated dependencies. We need to update `react` to the latest version for the CI/CD pipeline to pass.
16;positive;Great job fixing the `jenkins` config issue! CI pipeline is now passing smoothly thanks to your quick fix on #123.
4;positive;Great job on resolving the `NullPointerException` in master branch! Cleaned-up code looks solid. Ready for a merge if you'd like.
663;negative;Issue #123 still present after latest merge: `TypeError` on `my_function()` due to incorrect import order in `utils.py`, please investigate
257;positive;Great job on fixing the regex pattern in #123! The tests are passing now. This was a huge time-saver for our team's upcoming release.
457;neutral;Can you clarify the expected behavior of this test case? It's passing locally but failing in the nightly build #1234
479;neutral;Just wanted to verify that the `fix: 1234` commit has been successfully deployed to staging with no issues reported. Thanks!
774;negative;Just hit another `NullPointerException` in the latest build. @ci-bot, can you please investigate why our unit tests aren't catching this? #fail
394;neutral;FYI: I've added a test case for the failing 'update_user' method in the PR #1234. Would like to discuss further if this affects downstream CI/CD pipelines.
223;positive;Just reviewed the fix for #1234, this should prevent future issues with our Docker images! Great work on addressing the compatibility problem.
530;neutral;Regarding #1234, could we revisit the deployment script? I'm seeing inconsistent logging output on our staging environment after latest changes.
458;neutral;Re: #1234567. I've reviewed the updated CI/CD pipeline changes. The new setup seems stable and well-implemented. Please let me know if you'd like me to test it further.
425;neutral;@jane on #42, the test failure in `src/utils` doesn't seem to be related to the recent refactor. Could we discuss potential causes?
325;neutral;Just wanted to reiterate the importance of updating README.md with documentation on API endpoint changes. @dependabot could help automate this in the future.
535;neutral;@author, regarding #123: Can you clarify why the `npm install` step is failing in our CI/CD pipeline? I've checked the logs but couldn't find any obvious issues.
10;positive;Just tested the fix for #1234 and it's working perfectly in our CI/CD pipeline. Great job @username!
250;positive;Great job on resolving the Jenkins pipeline build failure! Your fix has greatly improved our CI/CD stability. Thanks for your diligence!
23;positive;Great job on squashing that pesky #123 bug! Your fix in PR #456 is spot on and the tests are now passing smoothly
357;neutral;Observing intermittent issues with Jenkins build failing intermittently on `feature/new-login-system` branch. Has anyone else experienced similar issues?
222;positive;Great catch on the CI/CD pipeline config issue! Your fix in PR #123 works perfectly for our nightly builds. Thanks!
606;negative;Issue with latest `npm install`: failing on CircleCI due to `bcrypt` version mismatch. Can we revert to previous version?
773;negative;@author, this build is still failing on my machine due to the `node-sass` version conflict. Can we discuss a rollback?
884;negative;I'm unable to reproduce the `TypeError` in the latest PR. The CI/CD pipeline passes on my machine but fails elsewhere. Can we discuss possible causes?
533;neutral;Can we discuss the test coverage for the updated `utils` module in PR #1234? I'd like to ensure it aligns with our coding standards.
341;neutral;I've confirmed the test failure in PR #123. The integration with Jenkins seems to be the culprit. Any ideas on how to fix the pipeline?
750;negative;Issue #123: The newly added dependency on `mysql-connector` is causing our app to crash with a NullPointerException. Can we downgrade to 8.x?
524;neutral;I'm seeing intermittent failures in the `CI/CD pipeline` for branch `feat/new-feature`. The error logs suggest a potential `Docker` image caching issue.
204;positive;Great fix on the CI/CD pipeline! Your changes streamlined the deployment process significantly. Well done!
238;positive;Just tested the fix for #123 and it's working as expected in our CI/CD pipeline. Great job on squashing that tricky bug!
94;positive;Just tested `update-README.md` PR #1234 and it fixes the docbuild issue perfectly! Thanks for the quick fix, @johnDoe!
539;neutral;: I've reviewed the updated README for #1234. The changes seem reasonable, but I'd like to see some additional context added around the new feature.
446;neutral;@mention I've reviewed your pull request #1234 and noticed some minor conflicts with the existing codebase. Could we discuss a merge strategy?
683;negative;Just encountered an intermittent test failure in #123 on the staging branch due to a missing transitive dependency. Causing issues with our CI/CD pipeline.
285;positive;Great job on squashing that nasty memory leak in `release-v1.2`. Your optimizations really paid off!
185;positive;Thanks for fixing the `CI/CD` pipeline issue! Automated tests are now passing successfully. Your changes have greatly improved the project's stability.
800;negative;I'm experiencing issues with the latest build failing due to an unresolved conflict between `npm` and `yarn` in the CI/CD pipeline, #23
435;neutral;Just wanted to confirm that the latest `v1.2` deployment is stable on all environments before we move forward with new feature integration.
736;negative;I'm still seeing intermittent failures in the build pipeline due to the conflicting package versions of `express` and `axios`. Can we bump `express` to 4.17.1 as a workaround?
154;positive;Great job on fixing the Docker build error in #1234! This should now pass all tests with the latest CircleCI config.
76;positive;Love the fix in #123 for the CI/CD pipeline issue! The changes look clean and well-tested. Great job!
880;negative;Can we revisit the recent `CI/CD` pipeline change? I'm getting intermittent `500` errors on our staging environment due to unexplained cache inconsistencies.
555;neutral;I've reviewed the updated `README.md` in #1234. The changes look fine to me, but I'd like to discuss the added section on deployment.
278;positive;Just merged #123 with no issues. Your fixes to the CI/CD pipeline have improved our deployment times significantly, thanks for your efforts!
69;positive;Just tested with latest Jenkins plugin update and the pipeline is running smoothly now! Great job on addressing that dependency issue in #123!
569;neutral;This test failure on CircleCI is expected since we're still migrating to the new dependency version. Can someone investigate?
189;positive;Just reviewed your latest PR (#1234) and I'm impressed with the fixes! The build now passes on all platforms. Nice work!
272;positive;Just merged #123: Improved deployment reliability through updated CI/CD pipeline config. Thanks @contributor for the fixes!
668;negative;Can't reproduce #12345's reported error. @johnDoe's changes in PR 67890 introduced a new regex pattern without updating the corresponding unit tests.
560;neutral;Regarding #1234's test failure on Linux, I noticed the `libssl` version is different from the Docker image. Any thoughts on this?
237;positive;Great catch on the `NullPointerException` in #123. Your fix to add null checks is perfect! CI pipelines are passing smoothly now.
89;positive;Just tested your PR#123 fix for the failing build on CircleCI and it's working as expected. Well done team!
793;negative;Commenting on #123: This latest build still fails due to the incomplete mock-up of our API endpoint, causing downstream tests to break. Let's fix this ASAP.
118;positive;Just tested the latest CI build and it's passing all tests! Your fix for `issue #123` is spot on. Thanks for your hard work on this project!
126;positive;Great fix on `fix #123`: the CI/CD pipeline now successfully deploys with the updated dependencies. Nice work!
738;negative;The recent merge of #123 caused our CI/CD to fail. Still experiencing intermittent errors on the dev environment due to outdated package dependencies.
290;positive;Great job on fixing the pagination issue in #123! Your test cases really nailed down the edge case. Thanks for your diligence.
239;positive;Great job fixing the `NullPointerException` in the `utils` module! Your PR #42 really streamlined our CI/CD pipeline.
1;positive;Great fix on the `docker-compose.yml` file! The updated syntax should resolve the `build` step issues in our CI/CD pipeline. Thanks for catching that!
891;negative;I'm experiencing intermittent issues with the build on CircleCI. Sometimes it passes, but others it fails due to a missing `node_modules` directory.
602;negative;The latest build is failing due to a `NullPointerException` in the `build.gradle` file. CI/CD logs show it's only happening on Linux machines.
856;negative;Unfortunately, I'm experiencing a continuous integration failure on my PR #123 due to outdated dependencies causing incompatible library versions.
396;neutral;FYI, I tested the `CI/CD` pipeline with this change in #1234 and it passes without issues. No regressions observed.
536;neutral;Following up on #123, I noticed the new CI/CD pipeline is still pending due to a transient error. Should we add retries?
127;positive;Great job on squashing the regex injection bug in `package.json`! Your changes are now passing our end-to-end tests successfully.
279;positive;Nice catch on the `npm` version conflict in #123. Your fix in PR #456 is spot on!
697;negative;@maintainer The `latest` tag on CircleCI still points to v2.0 instead of the updated v3.0. CI tests are failing as a result.
117;positive;Great fix for the Travis CI build failing on Windows! Your adjustments to `npm install` really paid off. Thanks for the PR!
229;positive;Great job fixing the intermittent build error in the CI/CD pipeline! The new deployment script is much more robust now.
814;negative;Failing to catch this error in the unit tests is concerning. Can we add more robust coverage for the `fetchData` function? #1014
661;negative;I'm unable to reproduce the fix for #1234, my local build still fails due to unresolved dependency issues with `react-scripts@3.4.0`.
58;positive;Thanks for catching that nil pointer exception in the `main.py` file. Your fix helped resolve #1234's build issues!
785;negative;I'm getting intermittent `TypeError` exceptions on my local build. This is on the latest master branch with no changes to our CI/CD pipeline.
275;positive;Great job on squashing that pesky CI/CD pipeline error! Your fix ensures consistent builds for the upcoming release. Thanks!
319;neutral;I'm reviewing the latest changes in PR #123. The updated `README.md` looks good, but I'd like to discuss the implications of the new dependency on the CI/CD pipeline.
631;negative;The failing test in #42 is still present after updating the `test-fixtures` version. This prevents our CI/CD pipeline from completing successfully.
145;positive;Just tested #123 with updated dependencies, and the CI/CD pipeline is now green! Well done, team!
714;negative;Can we please retest the Docker deployment on CircleCI after this PR? I'm seeing intermittent build failures with `image:latest` tag.
596;neutral;I'm reviewing the latest PR #1234. Can someone explain why we're installing an older version of Node.js, which may affect downstream dependencies?
817;negative;Failed to build on macOS with Xcode 12.3: `Undefined symbols for architecture arm64` error still persists after #123 fix.
782;negative;I'm experiencing intermittent crashes with the `latest` branch. Failing to install using `npm install`. Can we investigate further?
370;neutral;Just tested the latest changes in `issue #42` and couldn't reproduce the reported error with our updated dependencies.
269;positive;Just tested the latest build and it's passing all tests! Nice work on fixing that intermittent failure in #234. CI/CD pipeline is now stable.
629;negative;Can we revisit the recent breaking changes in `v2.5`? The new behavior is causing intermittent failures in our nightly builds #1234
308;neutral;@johndoe I've checked the CI logs for #1234 and couldn't find any obvious errors. Can you clarify what's causing the test failure?
424;neutral;I'm experiencing intermittent issues with `npm install` in the latest build. Could someone review the updated dependencies?
311;neutral;"The test case in #1234 has been re-run with updated dependencies. Results remain inconclusive; further investigation is needed to determine the root cause of failure."
355;neutral;I'm experiencing a minor issue with the latest deployment. The `node_modules` directory is not being cached properly in the Jenkins pipeline.
47;positive;Thanks for handling the memory leak in the CI/CD pipeline on branch `feat/new-feature`. Works great now! :)
350;neutral;Regarding #1234: I couldn't reproduce the `TypeError` in our CI/CD pipeline. Can we discuss possible causes before revisiting the test case?
372;neutral;Just wanted to confirm if the latest changes in #123 are intended to override the previous fixes in our CI/CD pipeline?
480;neutral;I'm experiencing intermittent failures with the CircleCI build on `issue #1234`, could we add some retry logic to handle network errors?
581;neutral;I'm running into an intermittent error with the Jenkins build on `main` branch. Can someone review the pipeline configuration?
262;positive;Just tested the new `ci/cd` configuration on our project's master branch and it looks like it's passing all tests with flying colors! Kudos to @username for implementing this!
196;positive;Great fix on #123! Your tweak to the Jenkinsfile got our CI pipeline running smoothly again. Thanks for your diligence!
900;negative;Still seeing intermittent failures in our CI/CD pipeline on master due to an incomplete `npm install` after the recent dependencies upgrade.
751;negative;Failing to migrate to new database schema is causing issues with user authentication. PR #12's changes aren't being reflected due to outdated config.
108;positive;Great fix on the #23 bug, @johnDoe! Your patch worked like magic in our CI/CD pipeline. Thanks for your patience and dedication!
876;negative;I'm experiencing intermittent failures in our CircleCI pipeline due to the recent update of `axios` version 1.2.0. Can we investigate further? #1234
60;positive;Just tried out the updated `CI/CD` pipeline and it's working beautifully! Thanks for addressing the deployment issues in #123. Your fix is a game-changer!
692;negative;PR #123 still causing conflicts with CircleCI pipelines after updating Docker images. Failing to build artifacts on Linux due to missing `gcc` package.
264;positive;Great job on resolving the `jenkins-deploy` build fail, @johnDoe! The fix has passed our nightly CI test suite. Thanks for your swift attention to this!
573;neutral;I've reviewed the latest changes in #1234. The automated tests pass, but I'm still unsure about the compatibility with v1.2.
101;positive;Just tested your PR #123 with the updated build script, and it's working flawlessly! Great work on resolving that Jenkins pipeline issue!
444;neutral;@username, I reviewed the code changes in PR #123 and noticed the updated README doesn't match the new API endpoint implementation. Worth double-checking.
491;neutral;Regarding #123: The test coverage in the latest PR still doesn't meet our threshold. Would be good to revisit and improve it before merging.
612;negative;Can we revisit the deployment script for #123? The Jenkins build is failing due to an unmet dependency on Node 14.x
807;negative;Unfortunately, the `latest` version of `dependency1` is causing a regression in our CI/CD pipeline on CircleCI #123. Can we revert to previous version?
799;negative;I'm experiencing intermittent failures in our CI/CD pipeline on `main` due to a package resolution error with `npm`. Can someone investigate? #1641
170;positive;Just tested the latest build on my local env with `npm install` and it passed all tests! Thanks for resolving that pesky Docker dependency!
180;positive;Great catch on the API endpoint mismatch in #123! This should prevent future errors from affecting our CI/CD pipeline. Well done!
305;neutral;I think this might be related to the recent changes in `pipelines.yml`. Have you considered adding a test for this specific scenario?
342;neutral;Regarding the failed CI build on PR #123, I noticed that it's due to an unresolved conflict with the latest package update. Can we discuss a solution?
868;negative;Comment on Issue #123: @johndoe's PR broke our CI/CD pipeline with a faulty `npm install` script, causing hours of downtime. Need to review and fix ASAP.
150;positive;Just successfully deployed the updated CI/CD pipeline to production. The new build process is significantly faster and more efficient than before!
125;positive;Great catch on the typo in `config.json`, @johnDoe's fix in PR #1234 looks solid! CI is passing with no regressions.
709;negative;PR #1234's tests are still failing due to the unexpected behavior of `numpy` version 1.20.0 causing an infinite loop in our `data_processing.py` file.
51;positive;Great fix on the #42 branch! Your changes simplified the CI/CD pipeline and reduced build time by 30%.
354;neutral;FYI, I noticed that the `latest` tag in `package.json` is outdated. Worth verifying its accuracy against the CI/CD pipeline.
831;negative;I'm experiencing intermittent failures in our Jenkins CI/CD pipeline due to this merge. The `npm install` step consistently fails on certain branches.
143;positive;Just tested PR #123 and it looks like the fix for `NullPointerException` in `UserDAO` class is working as expected. Great job on that!
471;neutral;On CI/CD pipeline, I noticed that the `build` step is taking longer than usual. Is this due to recent dependency updates?
400;neutral;Just reviewing #123 to confirm the test fixes are working correctly before we merge. Could you clarify the expected behavior for `retry_on_failure`?
852;negative;Still experiencing intermittent failures in the CD build after #123 merge. @author, can you take a closer look at `node_modules` dependencies?
321;neutral;On `#1234` regarding the broken build in CI/CD pipeline. Not sure if it's related to updated node version or outdated dependencies.
20;positive;Great job on resolving the caching issue in the CI/CD pipeline! Your fixes have improved our build times significantly.
812;negative;Can we revisit the recent fix for #345? The unit tests are still failing in CI, causing pipeline failures.
713;negative;Issue #123 still not resolved. Can't believe the fix for `npm install` errors was reverted in PR #456 without proper testing.
729;negative;Commenting on #123: The latest build failure in the `main` branch is caused by a missing dependency for the `aws-sdk`. Can we get this sorted out quickly?
408;neutral;I've reviewed the PR #123: Implementing CI/CD pipeline. Everything looks good but I'd like to clarify the test coverage for the new Jenkins integration.
822;negative;Still hitting the `TypeError` on `merge-branch-1234`, after rebasing. Any thoughts on why this isn't resolving?
39;positive;Great job on fixing the regex issue in #42! The changes have passed all test cases, CI is green again.
176;positive;Great fix for the Jenkins pipeline! The automated tests are running smoothly now. Thanks for catching that artifact version mismatch!
246;positive;Great job on resolving the #45 Jenkins pipeline issue! Your fixes have stabilized our nightly builds, thanks for your prompt attention!
747;negative;Unfortunately, I'm seeing intermittent test failures in the `feature/new-api` branch due to version conflicts with `logback` 1.2.10.
607;negative;The recent changes to the `main` branch seem to have broken our CI/CD pipeline. Failed tests on CircleCI since yesterday.
680;negative;Failing to merge #123 due to incompatibility with latest devtools. Need to investigate why our code is producing this unexpected output
771;negative;I'm experiencing intermittent failures in our CI/CD pipeline due to inconsistent `npm install` behavior on the latest `node-sass` version. Can we revisit this dependency?
155;positive;Great catch on the `npm` version mismatch in #45. Your fix ensures smooth deployment on our CI/CD pipeline! Well done!
288;positive;Great fix for the #35 Jenkins build failure! Automated tests now pass on all platforms. Thanks for tackling that tough one!
545;neutral;The `ci` stage is still failing on CircleCI. Can we take another look at the Jenkinsfile config to see if it's causing the issue?
18;positive;Great catch on that CI/CD pipeline error! Your fix in #123 helped prevent downstream failures. Thanks for keeping our build stable!
128;positive;Great work on resolving the regex vulnerability in #1234! Your fix has significantly improved our CI/CD pipeline's robustness.
323;neutral;@maintainer I'm reviewing the latest changes on #1234. Noticed that the `CI/CD` pipeline is still failing due to an unresolved `npm` dependency version mismatch.
256;positive;Great fix on the GitHub Actions workflow for our .NET Core build! The `dotnet restore` step now works as expected.
597;neutral;Just ran into an unexpected error in the build process on `main` branch. Looks like a minor config conflict with the new dependency update.
866;negative;Issue with latest build: our CI/CD pipeline fails on this commit due to `pytorch` version conflict. Can we revisit the dependencies?
191;positive;Great job on resolving the regex bug in `utils.js`! The test suite now passes with flying colors. Thanks for your quick fix!
116;positive;Thanks for squashing that annoying `NullPointerException` in the `login()` method! Your commit made the CI/CD pass with flying colors!
558;neutral;Looking at #1234's CI pipeline, the unit tests are passing but integration tests are failing due to a missing library.
181;positive;Great job on resolving the memory leak in #123! The changes to `ci_cd.py` look solid and should improve pipeline reliability.
302;neutral;Regarding #23, the Travis CI build is failing due to an undefined method in `models/user.rb`. Reviewing logs to determine root cause.
685;negative;@author I'm experiencing a `NullPointerException` on the latest build, can you please review the updated test suite to address this? #issue-1234
644;negative;Frustrated with this latest build failure. Your recent PR #123 is causing conflicts in our CI/CD pipeline on the develop branch.
733;negative;@maintainer This breakage in `v1.2.3` is causing our CI pipeline to fail consistently. Can we revert the changes?
621;negative;This build is failing due to an outdated `npm` version. Can we pin the version in the `package.json` file?
839;negative;Hi @john, just hit a regression with the latest build on my local machine. The `pip` install is failing due to missing dependencies in the requirements.txt file #1234
518;neutral;Noticed that the Travis build for #123 is still failing with 'missing required dependency' error. Can we investigate this further?
885;negative;The `npm install` step in .github/workflows/main.yml is failing due to a circular dependency issue with `lodash` package. Can we investigate further?
46;positive;Thanks for fixing the Travis build failure due to outdated `node` version! Works like a charm now with #1357 merged.
815;negative;Just hit another `NullPointerException` in the `login()` function. Can we revisit the UI flow to prevent this? @dependabot, please update the Jenkins pipeline to re-run these tests.
158;positive;Just tested the latest build on our CI/CD pipeline and it's looking great! All tests passed with flying colors. Thanks for the updates!
671;negative;I'm experiencing issues with the latest changes to the `build.gradle` file causing our CI/CD pipeline to fail on every run.
172;positive;Great job on squash-merging #123! The code review feedback was really helpful in addressing the cache inconsistency bug. Thanks for your efforts!
17;positive;Great job on squashing that pesky NPE in the main function! Makes our CI/CD pipeline pass cleanly again.
512;neutral;I've verified the build in #24 still fails due to missing `axios` version 1.2.0, need to revisit dependency management
49;positive;Great fix on the `@types/express` version issue in #123! CI pipeline now passing smoothly.
883;negative;@maintainer I've hit this `TypeError` in my local build after updating `numpy` to 1.22.0. Regression test also fails.
756;negative;Failing to build on macOS due to incompatibility with recent Xcode. `build.log` attached for reference. Can we prioritize a fix for this?
516;neutral;Reviewed #123: The PR looks good overall, but could you clarify the impact of this change on the existing CI/CD workflow?
622;negative;Issue #23 still hasn't been addressed. The broken test suite is causing our nightly build to fail consistently in the dev branch.
481;neutral;Can someone review the updated `README.md` file in PR #1234 to ensure it accurately reflects changes in the latest release?
284;positive;Thanks for fixing the Travis CI build error on #42! The new test coverage reporting is a huge improvement.
594;neutral;Regarding #123: I was able to reproduce the issue by running the unit tests with a modified dependencies.json file. Would appreciate clarification on expected behavior.
226;positive;Just tested the latest changes to the API endpoint in #1234 and it's now working as expected! Thanks for the fix!
27;positive;Great fix on the `NullPointerException` in the auth module! Your changes have improved our app's stability significantly. Thanks for the update!
705;negative;The `master` branch is still failing with the `pylint` error on Windows. Can we troubleshoot this locally before merging?
438;neutral;I'm observing inconsistent results in the `build` step of our CI/CD pipeline on PR #123. Can we revisit the Dockerfile configuration?
853;negative;Commenting on #1234: Can't reproduce the '404 error' in production, local dev env works fine. Any ideas why?
365;neutral;Just wanted to reiterate the need for clearer error handling in `setup.py`. Can we revisit this in #123? Currently having some issues with local build on CI/CD.
230;positive;Just tested #1 with the latest build and it's working smoothly. Great job on squashing that pesky bug, @johnDoe! CI/CD pipeline is green again
38;positive;Great catch on the `@typescript-eslint` dependency upgrade! The new version fixed the annoying ESLint errors in #345. Thanks for your attention to detail!
867;negative;I'm experiencing intermittent issues with the project's Jenkins build on AWS due to inconsistent EC2 instance availability zones, causing failed deployments #125. Can we explore more robust infrastructure setup?
375;neutral;Just reviewing #34, noticed that the CircleCI build for master branch is failing due to missing `node_modules` directory.
470;neutral;Just reviewed the latest build logs. The CI/CD pipeline seems to be running smoothly without any issues this time.
869;negative;I'm experiencing a failure in the CircleCI build on `main` due to a missing `@babel/register` requirement, can we revisit the setup script?
765;negative;I'm seeing intermittent failures in our CI/CD pipeline for `build-3.5` branch due to a missing dependency on `libcurl`, can we revisit the build configuration?
657;negative;Issue with `v2.5` release on CircleCI: failed to build due to outdated `eslint-config-airbnb-base` dependency. Please review CI pipeline configuration.
195;positive;Just deployed #123 to prod and it looks great! The fix for the API rate limit issue is working as expected. Thanks for your help!
767;negative;Failing to update `numpy` breaks build #12. CI/CD still stuck on 1.19.0. Should we pin version?
826;negative;The latest deployment is failing due to a mismatch in schema versions between the frontend and backend databases.
504;neutral;I'm experiencing some difficulties with the latest build on our `ci/feature/new-parser` branch. The test suite is failing intermittently.
871;negative;I'm getting a `TypeError` on the deployment process due to outdated dependencies. Can we sync with the latest versions in `package.json`? @dependabot
865;negative;Still experiencing intermittent failures on the CircleCI build. The `npm install` step consistently times out on our Jenkins environment as well.
580;neutral;Thanks for addressing the stale dependencies in #1234. The updated `pom.xml` should resolve the build failures for our Jenkins CI/CD pipeline.
870;negative;The latest build on the `main` branch is failing due to a missing dependency on `numpy`. This needs to be resolved ASAP.
163;positive;Great catch on the API endpoint handling! Your recent PR #123 resolved a major concern for our next release. Well done!
636;negative;This breaks our CI/CD pipeline for the `release/v1.2` branch due to an incompatible `npm` version update.
153;positive;Love the new API client update in #145! It's greatly simplifying our service integrations and reducing error rates.
617;negative;Fails to install on Ubuntu due to missing `libssl-dev` dependency. Build logs attached, please consider adding it to the project dependencies.
635;negative;Unfortunately, my PR #12 is still failing on the Ubuntu test environment due to this undefined variable error.
681;negative;@author I'm having issues with the failing test `test_database_connection` on `feat/update-dependencies`. It's causing our CI/CD pipeline to fail consistently.
112;positive;Just reviewed PR #123 and I'm impressed with the thoroughness of your code updates. CI is green across all platforms now!
227;positive;Great job on fixing the regex issue in #123! Your changes to `lib/utils` improved our parsing efficiency by 30%.
623;negative;The latest commit to `feature/new-auth-system` is causing intermittent 500 errors in our staging environment. Can someone review the changes?
104;positive;Just tried the fix in PR #1234, works flawlessly now! Great job on squashing that tricky CI/CD pipeline issue, thanks for your patience.
422;neutral;Regarding #1234, I noticed the CI build is passing but the package-lock.json is out of sync. Worth reviewing the deployment scripts?
420;neutral;Just wanted to confirm that the `dependency` update didn't affect our CI/CD pipelines. Could you verify this for me in #123?
587;neutral;I've noticed that the unit tests in `tests/unit` fail intermittently due to network errors. Can we add retry logic for these tests?
120;positive;Thanks for fixing the Jenkins pipeline build issue in #123. The automated tests are now passing smoothly again!
54;positive;Just ran your latest PR #42 through our CI/CD pipeline, and it passed with flying colors! Great work on fixing that pesky regex bug!
152;positive;Thanks for fixing the CI/CD pipeline crash! The updated config file should now trigger successful deployments without issues #1234
404;neutral;Regarding #1234, the test suite passed on my local machine but failed on CI. Investigating the cause of this discrepancy.
848;negative;Failing test in `build` branch due to incorrect version of `jsonschema`. Need someone to review #1234's changes again.
208;positive;Thanks for fixing the regression in #123, @johnDoe. Your changes made the CI/CD pipeline pass again, much appreciated!
759;negative;@developer123, the `latest` tag in Dockerfile is causing a conflict with our Jenkins pipeline. Can we update to a specific version instead?
854;negative;I'm experiencing intermittent builds failures on master after updating to Gradle 7.0 due to an unknown compatibility issue #1234
9;positive;Great fix on the regex pattern in #123! This should resolve the inconsistent results I was seeing in our integration tests.
760;negative;Frustratingly, the latest build fails on `CI-1234` due to a missing dependency in `package.json`, causing our CD pipeline to stall.
37;positive;Just tested the latest PR (#234) and it passes all tests with our CI/CD pipeline. Great job on resolving that tricky bug!
453;neutral;Just wanted to acknowledge the regression introduced in `feature-branch`. @maintainer, would you like me to investigate further?
254;positive;Just tried the updated `README.md` on master branch and it looks great! Cleaned up formatting really improves readability. Nice work!
304;neutral;Just noticed that the test coverage for `dependency-1` hasn't been updated in recent changes. Can we revisit this? #1234
673;negative;Failed to deploy #123 due to incompatibility with `node` 14.4.0. This breaks our CI/CD pipeline for Node.js 16.x environments.
572;neutral;@author I'm reviewing your PR #1234. The `main` function is passing all tests in my local env but still failing on CI, could you investigate?
624;negative;Can't deploy to production due to the latest `npm` install failure. Still seeing issues with node-sass@4.14.1 on our CI/CD pipeline.
690;negative;Failing to update the `devDependencies` has caused another build failure in our CI/CD pipeline. This is the 3rd time this week...
651;negative;@opener I'm getting a `404` error on API calls after deploying to prod with this PR (#123). Our CI/CD pipeline is set up to run tests on dev, but not staging.
263;positive;Great job resolving the `TypeError` in `utils.py`! Your fix has significantly improved the API's stability. Thanks for the quick update.
611;negative;I'm experiencing an intermittent failure on my Jenkins build with #1234. This is the 3rd time it's happened this week and I'm running out of patience.
298;positive;Just tested with latest code and pipeline is passing! Your fix for `npm install` issue in #123 worked perfectly, thanks!
415;neutral;Can we review the changes made in PR #1234? I'm unsure if they're correctly integrated with our existing logging mechanism.
151;positive;Great job on resolving the #123 CI/CD pipeline failure! Your analysis was spot on. The updated deploy script is working as expected now.
711;negative;I've encountered the same issue with `npm install` on CircleCI: Error building Docker image due to missing dependencies. Still stuck.
797;negative;This PR breaks our CI/CD pipeline due to an unresolved dependency conflict. #24 still isn't merged, causing a cascading failure downstream.
551;neutral;I noticed that the CircleCI test is failing on `master` branch due to an outdated `kotlin-gradle-plugin`. Can we sync the version?
489;neutral;I've verified the failing unit test #1234 in `src/utils.js` with Node 14.4 and it reproduces consistently. Investigating further to determine cause.
148;positive;Great job on fixing the regex bug in #123! The updated test suite is now passing smoothly through our CI/CD pipeline.
147;positive;Nice fix on the CI/CD pipeline! The new deployment script is more robust now. Thanks for your efforts on this!
652;negative;@author, just tried to deploy with the latest Docker image but it's failing due to unmet dependencies. Can you please revisit the package.json? #45
834;negative;I'm experiencing inconsistent builds with the latest deploy to production. The CI/CD pipeline is still failing on `npm install` due to a missing dependency.
667;negative;I'm seeing intermittent failures in our CircleCI pipeline on the #123 branch due to this update causing a version conflict with `dependency-X`.
349;neutral;Re #1234, I've verified the changes in the latest PR don't affect our CI/CD pipeline. Tests pass with updated dependencies.
464;neutral;Can you clarify the reasoning behind the update to CircleCI 2.0 in #123? I'd like to ensure our automated tests are compatible.
326;neutral;I'm experiencing intermittent issues with test coverage in the `feature/new-login-method` branch. Could you help me investigate?
187;positive;Just tested #123's fix on our CI/CD pipeline and it looks great! Thanks for the patch @johnDoe, it's saving us a ton of debugging time
124;positive;Love the fix for #234! Reduced CI build time by 30% . Your attention to detail is much appreciated!
766;negative;The latest build is still failing due to the unresolved circular import in `lib/utils`. Can we revisit this before merging #1234?
609;negative;I'm experiencing intermittent failures in the CI/CD pipeline for `feature/new-login-flow` due to a potential Docker image caching issue. Can we investigate further?
144;positive;Thanks for catching that regression in the CI/CD pipeline! Your fix is already helping to reduce build times #fix-release-5.1
860;negative;I'm experiencing a frustrating build failure in our CI/CD pipeline (#123) due to an unresolvable dependency conflict with v1.2.3.
198;positive;Great job catching that subtle regression in the new `render` method! Your test additions have greatly improved our CI/CD pipeline's stability.
610;negative;@maintainer This regression in `release/1.2.3` is unacceptable. CI/CD failed due to untested changes in `src/utils.js`. Please revert #1234 immediately.
280;positive;Great fix on #123! Your solution for the CI/CD pipeline error is spot on. Helps us stay up to date with latest security patches.
294;positive;Just successfully deployed the updated API using your latest PR #123! Automated tests are passing with flying colors. Nice work!
401;neutral;Just wanted to point out that the `CI/CD` pipeline for the latest release is failing due to a missing environment variable in the Dockerfile. @maintainer, could you take a look?
123;positive;Just reviewed #1234's test suite and it looks like the recent updates have significantly reduced the memory leak issue. Great work!
184;positive;Great fix on #123! The CI/CD pipeline is now stable after your patch. Nice job catching that edge case!
203;positive;Just tested the fix for #1234 and it's working as expected. The changes in your latest PR (#5678) have greatly improved the pipeline stability.
439;neutral;Can we review the changes made to `ci/docker-compose.yml` in this PR? It seems to be a minor tweak, but I want to make sure it aligns with our deployment pipeline.
247;positive;Great catch on the null pointer exception in `utils.py`, @johnDoe's fix looks solid, would be awesome to see this merged soon!
416;neutral;I've reviewed the latest PR#1234 and noticed a minor discrepancy in test coverage. Would appreciate clarification on the affected code paths.
796;negative;This CI/CD pipeline build is still failing due to the outdated `dependency-1.2` version, causing issues with our downstream services. Please update.
130;positive;Great fix on #1234! Your changes to the Jenkinsfile streamlined our CI/CD pipeline. Cleaned up a lot of unnecessary complexity, thanks for your diligence!
638;negative;This test failure in the latest PR #123 is frustrating. Can we re-run it with a clean build environment to see if that resolves the issue?
403;neutral;Just wanted to confirm the fix for #1234 is indeed stable in our CI/CD pipeline. Haven't seen any issues so far.
707;negative;I'm getting `500 Internal Server Error` on every build after merging #1234 into master. Regression test suite failing as well.
695;negative;@username I'm still seeing intermittent failures in the Travis CI pipeline on the 'fix-bug-123' branch due to inconsistent timeout settings.
818;negative;I'm experiencing intermittent crashes due to the recent `lodash` update in #123. Regression tests fail on Node 14 but pass on 16. Need help investigating.
220;positive;Thanks for addressing the caching issues in #123. The recent changes to `build.gradle` have greatly improved our pipeline's reliability.
642;negative;Issue #123: Still experiencing intermittent `NullPointerException` on Windows due to faulty regex pattern in `utils/validation`.
820;negative;Commenting on #123: The build failure in the CI/CD pipeline is still ongoing after multiple attempts. The test suite isn't even running.
678;negative;I'm experiencing intermittent failures in our CI/CD pipeline for branch `dev/new-feature` due to an unknown issue with `npm install`. Can we investigate further?
823;negative;I'm experiencing intermittent test failures on my PR #123 due to a flaky Jenkins job. Can we adjust the test suite to mitigate this?
625;negative;Hey @author, just experienced intermittent API errors in prod. Looks like the recent cache implementation is causing inconsistencies.
754;negative;Hi @maintainer, the latest build on `main` is still failing due to an unresolvable `npm install` error on Ubuntu 20.04.
686;negative;Unfortunately, `npm install` fails due to unresolved dependencies in the new `react-redux` branch. Builds still pass locally.
387;neutral;Re: [bug report #123] - Could you clarify the expected behavior for this edge case? I'm having trouble replicating the incorrect output.
873;negative;@maintainer I'm seeing intermittent failures in the unit tests on the `fix-123` branch due to a mysterious exception in the `utils.py` file. Can you take a look?
510;neutral;@author I've reviewed the changes in #1234. The added test coverage is a good step forward, but we should consider integrating it with our existing CI/CD pipeline.
268;positive;Great fix on #123! Your changes to the deployment script have significantly improved our CI/CD pipeline reliability. Well done!
755;negative;The recent `v1.2` release broke our CI/CD pipeline for Mac M1 builds due to an incompatible dependency. Can we revisit the library upgrade?
442;neutral;I've added a failing test to the ci/pipeline. It's likely due to the recent change in dependencies. Can someone investigate?
497;neutral;I've noticed that the latest deploy to staging doesn't match the expected build artifacts. Can we review the CI/CD logs?
113;positive;Great job on addressing the API endpoint 404 error in #23! Your fix has greatly improved our service's reliability. Well done!
233;positive;Thanks for fixing the `NullPointerException` in the data processing branch! The tests are now passing smoothly. Great work!
781;negative;Just ran into the `NullPointerException` in the latest build. Can we revisit the API call handling to avoid this in future releases?
608;negative;Issue with the new update: error 500 on production server after installing #42. Please look into this ASAP, it's affecting our live site.
672;negative;PR #12 breaks the build with this latest change. Need to revisit the API contract to fix the type mismatch error.
374;neutral;This may be related to the previous discussion on `CI/CD pipeline failures` (https://github.com/user/repo/issues/123). Can someone review the config?
882;negative;Can we revisit the latest release on Jenkins? The `build` step is still failing due to an unresolved dep mismatch. Frustrating!
758;negative;I'm unable to build the project with Node 14 due to `@npm/cli` version incompatibility. This is a blocker for our CI/CD pipeline.
234;positive;Great fix on the Jenkins pipeline, thanks for resolving the artifact build failure #123! Works as expected now.
708;negative;I'm experiencing intermittent failures in my CI pipeline due to the recent update of `dependency-abc` package. Can we revisit this change?
677;negative;@mentions I'm experiencing intermittent build failures on the `dev` branch due to outdated dependencies in our `package-lock.json`. Can we revisit dependency management?
318;neutral;I've reviewed the updated `README.md` in #123. It looks good to me but I'd like to discuss minor formatting changes.
649;negative;The recent changes to the CI/CD pipeline are causing intermittent failures on our QA environment. Can we revert to previous build config?
411;neutral;I've noticed the CI/CD pipeline is failing on the `main` branch due to an incorrect version of `dependency1`. Could we review the build script? #1453
874;negative;Frustrated with the latest release. The `pylint` CI check is failing due to an unmet dependency on `pip-compile>=2.11`. Needs attention.
359;neutral;Related to #123, I'm experiencing intermittent failures in our CI/CD pipeline due to inconsistent dependency versions. Should we revert to fixed version for stability?
259;positive;Just tested #123's changes on the CI/CD pipeline and it passes all tests! Great work on resolving that dependency issue!
628;negative;Comment from @johnDoe on issue #1234:
633;negative;Issue #456: Unfortunately, I'm seeing intermittent failures in our `test-coverage` pipeline due to a stale Docker image causing inconsistent build results.
283;positive;Great job on resolving the `NullPointerException` in the auth module! Your refactoring improved code stability significantly. Well done!
377;neutral;@johndoe, I agree with your approach in #23. We can also consider the implications on our current CI/CD setup for this update.
385;neutral;I'll review the updated README in #45. The new formatting looks clean but I'd like to see a brief explanation for the changed section headers.
225;positive;Just ran `make test` on the updated codebase and all tests passed! Nice work on squashing that pesky bug in #123!
855;negative;I'm experiencing an intermittent deployment failure with the latest changes in #1234. The build logs show a `java.lang.OutOfMemoryError` in the CI/CD pipeline.
737;negative;I'm experiencing intermittent failures in our CI/CD pipeline due to the updated `node-sass` version causing a conflict with `autoprefixer`. Can we investigate further? #1456
473;neutral;@maintainer I've reviewed the PR #1234, but I'm unsure about the impact of this change on our CI/CD pipeline's scalability. Could you provide more context?
348;neutral;Looks like `update-cron-job` is failing due to the recent update of `node-schedule` dependency. Should we rollback to a stable version?
506;neutral;@dependabot Could you verify the compatibility of `react-hook-form` version 7.20.0 with our project's node version 16.14.2?
640;negative;@maintainer, I'm seeing intermittent failures in our CircleCI build for `feat: login-feature` due to a version conflict with `react-scripts`. Can we revisit the lockfile? #1234
888;negative;Fails to compile on macOS due to deprecated library version conflict in `build.gradle`. Can we revert to previous version?
850;negative;I'm experiencing intermittent failures in the `test-api` pipeline due to inconsistent response times. Re-running doesn't resolve the issue.
811;negative;Commenting on #123, the latest build is failing due to an unresolved npm conflict between dependencies `express` and `react-router`. Need help resolving.
620;negative;I'm experiencing intermittent errors with the `fetch_data` function in #123. Can we revisit the caching mechanism to prevent these crashes?
768;negative;I'm having trouble with the recent update to our Jenkinsfile. The build is failing due to an unexpected error in the test phase.
646;negative;Failing to resolve the `NullPointerException` in `utils.py` is causing issues with our CI/CD pipeline. Can we please revisit this bug?
761;negative;The latest build is failing due to the recent `numpy` update causing incompatibility with our custom `data_processing` library. Please review #1234 for details.
557;neutral;Noticed that the `README.md` build step is failing due to an outdated version of `npm`. Can we update the lockfile?
859;negative;@author I'm experiencing intermittent failures in our CI/CD pipeline due to unexpected version conflicts with `npm` dependencies. Can we revisit `package-lock.json`? #1313
578;neutral;I think we should revisit the `npm install` script in this PR #123. It's not clear if it's correctly handling dependencies for multi-stage builds.
86;positive;Thanks for fixing #12345, I was stuck on that regression! Your CI/CD tweak is making our release process much smoother now.
243;positive;Thanks for fixing the regex typo in #1234! Your update to `pylint` config fixed the CI/CD pipeline failures. Works as expected now!
699;negative;Fails to build on macOS due to outdated `libiconv` version. Revisit `docker/Dockerfile` for correct version installation.
160;positive;Just reviewed #1234's code changes and I'm impressed with the refactoring work on the CI/CD pipeline. Great job catching that deployment issue!
525;neutral;Just wanted to confirm that the fix for #1234 in `release-1.2` branch doesn't seem to break our CI/CD pipeline.
36;positive;Great catch on the `npm install` regression! Your fix in PR #1234 has passed our CI/CD pipeline with flying colors.
541;neutral;I've verified the fix in #1234 and it appears to be working as expected. Just wanted to confirm before merging
171;positive;Great job on squashing that long-standing build failure in #42! Your changes to the test suite really make a difference.
655;negative;Fails to build on Ubuntu 20.04 due to missing libssl-dev package in Docker container `ubuntu:latest` image.
878;negative;@author I'm experiencing intermittent failures in our `test_deployment` pipeline due to a corrupted dependencies cache on CircleCI. Can you investigate?
762;negative;Just hit this error in our latest release: `error: cannot find package 'semver'`. Stuck on deploy with @dependabot's latest update.
847;negative;I'm seeing the same `TypeError` on my local machine with Python 3.9, can we investigate why it's not being caught by our CI pipeline?
734;negative;Unfortunately, I'm still experiencing the `404 Not Found` error after #1234 was merged. Can we revisit the API routing in `master`?
96;positive;Great job on resolving the infinite loop bug in v2.4! This fix will significantly improve stability for our production users.
564;neutral;Noticed that the recent `ci/cd` pipeline for branch `feature/new-api-endpoint` is still failing due to missing env variables. Could you take a look?
241;positive;Great fix on the regex pattern in PR #123! Simplified the code significantly. Thanks for catching that bug!
575;neutral;Just wanted to follow up on #1234: I've re-ran the CI/CD pipeline for the 'main' branch and it's passing, but still experiencing intermittent issues with the 'dev' branch.
691;negative;Issue #34's fix broke the API call in `app.js`. Can we revert to previous commit or review the updated dependencies?
461;neutral;Noticed that the `lint` step is failing on some macOS builds. Can we adjust the `npm config` to use a more compatible version of `eslint`?
554;neutral;@maintainer I'm experiencing intermittent failures in the CI/CD pipeline for branch #1234 due to an unknown cause. Can we review the build logs?
787;negative;I'm experiencing intermittent failures in our nightly CI build for the `v2.1` branch, consistently failing on `ubuntu-latest`. Any ideas what's causing this?
207;positive;Great job on resolving the circular import issue in #22! This should make our CI/CD pipelines much more reliable now.
393;neutral;Hi @maintainer, regarding #1234: the current implementation of `CI/CD pipeline` in our YAML file seems to have an extra step that's causing minor delays. Could we revisit this?
398;neutral;@username, regarding the failing test in #1234, I've checked the build logs and it seems to be related to a specific database schema version.
763;negative;Just tested latest release on my CI/CD pipeline and it fails to build due to unmet dependencies in `package-lock.json`. Fails consistently.
218;positive;Just tested #2345 with the updated Docker image and it's working as expected! Thanks for the fix on Jenkins CI pipeline.
5;positive;Great catch on the `npm` dependency version update! This will definitely help with the flaky tests in #123. Well done @johnDoe!
643;negative;The `latest` commit on the `main` branch still breaks our CI/CD pipeline for the `v1.2` release due to incompatible dependencies.
805;negative;I'm seeing intermittent failures in our CI/CD pipeline due to a missing `@Inject` annotation in `dao/UserServiceImpl.java`, preventing proper injection of the `userRepository`. Can we take a closer look?
613;negative;PR #123's changes are causing our CI/CD to fail due to incompatible dependencies. Can we revisit the package updates?
739;negative;Issue with `npm install` in CircleCI: `error TS2304: Cannot find name 'require'` on line 10 of `index.ts`.
547;neutral;In `PR #123`, I'm noticing inconsistent logging levels between dev and prod environments. Can we revisit the `log4j2` config to ensure consistent logging across all environments?
726;negative;Can we revisit #123? The recent fix caused a regression in the nightly build: `npm test` fails on Linux due to mismatched dependencies.
684;negative;I'm experiencing issues with the latest build. CircleCI failing due to incorrect package version `mylib` in `package.json`. Fails at step 8, 'npm install'.
99;positive;Great catch on the Docker deployment error! Your fix in #1234 is working perfectly now. Thanks for your diligent work!
728;negative;Can't reproduce the `NullPointerException` on my end. Have you tried updating to Java 17? Still hitting this on CI/CD pipeline #123
574;neutral;@mention I've verified the test coverage on my fork of #123 and it seems to pass all tests. The build looks clean.
407;neutral;Can we revisit the build failure in #123 due to missing dependencies on master branch? It seems like a minor regression.
503;neutral;Regarding #23, could we discuss how the `npm install` command impacts build times in our CI/CD pipeline?
48;positive;Great fix on the `npm` install issue in #123! Your changes should resolve the `TypeError` for most users. Thanks!
33;positive;Great job on fixing the UI freeze issue in #123! Your debug efforts paid off and the new commit passes our e2e tests cleanly now.
201;positive;Love the fix for `issue #1234`! The updated regex pattern is spot on. Builds are green again with your changes.
135;positive;Just successfully ran your fix on the latest build and it's great to see this issue resolved in the master branch! Thanks for the effort!
28;positive;Just built and tested the latest Docker image with CI/CD pipeline #32. Works perfectly! Thanks for your dedication to this project!
789;negative;The `CI/CD` build on #123 is still failing due to the same Docker image version mismatch issue as reported previously.
231;positive;Thanks for fixing the regex pattern in #1234! This should now properly validate user input without false positives.
490;neutral;I'm experiencing an intermittent failure in our integration tests on the 'main' branch. Have we seen this before? #1315
379;neutral;Looks like our recent change to CircleCI broke the `docker` build step. Can we take a closer look at this?
289;positive;Thanks for fixing the Travis CI deployment issue! Your changes to `build.gradle` got us back on track.
419;neutral;Can we revisit the logic in `build.gradle` for handling transitive dependencies in the CI/CD pipeline? It's causing issues with version conflicts.
675;negative;Can we revisit the recent CI/CD pipeline changes? I'm still experiencing intermittent build failures on macOS due to an unmet dependency.
392;neutral;Re #42: Just noticed the build fails on Ubuntu 20.04 due to missing `libssl-dev` package. Can we add it to the dependencies?
593;neutral;Regarding #123: I think we should revisit the deployment script to handle potential failures in our CI/CD pipeline. Any thoughts?
499;neutral;@dependabot Can you check the latest version of `express` to ensure it's compatible with our CI/CD pipeline? Thanks!
139;positive;Great fix for the `ci pipeline` failure! Just tested on my local env and it's passing smoothly now. Thanks for the quick turnaround!
63;positive;Just tested the fix for #1234 and it's working beautifully! Your patch really did resolve the issue with the outdated dependencies. Well done!
472;neutral;@author, would you like me to add more error handling to the `deploy` script in #123? It seems to fail occasionally on Ubuntu 20.04.
648;negative;I'm experiencing a weird error with the CI/CD pipeline for `feature/new-api`. It's failing on the Docker build step due to an unexpected package conflict.
129;positive;Nice fix on the Jenkins build failing due to outdated dependencies! Pipeline is green again. Thanks for squashing that bug!
877;negative;Can't reproduce the `TypeError` in your PR #123. Local dev env is setup correctly and I've tested with Python 3.9.
521;neutral;Just noticed this test failure in `CI/CD Pipeline 3`: `package.json` syntax error on line 12. Reviewing the code now.
65;positive;Great job on squashing that pesky memory leak in `main` branch! Tests are running smoothly now. Thanks for the fix!
15;positive;Great fix on the regex pattern in #123! The build now passes successfully with the updated dependencies. Well done!
157;positive;Just tested #1 and the CI/CD pipeline is now successfully deploying to prod! Well done team, nice work on getting this sorted out!
41;positive;Great fix for the `jenkins` plugin compatibility issue! CI pipeline is now passing smoothly on all branches. Thanks @johnDoe!
493;neutral;I'm reviewing the updated `docker-compose.yml` file for PR #123. Can we also consider adding environment variable validation in this configuration?
380;neutral;On PR #12, I noticed the Travis CI build is failing due to missing `node-sass` package. Could we add it as a devDependency?
188;positive;Just tested the latest build on my machine and it's running smoothly. Thanks for ironing out that tricky dependency issue in #123!
764;negative;@mention I'm experiencing issues with the latest deployment to staging due to the failing unit test on `login` function. Any ideas what's causing this?
217;positive;Great catch on the API endpoint mismatch in #123! Your PR fixes it nicely. The new build is passing too, thanks for keeping CI/CD pipelines healthy!
792;negative;I'm experiencing issues with the `pip install` on the latest release. Getting an error like `Cannot find module 'requests'`. Can we revisit our dependencies?
53;positive;Nice fix on `issue #123`: the test suite is now running smoothly on our Jenkins CI/CD pipeline. Thanks for your efforts!
338;neutral;Can we revisit the recent update to `package.json`? I'm getting an error with the updated script syntax.
749;negative;Still seeing intermittent failures in our CircleCI build on #44. Error message hasn't changed since last week, would appreciate an update from the team.
720;negative;@username: This breaking change in `package.json` is causing our CI/CD to fail. Can we revert it for now?
725;negative;I'm seeing intermittent failures in our nightly CI build for `feature-123` due to an unexplained failure of the `jest` tests on Node 14. Can we investigate?
296;positive;Thanks for squashing that pesky null pointer exception in `utils.py`. The build now passes cleanly on both Node 14 & Python 3.9
702;negative;The latest build still fails due to the `NullPointerException` in our recent update, please review the logs for details in #1234
252;positive;This fix for the #37 CI pipeline issue is a huge improvement! Automated tests are now consistently passing. Thanks for your diligence on this!
727;negative;Issue with Jenkins pipeline failing on macOS: `sh: /usr/bin/git: No such file or directory` on CircleCI build #42
462;neutral;Re: #42 `docker-compose up` still failing on macOS due to containerd issues. Will try updating Docker Desktop as per @john's suggestion.
456;neutral;Just wanted to confirm that the fix for #123 is tested in both prod and dev environments before merging. Thanks!
897;negative;@author I'm experiencing intermittent failures in our CI/CD pipeline due to the updated `numpy` version. Can we revert until a fix is pushed? #2083
270;positive;Great job on resolving the `TypeError` in `utils.py`! The updated code now passes our unit tests with ease. Thanks for the fix!
202;positive;Just tested the latest build on Jenkins and it passed all tests! Your recent fix to `docker-compose.yml` seems to have resolved the issue #1234, great job!
162;positive;Great catch on the caching issue! Your fix in PR #1234 resolves the performance regression. Thanks for contributing to the project's stability!
556;neutral;Regarding #1234: I noticed the changes in `main` branch cause CI to fail intermittently. Could we revisit the pipeline config?
730;negative;Fails to compile with latest GCC due to missing include path in Makefile. Pull #123 still not fixed.
402;neutral;Just wanted to confirm if the fix for #42 is included in the current build. Can someone verify its status in CI/CD?
703;negative;I'm seeing intermittent build failures on master due to version conflicts with `dependency-X` in our CI/CD pipeline.
477;neutral;@author, I've reviewed the changes in PR #1234. The new CI/CD pipeline looks good but could use more logging for error tracking.
772;negative;I'm experiencing intermittent builds in the `main` branch due to `Node 14.17.0` upgrade causing incompatible issues with our existing `gulp` dependency
106;positive;Great fix on the Docker build script in #1234! Simplified the process and should resolve issues with CircleCI integration now.
566;neutral;I'm experiencing intermittent failures in our nightly build on `master` due to the recent update of `aws-sdk`. Can we investigate further?
390;neutral;I'm reviewing the fix for #1234. Would like to see more context in the commit message regarding why `npm install` was required after updating dependencies.
2;positive;Just reviewed PR #234 and I'm impressed with the cleanup! The updated tests significantly reduce build times. Good work!
840;negative;The latest build is failing due to an incompatible version of `eslint` in the `devDependencies`. Can we update to a compatible version? #1234
562;neutral;Re: #1234 - Could you clarify the test coverage for this PR? I'd like to ensure it doesn't impact our CI/CD pipeline.
81;positive;Great fix on the Docker build step! The `RUN` command update in #23 has resolved our containerization issues. Thanks for the efficient troubleshooting!
206;positive;Great job on resolving the `jenkins` CI/CD pipeline issue (#123). Your fix helped us avoid a production deployment delay.
35;positive;Just tested #55's fix in CI and it passed successfully! Nice work on resolving that Jenkins build issue. Thanks for the quick turnaround!
776;negative;I'm experiencing intermittent failures on the CI/CD pipeline for PR #123 due to inconsistent Docker image builds.
509;neutral;@maintainer I'm observing inconsistent results with the `v2` release in our CI/CD pipeline. Can we investigate this further? #1455
428;neutral;The test suite in #123 is still failing on Linux due to missing dependencies. Can we add them to the Dockerfile?
455;neutral;Just tested against Node.js v16.14.0 and got the same `TypeError: Cannot read property 'length' of undefined` error in build/test suite #1234
367;neutral;I'm reviewing the latest changes to our CI/CD pipeline #1234. Could you clarify why we're using `npm install` instead of yarn?
92;positive;Great job on resolving the `fetchData` API issue in #34! The updated CI/CD pipeline now correctly catches intermittent errors.
340;neutral;This should be tested with the updated Docker image in our CI/CD pipeline to ensure compatibility.
565;neutral;@johndoe, regarding #1234: the pipeline build seems to be failing due to a version mismatch in the dependencies. Can we re-run with `npm install`?
346;neutral;Hi @maintainer, just wanted to confirm that the latest build on `ci/1234` successfully deployed to staging environment without any issues.
777;negative;This latest build is failing due to the updated Docker image not being properly reflected in the `docker-compose.yml` file. Re-run CI/CD pipeline
242;positive;Just tested #1234's fix for the memory leak in the UI component and it works beautifully! Thanks for addressing this critical issue @johnDoe!
14;positive;This fix looks solid! The updated build script has successfully resolved the `dependency-resolution` error in my PR #123,
316;neutral;Just reviewed #123: the fix for `NullPointerException` in `Utils.java` looks good. Can we discuss adding more unit tests for this case?
601;negative;I'm experiencing an intermittent `NullPointerException` in the `utils` module of the `dev` branch. Regression testing is failing on CI/CD pipeline 345.
388;neutral;@maintainer, just wanted to note that the `build` step in the `main` branch is still failing intermittently, worth looking into. #34
274;positive;Thanks for the swift fix on #1234! Your refactoring efforts have significantly improved our CI/CD pipeline's performance.
167;positive;Just ran the latest test suite on `main` and it passed with flying colors! Your refactor is a huge improvement, thanks for your efforts!
841;negative;Failing to update `dependency-a` in our latest build caused the CI/CD pipeline to fail on CircleCI. Can we revisit this ASAP?
893;negative;Issue #45: Can't reproduce the `NullPointerException` in 1.2.3 build. CI/CD logs show it's only happening on macOS. Any clues?
647;negative;I'm still seeing the intermittent `NullPointerException` in the recent `dev` branch build, even after updating dependencies. Can we investigate further?
819;negative;Issue with latest PR #123: `pip install` fails due to outdated `numpy` version, causing test suite to crash.
485;neutral;I've reviewed #1234's PR. The updated dependencies should resolve the build issues, but I recommend re-running the tests to verify.
881;negative;Issue #123's deployment to staging is failing due to an incompatible `semver` version in our `package-lock.json`. Can we review the changes?
505;neutral;Observing inconsistent test results for #1234. Could be related to recent update in package dependencies. Would appreciate more information on test environment.
832;negative;I'm experiencing intermittent issues with CircleCI builds failing on the `main` branch due to the new Docker update. Can we revisit the image dependencies?
244;positive;Thanks for fixing the #18 build error! The CircleCI pipeline is now green again. Your changes are a huge improvement to our dev workflow!
567;neutral;Looks like the updated `README.md` formatting is causing issues with our CI/CD pipeline's Markdown rendering. Can we investigate this further? #1234
563;neutral;Just wanted to verify that the fix for `#1234` should be backported to the 2.5 branch as well?
687;negative;Still hitting this Docker build failure #1234. Can't seem to replicate the error locally. Any ideas on how to debug the CI/CD pipeline?
190;positive;Thanks for addressing the stale dependencies in #123! The CI build is now passing consistently. Good work!
783;negative;PR #123 still failing on CircleCI due to outdated Gradle version. Can we please update the build script to v7.5?
700;negative;I'm experiencing issues with the latest build failing due to an incompatibility between `react` and `node-sass`.
476;neutral;Just wanted to confirm that the latest CI build on `main` branch is passing. The fix in #123 seems to have addressed the issue.
682;negative;Unfortunately, I'm seeing the same Docker build failure on my machine as reported by #123. Could we investigate this regression in CI/CD pipeline?
511;neutral;Regarding #1234, the `build` step in our CI/CD pipeline seems to be taking longer than expected. Can we investigate further?
59;positive;Great fix! The `pip install` error in the CI/CD pipeline is now resolved. Thanks for the update to #123!
475;neutral;FYI: The failing test in `test-suite` seems to be related to an outdated `jsonschema` version. Would love to discuss possible resolutions.
561;neutral;Regarding #123: test coverage report is consistent with previous runs, no changes in code. Can we review the test suite?
857;negative;The latest build is failing due to the `lodash` update causing conflicts with our custom sorting functions. Can we rollback to previous version?
748;negative;Unable to reproduce the `NullPointerException` in the latest build. @dependabot's update broke our testing environment.
253;positive;Great fix for the `invalid JSON` error in the API response! The test suite now passes successfully.
22;positive;Great job on fixing the `NullPointerException` in branch `feature/new-api`. The unit tests are now passing as expected! Thanks for the quick turnaround.
314;neutral;"Reviewing the latest PR #123: @johndoe's changes appear to be minor refactors; I'll merge once tests are updated."
460;neutral;Hi @author, I'm experiencing intermittent failures in the latest PR #1234's tests with Java 11 on Linux. Would you like me to investigate?
161;positive;Great work on resolving the Jenkins build failure in #123! Your changes to `package.json` saved me hours of troubleshooting. Thanks for your effort!
277;positive;This CI/CD pipeline update is exactly what we needed. Thanks for the smooth integration with Jenkins!
192;positive;Great fix for the Docker build failure on Linux! Your changes make the CI/CD pipeline more robust than ever, thanks for the effort!
386;neutral;@mentions I've reviewed the PR #1234 and while it looks clean, can we discuss the added dependency on Apache Commons Lang to ensure it's justified?
806;negative;This breaks our CI/CD pipeline in the `main` branch. The error message indicates an incompatible version of `numpy`. Please reevaluate dependencies.
414;neutral;I'm seeing intermittent build failures in our CI/CD pipeline due to this change. Can we discuss potential causes and a resolution?
492;neutral;I'm reviewing #23. The code change appears to be correct but I'd like to see additional test cases for the new feature.
344;neutral;I think we can revisit the build failure in #1234. The latest changes to `package.json` might not be causing the issue as I initially thought.
770;negative;I'm hitting a `NullPointerException` on the latest release. Can we investigate why the `UserService` is being called before it's initialized?
309;neutral;I'm reviewing the changes in #1234. The updated build script seems to be working correctly in my local environment.
662;negative;This build failure on the CI/CD pipeline is concerning. The error message suggests a conflict between dependencies in `node_modules`, preventing the project from compiling.
131;positive;Just reviewed the latest PR #1234 and I'm blown away by how well you addressed the caching issue. Great job!
664;negative;I'm experiencing intermittent crashes on Mac after upgrading to Xcode 13.1 in build #5678. Please help me identify the root cause.
872;negative;I'm seeing intermittent failures in our CI/CD pipeline for the latest `master` build on Jenkins due to a cryptic 'unknown exception' error.
100;positive;Just tested the new `logging` configuration in #1234 and it's working as expected! Thanks for your patience with this one, @maintainer!
373;neutral;Noticed that the latest build on our CI/CD pipeline for #123 is failing due to an unknown error. Could we investigate the root cause?
88;positive;Great job on fixing the pagination bug! The recent changes have significantly improved the app's performance #143, thanks for your dedication!
459;neutral;@dependabot Can you please check the package version for `react` in the latest update? It's currently at 17.0.2, but I think we should use 17.0.1 instead.
331;neutral;Just wanted to confirm that the test coverage for `feature/new-api` has increased by 5% after the latest PR #1234. Everything looks good so far.
215;positive;Just tested the latest PR (#123) and I'm loving the improvements to our CI/CD pipeline. Well done team! This will greatly reduce deployment times.
467;neutral;Observing inconsistent behavior in #23's tests. The `npm install` step is completing successfully but subsequent test runs fail with the same error.
122;positive;Thanks for addressing the intermittent `NullPointerException` in build 3.2! Your fix has reduced test failures by 30% on our CI/CD pipeline.
615;negative;Fails to build on Linux due to incorrect library path. Can't reproduce the issue locally with latest Ubuntu image.
21;positive;Great job on fixing the deployment issue in #123! Your changes simplified the CI/CD pipeline and reduced build times significantly.
701;negative;Can we revisit the recent `ci/cd` pipeline failure on `main` branch? The error still persists after re-running, causing significant delays in releases.
72;positive;Just merged your `fix-continuous-integration` PR. This update will greatly simplify our CI/CD pipeline configuration. Great work!
107;positive;Just tested #32 with the latest commit and it's working flawlessly. Well done on resolving the Travis build issues! @username
271;positive;Just reviewed #123 and I'm impressed with the fix for the `NullPointerException` in `login.js`. Thanks for the clear explanation!
861;negative;Still getting intermittent `TypeError` on Windows build in PR #1234. Can't reproduce locally, need more debugging steps.
436;neutral;Reviewing PR #1234: I'm seeing intermittent test failures on CircleCI with this latest commit. Can we investigate further?
103;positive;Just tested the latest build on our CI/CD pipeline and I'm blown away by how much more efficient it is! Thanks for the hard work!
