ID;Polarity;Text
71;positive;This PR is a game-changer! The automated tests are now passing with the new dependency, thanks for spotting that compatibility issue!
828;negative;Ugh, can't believe this flaky test is still causing issues. We've patched it three times already! Need to refactor this whole section
232;positive;Awesome catch on this edge case @username! Your refactor makes the codebase way more maintainable, thanks for putting in the elbow grease!
589;neutral;I'm experiencing a hard time reproducing this error. Can we try to isolate it within the `main` branch to see if that's the culprit?
40;positive;Great catch on the NPE! The null check is indeed missing from `loadUser()` . Makes a lot more sense now. Thanks for the fix!
732;negative;Ugh, just hit a brick wall with the new test suite. Can't figure out why it's consistently failing on `libcurl` deps. Any ideas?
300;positive;Just tested the fix for #42 and I'm thrilled to report that it's resolving the `NullPointerException` consistently across all dev environments!
111;positive;Just ran the PR locally and it's looking great! That Jenkins CI/CD fix really paid off – now our build times are significantly faster!
73;positive;Just pushed the latest deploy to staging and it's looking great! CI/CD checks are all green, so we're good to go for tomorrow's prod rollout.
87;positive;Great catch on that edge case @john! Your fix looks solid to me. CI's passing with it, so we're good to ship this update!
140;positive;Just merged @johnDoe's fix for the `NullPointerException` in user profile handling. This should resolve issues with user data being lost on logout! Thanks, John!
534;neutral;Just noticed the test suite is passing on my local env but failing on CI. Any ideas why this might be happening?
802;negative;Frustratingly, the latest build still fails on macOS due to a `libstdc++` version mismatch. Can we get some clarity on how to resolve this?
121;positive;Love this fix! I was going crazy with the intermittent build failures on CircleCI. You nailed it!
712;negative;Ugh, this is still not working after I re-rolled the database. Anyone else having issues with the new API integration?
591;neutral;I think the error might be due to a version mismatch between the `axios` package in our project and the one used by `jest`. Worth investigating further.
169;positive;Just deployed the fix for the pagination bug and it's looking good so far! Thanks for your patience, team!
423;neutral;Hey team, I'm seeing intermittent failures on the `testApiEndpoint` suite. Anyone else experiencing this? Could be related to our recent infra changes.
448;neutral;Not sure if I'm missing something obvious here, but the `TypeError` seems to occur only on Python 3.9+, any other context?
68;positive;Just verified the fix for #123 and I'm thrilled to see it's resolved the flaky test issues, thanks again for your patience and persistence @username!
212;positive;Just ran the new test suite on my machine and it's passing beautifully. Nice work @johnDoe on squashing that elusive bug!
742;negative;Just hit a regression on master. This code was fine last week... now it's blowing up with 'nil' pointers. Anyone else seeing this?
689;negative;Just spent the last hour trying to debug this and I'm still no closer to understanding why our build fails on Windows. Anyone else experiencing this?
334;neutral;Noticed the test suite is skipping the `edge case` tests on Windows. Any ideas why this might be happening?
543;neutral;Not sure if this is related, but I noticed the recent changes to `package.json` broke our CI build on Node 12. Maybe worth investigating?
345;neutral;Not sure if this is related to our recent update, but I've seen `NullPointerException` pop up when using the new API endpoint. Anyone else seeing this?
31;positive;Wow, the fix for this flaky test is a breath of fresh air! I was dreading a full refactor
838;negative;Ugh, why did you remove the null check?! Now my CI build fails on every Java project with a non-existent dependency
659;negative;I just spent the last hour trying to track down why this integration test is failing randomly. No clue what's going on.
523;neutral;Noticed the flaky test on Travis is failing for different reasons than CircleCI. Any ideas what's causing this discrepancy?
261;positive;Just ran the updated test suite on my local machine and it's looking good! No more intermittent failures, nice work on that refactor!
757;negative;Frustrating that this fix breaks our CI on CircleCI but passes locally. Any idea what's causing the Docker layer caching issues here?
299;positive;Just ran the latest build and the console output looks great. Your fix for the regex issue seems to have done the trick, thanks!
532;neutral;Just spent an hour debugging why our CI build was failing. Still not sure if it's a dependency issue or something silly like a typo in the `package.json`.
616;negative;Ugh, just got a CI/CD failure on `master` due to some weird version conflict with `npm`. Can we please sort out the package dependencies?
676;negative;This breaking change is gonna take a week to migrate. Can we backport the fix for 3.x? This regression is killing me!
24;positive;Just successfully ran the updated CI pipeline with your fix! The new build is passing with flying colors!
590;neutral;Hm, I'm getting intermittent failures on the CircleCI build for `master` branch, but it passes locally. Anyone else seeing this?
432;neutral;Curious about the timing of this test failure - is it intermittent or a new addition? Can we dig into the env setup?
210;positive;Just saw the latest test run on CircleCI and I'm blown away by how smoothly it all converged! Your fixes are paying off big time!
64;positive;Just ran the latest build on a VM and I'm thrilled to report that the `TypeError` is gone! Your fix seems to have nailed it!
240;positive;Just ran the updated test suite and I'm thrilled to see the flaky CI/CD failures have significantly decreased, thanks for your persistence!
371;neutral;I've noticed the API call is timing out occasionally when caching is enabled. Anyone else seeing this behavior?
745;negative;This is getting ridiculous, the caching layer is still throwing a 404 on our dev servers, how many times do we need to review this code?!
653;negative;Ugh, I was so sure that fix would work. Regression testing is failing again because of this flaky `NetworkRequest` class... any ideas?
626;negative;Just spent an hour debugging why our CI pipeline was failing due to a missing dev dependency. This is the third time this month...
216;positive;Just tested the new build flow and I'm stoked to see our deployment times have dropped by nearly half, nice work team!
520;neutral;I'm seeing this error intermittently on the `login` endpoint. Anyone else experiencing it? Maybe a regression from the recent auth library upgrade?
495;neutral;Not sure if it's related, but I just noticed our CI pipeline is failing on the same platform where this issue occurs. Worth investigating?
833;negative;Just hit this error again, third time this week. Is there a reason why our CI is still trying to deploy to prod with those outdated dependencies?
454;neutral;I've been reviewing the test suite for this PR and I'm curious about the flaky behavior on Windows. Does anyone have insight into what might be causing it?
353;neutral;I'm seeing intermittent failures in our CI pipeline for the latest PR. Wondering if it's related to the recent dependency update?
550;neutral;Can we revisit the test suite for the new auth feature? I'm getting some flaky results when running with multiple concurrent users.
281;positive;Just merged #123 and the integration tests are flying through! Love seeing this feature come together, great job team!
248;positive;Just ran the updated pipeline on a clean slate and it's passing beautifully! Great work, @johnDoe!
214;positive;Just ran the updated code through the pipeline and it's passing all our CI checks! Great work, team!
138;positive;Wow, just merged your fix for the pagination bug! Much improved UX now. Thanks for your persistence on this one!
397;neutral;Hey @maintainer, I'm not sure what's causing the flaky test `test_api_call`, but it keeps failing on my machine with 'socket timeout' errors consistently
303;neutral;Just wanted to flag that the latest build is failing on CI due to a missing dep, but can't quite pinpoint why it's only happening now vs previous runs.
544;neutral;Hey, I noticed that the `auth` module is being imported differently across files. Should we standardize the import path for consistency?
45;positive;Just ran the fix on my local setup and I'm blown away by how seamless it is now. Your refactoring work is pure magic!
391;neutral;Just hit this error again when trying to run the integration test suite. Anyone else experiencing this flaky behavior with Postgres connections?
740;negative;This PR just broke our CI/CD pipeline again. Is it really necessary to introduce a new transitive dependency without even testing the updated build?
449;neutral;Hi @author, I'm experiencing inconsistent results with the test suite on my M1 MacBook. Anyone else seeing this behavior?
209;positive;Just ran the test suite with the updated dependencies and... success! Your fix for `issue #42` is a game-changer, thanks!
199;positive;Just ran the updated unit test suite and it's passing smoothly! The `fix: typo in README` PR is definitely doing its magic :)
669;negative;I'm still stuck on this flaky test. Running it manually passes, but CI keeps failing. Anyone else experiencing this?
517;neutral;I'm seeing some intermittent test failures on our CI pipeline. Anyone else experiencing this? Could it be a version skew issue with the newly added dependency?
329;neutral;Have you considered checking the recent commit history for any potential conflicts with this new feature?
450;neutral;Hmm, weird that the `fetch` function is returning a promise even though we're using async/await. Anyone else see this behavior?
627;negative;Ugh, the failing test on `windows` is back... I swear I fixed this issue last week. Anyone else see this?!
584;neutral;I'm still getting intermittent test failures on the Windows build. Anyone else see this? Could be related to the recent dependency updates.
827;negative;This test is still failing locally after the merge. Something's clearly busted in this PR, but I'm not sure what yet.
315;neutral;Just hit this issue while reviewing code: `TypeError: Cannot read property 'length' of undefined` when trying to access user profile pic URL.
137;positive;Just tried the latest build and I'm blown away by how smoothly the migration scripts are running! Great work on squashing that nasty error.
844;negative;Just hit this weird edge case where the cache layer throws a null pointer exception on concurrent reads... any ideas?
362;neutral;I'm seeing intermittent failures on the `integration` test with `node v14.17`. Can we try downgrading to a stable version?
494;neutral;Hey @maintainer, I'm seeing intermittent failures on the `deploy` stage. Could you take a look at the CircleCI logs to see if there's any pattern?
61;positive;Just tested the latest build and I'm thrilled to report that the CI/CD pipeline is now passing consistently! Thanks for all the hard work on this fix!
665;negative;Just hit this weird edge case where the service fails to start if there's a whitespace in the config file path... totally not what I expected
526;neutral;Just wanted to note that I'm seeing some intermittent failures on the integration test suite, anyone else experiencing this?
175;positive;Just ran the updated unit tests on a different machine and they're passing! This PR is a game-changer for our CI/CD stability
537;neutral;I'm having trouble reproducing the `404 Not Found` error. Can you check if it's a server-side issue or something on our end?
67;positive;Just ran the updated test suite with your latest PR and I'm blown away by how seamlessly it's fixed all those edge cases!
821;negative;Frustrating that our CI build is still failing due to a missing transitive dependency. Can we get @maintainer to take a look?
778;negative;Ugh, just hit a wall. Can't repro the `TypeError` consistently, but it's killing our CI pipeline. Any ideas?
382;neutral;Curious about the edge case causing this null pointer exception. Does the test suite cover all scenarios with mock dependencies?
486;neutral;I'm seeing this intermittent build failure on the `master` branch, has anyone else noticed it? Could be a flaky test or network issue?
219;positive;Just ran the updated test suite on my local machine and it's passing with flying colors! Well done on squashing that pesky error!
576;neutral;Just ran into this while reviewing the latest build logs. Anyone else seeing this cryptic error message when trying to deploy to AWS?
347;neutral;I'm seeing this error only when running the integration tests on my MacBook. Anyone else encounter this or have a similar setup?
546;neutral;Hmm, not sure if this is a regression but our latest build failed with an 'unreachable code' warning on the `utils` package. Any insights?
801;negative;Just ran into an edge case that causes the `fetch_data` function to freeze indefinitely. Can we revisit this logic before merging?
810;negative;Frustratingly, this commit breaks our CI pipeline because it introduces a cyclic dependency that causes the build to time out. Can we revisit?
779;negative;Just hit this regression again after merge. Can we revisit the `docker-compose` config? This is getting frustrating.
399;neutral;Not sure if it's related, but I just noticed that `npm install` fails on the CI if I run it from the `node_modules` dir. Worth investigating?
77;positive;Awesome catch on the null pointer exception! Your refactoring makes a ton of sense and will definitely improve code reliability!
197;positive;Just ran the updated tests on a fresh build and I'm thrilled to see this one finally pass! Thanks for the fix, @username!
632;negative;Ugh, can we please fix this? Our CI build is failing due to a broken package dependency that's been dodgy for weeks now.
752;negative;Just spent 2 hours debugging this, but the test still fails with a cryptic error message. Can we get some clarity on what's causing this?
571;neutral;Hmm, the CI build failure is still puzzling me. The dependencies seem to be in order, but I'm not ruling out a version conflict yet.
406;neutral;Noticed that the `fetch` function is still trying to connect to the old API endpoint. Wondering if we should update the code or just wait for the network team to change the endpoint?
513;neutral;Haven't seen this error before... but wondering if the recent update to `react` might've caused a conflict with our custom hook implementation?
339;neutral;Just hit this again after updating to latest deps. Can we take a look at the `build.gradle` file to see if there's something out of whack?
896;negative;Just tried to build on a fresh clone and it fails again with `DependencyResolutionException`. This is getting ridiculous...
228;positive;Just ran your fix for the build issue on my own machine and it works like a charm! Smooth sailing ahead, thanks to your awesome troubleshooting!
670;negative;Just hit a wall with the build on macOS - `brew install` is failing for some unknown reason, anyone else seen this?
205;positive;Just ran the fix for #42 and it's looking good! CI is passing and I've seen no regressions. Thanks for the swift resolution!
746;negative;Just hit a wall with the latest build. Can't believe `npm install` is still failing due to this flaky dependency issue 🤦‍♂️
193;positive;Just deployed the fix for the API rate limiting bug and it's looking solid! CI/CD is green again, thanks to everyone who contributed.
875;negative;Just tried to reproduce the error locally and I'm getting a different stacktrace. This is why we can't have nice things...
795;negative;This build failure is getting ridiculous. We've updated Docker to the latest version, but it's still blowing up on AWS Lambda deployment. Anyone have a clue?
775;negative;Just hit this while running the nightly build. Looks like a regression from the last refactor... Can we take another pass at those changes?
482;neutral;Noticed the new dependency is causing a conflict with our existing config. Worth exploring alternatives to see if we can make this work.
835;negative;Just spent an hour debugging this and I'm still stumped. Can we revisit the CI/CD pipeline for this specific build? Something's not lining up.
466;neutral;Just noticed the failing test in `ci/ubuntu16.yml` still uses old credentials from when we switched to AWS. Might want to update that file
808;negative;Frustrating that our latest release is failing on CircleCI due to an obscure library version conflict, anyone else seen this?
886;negative;I just spent an hour debugging why our dev build was failing due to this seemingly innocuous update. Now I'm on the verge of a nervous breakdown.
97;positive;Just ran the updated integration test suite and it's looking great! Your fixes for the auth module really paid off, smooth sailing now
892;negative;Ugh, this PR breaks our custom webpack build on production servers. Can we please revisit the config changes?
327;neutral;Just hit this while trying to run the integration tests - `TypeError: Cannot read property 'length' of undefined` on line 147.
295;positive;Just ran your latest deploy script and everything looks good! The DB migration went smoothly, great work on debugging that pesky connection issue!
211;positive;Just deployed the fix for the database connection issue. Looks like the nightly build is passing with flying colors now, thanks to your PR!
441;neutral;Just observed this on my local build: when `async` task A starts before B is complete, the app crashes with a null pointer exception. Any ideas?
784;negative;Still getting that pesky `NullPointerException` on the dashboard. Wondering if it's a serialization issue with the new user model...
79;positive;Love the approach to solving this build failure! Replacing Node with Nix seems like a clever fix. Hope it gets merged soon!
266;positive;Just ran the updated test suite and it looks like we're good to go! CI is passing with flying colors, thanks for the fix!
830;negative;This is not the first time `@jenkins` fails to run on our CI/CD pipeline. Can someone debug why this keeps happening?
429;neutral;I'm seeing a weird edge case where `null` values are being passed to the `validate()` method, causing it to throw unexpectedly. Any thoughts on how this could be happening?
142;positive;Just ran the latest build and I'm loving the speed improvements! Your caching tweaks are paying off nicely!
583;neutral;Just hit a snag with the latest build: `npm install` times out on a specific machine. Anyone else see this issue?
744;negative;Ugh, just spent hours debugging this, but still can't repro the CI failure. Anyone else seeing this with Node v14? I'm about to pull my hair out...
364;neutral;Just tried reproducing the `NullPointerException` and it only happens when using the API with a user account, not guest accounts. Any ideas on what might be causing this?
66;positive;Just reviewed the latest changes and I'm blown away by how smooth this integration is! Well done on squashing those edge cases!
790;negative;Frustrating that the recent build breaks due to a missing package still aren't caught by our CI. Something's gotta give with this setup.
292;positive;Great catch on this edge case! Your fix for the pagination bug looks spot on, happy to see it passing all our tests now!
604;negative;Ugh, this just broke again. I swear the `network` module is cursed. Anyone else seeing `ECONNRESET` errors when trying to connect?
858;negative;This still isn't working as expected after the last merge. Flaky test issues are killing me, can someone please take a closer look?
487;neutral;Just noticed that this PR causes a flaky test to fail consistently on my machine. Anyone else seeing this?
236;positive;Just ran the updated test suite on latest release and it looks like our infamous 'ping timeout' issue is finally GONE! Well done, team!
251;positive;Just merged #123 and the test suite is passing beautifully! Great job @johnDoe on squashing those pesky edge cases!
50;positive;Just ran the updated test suite and I'm thrilled to see the failing cases are now passing! Your fix is a game-changer for our code's reliability.
658;negative;Ugh, just spent an hour debugging this. The new feature is still causing the CI build to fail on macOS due to that pesky libssl issue...
310;neutral;Not sure if I'm overlooking something obvious, but our integration with library X is still failing intermittently due to a cryptic error message...
710;negative;Just tried to reproduce the error on a fresh branch and it still occurs. This is getting frustrating, feels like we're stuck in an infinite loop of false positives.
276;positive;Thanks for the fix on this regex mismatch! Just tested locally and our API requests are now passing validation without a hitch
895;negative;Ugh, just hit a wall with this build failure. Our custom Jenkins script is choking on the new Gradle version... any other devs running into similar issues?
166;positive;Just ran the test suite with the latest changes and it's passing all 100% now! The build pipeline is singing its happy song again
514;neutral;I'm not sure if this is the culprit, but I noticed our latest dep updates might've triggered a compatibility issue with `@babel/preset-env`. Worth investigating?
34;positive;Love the fix for this regex edge case! Just ran a few test scenarios and everything looks solid. Thanks for your attention to detail!
32;positive;Just ran the updated build script and I'm thrilled to report that our deployment to prod has been a resounding success this time around!
674;negative;Ugh, can't believe this Docker deployment is still failing due to the broken `curl` dependency. Anyone have a spare minute to debug this?
405;neutral;Not sure what's causing the intermittent build failure on our CI server. Does anyone else have a similar experience with Node.js v14?
519;neutral;Haven't dug into this one yet, but it looks like the new build tool is causing issues with our Java dependencies. Can anyone confirm?
431;neutral;Just noticed the latest build is failing due to a missing `lib` file. Anybody else seeing this? Maybe I'm just being dense...
110;positive;Love the fix for the concurrent access issue! Your diagnostic logging skills are on point!
78;positive;Just merged the fix for the deployment timeout issue. Your patience paid off, thanks to all who contributed!
413;neutral;I'm seeing intermittent failures on the integration test for the new feature. Anyone else experiencing this? Maybe we need to revisit our mock setup?
313;neutral;Hi @maintainer, I noticed that the `--latest` flag doesn't seem to update dependencies when using npm install. Is this an expected behavior?
83;positive;Just ran the test suite with your fixes and it looks like we're finally free of that pesky 'out-of-bounds' error! Kudos on the detective work!
322;neutral;I'm seeing a discrepancy in the test coverage reports after introducing the `async/await` syntax. Any thoughts on why this might be happening?
650;negative;I'm getting a 504 error on the API call to fetch user data. Was expecting this to work with the updated schema...?
694;negative;Ugh, just spent an hour debugging and it turns out the CI build was failing due to a silly typo in package.json. Minor but super frustrating!
361;neutral;Hmm, could the intermittent `NullPointerException` be related to this recent dependency update? Worth investigating the version history of our dependencies.
488;neutral;Hey @maintainer, just noticed this test is consistently failing on our CI pipeline even after re-running it. Any ideas why the `fetchData` call is timing out?
465;neutral;Noticed that the latest changes seem to break our integration with library X. Would love to see some tests added for this specific scenario before merging.
6;positive;Just tried the fix for #123 and it's resolving our intermittent deploy errors! Well done, @username. One more test run and we're good to go!
55;positive;Just ran the test suite again and it's passing locally! Not sure what changed but thanks for the patience, this is a huge win!
735;negative;Just hit this CI failure again. Anyone else see the `latest` version of `node-sass` causing issues on our `ubuntu` builds?
463;neutral;Thinking about the recent merge of #123, I'm wondering if we're seeing a false positive with the new error handling? Should we add some logging to investigate?
324;neutral;Just wanted to verify if this issue is related to the recent update of `axios` or our local config changes? Would love some clarity on the matter.
368;neutral;I'm seeing a discrepancy between our local builds and the GitHub Actions logs. Anyone else noticing this anomaly with our CI/CD workflow?
98;positive;Just tried the updated build script and our deployment to prod just went smoothly! Thanks for getting that dependency issue resolved, really appreciate it!
445;neutral;Noticed the recent change to `lib.json` doesn't get picked up by the build process. Running `npm run build` manually resolves the issue.
577;neutral;Just wanted to throw out there: I'm seeing this error only on macOS Catalina, not sure if it's a compiler issue or something specific to our project
898;negative;Just spent an hour debugging this, still can't pinpoint the issue. CI runs fine on my machine but fails on Travis... so frustrating!
579;neutral;Just reviewed the stacktrace. The error seems to stem from a mismatch in API versioning, not sure if it's an upstream issue or our config?
780;negative;Frustrating that our CI build still fails due to the `npm` version mismatch. Why is this not being addressed yet?
26;positive;Just ran the updated test suite locally and it's passing with flying colors! Great job on squashing that nasty bug!
85;positive;Great catch on that API endpoint! I was wondering why our requests were timing out. This fix should really speed up our sync process.
11;positive;Just tested the fix and I'm stoked to report that the flaky test suite is now passing consistently! Well done, team!
335;neutral;Hm, I'm not sure why this error only occurs when running the integration tests on the CI server. Has anyone seen similar behavior?
245;positive;Love the fix for that flaky test! You're a lifesaver, now our CI/CD pipeline is actually reliable. Thanks for the sanity restore
679;negative;This PR breaks our CI for no reason. I've reviewed the diff multiple times and can't see what's causing it to fail on my machine
307;neutral;Just wanted to flag that the latest integration test run is failing due to a `NullPointerException` on the new auth endpoint implementation.
592;neutral;Just wanted to bring up that the recent `CI` failure was due to a transient network issue at our CDNs, but should we add some retry logic for similar cases?
119;positive;Just ran the updated test suite and it's looking good! The CI/CD pipeline is finally passing with flying colors, thanks to your fixes!
291;positive;Love the fix for the flaky integration test! This should make our CI/CD pipeline a lot more reliable, thanks for your persistence!
317;neutral;Have you tried running this with the latest Docker image? Just wondering if it's a regression that crept in
30;positive;Awesome catch on that edge case! Your test suite is seriously robust now. That subtle typo fix made a huge difference in our error handling.
56;positive;Great catch on the API endpoint typo! You've saved us from a world of trouble with this one
418;neutral;Just hit this error while running tests: `TypeError: Cannot read property 'map' of undefined`. Wondering if it's related to the recent changes in `lodash` version.
600;neutral;Hmm, I'm getting a `NullPointerException` when trying to access the user's cart. Is this related to the recent changes on the checkout flow?
851;negative;Still stuck on this build failure. Can't believe I have to manually debug the Maven dependencies for the millionth time.
369;neutral;Have you considered the implications of upgrading to the latest version of `numpy`? This might be causing the weird array indexing behavior I'm seeing.
82;positive;Just had to dig out the old unit test for this edge case and it passed with flying colors! Thanks for pointing that one out!
630;negative;Just tried to reproduce this on a fresh machine and I'm getting the same crash, starting to think our dependency update was just a band-aid
376;neutral;Just noticed the test suite is still running on outdated dependencies. Should we update them before re-running the tests to ensure accurate results?
863;negative;Still getting `NullPointerException` on our latest deploy. Something's amiss with the service discovery setup, but can't quite put my finger on it...
427;neutral;Just ran into the same error on my local machine. Can someone explain why our Docker build is including node_modules by default? Confusing...
788;negative;I'm getting a cryptic `NullPointerException` when trying to deploy. Definitely not happy about this... Can we take another look at the deployment script?
570;neutral;Curious about the timing of this CI failure. The previous run on the same commit was fine, but I've seen some flakes with similar dependencies lately.
698;negative;This latest build failure on CircleCI is getting ridiculous. I've re-run the test suite a dozen times, still no resolution.
287;positive;Just merged the fix for the `async` bug! Your changes were a breath of fresh air, thanks for keeping this codebase running smoothly!
715;negative;Frustratingly, our CI build is still failing due to the missing `@types/node` dependency. Has anyone tried updating our devDependencies?
540;neutral;Noticed that the recent test failures are all related to the `requests` library. Has anyone else seen this issue? Any ideas on what's causing it?
358;neutral;Hi @author, I noticed the failing test `test_user_authentication` has a slightly different error message than the previous run. Any idea what might've changed?
769;negative;Just hit this error on my local machine: `Cannot read property 'length' of undefined`. Anyone else seeing this? Stumped.
846;negative;This is a disaster. Just ran the test suite again and it's still failing on our CI pipeline with the same cryptic error message 'unknown encoding'
719;negative;Just spent 2 hours debugging and I still can't get the API to return data. This test suite is a nightmare!
395;neutral;Just hit this with a reproducible test case. Doesn't seem to happen with `async`/`await`, but I'm not convinced it's a multithreading issue
501;neutral;Haven't had a chance to dig into this yet, but the failure log suggests it's related to the recent update of `react-dom`. Anyone else notice anything?
366;neutral;Just noticed this error message when running `npm test` on a fresh clone. Can someone confirm if it's just me?
731;negative;Just spent an hour debugging this and I'm still stumped. Can someone else take a look at the CI pipeline failing on `npm install`?
483;neutral;Curious about the discrepancy on Linux vs Windows for this test case. Does anyone have a hunch on what might be causing it?
410;neutral;I've noticed the CI build is failing due to a missing `npm` package, but can't reproduce locally. Any ideas on what might be causing this discrepancy?
474;neutral;Just noticed that the integration test is passing locally but failing on the CI. Not sure if it's a Docker env issue or something else?
293;positive;Just merged your PR and the perf improvements are already visible in our CI runs! Thanks for the great work on optimizing this module!
8;positive;Wow, that fix for the race condition is so elegant! Great job spotting the root cause and refactoring the code with minimal disruption
452;neutral;I'm getting a `null` pointer exception when running the unit tests on Java 11, but it doesn't seem to happen on Java 8. Anybody else seeing this?
156;positive;Love the fix for the `NullPointerException`! The addition of null checks really simplifies our API usage. Good catch, @username!
352;neutral;Just wanted to confirm if anyone's seen this behavior with the latest Node update. Our tests are failing due to an unexpected error.
430;neutral;Can we take another look at this test case? It's failing on my end with the latest changes, but I'm not seeing any obvious issues.
102;positive;Just spent the past hour squashing that nasty test flakiness and I'm loving how our CI/CD pipeline is now humming along smoothly thanks to your fix!
200;positive;This fix is a game-changer! Just ran the updated build and all our CI/CD pipelines are green again. Thanks so much for your persistence!
614;negative;Just encountered the infamous `TypeError` again. Can we please revisit the refactor of `utils.py`? This is starting to feel like whack-a-mole
529;neutral;Noticed this error during last build: `TypeError: Cannot read property 'length' of undefined`. Any ideas why our mock data isn't populating as expected?
816;negative;This latest build failure is getting ridiculous. We've updated the `yaml` lib to 1.2.3, but still crashing on `parse()` method. Anyone else see this?
381;neutral;Just noticed that the CI build fails on Linux but passes on Mac. Anyone else seeing this discrepancy?
301;neutral;Curious about the intermittent CI failure on Linux. Can someone try reproducing with a clean build environment?
417;neutral;Just observed that the Travis build is failing on the `master` branch due to a missing node module, not sure what changed recently
879;negative;I'm getting a `NullPointerException` on the login page when using Internet Explorer. Any ideas why our 'modern' codebase is still having trouble with legacy browsers?
320;neutral;I'm seeing this error when running the integration test suite: `TypeError: can't multiply sequence by non-int of type 'str'`. Any ideas why our types are mismatching?
3;positive;Just saw this PR and I'm blown away by the thoroughness of your testing! You're really pushing us to raise our game with these edge cases.
255;positive;Love the refactor in this PR! The improved code organization has already helped me track down a pesky issue that was stumping me
508;neutral;I noticed the recent build failure is due to a missing dependency on `protobuf`. Can we add it as a devDependency?
500;neutral;Just tried reproducing the crash with a debugger attached. It's still happening, but I did notice some interesting memory allocation patterns around the time of failure...
267;positive;Love the fix for the pagination bug! Makes a huge difference in performance. Your patience is paying off on this one!
159;positive;Just ran the failing test suite on a clean build and it passes. Weird! Now I'm even more curious about this flaky test case...
522;neutral;Curious about the test failure on Linux. Have you tried running it with valgrind to see if there's a memory leak causing the crash?
837;negative;This latest change has broken the CI pipeline for me. Anyone else experiencing this? I'm not seeing any obvious cause for the failure.
568;neutral;Hey @author, the recent deploy failure might be related to the upgraded Node.js version causing a compatibility issue with our custom build script. Worth investigating?
333;neutral;I'm experiencing intermittent `NullPointerException` on this line. Anyone else seeing this? Worth investigating further?
433;neutral;Hmm, I'm seeing a discrepancy in test results when running on Node.js 14. Has anyone else encountered this? Possible version issue?
306;neutral;Hey @maintainer, just wanted to point out that this PR seems to be causing a weird error when testing the integration with our auth service
437;neutral;I'm seeing this error on our staging environment, but not dev. Is the config diff causing an issue or is it something else entirely?
527;neutral;Just reviewing the latest commit and I'm noticing that the CI build is passing on my machine, but the test failures persist. Any thoughts?
409;neutral;I'm having trouble reproducing the crash on my Mac, but it's consistent on Linux. Maybe we should add some env-specific logging?
894;negative;This build is a disaster. Can't believe our latest changes broke the Docker image. Anyone got a clue what's causing this deploy nightmare?
360;neutral;Haven't had a chance to dig into this yet, but the error log is suggesting an out-of-sync cache issue with our API integration. Any thoughts?
586;neutral;Not sure if this is related, but the recent version of `npm` has been causing issues for me with `package-lock.json` files...
656;negative;This is exactly the kind of flaky test I was worried about. We can't ship with this crap, needs a serious refactor
660;negative;Can't believe we're still hitting this intermittent test failure. Shouldn't have merged that refactor without a proper regression run... again.
213;positive;This fix is a game-changer! The tests are passing consistently now. Great job catching that pesky dependency issue!
829;negative;Not sure if it's just me, but the CI builds are failing again due to a missing dependency on `@types/node`. Anyone else seeing this?
80;positive;Love the fix for this edge case! Your patience with the flaky test is paying off, nice work getting this PR over the line!
149;positive;Love the fix for the pagination bug! Much more intuitive now. Just ran some test cases and everything looks good to me!
260;positive;Thanks for the fix on the pagination bug! It's awesome to see this regression squashed and our API stability back on track
595;neutral;Hmmm, just re-running the failing test locally with Node 14. Any chance this is a transpilation issue? Need some more eyes on this.
843;negative;This is still broken after the last merge. Can we please revisit the unit tests for this endpoint?
383;neutral;Just wanted to mention that this PR's changes seem to cause the test suite to run significantly slower on my machine. Investigating further...
484;neutral;Curious about the timing of this bug. Is it specific to nightly builds or does it happen on every run?
134;positive;Just ran the test suite with your fixes and it's passing with flying colors! The 'flickering' issue is officially squashed :)
469;neutral;I'm seeing inconsistent results with test cases on Linux. Can we try running the tests with `--verbose` to see if it sheds some light?
549;neutral;Hmm, I'm seeing intermittent test failures on this PR. Can we try disabling the parallel testing flag to see if it makes a difference?
507;neutral;Just hit this while reviewing. Can someone clarify the logic behind `dataProcessor.filter()`? Not sure if I'm missing something obvious.
654;negative;Just hit a brick wall with this build. Still getting `TypeError: Cannot read property 'length' of undefined` on the dashboard, no matter what I try.
639;negative;This is ridiculous. We just fixed the Travis build error to only happen on Fridays at precisely 3:47 PM CEST now?
753;negative;Ugh, I just spent an hour debugging this, but our new CI setup is still failing on the Node.js test suite... why are you introducing a 5 second delay between tests?
282;positive;Just ran the failing test with the latest changes and it's passing! Looks like your fix really nailed the flaky behavior. Great work!
688;negative;Just hit a roadblock with the latest deployment. Getting `ConnectionResetError` on all nodes, and I'm stumped as to why our new config isn't sticking
706;negative;Frustratingly, this build still fails after the last patch. Can we try reverting those changes to see if it's related to our new test suite?
297;positive;Love the fix for the infinite loop issue! Your patience and attention to detail really shine through in this PR. Thanks for your hard work!
173;positive;Awesome catch on the CI failure! Your debugged build config is exactly what we needed to iron out those pesky Gradle issues.
864;negative;Ugh, why are we still seeing this intermittent `NullPointerException`? Can someone please help me track down the root cause of this flaky test?
468;neutral;I'm experiencing some weirdness with the latest build on CircleCI. Anyone else seeing this error `undefined is not a function` in the deploy stage?
813;negative;Just spent an hour digging into this, but I'm still stumped. The failing test doesn't make any sense, can someone else take a crack at it?
809;negative;I just spent an hour debugging this and it's still unclear why the CI is failing on `docker-compose up`. Anyone else see this issue?
91;positive;Nice catch on that edge case @username! Your PR fixes the CI/CD failure caused by the outdated dependencies. Everything's building smoothly now!
842;negative;Just hit this CI failure again after merging `PR #123`. Can we rethink our Docker image versioning before I go insane?
182;positive;Just got the updated code working! Your fix for the `async` dependency resolved our build issues. Thanks for your persistence!
862;negative;Ugh, why did we just update our `numpy` version? Now my local dev environment is complaining about incompatible wheels. Anyone else seeing this?
803;negative;Just spent an hour debugging this, but it still crashes on my Mac. Something's amiss with the dependency handling...
70;positive;Just ran the updated build script and I'm blown away by how cleanly it resolves the `libcurl` dependency issues!
132;positive;Just ran the updated test suite on a fresh build, and it looks like we've squashed that pesky `NullPointerException` in the login handler – thanks for the patch!
599;neutral;Just wanted to flag that I'm seeing a discrepancy in test results across local envs. Any ideas on how to isolate the issue?
478;neutral;Just noticed that the latest update broke the build on Linux. Not sure if it's related to the new dependency or something else entirely, though.
136;positive;Just verified on my local env, this fix should resolve the flaky test issue. Your changes look solid, thanks for pushing!
165;positive;Great fix @john! The updated logic for caching should resolve the intermittent test failures. Thanks for digging into this!
29;positive;Just ran the updated build on a CI node and it's passing all checks! Your fix really did address that pesky dependency issue.
498;neutral;Hmm, just re-running the build after updating Gradle to 7.4 and it's still failing on this particular step. Anyone else seeing this?
194;positive;Just integrated the latest changes and I'm blown away by how seamless it is! Your refactor is a game-changer, @username. Kudos!
312;neutral;Just hit this while trying to upgrade dependencies. Getting a `MissingRequirementError` on `numpy`. Any other folks experiencing similar issues?
724;negative;Just spent an hour debugging this, but the intermittent test failures are still driving me crazy. Need to revisit our CI pipeline config... again.
641;negative;Ugh, just got bit by another `NullPointerException` from that wonky third-party lib. When's the dep upgrade going to happen?
538;neutral;Just ran into this while investigating the build failure. The 'latest' tag on our Docker image doesn't seem to match the actual latest commit.
141;positive;Just tested the latest fix and I'm thrilled to report that the intermittent login failures are now a thing of the past, thanks to your patience and persistence!
174;positive;Just ran the updated test suite with the latest PR and it's passing all checks! Your fix is a game-changer for our API stability, thanks!
7;positive;Just tested the fix on a few edge cases and it's looking solid! Great job spotting that import override issue, thanks for the catch!
582;neutral;I'm experiencing some inconsistent behavior with the `fetchData` method. Occasionally it returns an empty array, but I can't reproduce the issue consistently.
378;neutral;Hitting this error when trying to run the integration test suite: `Cannot mock non-existent object 'my_service'`. Anyone else seen this?
74;positive;Just ran the updated tests on my local machine and they all passed! Great job @johnDoe, this fix was a game-changer!
619;negative;This latest deployment is looking like a trainwreck. CI/CD just spat out the same `500 Internal Server Error` again. Anyone else seeing this?
332;neutral;Curious about the intermittent failures of our unit tests. I've tried running them on different machines, but the results are still inconsistent.
887;negative;Ugh, just spent an hour debugging this PR and I still can't figure out why our API client is timing out on the first request
146;positive;Love the fix for the Docker build issue! This should make deployment to our CI/CD pipeline much more robust now, thanks!
235;positive;Love the fix for the async pagination issue! This should finally stabilize our API response times. Thanks for the quick turnaround!
221;positive;Just tested the fix on my local setup and it's working flawlessly! Can we get this merged ASAP to make users' lives easier?
585;neutral;Just hit this while testing: trying to deploy to prod but getting `Error 429: rate limit exceeded` - anyone else seeing this?
804;negative;Just hit this again on my local build. Why does `npm install` still think it needs to rebuild the entire thing every time?
133;positive;Just tried the fix on my local machine and it looks like we're good to go! CI/CD passing now too, nice work team!
743;negative;This is frustrating. Just fixed a similar issue last week, and it's back. Can we please review the code that introduced this change?
328;neutral;Noticed the deployment to staging is failing due to a missing `lib` folder. Checked the build log, but can't pinpoint the cause.
186;positive;Just deployed the latest build to QA and it's looking good so far! The integration with Node 14 seems solid, thanks for the updates!
42;positive;Thanks for the fix! I was able to run the failing test on my local machine and it passes now. Great teamwork!
552;neutral;I'm experiencing a weird case where the `fetch` method returns an empty array on our prod instance. Anyone else seeing this?
109;positive;Just tried your fix for the `fetch` bug and it's working like a charm now! Thanks for digging into this, @username - great teamwork!
426;neutral;I'm seeing intermittent failures on our Node.js build with the latest changes, but I'm not sure if it's related to the package updates. Worth investigating?
57;positive;Nice catch on the NPE! The fix looks solid. Should we add some logging to help diagnose any future issues?
603;negative;I'm getting a `NullPointerException` on the login page when using Safari. Can we revisit our caching strategy, this is definitely not a user's problem
351;neutral;Not sure if it's related, but I noticed the `json` library version is outdated. Wondering if updating it could potentially resolve the issue?
502;neutral;Hi @owner, just had a thought about the recent build failure - could it be related to the new node version we upgraded to?
25;positive;Just ran the updated test suite on a fresh build and it looks like we've finally squashed that pesky threading issue! Thanks for the fix!
666;negative;Can't believe this is still causing problems. The fact that `dependency A` breaks our build on `node 14` but works fine on `node 12` is just unacceptable. Need a fix ASAP!
434;neutral;Curious about the error on line 234 of `utils.js`. When run locally, it passes but our CI pipeline fails with a cryptic message. Any insight appreciated!
440;neutral;I'm seeing this error with the latest `dependencies` update - could we verify if it's related to the new `npm` version?
52;positive;Just ran your latest build on my local dev machine and it's stable! Your fix for the concurrent update issue is solid work!
412;neutral;I'm experiencing intermittent failures on the `build-qa` pipeline. Has anyone else noticed issues with our dependency on `react@18.2.0`?
824;negative;Ugh, this latest build error is still stumping me. Anyone else notice the recent upgrade to `node-sass` causing issues with our sass-lint config? Help!
721;negative;Ugh, just spent the last hour debugging why our latest release is tanking on AWS Lambda... turns out it's a namespace collision in the Dockerfile.
265;positive;Just ran the latest build and I'm blown away by how seamlessly it's resolving those pesky dependency issues we've been wrestling with!
693;negative;This regression is killing me. The test suite passes locally but fails on CI. I've tried running with clean caches, still no dice.
618;negative;Ugh, just spent the last hour trying to troubleshoot this CI/CD failure... it's clearly a dependency issue, but which one? Anyone else having this problem?
704;negative;Just spent an hour debugging this and I'm still stumped. Can we revert to the previous commit? This 'fix' is causing more issues than it's solving.
356;neutral;I'm seeing a weird edge case where our API returns an incorrect status code when dealing with duplicate payment attempts.
19;positive;Love the fix for this regex edge case! Makes our parser way more robust. Have you considered documenting it too?
845;negative;Ugh, just spent 2 hours debugging this. The error only occurs when running tests on Linux, but it's a Windows-only dependency... makes no sense to me.
343;neutral;I'm seeing this error on my local machine with a clean build, but it's passing on the CI server. Any idea why the environments might be behaving differently?
84;positive;Just tested the latest build and it looks like we've finally squashed that pesky '404 Not Found' error on our API calls, thanks to @johnDoe's patch!
62;positive;Wow, thanks for squashing that nasty edge case! The changes look solid, should help prevent those weird `null` errors now.
273;positive;I love the refactoring approach here, @johnDoe! This will definitely improve performance and simplify our database queries. Thanks for contributing!
286;positive;This latest fix for the CI/CD pipeline is a game-changer! Flaky test cases are down by half. Great job, team!
363;neutral;Fyi, this might not be the root cause, but I noticed we're using an older version of `reqwest` that has a known issue with async/await syntax. Might wanna double-check
890;negative;Just ran into another one of those infuriating `NullPointerException` errors on the CI/CD pipeline. Can we PLEASE get this sorted out?!
13;positive;Just ran the latest build on a fresh VM and it's passing with flying colors! Your fix must have been a game-changer, thanks for the hard work!
183;positive;Love the fix for the concurrent connection bug! You nailed it with the atomic lock upgrade. Builds are passing smoothly now
389;neutral;Noticed that the recent changes to `main.js` seem to cause a discrepancy in test results. Any idea why this might be happening?
722;negative;Can't believe this 'fix' broke our CI pipeline...now our nightly builds are failing on `npm install`. Anyone else seeing this?
224;positive;This fix has made a huge impact on our app's performance! Just ran the load tests again and saw a significant speedup. Great job, team!
559;neutral;Not sure if this is a known regression, but I'm seeing intermittent failures on CI with the latest changes. Anyone else experiencing this?
634;negative;This just broke the whole pipeline for me. Can't believe I have to revert this change again... This is getting ridiculous.
645;negative;This test failure is still eluding me. Can someone please explain why `mock_dependencies()` is not resolving the issue?
531;neutral;I'm having trouble reproducing this error. Can you confirm if it's a local or remote issue? Also, what version of Node.js are you using?
528;neutral;Just wanted to note that the CI build is failing on macOS due to a missing Java runtime. Wonder if we should add it as a dependency?
637;negative;Ugh, why is the build still failing on CircleCI? This is the third time this week. Something's going haywire with our Docker images...
177;positive;This fix for the async API call is a huge win! The test suite is finally stable, thanks to your careful debugging work!
605;negative;Just spent the last hour trying to debug this and I'm still no closer to figuring out why `packageA` is causing our build to fail. Stumped.
447;neutral;Curious about the `TypeError` in this PR. Has anyone tried running the tests with Python 3.9 to see if it's a version-specific issue?
421;neutral;Just ran into the same issue with our Node.js build on CircleCI. Anyone else seeing this flaky error when trying to install dependencies?
164;positive;Just spent an hour on this, but the refactor really paid off. Test suite is now way more robust and I love the simplicity of the new code!
249;positive;Awesome catch on the null pointer exception! Your refactoring already improved performance by 20% on our local dev env. Can't wait to see it go live!
741;negative;Just spent an hour debugging this and I'm still stuck. This PR is a regression bomb waiting to happen, can we please revisit the code changes?
794;negative;Can't believe it's happening again... our latest build is failing due to a dependency issue with the new logging framework. Anyone else run into this?
75;positive;Just merged the fix for #1234! Your patience and persistence paid off. Thanks for digging into this flaky test case!
114;positive;Just tested the fix for #123 and it's looking solid! The CI pipeline is passing with flying colors. Great work, team!
515;neutral;Thinking about the recent build failures... could it be related to the updated Docker image version? Worth digging into further.
496;neutral;Hey @author, curious about the merge conflict on `main` - could it be due to recent changes in the `utils` package? Want to investigate together?
105;positive;Love the refactor! This really improves code readability. I was worried about performance impact but a quick benchmark shows negligible change.
115;positive;Just ran your test suite with the latest Node version and it's passing all checks! Great job catching that regression, thanks for the fix!
451;neutral;Hmmm, not sure if it's related to the recent `dependency update`, but I noticed the failing test on CI is different than local run. Worth investigating?
93;positive;Just merged your fix for the pagination bug! The unit tests are passing now, nice work on squashing that tricky edge case!
798;negative;Ugh, just spent an hour debugging why our latest CI run failed. It's because someone updated the dependency to a version that broke our build... again.
90;positive;Just spent the morning debugging this and I'm blown away by how elegant your fix is! Really simplifies our logging pipeline.
337;neutral;I'm seeing this error only on Linux. Have we ruled out a distro-specific library conflict?
889;negative;Frustrating that this test still fails intermittently. Has anyone dug into why `axios` is timing out on CI but not locally?!
825;negative;This is getting ridiculous, folks. Another CI/CD failure due to a missing dependency. When will we get this build pipeline sorted out?!
836;negative;This is exactly why I don't like auto-generated PR titles. How about a clear 'fix broken build' instead of vague 'Refactor'
548;neutral;I've been observing the intermittent `NullPointerException` on our API endpoint. Has anyone else noticed this behavior on their end?
553;neutral;Just noticed that the error only occurs when running on a Linux container. Have you tried reproducing it on Mac or Windows?
95;positive;Just tried the updated build script and it's fixed the `NullPointerException`! Your changes saved us from a whole morning of debugging, thanks!
12;positive;Love the fix for that pesky null pointer exception! Your debugging skills are on point. Thanks for getting this PR back on track!
899;negative;This PR breaks our integration with AWS Lambda. Can we please reconsider the code changes? We can't afford to redeploy the entire app.
44;positive;Just reviewed the latest PR and I'm loving the approach to refactoring the API! The code is so much cleaner now, great job!
43;positive;This fix looks great! The updated logging is super helpful for identifying the root cause of the crash. Thanks for your persistence!
330;neutral;Hm, just ran into this again. Can we add some logging around the `fetch_data` function to see what's going on when it fails?
168;positive;Just ran the latest build on my machine and it's passing! Looks like the deployment tweak did the trick, thanks for the update!
786;negative;Just spent an hour debugging this and I still can't shake off the feeling we're missing a critical dependency... is our transitive dependency handling busted?!
542;neutral;Just hit this bug again. Anyone else noticing it's only happening on the Linux build? Maybe a dependency issue?
723;negative;Ugh, this merge caused the integration test to fail again. I know it's a complex setup, but can we at least get the CI logs for some sanity?
849;negative;Just spent 2 hours debugging this and still no dice. This PR is regressing the whole API, can we please go back to a working version?
179;positive;Just ran the debugged build on my machine and it looks like we're good to go! Thanks for squashing that nasty dependency bug, @author!
588;neutral;Just hit this error on the latest build: `undefined is not an object` when calling `getEnv()` in `/src/utils/env.js`. Anyone seen this before?
791;negative;Just hit this error again, wondering if we're chasing a red herring with that recent refactor. CI still failing on my machine.
598;neutral;I'm seeing some inconsistent results with the pagination logic. Can someone review this test case: https://github.com/ourproject/project/issues/123#issuecomment-4567890
178;positive;Love the fix for the pagination edge case! This should greatly improve user experience for large datasets. Thanks for tackling this!
696;negative;Just hit the wall with this build. Can't shake off the feeling that our CI pipeline is being throttled by an upstream dependency issue. Need some eyes on this ASAP!
716;negative;This test failure is killing me! I've been staring at the same stacktrace for hours, can't figure out why `json.encode()` is failing silently
718;negative;Just tried to build with the latest node version and I'm getting a cryptic `Cannot find module 'fs'` error. Is this related to the recent package upgrades?
384;neutral;Just noticed the error handling for `null` input is inconsistent with the unit tests. Can we revisit the logic to ensure a consistent experience?
258;positive;Just tested the fix for #12 and it looks like we're good to go! CI/CD passing with flying colors now!
443;neutral;Hey @johnDoe, can you try updating `aws-sdk` to the latest version? This might help resolve the intermittent `SignatureDoesNotMatch` errors we're seeing in our API.
336;neutral;Noticed the `buildError` in CI/CD logs is triggered by a non-existent dependency. Could this be related to the recent refactor?
717;negative;I'm getting `NullPointerException` on build, but only when running with Java 11. Works fine on 8 and 14. Anyone else see this?
16;positive;Love the fix for that edge case! Makes our API way more robust. Great job spotting that subtlety, appreciate the update!
4;positive;Just ran your fix on the CI pipeline and it's passing all checks! The code looks much cleaner now, nice job on addressing that flaky test!
663;negative;Just tried to run the build on my local machine and it fails with a `undefined is not an object` error. Anyone else seeing this?
257;positive;Just tested the fix locally and it works beautifully! Thanks for digging into this one @johnDoe, you're a lifesaver!
457;neutral;I'm seeing intermittent failures on the `test_api_endpoints` suite - anyone else experiencing this? Could be related to a recent Docker update?
479;neutral;Not sure if this is related to the recent change in `dependency-a`, but our CI pipeline is now failing on a Linux build with 'undefined symbol' errors.
774;negative;Ugh, I'm getting a `NullPointerException` on every test run. Can we please revisit the recent refactor? Something's clearly gone awry.
394;neutral;Interesting behavior observed on the latest build. Occasionally, the API call fails with a 504 error, but it's not consistent.
223;positive;Just ran the updated CI pipeline and it's passing with flying colors! Your fix for that flaky test is solid!
530;neutral;Curious about the CI failure on macOS. Ran a dry build locally and it passes, but can't reproduce the issue. Any ideas?
458;neutral;Noticed the `npm` install error again after switching to node v16. Wondering if it's a transient issue or something we should investigate further.
425;neutral;I'm seeing intermittent failures on this test, but it only happens when run on the older version of Java. Anybody else seeing this behavior?
325;neutral;I've observed the intermittent `NullPointerException` on our API endpoint. It only occurs when there's a concurrent write to the database.
535;neutral;I'm seeing intermittent failures on the `build` stage with Maven - sometimes it succeeds, other times it errors out. Anybody else experience this?
10;positive;This fix looks great! The extra logging is super helpful for troubleshooting. CI is now green, thanks to your patience!
250;positive;Just ran the updated test suite locally and it looks like all green! Thanks for squashing that pesky error, @johnDoe!
23;positive;Love the fix for this regression! You've saved us from a world of debugging hurt. CI now passes with flying colors
357;neutral;Hey @maintainer, I'm seeing some intermittent failures in our CI pipeline on CircleCI. Anyone else experiencing this?
222;positive;Just tested the fix for #123 and it's working beautifully! Thanks to @johnDoe for the concise patch, saved me a lot of time reviewing
606;negative;I'm getting an `AttributeError` on this line when running the CI. Can we try switching back to the previous version of pandas, just to rule out a breaking change?
773;negative;Ugh, I just spent an hour chasing a null pointer exception that only happens on Mondays... is this a new kind of Monday magic bug?
884;negative;Still stuck on this flaky test. Ran it 10 times, same result: failure on `user.get()` but succeeds when hardcoded. Frustratingly inconsistent.
533;neutral;I've been observing this flaky test failing intermittently on CI. Any thoughts on how to improve its reliability without sacrificing too much speed?
341;neutral;Not sure if this is related, but just noticed that the `latest` tag on our private Docker registry hasn't been updated since last week.
750;negative;This latest change broke our nightly build on Jenkins. Can't believe we're back to troubleshooting the CI/CD pipeline again.
524;neutral;I've been reviewing the test suite and I'm wondering if this specific edge case is intentionally skipped due to performance considerations.
204;positive;Just ran the updated build script on my machine and it's passing all tests! The new dependency chain is solid, nice work!
238;positive;Just ran your latest build on a non-mac OS and it's looking solid! Thanks for the detailed error logs, super helpful!
94;positive;Love the refactoring on this PR! Your changes are making our codebase way more maintainable. The improved logging is a huge plus too!
539;neutral;Curious about the test flakiness on Windows. Have we seen this before? Any ideas if it's env-specific or just a one-off?
446;neutral;Hey team, just re-reading the code changes in #123. I'm not sure what's causing this crash report on Windows, but it doesn't happen locally
683;negative;Frustrating that this test still fails after all the PR changes. Can we revisit the mocked network call implementation, maybe it's causing the issue?
285;positive;Love the fix for the pagination bug! This should greatly improve user experience. Can we consider adding some error handling as well?
185;positive;Great catch on the edge case @username! I was scratching my head over that one. Your fix makes our API way more robust, thanks!
800;negative;Can we please revisit the last changes to `dependencies.ts`? This PR is causing a cascading nightmare with our build system. It's like dominoes falling
435;neutral;I'm experiencing intermittent issues with the deployment to staging environment. Can anyone confirm if it's a server-side problem or something on our end?
736;negative;Ugh, just hit another flaky test. This one's got me stumped. Anyone else experiencing issues with our Node module dependency on `@latest`?
154;positive;Love the refactor! Test coverage is finally where we want it to be. Well done on tracking down that tricky `NullPointerException`!
76;positive;Just ran the updated test suite and it looks like we've squashed that pesky `NullPointerException`! Well done on the fix, team!
880;negative;Can't believe this `TypeError` keeps slipping past our unit tests. Need to revisit our mocking strategy for this API call, ASAP.
555;neutral;I think this might be a side effect of the recent API changes. Can we try reverting those changes and see if it resolves the issue?
278;positive;Just ran the updated test suite on my local machine and I'm thrilled to report that the flaky tests have finally stabilized! Well done, team!
69;positive;Just verified the fix for the build failure. Your changes look good, thanks for catching that pesky jar conflict!
569;neutral;Hmm, I'm still seeing the same error when trying to deploy to staging. Can we try downgrading node.js to see if it's a version issue?
189;positive;Just tried your fix for the flaky test and it worked like a charm! Thanks for the patience & persistence, @author!
272;positive;Just had a chance to test the fix and I'm thrilled to report it works beautifully! Well done, team!
668;negative;Can we please revisit the API endpoint mapping? I'm seeing a weird edge case where `GET /users` returns a 404 for an existing user... this is not what I'd expect.
560;neutral;Just spent an hour trying to reproduce this test failure on a fresh clone. Can someone else confirm whether it's a CI/CD issue or a code regression?
237;positive;Just tested the fix for #123 and it looks like we're good to go! CI is passing with flying colors!
89;positive;Just ran the updated test suite and it's passing beautifully! Thanks for squashing that nasty JSON parsing bug, @username!
793;negative;I just spent an hour debugging this and I'm still stumped. Can we please move the `dependencies` install to the top of the `package.json`?
118;positive;Just ran the failing test locally and it passes. Wondering if this is a CI/CD env issue or something else entirely, so any thoughts are appreciated!
126;positive;Just ran the test suite with the updated dependencies and it looks like the intermittent failures have resolved! Thanks for pushing through that tough patch!
738;negative;Can't believe this broke again. Ran into same `NullPointerException` on Windows. Have we tried rebuilding the project from scratch?
290;positive;Just ran the updated test suite on a Mac and it looks like we're finally seeing some stability around that pesky memory leak! Keep up the great work!
239;positive;Great job on squashing that nasty memory leak! Performance is looking smoother now. Your optimizations are really paying off!
1;positive;Just spent the evening debugging this, but your refactoring changes have already paid off with a noticeable performance boost. Great work!
891;negative;Can't believe it's still broken! Just tried to deploy and get `502 Bad Gateway` errors. Anyone else seeing this?
602;negative;Ugh, this breaking change is going to break our entire deployment pipeline. Did we even test the CI/CD on the new version?
856;negative;I'm hitting this error again, and I've lost count of how many times we've punted on this. Can someone please dig into the CI config?
396;neutral;Hitting this error with the latest changes: `Cannot read property 'length' of undefined` in `utils/data.js`. Anyone else seeing this?
536;neutral;Noticed the test suite passes on my local machine but fails on CircleCI with a 'connection reset' error. Any ideas what could be causing this discrepancy?
127;positive;Just ran the failing test again and I'm convinced it's a version conflict with `axios`. Let's try downgrading to 0.19.2
279;positive;Just tested the latest changes on my local env and I'm thrilled to report that the deployment bug is indeed fixed! Your fix was spot-on!
697;negative;Ugh, why does this API change still break our build? I swear I've run the tests to death on my local machine...
117;positive;Wow, that fix in #42 was pure magic. Our CI pipeline is now stable across all envs!
229;positive;Just verified the fix for #123 and it's passing all test suites! Your patience and persistence paid off, thanks again!
814;negative;Ugh, this is killing me... just ran the test suite again and it's still failing on `CI` with `TypeError: can't multiply sequence by non-int`
661;negative;This build failure is driving me crazy... We're still seeing intermittent crashes on Linux due to the OpenSSL upgrade. Any ideas on what's causing this?
58;positive;Wow, that fix for the Jenkins build script really paid off! Now we're getting stable builds across all environments. Thanks @johnDoe for your persistence!
785;negative;Just ran into the same 'connection timeout' error again. This is the third time this week. How are we even sure our tests are covering this?
275;positive;Just spent an hour debugging the API call and I'm thrilled to report it's resolved! Thanks for your patience @username, you're a lifesaver!
319;neutral;Just hit this on my local dev machine. Can we explore why the `fetchData` function is returning an empty array on the initial render?
631;negative;This is exactly what we don't want. The library update broke the build again. Can we revert to a stable version?
145;positive;Just deployed the fix for the UI lag issue. Loving how the new routing scheme has improved performance! Now it's silky smooth 😊
714;negative;I'm running into an intermittent build failure on the Jenkins server. Anyone else seeing this? Has our dependency on `libssl` caused some new headaches?
596;neutral;Hey team, just noticed that the `build.gradle` is referencing an older version of the `kotlin-gradle-plugin`. Should we update it to match the project's other dependencies?
817;negative;Ugh, I just spent an hour debugging this and it still doesn't work. Can we revisit the API changes for `v2`? Maybe they broke something.
782;negative;Ugh, just spent an hour debugging this. Still can't reproduce the CI error. Anyone else seeing `npm install` fail on Ubuntu 20.04?
370;neutral;Noticed the build failure again when running `make test`. Is it possible that the new eslint config is causing an issue?
269;positive;Just tested the fix for #123 on a fresh branch and it's working beautifully! Thanks @johnDoe for your patience and persistence!
629;negative;I've been hitting my head against this 'latest version' requirement for days. Can we just pin our dependencies like normal people?
308;neutral;I think the recent build failures are related to this change, worth exploring if updating Node.js version helps resolve the issue
424;neutral;Interesting that this test failure only occurs on AWS, wonder if it's related to the recent changes in our cloud config?
311;neutral;I'm seeing intermittent failures on the `fetch-data` endpoint when using Chrome DevTools. Anyone else experiencing this with a different browser?
355;neutral;Hmm, just hit this same error again. Not sure if it's related to the recent cache updates, but worth investigating further I think.
47;positive;Just ran the latest build on a different machine and it passes! Still not sure what caused the initial failure, but we're getting closer!
350;neutral;Curious about the intermittent failure on our CI pipeline. Can we add some logging to help diagnose the issue?
372;neutral;Just dug into the test failure on Windows. It's passing on Linux and macOS, but I'm still not sure what's causing the discrepancy
480;neutral;Just tried reproducing this on a different machine, still getting the same weird error... Any thoughts on whether it's a local config issue or something more?
581;neutral;Hmm, still getting intermittent failures on test suite. Anyone else noticing this? Is it related to the recent package update?
262;positive;Love the fix for the intermittent test failure! I was worried it'd require a major refactor, but your solution is elegant and minimalistic.
196;positive;Love the refactoring here! Reduced function call nesting by a good 3 levels. Makes it so much easier to follow what's happening now
900;negative;Just spent an hour debugging why our API was throwing a `500` for no reason... turns out it was just my colleague's change from yesterday
751;negative;Just spent the last hour debugging this and I'm still no closer to understanding why our CI build is failing on only one of my machines. Anybody else seeing this?
108;positive;Just ran the updated build on my laptop and it passed all tests! Your fix looks solid, happy to see this one get resolved!
876;negative;Ugh, just spent an hour debugging this flaky test. Still getting intermittent failures on CircleCI even after re-running `gradle clean build`. Anyone else seeing this?
60;positive;Just ran the updated test suite and I'm thrilled to report that the intermittent failures are gone! Your fix is a game-changer for our build process.
692;negative;Just hit a regression with the latest dep update. Now our API is crashing on every other request...great, just what I needed this morning.
264;positive;Just spent the morning debugging this issue. Loving the refactoring you did on the API calls, makes it so much easier to track down errors!
573;neutral;Hmm, looks like the Travis build is failing on macOS again. Anyone know if it's a compiler issue or something more subtle?
101;positive;Love the refactor! Test suite is now running smoothly. Those pesky edge cases are finally behaving as expected #greatPR
444;neutral;Curious about the test flakiness on this build. Have you tried increasing the timeout or re-running the suite in a different environment?
491;neutral;Hmm, just ran into the same `NullPointerException` on a cold start as before. Wondering if it's a Spring caching issue or something else...
612;negative;This is gonna break our downstream pipelines. We can't just drop `@maven` to version 3.x without testing the whole build process, come on!
807;negative;This breakage is exactly why I'm against introducing this new library. Every update breaks something else.
799;negative;I'm getting a weird error with the latest build. Can't reproduce locally but CI is failing consistently. Any ideas what's going on?
170;positive;Love the fix for the flaky test case! Your troubleshooting skills are on point. Can we automate this check for future PRs?
180;positive;Wow, just pushed your fix for the memory leak and it's running smoothly now! Great debugging skills, thanks for tracking that down!
305;neutral;Hmm, I'm seeing inconsistent results with the new caching layer. Can we revisit the test suite to ensure it's properly exercising this change?
342;neutral;I'm seeing intermittent failures on the CircleCI build when running `yarn install` with Node v14. Has anyone else experienced this?
868;negative;Ugh, just spent an hour debugging why this PR was breaking CI only to realize it's because we upgraded the Docker version... again. This is getting ridiculous.
150;positive;Great catch on the API endpoint discrepancy! This is exactly why we need more thorough testing in our CI/CD pipeline.
125;positive;Love the way you've refactored the caching mechanism! Reduced latency by 20% on my local machine. Let's get this into prod ASAP!
709;negative;Just tried to run the integration test and it still fails. This is getting ridiculous, we've patched this a million times already...
51;positive;This refactor is a huge win for maintainability! The cleaner code has already helped me track down the intermittent deployment issue I was stuck on.
354;neutral;Curious about the flaky test on CI. Ran locally with identical env settings and it passes consistently. Any other ideas?
831;negative;This is a total regression. Our custom logging module is causing the error now. Didn't even know we upgraded it last week!
143;positive;Just had a chance to test the fix for #123 and it's working beautifully! The app is now loading 3x faster, nice work team!
471;neutral;Just wanted to confirm that the regression only occurs when using the `--debug` flag, can't reproduce without it
400;neutral;Hey @author, I'm seeing a weird intermittent failure on CircleCI with the latest changes. Has anyone else noticed this?
852;negative;I'm stuck on this failing test again. Anyone else notice the flaky network call? It's driving me nuts, but can't pinpoint the issue.
321;neutral;Just wanted to confirm: is this intermittent test failure related to the recent upgrade of our CI environment or something else entirely?
20;positive;Awesome catch on the typo in the README! Fixes like these always make me happy. Thanks for keeping our docs ship-shape!
812;negative;Ugh, this CI/CD failure is killing me. Just pushed a simple fix for the API endpoint but it's still stuck on 'testing'...
713;negative;this is getting out of hand... just tried to merge the fix for the `TypeError` and now the CI pipeline is stuck on a syntax error in an unrelated file
729;negative;Frustratingly, this update still crashes on Ubuntu due to a seemingly unrelated dependency conflict. Can we try reverting the latest lib changes?
408;neutral;Curious about the `NullPointerException` on this test run. Does anyone know if we're dealing with a transient issue or something more systemic?
822;negative;I'm getting a `NullPointerException` on every run with this PR. Can we take another pass at the API call to see if we're just deserializing a null object somehow?
39;positive;Just fixed the flaky test that was causing all sorts of headaches. Thanks for helping me narrow down the culprit, @username! CI should run smoothly now.
176;positive;Just ran the failing test on a different machine and it's passing now... think we may have had a hardware fluke!
246;positive;"Just ran your fix on my local build and it's silky smooth! Thanks for the rapid turnaround on this; you're a lifesaver!"
747;negative;Can we PLEASE figure out why our test suite is failing on CircleCI? This is the 5th time it's done this in a week. Frustrating!
607;negative;Ugh, I just spent an hour debugging this and it's still not working. The test failures are driving me crazy!
680;negative;Just tried to run the build script on a clean machine, same error. Not sure what's going on with these dependency conflicts... this is frustrating!
771;negative;Ugh, just spent an hour debugging this and I'm still not sure why the CI build is failing due to a missing `node_modules` directory. Anyone else have this issue?
155;positive;Just ran the updated CI pipeline and it looks like all test cases are passing! Thanks for the quick fix @johnDoe
288;positive;Just merged your fix for the async call timing out and it's already yielding better performance! Well done!
545;neutral;Hey @author, just wanted to clarify: are we prioritizing the fix for this error, or is it a 'nice-to-have' feature? Can we discuss in the next sprint planning?
18;positive;Great catch on the typo @username! Fixes it nicely. Also, we should probably add some error handling for this edge case
128;positive;Just merged your PR and ran the smoke test... still not seeing that edge case issue. Your refactoring must've fixed it!
323;neutral;Hey team, I noticed the latest build is still failing due to the `socket.io` upgrade. Can we take a closer look at the updated package.json?
256;positive;Just tested the latest fix and I'm blown away by how smoothly it resolves the caching issue! Your debug work is truly on point!
597;neutral;@mentions I'm seeing intermittent failures on our e2e tests with the latest changes. Has anyone else noticed this behavior?
866;negative;Frustrating to see this breaking our CI pipeline again. Any chance we can revisit the test coverage config for Node 14?
191;positive;Just ran the updated build script locally and it's passing with flying colors! Great catch on that dependency issue @johnDoe!
116;positive;Just ran the affected test on my machine and it's passing consistently. Good news! Your fix seems to have smoothed out the wrinkles. Thanks!
558;neutral;Just noticed the API change breaks our integration with the third-party library. Has anyone else seen this? Still trying to wrap my head around it.
181;positive;Just ran the updated test suite on my local machine and it looks like we're good to go! The `fetch-data` function is behaving itself again.
302;neutral;I've been observing the recent CI failures on Linux, wondering if it's related to the updated GCC version introduced last week. Any thoughts?
685;negative;This new change is breaking our UI again. Can we revert it to the previous commit and investigate why it's causing issues with flexbox layouts?
644;negative;"Just spent the last hour debugging this and I'm still stuck. We can't just cherry-pick a fix for this; it's a symptom of a deeper issue."
733;negative;Ugh, just hit a roadblock with the latest build. Can't believe we're still seeing this `NullPointerException` on macOS High Sierra. Anyone else experiencing this?
621;negative;This just broke our build pipeline again. Can't believe this PR got merged without a thorough review... still trying to figure out why the transitive dependency is causing issues
839;negative;I'm still getting a `NullPointerException` on our latest build. This is the third time this week, something's gotta give.
518;neutral;Not sure if it's related, but I just noticed a similar error in the nightly build logs from last week. Something to dig into?
885;negative;This latest PR breaks the build on our oldest supported version of Java...great. Now I'll have to dig through the history to figure out what changed
46;positive;Just verified the fix for #1234 on both Mac & Linux, and it's now passing all tests! You guys nailed it!
815;negative;This is still breaking our CI with the latest Node.js update. Really frustrating that we have to manually bump versions every month.
158;positive;Just ran the latest build on my local env and it's passing with flying colors! Your PR fix seems to have quashed the infamous '404 error' for good!
671;negative;Just spent an hour debugging and this still crashes on my machine. Anyone else seeing this? Can we reproduce the issue?
172;positive;Just tested the fix locally and it's working like a charm! The CI/CD pipeline is passing with flying colors. Great job on nailing this one!
17;positive;Just ran the failing test on my local machine and it passes. Think we might've hit a CI/CD quirk, but let's investigate further!
512;neutral;Hey @author, just wanted to confirm: is this PR's changed logic for handling edge cases consistent with our current API documentation? Can we review together?
49;positive;Just ran the updated test suite locally and it's passing with flying colors! Great work on squashing that pesky bug, thanks for your diligence!
883;negative;Ugh, I just spent an hour debugging this and I still can't figure out why it's failing on CI. Anybody else hit this?
756;negative;This latest change has caused our CI to bomb out with a ' cannot find symbol' error. Any chance we can roll back to the previous commit?
516;neutral;I'm seeing inconsistent results with the new caching layer. Could we temporarily revert the changes to see if the issue persists?
622;negative;Frustrating to see this issue still lingering. Just ran a manual test and the exact same edge case is causing a segmentation fault again.
481;neutral;I'm seeing the same intermittent test failure on both Windows and Linux. Anyone else experience this, or is it just my env?
284;positive;Just tried the latest fix and our build is finally stable! Thanks to @john for spotting that pesky dependency issue!
594;neutral;Hmm, just re-ran the build on my local machine and it's still failing. Any chance the issue is with our Jenkins setup?
226;positive;Just ran the updated tests on Linux and they pass! Your fix for the `libcurl` dependency really did the trick!
27;positive;Just ran the fix through our CI pipeline and it's now green! You've nailed the edge case, @username. Well done!
705;negative;Ugh, just spent an hour trying to debug this and I still can't figure out why `npm install` is failing with a 'Permission denied' error on our Docker container. Any ideas?
438;neutral;Just ran into the same error on a different machine. Can we try comparing build environments to see if there's a config diff?
853;negative;Ugh, just spent an hour debugging and it turns out we're still hitting the infamous `NullPointerException` from that one wonky dependency update
365;neutral;Hi @maintainer, I'm seeing a weird test failure on the CI pipeline for the latest commit. Anyone else noticing this?
230;positive;Just ran the updated CI build on the latest commit - it looks like we've successfully squashed that pesky error 400 bug! Great work team!
38;positive;Just tried your fix for the test flakiness and it's been rock solid so far! Nice work!
867;negative;This is still failing on my local build after the last merge. Can we try a clean build from scratch?
375;neutral;Not sure if it's related, but I noticed our test suite is passing on my local machine with Java 11, whereas the CI fails with ' incompatible types' error. Any thoughts?
470;neutral;Can you elaborate on the `NullPointerException` when calling `processData()`? The stacktrace suggests a null value is being passed, but our tests don't cover this scenario
869;negative;This PR breaks our CI pipeline on Node.js 14. Can someone please verify this on their local env before we merge?
765;negative;I'm stuck on this CI build failure. Can we re-evaluate our transitive dependencies? I suspect an upstream issue is causing the problem...
657;negative;This is the third time this week our CI pipeline has failed due to a missing `npm` module. Something's gotta give before our next deployment!
195;positive;Just ran the updated code through our test suite and I'm thrilled to report all tests are passing! Thanks for tackling that pesky import issue!
767;negative;Just hit this error on the latest build: `TypeError: Cannot read property 'split' of undefined`. Anyone else seeing this?
826;negative;Ugh, just hit a roadblock with the latest build - it looks like the new dependency is breaking our unit tests. Anyone else experience this?
504;neutral;Noticed the build fails on Ubuntu due to missing libssl-dev. Anyone else run into this? Not sure if it's our code or a system config issue.
871;negative;Can we seriously reconsider the regex for username validation? This one has me pulling my hair out, error messages are cryptic at best.
865;negative;Ugh, just spent 2 hours debugging this and it's still crashing on my machine. Something's going on with the dependency chain... help!
580;neutral;Interesting, I've seen this error before when running the test suite on Jenkins. Worth investigating further to see if it's a server config issue or not.
870;negative;Ugh, can't believe we're still hitting this `NullPointerException` after merging the 'fix-collections' PR. It's like it's mocking us from the depths of our dependency graph
163;positive;Just reviewed the latest PR, and I'm loving the refactored code! The changes make it so much easier to follow. Thanks for your hard work!
636;negative;This test still fails on macOS, can't believe we're debugging this regression for the third time today... Any ideas on what's going wrong?
153;positive;Love the fix for the UI regression! Your debug skills are on point. This should bring stability to our user experience.
617;negative;Ugh, this CI/CD failure is killing me! Why are we still getting 'unresolvable dependency' errors after I explicitly added the transitive import?
635;negative;Frustrating that our recent refactor broke the build on Node 12 again. Any idea why this isn't getting picked up by our CI?
681;negative;Uh-oh, can't believe I just spent an hour debugging only to find out it's a downstream library issue. Anybody else seen this?
112;positive;Just ran the updated test suite and it looks like we've finally squashed that pesky edge case! Thanks for the fix, @contributor!
227;positive;Just fixed the deployment script to skip SSL verification on startup. Your initial idea to add a timeout really paid off!
623;negative;This is not how we should be handling the database migration. We're overwriting prod data, I'm freaking out.
104;positive;Just ran the latest build and it looks like your changes have fixed the infamous '404 on login' issue! Well done!
422;neutral;Curious about the `TypeError` on Python 3.8. Did we recently update our dependency tree to include a 3.x compatible version of `requests`?
420;neutral;I've noticed the test suite is passing on my local machine but still failing on Travis. Any idea what could cause this discrepancy?
587;neutral;Just hit this error on my local machine too, didn't notice it on CI. Anyone else experiencing this with the latest update?
120;positive;Love the fix for the flaky `test_user_login`! Makes me feel so much better about our API's stability. Good catch on that tricky edge case!
54;positive;Thanks for the fix! Just merged your pull request and our automated tests are passing like a charm now
152;positive;Just ran the updated test suite and it looks like all green! Your changes really tightened up our CI/CD pipeline, thanks!
404;neutral;Just wanted to confirm: is this test flaky on your end too? Or just mine?
848;negative;Frustratingly, the latest build still fails on macOS due to that pesky compiler warning I mentioned last week. Anybody else seen this?
208;positive;Just ran the updated tests locally and it looks like we've successfully squashed the flaky behavior that was causing the intermittent failures. Great work, team!
759;negative;Ugh, just spent an hour debugging this and I still can't figure out why the deployment to AWS is failing. Anyone have a magic fix?
854;negative;This breaks our production API, can't believe we're shipping this. Flaky tests aren't an excuse for flaky code. Need a fix ASAP.
9;positive;Just ran the updated test suite on Linux and it looks like all green! Great job @john, your fix really did the trick!
760;negative;Ugh, just ran the latest build on master and it still crashes on macOS. This flaky test is killing me
37;positive;Love the fix for this edge case! Your intuition about caching was spot on
453;neutral;Hmm, what's causing this intermittent failure? Just to rule out something obvious, are we still using the same Jenkins instance for both dev and prod builds?
254;positive;Love the new test coverage metric! This is a game-changer for our team's QA process. Great job on implementing this, thanks!
304;neutral;Just ran into an instance where `npm install` fails with a 'connection timeout' error. Has anyone else seen this? Anyone know what's causing it?
673;negative;Ugh, just spent an hour debugging and I'm still stuck on why this CI build is failing. Anyone else experience issues with `npm install` on CircleCI?
572;neutral;Hey team, just wanted to note that the `fetch` call in the API request is being throttled by the browser. Investigating why this might be happening...
624;negative;This is getting frustrating, can we revisit the assumption that the `async/await` fix would resolve the deadlock issue? It's not working as expected
690;negative;Just spent the last hour trying to debug this... it's like the `session` object is getting lost in thin air. Anyone else have a magic solution?
651;negative;Frustrating that our latest build is still crashing on Linux due to that pesky OpenSSL version mismatch I thought we'd nailed the fix last week...
263;positive;Just ran your fix through a few edge cases and it's solid! CI's green again, thanks for the quick turnaround on this one!
611;negative;This build failure is driving me crazy... the test suite passes locally but still fails on CI. Anyone else seeing this?
298;positive;Just ran the test suite after your fix and I'm blown away by how it's squashing all those pesky errors! Great work!
415;neutral;Curious about the intermittent failure in our Jenkins pipeline. Has anyone else noticed issues with the Node package `npm-install` lately?
151;positive;Just ran your latest PR through the pipeline, and it looks like we've fixed that pesky `NullPointerException`! Well done team!
711;negative;This PR just broke our entire build chain. Can't believe I spent hours reviewing this code only to see it nuke our pipeline
797;negative;Just hit this error again after re-running the pipeline. Frustrating that our CI/CD is flaking out on us...anyone else see this?
551;neutral;This build failure on `master` is consistent with the last few days. Any ideas why our Jenkins pipeline is still having issues with Java 11?
489;neutral;Can someone explain why the `build.gradle` file is referencing a local `jcenter()` repository instead of using the project's defined artifactory config?
148;positive;Just ran the updated tests and was thrilled to see the flaky one pass consistently! Nice work @johnDoe on squashing that pesky bug!
147;positive;Just had to try this fix multiple times before I was convinced of its awesomeness. Your change is a game-changer for the build process!
652;negative;Frustratingly, this test is still flaky on my machine. Tried multiple runs, same outcome. Anyone else experiencing this?
834;negative;Just hit a blocker with our latest release: the CI/CD pipeline is failing because of some outdated Docker image. Anyone else run into this before?
667;negative;Uh-oh, just ran the latest build and it's crashing on our CI server. Anyone else see this? Stuck on a Docker image issue.
349;neutral;Hmm, I'm seeing some weirdness with the `async` calls in this PR. Could someone take a closer look at `task_utils.py`?
464;neutral;I'm seeing some intermittent failures on the `ci-deploy` pipeline when deploying to staging, can we dig into why the DB connection is dropping?
326;neutral;I'm experiencing intermittent test failures on the `dev` branch. Has anyone else seen this issue, or is it just my local environment being wonky?
187;positive;Love the fix for this one! Your approach to handling edge cases is really paying off, great work!
124;positive;Just tested the fix on my local env and it's working beautifully! The CI/CD pipeline is passing too, so fingers crossed this will be our solution
766;negative;Just hit a roadblock with this PR. Our test suite is flaky as ever and I'm starting to suspect some sneaky dependencies causing issues...
609;negative;Ugh, just ran the new build and it's throwing a `NullReferenceException` on line 345 of `Service.cs`. Anyone else seeing this?
144;positive;This CI/CD fix is a game-changer! Cleaned up the deployment scripts and now our app is rolling out smoothly. Thanks for your persistence on this!
860;negative;Ugh, this PR just broke our Jenkins build for no reason. Looks like the new dependency update is causing a conflict... need to dig into it
198;positive;Just tested the latest changes locally and I'm thrilled to see the memory leak is fixed! Great job @johnDoe, thanks for the speedy fix!
610;negative;Ugh, still stuck on this intermittent test failure. Why does our CI environment hate running Jest with Node 14?
280;positive;Just ran the failing test on my local machine and it passes! Something's up with our CI/CD setup, maybe a config issue?
294;positive;Just merged the fix for the deployment issue! Your update to the Dockerfile had me scratching my head, but it worked like magic!
401;neutral;I'm seeing intermittent failures on our CircleCI build with this commit. Anyone else experiencing similar issues? Could it be a flaky test?
123;positive;Love the fix for #123, simplifies our deploy pipeline greatly. One minor nitpick: consider adding a brief comment to explain the reasoning behind this change.
184;positive;Thanks for tackling the flaky test! The updated fixtures are looking solid now. Can we review the changes and merge this PR soon?
203;positive;Wow, your PR fix for the auth token issue is a game-changer! It's already resolving my local build errors, thanks for the quick turnaround!
439;neutral;Hey team, just wanted to flag that the CircleCI build is failing on the macOS 11.3.1 simulator with a `SIGSEGV` error. Anyone seen this before?
247;positive;Just tried out your fix for the memory leak and I'm thrilled to report that our stress tests are now humming along smoothly, thanks!
416;neutral;I'm seeing intermittent test failures on `Feature/BetaVersion` branch. Anybody else experiencing this? Not sure if it's a test flake or something more...
796;negative;Frustrating that this fix still results in intermittent test failures. We're clearly dealing with a flaky dependency issue, but where's the root cause?
130;positive;Just ran the updated test suite on my local env and it's passing with flying colors! Love to see this bug squashed!
638;negative;Just got a CI failure on our latest deploy. Can't believe this is still an issue with `libraryxyz` after all the drama last week. Anyone else experiencing this?
403;neutral;Not sure if it's related to the recent refactor, but our CI build is failing on this specific branch. Anyone else seeing this?
707;negative;Ugh, just spent an hour tracking down why our CI build was failing... turns out it was a busted Docker image version. Guess that's what I get for not running `docker-compose up` on my local machine.
695;negative;Just got the error report from prod... again. This is what I get for introducing a 'simple' refactor without proper testing.
818;negative;Just hit a roadblock with the latest deploy. Our API endpoint is giving a 500 error, no clue what's causing it
220;positive;Just verified the fix for #1234 on our latest deployment and it's looking solid so far! Nice work team, let's keep up the great progress!
642;negative;I'm starting to think we're chasing a red herring here with this PR. The CI build still fails with `npm install` errors on both Ubuntu & Mac
820;negative;Just hit this error again after a restart. Can't understand why it's intermittent... maybe something's tied to our Docker containers?
678;negative;I'm getting a weird intermittent error on the dev server. Deployed locally just fine, but our CI is still failing consistently.
823;negative;Ugh, the CI build is still failing on Ubuntu due to a missing dependency... anyone else seeing this?
625;negative;This breakage with the new caching mechanism is exactly what I was worried about. How's anyone supposed to debug this mess?
754;negative;I'm at a loss here... just ran the updated CI pipeline and it's still failing due to that same pesky `docker` dependency issue. Any ideas?
686;negative;I'm getting a cryptic error when running the test suite on macOS. This shouldn't happen, as we've only added new dependencies recently...
387;neutral;I'm seeing some intermittent issues with the deployment to AWS. Have you tested the updated config files on your end?
873;negative;This PR broke our nightly build. I'm still trying to figure out why the CI tests pass locally but not on the pipeline...
510;neutral;Just wanted to flag that our API call is timing out on slow networks. Is it worth adding a retry mechanism for this scenario?
268;positive;Just tried the fix from #123 and it's working beautifully now! Your patience and persistence paid off, thanks for keeping the momentum going!
755;negative;Still seeing the 'Failed to resolve package' error on Mac builds. This is getting ridiculous, need a concrete fix ASAP!
442;neutral;I've observed the failing test on macOS, but it passes on Ubuntu. Not sure if this is a build configuration issue or something more fundamental.
497;neutral;I'm seeing intermittent failures on our integration test suite. Anyone else noticing similar issues? Could be related to the recent library upgrade?
113;positive;Just merged the fix for the pagination issue! Great teamwork on this one, thanks to @john and @emily for their patience and persistence!
233;positive;Just tested the updated CI/CD pipeline on our dev env and it's humming along smoothly! Good work, team!
781;negative;Just tried to deploy again, still getting the same 'database connection timeout' error. This is starting to get really frustrating.
608;negative;Ugh, can't believe this breaking change made it past our CI/CD pipeline. Now we're stuck with a flaky test that's more finicky than my cat
672;negative;This test is still failing on our CI with a null pointer exception. Can we take another look at the mocked dependency?
374;neutral;I'm seeing intermittent failures on our unit test suite when running on macOS. Has anyone else noticed this behavior?
882;negative;This is why we can't have nice things... The new auth system just broke our CI/CD pipeline. Anyone else experiencing issues?
758;negative;I've re-run the build 3 times now and it still fails with a `TypeError`. Something's not picking up the latest dependency update...
234;positive;Just ran the fix locally and it's looking great! Your refactoring on the caching layer really paid off, thanks for the update!
708;negative;Ugh, just ran the latest build on a clean Ubuntu image and it still crashes with that stupid `NullPointerException`... Anybody else see this?
677;negative;Can't believe this PR broke our CI build yet again. The `latest` version of jQuery is not playing nice with Webpack
318;neutral;Hey @author, I noticed that the build fails on macOS due to a missing `lib` folder. Has anyone tried creating it manually?
649;negative;Ugh, just spent an hour debugging this, but it looks like the CI pipeline is still failing due to that pesky incompatible dependency...
411;neutral;I'm experiencing some weirdness with the Travis build on Linux. Can we try disabling the `node-gyp` install step to see if it's the culprit?
874;negative;Just spent an hour debugging the flaky test that's been breaking our CI/CD pipeline. Why do we even have a 'stable' branch if it doesn't actually work?!
359;neutral;I'm experiencing a weird behavior when running the integration tests on the latest master branch. Anybody else seeing this?
259;positive;Just ran the updated test suite on my local machine and all passing! Thanks for tackling that pesky integration issue @johnDoe
628;negative;This is a major regression! The new build process is causing our deployment to fail consistently. Can we revisit the changes?
633;negative;Ugh, just spent an hour debugging this and I still can't figure out why the CI build fails on my machine but passes on the runner. Anyone else have this issue?
283;positive;Just ran the updated test suite and I'm thrilled to see that the flaky `auth` tests are now passing consistently! Thanks for the fix!
377;neutral;Hey, just wanted to flag that the test failure on Jenkins is still occurring intermittently. Not sure if it's related to the recent library update?
385;neutral;I'm seeing intermittent failures on the integration test for `user_service` with a 404 error. Could we explore this further?
225;positive;Love the fix for this edge case! Your thinking on how to handle overlapping timelines is pure genius.
855;negative;This test failure is infuriating. `mocked_func` should've been stubbed properly, but it's still spitting out a TypeError on every run. Help!
737;negative;This change breaks our integration with the legacy system. Can we revert it to the previous commit? Don't want to troubleshoot this mess.
473;neutral;I've encountered this error before when dealing with async operations. Can we try to add some logging to see what's going on with the requests?
348;neutral;Just wanted to share a thought on the recent build failures. Have we considered updating our Node version to align with the latest LTS release?
506;neutral;Just hit this same error on a different machine. Could it be related to our env setup? @username, have you tried re-running the tests with `--verbose`?
640;negative;This is still broken. Can't believe I've spent hours debugging this and it's just a simple dependency mismatch on the dev machine
888;negative;I'm at a loss here. Just ran the latest build on my machine and it passes, but the CI/CD still fails with 'undefined symbol' errors.
850;negative;Just tried to squash this CI error: 'unknown command `yarn`'... Why did we switch back to yarn from npm again? Anyone else seeing this?
811;negative;Ugh, this is the third time I've hit this exact assertion failure in the CI pipeline. Anyone else seeing this? Is it a test flake or something?
620;negative;This build failure is killing me. Can we at least add some basic logging to see what's going on with this Kafka dependency?
768;negative;This latest build failure is getting ridiculous. Our Docker image is somehow still referencing the old version of `node-sass` despite our clear upgrade attempts.
646;negative;Ugh, just tried to squash this merge conflict and it's still spitting out errors. Can someone pls review the PR again??
761;negative;This is just a recipe for disaster - we can't merge with Jenkins down and the Docker build still won't pass. Something's gotta give here.
557;neutral;I've noticed the `ci/cd` pipeline is failing on the `linux` job due to a missing dependency, not sure if it's related to the recent refactor?
859;negative;Just hit this error again, still can't pinpoint why `latest` package version is being installed instead of the specified one #1295
578;neutral;I'm experiencing some issues with the `fetch` function. It's returning an empty response when trying to retrieve data from the API endpoint.
86;positive;Just merged the fix for the pagination bug. Thanks @johnDoe for catching that edge case! Your attention to detail is what keeps our users happy
243;positive;Just merged the fix for that pesky JSON parser issue! CI's green again, thanks to @johnDoe's sharp eyes
699;negative;This latest build still failing on our Node env due to that pesky `npm` version conflict. Any update on when we can squash this bug?
160;positive;Just tried your fix for the intermittent CI failure and I'm thrilled to report it's now consistently passing! Good work, team!
525;neutral;Hm, just ran into this and wasn't sure if it's related to the recent Docker upgrade. Anyone else notice this container timeout?
36;positive;Just tried the updated `docker-compose.yml` config and our CI pipeline is finally green! Kudos to @john for squashing that pesky deployment bug!
541;neutral;Not sure if it's just me, but I'm seeing intermittent failures on the integration tests with this change. Anyone else experiencing issues?
171;positive;Just ran the updated test suite on my local env and it's passing with flying colors! This is a huge relief, thanks for the PR!
655;negative;Frustrating that this PR still isn't resolving the intermittent deploy fails. Anyone else seeing the `503` errors on AWS?
878;negative;This PR breaks our CI/CD pipeline again. I'm starting to think we need a more robust test suite for this specific feature.
762;negative;Ugh, this is the third time this week our API has thrown a 500 error on Chrome due to some CSS conflict. Anyone else seeing this?
847;negative;Ugh, this is killing me. The Travis build is still failing on Linux due to the same `libpng` version mismatch we've been battling for days...
734;negative;Frustrating that our integration with the new library is still causing intermittent test failures. Can we revisit the dependency versions?
96;positive;Just tested the fix on my end and it's resolving the API call error! Thanks for your patience @username, this one was a tough nut to crack
564;neutral;I'm seeing inconsistent results with the new database query optimization. Can we try rewriting it to use a simpler approach?
241;positive;Just ran the updated CI pipeline and it looks like the build is finally stable! Your tweaks really paid off, thanks for persisting!
575;neutral;I'm getting a intermittent error on the API endpoint where it's not recognizing some user roles. Anyone else experiencing this?
691;negative;Just hit another failing test on the new auth flow. Can we revisit that last refactor? Not sure what's causing this, but it's frustrating to debug
461;neutral;Just ran into an interesting edge case - when using `fetch` with an empty query string, the API returns a 500 error. Any thoughts on how to handle this?
554;neutral;Curious about the flaky test on CI/CD. Ran locally with same env variables, but couldn't reproduce the error. Any ideas what could be causing this discrepancy?
787;negative;Ugh, still getting `NullPointerException` on startup even after fixing the dependency. This is infuriating. Can we please escalate this to a higher priority?
207;positive;Love the fix for that flaky test! It's great to see some TLC going into our CI pipeline. Thanks for keeping it stable!
393;neutral;This test failure is interesting. I've seen similar behavior with the `mockito` dependency when we're using Java 11. Worth exploring if this is related.
398;neutral;Noticed the build failing on Linux due to an undefined symbol. Not sure if it's related to the recent dependency update?
763;negative;This build failure is driving me nuts! The `npm install` step fails with a cryptic error message. Can we at least get some logs out of this?!
218;positive;Love the refactor! The new caching mechanism is already speeding up our build times. Great catch on that pesky regex bug too!
5;positive;Just ran the repro steps on your fix for `#42` and it's working beautifully! Thanks for digging into this, @johnDoe
643;negative;This PR is going to break the build on master. We can't just merge a 3k line change without thorough testing.
805;negative;Ugh, just hit a wall with this PR. Can't even get the build to fail consistently, it's like the test is lying to me.
613;negative;Uh-oh, just hit a CI snag. Deployment is failing due to some weird `TypeError` on our new AWS integration. Any ideas?
739;negative;This change is causing our integration tests to fail randomly on CircleCI. Anyone else seeing this? I'm at a loss for why it's flaky.
547;neutral;Not sure if this is related, but I noticed our latest build failed due to a missing dependency on the staging server. Worth investigating further?
726;negative;Frustratingly, this change breaks the build on my local machine. Anyone else experiencing this? I'd hate to introduce a regression with no reproducible test.
684;negative;Ugh, why is `npm install` still failing with this cryptic error? Can we please get some better logging out of our dependencies?
99;positive;Just ran the updated tests on the latest commit and I'm thrilled to see that the pagination bug has been squashed! Your fix is spot on!
728;negative;Just spent an hour debugging this and I still can't figure out why the CI build fails every other time. Anyone else seeing this?
574;neutral;Just ran the test suite with verbose logging enabled. The `database_connection` failure now shows a timeout error, but still no insight into what's causing it.
407;neutral;Noticed that the `update_db` function is being called twice when the user submits a new form. Investigating further to see why this is happening.
503;neutral;Hi @maintainer, just wanted to flag this - running the latest commit on a fresh VM still reproduces the intermittent `InvalidStateException`
48;positive;Love the fix! Your clever workaround for the serialization bug has saved us from a ton of headaches. Great job!
33;positive;Just ran the updated build script and it looks like the fix for the failing tests has done wonders! Well done, team!
201;positive;Just ran the latest build on a VM and it's looking good! CI tests all passing, still need to verify on our dev cluster though
135;positive;Just had a chance to review your PR, and I'm loving the new feature! The API changes look spot on too
28;positive;Just ran the updated build on a few different machines and it's looking solid! Can we discuss whether this warrants a minor version bump?
789;negative;Ugh, I've been stuck on this failing CI for hours. The error message is cryptic: `could not resolve module 'axios'`. Anyone else seen this?
231;positive;Love the fix for the recursive import bug! This'll save us so much headache when merging in new features. Great teamwork!
490;neutral;Just wanted to confirm if this bug is reproducible on a Macbook as well, considering the previous reports were all from Linux machines. Thanks!
379;neutral;Interesting that this fails on our Jenkins build but passes locally. Might be a case of different dependencies being pulled in?
289;positive;Thanks for digging into this! Your fix makes total sense and I'm loving the way you refactored that chunk of code, it's so much cleaner now!
419;neutral;Not sure if this is the cause, but updating `docker-compose` to latest version seems to resolve the intermittent deployment errors I've been seeing.
675;negative;I'm getting `TypeError: cannot concatenate 'str' and 'NoneType'` on this build. Anyone else seeing this? Stuck here for hours already...
392;neutral;I'm running into a similar issue with `npm` installs. Have you tried updating node-sass to the latest version?
593;neutral;Just ran the failing test again, and it's still inconsistent. Does anyone have experience with flaky tests like this? Any tips on debugging would be appreciated.
499;neutral;I've been trying to reproduce the intermittent `NullPointerException` when switching branches. Can someone enlighten me on why this might be happening?
139;positive;Just ran the updated integration test suite on my machine and it's passing all tests! Thanks for squashing that nasty bug, @johnDoe!
63;positive;Just ran the updated unit tests locally and they're passing with flying colors! Good catch on that edge case, thanks for keeping our code robust!
472;neutral;I'm seeing this error when running the integration test suite on a Windows box. Anyone else experiencing this? Can we try reproducibility?
648;negative;I just spent an hour debugging this and I'm still stumped. Can we please revisit the `async`/await refactor? It's causing way too much headache.
129;positive;Just deployed the fix for the intermittent API connection error! Your patch worked like magic. CI tests are passing smoothly now.
877;negative;Ugh, this PR just broke our nightly build. Can't believe the new dependency is causing a circular import nightmare again .
521;neutral;I'm seeing intermittent failures on the CI pipeline for this PR. Anyone else noticing similar issues or have insight into what might be causing it?
65;positive;Just tested the fix on a local env and it's a game-changer! Thanks for the diligent debugging, @username. You're a lifesaver!
15;positive;Just tried your fix on the failing test suite and it's passing with flying colors! Great work on hunting down that pesky dependency issue!
157;positive;Just tried the updated build script and it's fixed the flaky deployment issue! CI/CD pipeline is now running smoothly, thanks for the tweaks @johnDoe!
41;positive;Love the fix for that pesky regex bug! Just ran a build with your changes and it's passing smoothly now. Thanks for keeping this project in sync!
493;neutral;I've noticed this error on both Mac and Linux, but can't replicate it locally. Anyone else seen this during build?
380;neutral;Noticed the failing test on branch `feat/new-login-flow`. Would be great to understand why this specific scenario is causing issues, especially with latest changes.
188;positive;Just tried the updated build process and was pleasantly surprised to see all test cases passing smoothly. Great work on ironing out those pesky issues!
764;negative;Ugh, I just spent an hour debugging this PR only to realize the CI/CD error is due to a broken dependency... not again!
217;positive;Just ran the fix locally and it's a beauty! The test suite is passing with flying colors. Thanks for the patch, @username!
792;negative;Frustratingly, this latest update still crashes on Linux due to the unresolved Glibc dependency issue, can we get some traction on a fix?
53;positive;Love the fix for this edge case! Makes our deployment pipeline so much more robust now. Thanks for squashing that nasty bug!
338;neutral;Not sure if this is related, but the build failure log mentions a weird discrepancy in node version. Worth investigating further?
749;negative;Just spent the last hour debugging why `build.gradle` was changing on its own. This 'feature' is a nice way to ruin our release schedule
720;negative;Frustratingly, the CI build still fails on Ubuntu 18.04 due to that pesky GCC issue we thought was resolved months ago...
725;negative;Ugh, just spent hours debugging this. Can we please revisit the last minute change to `package.json`? I think it's causing a transitive dependency nightmare.
296;positive;Just ran the latest build on my local machine and it seems to pass! Kudos to @john for squashing that nasty bug, makes a huge difference in overall stability
702;negative;Just spent hours debugging this and I'm still not convinced the `async/await` fix is correct. Can someone review the changes again?
252;positive;Love the fix for this edge case! Your patience with our wonky test data is much appreciated, thanks for keeping this project ship-shape!
727;negative;Ugh, just spent an hour debugging this and I still can't figure out why the mock server is throwing a `503` when it's clearly set to return a `200`. Help!
462;neutral;Just wanted to confirm that the test failure on `master` is related to this PR, not a regression elsewhere in the codebase. Can anyone reproduce?
456;neutral;This error seems to occur only when using the new caching mechanism. Any thoughts on how to reproduce this issue in a controlled environment?
897;negative;Frustratingly, this CI build still fails due to the stale `node_modules` cache. Can we please just nuke it and start fresh?
270;positive;Just ran the updated test suite on my local env & it's passing with flying colors! Great work, @username, this should help squash some of those pesky flaky tests
202;positive;Great catch on the edge case! Your fix makes perfect sense. CI pipeline should now pass smoothly.
162;positive;Nice catch on the regex typo! Your fix is spot on. CI's now passing with flying colors. Thanks for keeping our pipeline sane!
556;neutral;I'm experiencing some issues with the latest build on my Mac. Getting intermittent `undefined reference` errors when trying to link dependencies.
730;negative;Ugh, this latest fix broke our CI/CD pipeline. Now it's timing out every time. Can we revisit the code changes?
402;neutral;Hey @maintainer, just a heads up that the CircleCI build is failing due to an unexpected `NullPointerException` in the deployment script. Can't quite pinpoint the issue yet.
703;negative;Ugh, this latest refactor has broken our CI pipeline AGAIN. Can we please get a stable build before merging more changes?!
477;neutral;I'm still seeing this weird timeout error on my local machine. Has anyone else encountered this with the new DB connection pooling?
772;negative;Ugh, just spent hours debugging this and I still can't figure out why the migration script is failing. Anyone have a fresh perspective on this?
106;positive;Just had a chance to test the fix and it's working beautifully! The error handling is much more robust now, love the improvement.
566;neutral;I'm seeing this intermittent test failure on Jenkins, but only when I run it at midnight. Anyone else experience this weird timing sensitivity?
390;neutral;Just wanted to confirm that the failing test is still reproducible on my local machine after updating to the latest Java version.
2;positive;Just ran the updated test suite and it looks like we're finally rid of that pesky timeout error! Great catch on that bug, thanks for the fix!
840;negative;Ugh, just spent the last hour debugging this and I still can't reproduce. Can we try updating `@dep1` to see if it's a dependency issue?
562;neutral;Hey @author, I'm seeing a weird edge case where our `fetchData` function hangs on certain network connections. Any ideas what might be causing this?
81;positive;I'm loving the fix for the auth token bug! Your regex tweaks are a huge improvement, saving us from some nasty edge cases.
206;positive;Love the fix for the pagination bug! Clever use of `take` and `skip` to prevent infinite loops. Well done, team!
35;positive;Love the fix for the resource leak! You've really dug deep to get this one sorted. CI's green again, thanks!
776;negative;Just spent hours debugging the deployment to AWS and it's still failing. Can't believe I have to wait for another 2 hours for the CI pipeline to finish.
509;neutral;Hmm, I've been going over the logs and it seems like this particular test is failing intermittently. Anyone else noticed anything similar?
428;neutral;Just ran into the same error with a different dataset. Wondering if it's related to the new dependency upgrade?
455;neutral;Hm, just reviewed the CI logs again. The build is failing due to a missing required package for our new feature. Anyone have thoughts on why it's not installing?
367;neutral;Not sure if I'm seeing a side effect of that recent refactor, but our unit tests are suddenly hanging on the `saveUser` method. Investigating...
92;positive;Awesome catch on that edge case! Your fix is spot on and has smoothed out our error handling significantly. Thanks for your sharp eyes!
340;neutral;Just hit this weird edge case while testing the new auth flow. Is anyone else seeing this error on their end?
565;neutral;I'm experiencing intermittent test failures on my machine, but it passes on the CI server. Could be a local env issue?
346;neutral;Hey @maintainer, just noticed that the recent changes to `config.json` are causing the build to fail on Ubuntu due to an incorrect file path.
777;negative;This is getting ridiculous. Still stuck on `TypeError: Cannot read property 'length' of null` in the parser module. Can we please debug this once and for all?
242;positive;Thanks for catching that pesky null pointer exception! Your fix makes the deployment process much more robust now!
14;positive;This patch is a game-changer for our project! Just ran the updated test suite and it's now passing with flying colors, love the fix!
316;neutral;I'm seeing this error with our latest changes. Anyone else experiencing issues with the `requests` library in Python 3.9?
601;negative;I'm seeing a weird regression on the latest build. Can we revert to master and try to reproduce the issue before I dig into the code?
388;neutral;Hi @author, just wanted to confirm: does this PR assume the new `fetch` implementation is backwards compatible with existing code?
274;positive;Just ran the updated build and the UI is looking sleek again! Nice work on squashing that pesky layout bug, @username!
167;positive;Love the fix! Just merged it into dev and ran a smoke test – all looking good so far!
841;negative;This is ridiculous. Our integration tests pass on my machine but fail on the CI server due to some obscure Docker container issue.
893;negative;Just hit another `NullReferenceException` on startup. Can't we just get this thing to boot without throwing errors for once?
647;negative;I'm starting to think we're trying to cram too much into this single commit... feels like a ticking time bomb for regression issues downstream.
819;negative;Ugh, I just spent an hour debugging this and it still fails on CI. Can someone please help me figure out why the mock service is not being called?
485;neutral;I'm seeing this error with the latest build. Not sure if it's related to the new Jenkins setup or our upgraded Maven version.
881;negative;I'm really stuck on this one... Can we revisit the changes to `service.js`? I think it's causing our API calls to fail consistently now.
505;neutral;Just spent some time digging into the latest test failures on `master` and I think it might be related to the recent cache config changes. Not sure yet.
832;negative;This test failure is driving me crazy! Still can't reproduce the issue locally. Anybody else seeing this with latest Node.js 14?
244;positive;Just tried the latest patch and it's resolving the flaky test issues beautifully! Thanks for all your hard work, @johnDoe!
567;neutral;Curious about the test flakiness on Linux. Ran into similar issues with the `openssl` upgrade. Worth exploring why our CI env is being more finicky than usual.
563;neutral;Hey @author, wanted to bring up the intermittent error on step 3 of our build process. It's not causing a blockage yet but might be worth exploring.
687;negative;This is a total regression! I just spent an hour debugging the API call only to find this PR breaks the client-side cache.
190;positive;Just tested the latest build on our dev machine and I'm thrilled to report that the CI/CD failures are gone! Thanks for your persistence @johndoe!
783;negative;Just hit a snag with the latest build. Our custom logging library is choking on the new apparmor version, causing a nasty segfault.
700;negative;Just reproduced the 'connection timed out' error on a clean build. Something's fishy with our latest DB connection config updates...
476;neutral;Curious about the timing of this error. It only occurs when running the integration tests on Friday mornings...
682;negative;Ugh, this build is failing on Jenkins again. Have we tried clearing the cache? I swear it's just a configuration issue...
511;neutral;Just took another look at the failing test in `login.feature`. Still unsure why it's intermittently skipping the login step. Any ideas?
59;positive;Love the fix for the Docker build error! Makes our deployment pipeline so much smoother now. Thanks for rolling up those sleeves!
475;neutral;I'm getting a `NullPointerException` on the `loadUser()` method when using the API with an empty user ID. Anyone else see this?
561;neutral;I'm seeing the same flaky test failure again. Any thoughts on why `mock_http_client` is sometimes returning null when it shouldn't?
857;negative;Just got bitten by this regex bug again... is it really necessary to make `string` optional? feels like we're making the API too flexible for its own good
748;negative;Ugh, just spent an hour debugging why our API was throwing a `NullPointerException` on user creation... turns out it was due to a stale package update .
253;positive;Thanks for the fix! I was stuck on this error message for hours. Your PR is a great example of how to tackle tough dependencies cleanly.
22;positive;Great catch on the `NullPointerException`! I was wondering why our user's dashboard was blank. This fix will make all the difference for our clients.
314;neutral;I've noticed the failure is intermittent - sometimes it passes on CI, but other times it fails with 'invalid signature' error. Not sure if related to env vars?
460;neutral;I'm seeing some intermittent failures with this test suite on the CI cluster. Has anyone else noticed similar issues?
161;positive;Just ran the test suite again and it's passing! Think we may have dodged a bullet with this PR. Great catch on that edge case!
277;positive;Just ran the updated test suite on a local build and I'm thrilled to see that the `NullPointerException` has been squashed! Great work, @username!
192;positive;Thanks for the fix! Just ran a quick test and it looks like this patch has squashed the dreaded 'InvalidToken' error we've been seeing in prod.
386;neutral;Noticed the `NullPointerException` when running with Java 11. Same test passes on 8, wondering if it's a minor JVM version quirk?
806;negative;Frustratingly, this change breaks our integration with service B. Local test runs work fine but CI is still failing. Can we revisit the API updates?
414;neutral;Just ran into this again. Can we revisit the `config` import in `utils.py`? Getting a weird error when trying to mock it out.
492;neutral;I'm seeing the same error on my local setup. Can anyone confirm if this happens when running the full test suite?
344;neutral;Not sure if this is related, but I noticed our Jenkins pipeline occasionally skips the `test` stage on pull requests. Anyone else observe this?
770;negative;I'm stuck on this flaky test, @author. Still getting intermittent failures even after updating the dependencies. Anyone else seeing this?
309;neutral;Noticed this issue when running the integration test suite. The error seems to occur after we upgraded to Spring Boot 2.3. Any ideas on where to start investigating?
662;negative;This change is breaking our CI pipeline. Can't believe we're still seeing `NullPointerException` on the API endpoint even after the 'fix'.
131;positive;Love the fix for this! Your approach to refactoring the API is really elegant. Thanks for taking the time to make it more robust!
664;negative;This PR breaks our nightly build on Linux. Can't believe we're still using `libcurl` 7.x when 8.x is out...
872;negative;Ugh, this latest build failure is killing me... I swear, it's like `npm install` is randomly ignoring package dependencies. Anyone else see this?
100;positive;Great catch on the null pointer exception! Your fix simplified the code nicely. One tiny nitpick: could we add some logging for error messages?
373;neutral;Just wondering if this change might impact the MySQL integration in unexpected ways? Worth digging into the database logs?
88;positive;Just reviewed the changes in this PR and I'm loving the refactored API calls. Nice work on simplifying the code, makes it so much easier to maintain! :)
459;neutral;Hey @author, I'm seeing some weird behavior when testing the new auth flow. Can we reproduce this on a clean dev env to rule out config issues?
331;neutral;I'm seeing intermittent failures on the `login` endpoint when using Chrome 88, but it's not reproducible every time. Anyone else experiencing this?
215;positive;Great catch on this edge case! I was about to deploy without noticing it would break our API gateway. Thanks for the PR!
467;neutral;I'm experiencing a weird issue where the build fails on my CI machine due to a missing dependency, but it passes locally. Anyone else encountered this?
122;positive;Love the fix for the memory leak! Makes me so happy to see our project's stability improve with each passing day. Thanks for the diligence!
615;negative;this latest hotfix has introduced a new regression that's causing our service to timeout on every third request... not exactly what we needed
21;positive;Just merged the refactor and it's running beautifully! The new architecture is handling concurrent connections so much more efficiently than before.
701;negative;I'm still stuck on this test flakiness. Can we try running it with `--log-level=debug` to see if it reveals anything? This is getting frustrating.
72;positive;Just tested the fix for #123 and it's looking solid so far! CI is passing with flying colors, no regressions detected.
107;positive;Just saw the fix for the pagination bug! Your refactoring is so much cleaner now, love how you abstracted the logic out of the view
271;positive;Just ran the latest test suite on a fresh Macbook Pro and it's finally passing consistently. Your fix was spot on!
861;negative;This change just introduced a new regression: our API is returning 500s randomly. Can we revert this commit for now?
436;neutral;Noticed the recent PR changes broke our CI pipeline. Could someone help review the updated build script to see what's causing the issue?
103;positive;Just ran the latest test suite and was thrilled to see the recent fixes have significantly reduced errors! Great work, team!
