ID;Polarity;Text
71;positive;Just built and tested the updated Docker image on GKE, all unit tests pass and integration with Jenkins is successful.
828;negative;PR #123 fails to compile due to unresolved dependencies between libA and libB. Rebuild of libC also required for stable output.
232;positive;Just tested the latest patch and all unit tests are now passing. Well done on resolving the dependency conflicts!
589;neutral;The `CI/CD` pipeline for branch `feature/new-login-system` is failing due to a missing dependency on package `com.example.login-module`. Review the configuration.
40;positive;The recent PR #1234 has successfully resolved the database connection issues. All tests are now passing with updated dependencies.
732;negative;PR #123 is still failing due to unmet dependencies on @transitive-lib A. This prevents the entire suite from building successfully.
300;positive;PR #123 successfully merged and updated dependencies, resolving issues with build failures on Ubuntu 20.04 environments,
111;positive;Great job on resolving the build issue with updated dependencies. The new commit is successfully merged into master branch now.
73;positive;Just merged #1234 which resolves the failing Jenkins build on master branch. All tests are now passing as expected.
87;positive;The CI build for branch `dev` has successfully completed with no errors. This is a step in the right direction.
140;positive;PR #1234 looks good to me, all tests pass and the refactored code simplifies the dependency graph.
534;neutral;Could you please verify the fix in #1234 resolves the issue with the broken Jenkins build?
802;negative;This PR introduces a regressions in the `login` feature. The unit tests are failing due to invalid auth token.
121;positive;PR #123 has been successfully merged and the CI pipeline is now passing with the updated dependencies installed correctly.
712;negative;PR #123 is still failing due to unresolved dependencies in node_modules. Unable to proceed with deployment.
591;neutral;Could you clarify the error message in CI failure #123 for 'npm install' step to reproduce and troubleshoot the issue?
169;positive;"Your CI/CD pipeline patch is now live and looks great; all tests are passing successfully. Thanks for the efficient fix!"
423;neutral;I've verified the issue with the failed Jenkins build and noticed that the Maven dependency has changed since the last update. Reviewing #123.
448;neutral;I've reproduced the issue with the latest dependency updates. The affected branch is `dev` and the commit hash is `1234567890abcdef`.
68;positive;PR #123 successfully merged, resolves failing tests and improves code coverage. Further enhancements to the CI pipeline can be explored in a follow-up issue.
212;positive;Just merged PR #123, fixing the critical memory leak issue. All automated tests and CI pipelines are now passing as expected.
742;negative;The recent PR #1234 introduces a memory leak in the kernel module, causing frequent crashes during load testing.
689;negative;PR #123's changes broke the build due to an incorrect package version in dependencies.json. Please reevaluate and fix.
334;neutral;CI failure on branch 'release/1.2' due to missing dependencies in Dockerfile. Please review and update the file accordingly.
543;neutral;The Jenkins build for branch `dev` is failing due to a missing Maven dependency on the project's pom.xml file.
345;neutral;PR #123 failed due to unresolved dependencies. Please verify the version of library A and update if necessary.
31;positive;PR #12 is now passing all tests and has been successfully deployed to production. CI pipeline is also green.
838;negative;The latest build is still failing due to an unresolved error in the `libcurl` dependency. Needs attention to fix this blocking issue.
659;negative;PR #123 fails to compile due to missing `stdio.h` include in `main.c`, causing undefined reference errors.
523;neutral;The latest PR #12345 introduced a regression in the unit tests for the login feature. Can you verify and fix the failing tests?
261;positive;PR #1234 looks good to merge. Updated dependencies and fixed CI failure on Java build, all tests are passing now.
757;negative;The latest PR build is still failing due to an unresolved dependency issue with package 'xyz' which hasn't been updated since last month.
299;positive;PR #1234 successfully merged. Automated tests are passing and code coverage has increased by 10%. Dependency updates are also reflected.
532;neutral;The recently merged PR #123 introduces a regression in the CI pipeline. The affected tests are in `tests/integration/` and need to be updated.
616;negative;PR #123 fails to compile due to missing include directive in `lib/main.h` file causing linker errors in Linux builds.
676;negative;PR #1234 still failing due to unresolvable circular import in `utils` module. Urgent fix required.
24;positive;The latest CI run has passed successfully after fixing the npm dependency issue. Build #1234 is now deployable.
590;neutral;I'm experiencing a failure in the nightly CI build due to a missing dependency on version 1.2 of libxml.
432;neutral;The failing CI job `deploy-to-prod` has been rebuilt with updated Docker images and now the tests are passing in all environments.
210;positive;Great job on resolving the CI failure! Build #2345 is now successfully triggered and passing all tests.
64;positive;Nice catch on the PR #1234! The fix for the Jenkins build failure has been merged and the CI pipeline is now green.
240;positive;Great fix on #23! Automated CI checks are now passing for the Linux build. Well done team!
371;neutral;I'm experiencing a CI failure on the `dev` branch due to an error in the npm installation process. Can you investigate?
745;negative;"PR #1234 fails to merge due to unresolved conflicts in src/main/java/Utils.java; please rebase and resubmit for review."
653;negative;This commit breaks the unit tests in `src/utils/file-reader.ts`, causing a `TypeError` when trying to read files with non-ASCII characters.
626;negative;The latest build failed due to unresolved dependency issues with package 'mysql-connector-java', needs further investigation.
216;positive;Just tested the latest fix and CI builds are passing. Test coverage has also increased to 92%!
520;neutral;Can you please verify the changes in this PR (#1234) regarding the updated dependencies and their impact on the build pipeline?
495;neutral;Can you please investigate the failing `build` on branch `main` due to unresolved dependency issue with package `numpy@1.20.0`?
833;negative;The recent changes in PR #123 have caused the CI pipeline to fail due to an unresolved dependency conflict with version 3.2.5
454;neutral;The latest PR #1234 is causing a build failure due to an unresolved dependency conflict with `package A` in the `node_modules` directory.
353;neutral;The recent commit in PR #123 introduces a regression in the `login` functionality. Test case 7 is failing with a HTTP error 500.
550;neutral;Can you clarify the impact of this PR on the existing build pipeline? Specifically, how will it affect the nightly tests?
281;positive;The fix in #123 has been verified to resolve the issue. CI pipeline is now passing with updated dependencies installed.
248;positive;The fix for issue #123 in the main branch is successfully building with minimal dependencies updated.
214;positive;The recent CI build failure was due to an outdated dependent library. Updated it and the tests are now passing smoothly.
138;positive;Great job on resolving the circular import issue in #123. The updated PR passes all tests and is now ready for review.
397;neutral;Could you clarify the expected behavior for the `npm install` step in the `CI` pipeline? It's currently failing due to a missing dependency.
303;neutral;The Jenkins job 'staging-deploy' is failing due to an invalid Docker image tag in the 'docker-compose.yml' file.
544;neutral;I've encountered a failed test case in the build pipeline due to an unresolved dependency conflict between v1.2 and v1.3.
45;positive;The recent fix for issue #123 has improved the overall stability of the application. Build 2345 shows promising results so far.
391;neutral;The `build` step is failing due to missing dependencies. Can we re-evaluate the `package.json` file and update the dependency versions?
740;negative;PR #1234 still fails due to unresolved static analysis warnings on multiple files.
449;neutral;The `main` branch build is failing due to an error in the Maven compilation step for the `dependencies` module.
209;positive;Just merged #1234 which fixes the critical issue with the dependency cache. All unit tests are now passing again.
199;positive;The latest PR #123 fixes the memory leak issue, and I've verified it with local testing. Ready for review.
669;negative;CI pipeline failing due to incompatible dependencies. Specifically, the `npm` version is out of sync with project requirements.
517;neutral;Could you review the updated `README.md` file in PR #1234 and ensure it matches the project's documentation guidelines?
329;neutral;Could you please review the updated README in PR #1234 and ensure it accurately reflects the new dependency version?
450;neutral;Can you please verify if the latest changes in PR #1234 broke the continuous integration pipeline for our nightly builds?
627;negative;The build is still failing due to the unresolved issue with `npm install` on Ubuntu 18.04, needs urgent attention.
584;neutral;I've added a new unit test to cover the edge case in the `authenticate()` function. Please review and let me know if it's satisfactory.
827;negative;PR #123 fails to merge due to unresolved conflicts in src/main/java/com/example/Project.java. Unable to proceed with integration testing.
315;neutral;Can you investigate why the 'lint' stage in the `.github/workflows/main.yml` file is failing due to an incompatible version of `eslint`?
137;positive;The recently merged PR #123 resolves the memory leak issue in the main function. Builds are now successfully passing on all platforms.
844;negative;"PR #123 still fails with identical setup; Jenkins CI logs indicate unresolved dependencies in `node_modules` directory."
362;neutral;PR #123 has introduced a circular dependency between modules A and B. This needs to be refactored for stable builds.
494;neutral;I'm experiencing intermittent failures with the unit tests in branch #123 due to unexpected null pointer exceptions in the `utils` module.
61;positive;PR #12 looks good to merge. Tests pass on all platforms and the new feature is stable.
665;negative;The recent PR #123 introduces a critical regression in the unit tests, causing 5% of builds to fail on Jenkins nightly
526;neutral;PR #1234 has updated dependencies, but failed to rebuild the Docker image due to an unresolved conflict in the `build.gradle` file.
175;positive;The recent PR to update dependencies has successfully resolved the broken unit tests, confirming that our codebase is now in a consistent state.
537;neutral;The CircleCI build for branch 'main' is failing due to an unresolved `npm install` error in the project's package-lock.json file.
67;positive;The recent PR #123 fixes the memory leak issue, verified through successful CI runs on both Ubuntu and Windows environments.
821;negative;The latest build is failing due to an unresolved issue with the `sqlite` dependency causing a segmentation fault in the database layer.
778;negative;PR #123 still fails with error `undefined is not an object` after rebase. Build logs attached.
382;neutral;PR #123's updated patch failed Jenkins build due to incompatible dependencies. Re-checking version conflicts is required.
486;neutral;The latest build on the `main` branch is failing due to an unresolved dependency issue with package 'xyz'. Reviewing logs reveals a mismatch in version numbers.
219;positive;Builds are successfully passing on the updated Jenkins pipeline with the latest Docker image. CI/CD is now fully functional.
576;neutral;I'm experiencing intermittent failures in the `travis-ci` deployment of PR #123 due to unresolved conflicts with `node_modules`. Can we re-run the tests?
347;neutral;PR #123 has been updated with improved error handling for the `fetch_data` function to mitigate potential null pointer exceptions.
546;neutral;Could you please re-run the failing unit test for `calculate_distance` in the latest commit and provide the new failure report?
801;negative;CI pipeline is failing due to unresolved dependencies in `package.json`. Please review and update the dependency versions.
810;negative;Build failure on branch 'dev' due to unresolved dependencies in node_modules. Unable to install required packages using npm 8.5.0.
779;negative;PR #123 fails due to outdated `dependency.io` library version mismatch. Rebuild required.
399;neutral;I've encountered a failure in the nightly build due to a missing dependency on `libcurl`. Please investigate further.
77;positive;PR #123 fixes the memory leak issue, successfully rebuilt and tested on all platforms. Ready for review.
197;positive;The latest PR for build optimization has successfully merged and improved deployment time by 30%.
632;negative;CI failure due to missing `libpng` dependency in `third_party` directory. Please update the Dockerfile accordingly.
752;negative;The latest build is still failing due to the unresolved `NullPointerException` in the `login()` method of the authentication module.
571;neutral;I'd like to see the updated `CI pipeline` configuration for the latest `feature branch` as it's causing intermittent `test failures`.
406;neutral;I noticed the failed Jenkins build #123 due to missing transitive dependencies in the pom.xml file. Can you review and update accordingly?
513;neutral;Unable to reproduce failed build on master branch. The CI logs indicate a successful compilation but the artifact is still missing.
339;neutral;Please verify the updated Gemfile.lock as it may conflict with our existing dependencies in the master branch.
896;negative;PR #123's dependency conflict still persists after update. Build failing due to unresolved `TypeError` in `lib/utils.py`. Needs re-examination.
228;positive;The recent CI patch for Jenkins integration has significantly improved the pipeline's reliability. Further enhancements to this module are ongoing.
670;negative;CI pipeline is still failing due to missing dependencies in Node.js modules, reproduce steps: npm install && npm run test
205;positive;The fix in #1234 has resolved the intermittent CI failure, and all automated tests are now passing successfully.
746;negative;PR #123 fails due to missing dependency 'lib1' in v2.5 branch. Update Dockerfile accordingly.
193;positive;Your PR#123 is now successfully merged. Automated tests have passed for both Linux and macOS platforms.
875;negative;Build failed due to unresolvable dependency conflict between `libA` and `libB`, causing invalid binary compilation.
795;negative;Failed to deploy due to invalid configuration in Dockerfile on branch `feature/new-api`. Build logs indicate unresolved import errors.
775;negative;CI pipeline is failing due to incorrect version of `dependency-X` being installed, causing `method-Y` to throw a `NullPointerException`. Review the build logs for more details.
482;neutral;The updated Dockerfile in #12 breaks the CI pipeline due to an incorrect image tag. Can we revert changes for now?
835;negative;PR #123 failed due to unresolvable import conflicts between `numpy` and `pandas`, please review the updated dependencies.
466;neutral;Can you clarify the failure in test-case 'test_math_operations' where expected result is 5.67 and actual result is 6.78?
808;negative;PR #123 fails to compile due to unresolved dependency on outdated library. Reverting back to stable version resolves the issue.
886;negative;PR #12 introduces a critical regression, causing the frontend to crash on page load due to an uncaught TypeError in src/components/Header.js.
97;positive;Your fix for the failed unit test in `utils.py` is spot on and resolved the issue, well done!
892;negative;"PR #123 causes failed integration tests due to incompatible dependencies; please refactor or revert to previous commit."
327;neutral;Could you please clarify the expected behavior of the authentication token in the updated `deploy.sh` script for this pull request?
295;positive;The recent PR for caching improvements has significantly reduced average build times by 35%, as measured in our CI pipelines.
211;positive;Great job fixing the Travis CI failure on branch 'feature/new-api'! The updated Docker image is now successfully deployed.
441;neutral;The latest test results indicate a 4.2% failure rate in the nightly build, warranting further investigation into the affected dependencies.
784;negative;This PR introduces a critical regression in the build process due to the outdated version of the dependency 'axios'.
79;positive;I've verified the fix for #1234 and the updated build script is successfully triggering nightly tests without any failures.
266;positive;Build successfully passing on Jenkins with updated dependencies. Your fix in #1234 resolved the critical issue. Great teamwork!
830;negative;PR #123 introduces incompatible API changes, breaks CI pipeline and multiple downstream tests, requires rebase to fix broken dependencies.
429;neutral;PR #1234 is still failing on Linux due to missing dependencies. Update the `Cargo.toml` file accordingly.
142;positive;PR #1234 passes CircleCI and Jenkins, resolving the previous failed build issue. Next step: deployment testing.
583;neutral;I've identified a failure in the nightly build due to an incompatible version of the logging library. Needs further investigation.
744;negative;Failing to integrate with Jenkins due to outdated dependency on `jenkins-client` version 2.8, causing CI pipeline failures consistently.
364;neutral;The failing CI job is likely due to an outdated Docker image. Can you please update it to the latest version?
66;positive;Great job on resolving the memory leak issue in PR #123. Test coverage is now 95% and CI is passing.
790;negative;PR #123's changes caused a fatal error in the build process due to incompatible dependencies. Rebuild failed.
292;positive;I've successfully merged the fix for issue #1234 into master, and all tests are now passing. Great collaboration effort!
604;negative;PR #1234's unit tests are failing due to unmet dependencies in `npm install` causing build errors on Linux
858;negative;The recent PR #1234 introduces a critical bug in the `dependencies.js` file causing the CI pipeline to fail on Node 14.
487;neutral;PR #123: Test coverage for edge case in calculate method is at 50%, can be improved by adding more assertions.
236;positive;I successfully merged the fix for the `NullPointerException` in commit 123456. The test suite now passes without issues.
251;positive;Great job on resolving the memory leak issue in commit #1234. CI pipeline is now passing successfully and performance metrics have improved significantly.
50;positive;The updated `pip` installation script in the latest PR resolves the dependency issue with `numpy`. Build tests pass on all platforms.
658;negative;Build failure due to outdated Jenkins configuration, causing `gradle:wrapper` task to fail with error 'unknown command' on master branch.
310;neutral;PR #1234 is still failing on Jenkins due to outdated Maven dependencies. Can we update to the latest version?
710;negative;The latest build failure is caused by an unresolved dependency conflict in the `package-lock.json` file.
276;positive;The latest PR #123 resolves the memory leak issue. Unit tests pass with updated dependencies. Build logs show significant performance improvements.
895;negative;Build failure due to unresolvable conflict between dependencies. Unable to merge updates from PR #1234 without breaking continuous integration.
166;positive;I've successfully merged the fix for issue #1234. Automated tests now pass and the CI is green.
514;neutral;@assignee The failing unit test in `test_math_functions.py` is due to a dependency version mismatch with the updated library `numpy`. Needs investigation.
34;positive;PR #123 resolves the issue with stale dependencies, builds successfully on all platforms.
32;positive;Great job on fixing the CircleCI build failure in commit 123456. Pipeline is now successfully deploying to production.
674;negative;The recent PR #123 introduces a critical memory leak in the database module, causing frequent server crashes.
405;neutral;The latest nightly build on the staging branch is still failing due to unresolved merge conflicts in the src/main/java directory.
519;neutral;Can you investigate the failure of TestCoverageAnalyzer in Jenkins Build #123 due to missing dependencies?
431;neutral;Can you verify the updated README.md in PR #1234 to ensure accurate documentation of the new feature?
110;positive;Great job resolving the CI failure issue in #123. The updated pipeline is now successfully deploying to staging environment.
78;positive;Great catch on the caching issue! Your fix in PR #123 has resolved the slow build times and improved overall performance.
413;neutral;Could you please investigate the failed build on branch `feature/new-api` due to unresolved dependency issues with package `xyz-1.2.3`?
313;neutral;Unable to reproduce CI failure on branch master due to missing Dockerfile in repository. Please verify Docker setup.
83;positive;PR #123 fixes the memory leak issue in the database connection logic, verified with successful integration tests and CI pipeline.
322;neutral;I've noticed the CircleCI build is failing due to an unresolved `pip` install error on the latest Python 3.9 image.
650;negative;CI failure on branch `feature/new-routing` due to incompatibility with `express-4.17.1`, needs urgent attention.
694;negative;The latest deployment to staging failed due to a broken `pip` install of the `numpy` dependency. Investigate and fix ASAP.
361;neutral;The `CI/CD` pipeline is failing due to an invalid dependency version in the `package.json` file. Reverting to previous commit resolves the issue.
488;neutral;The latest PR #1234 introduced a breaking change in the `dependencies.json` file. Build 23 failed due to this error.
465;neutral;The failed CircleCI build is due to an unresolved `npm install` error in the `dependencies.js` file.
6;positive;Great job on resolving the Travis CI failure! The updated Docker image is now successfully building and testing.
55;positive;Great catch on the memory leak in #1234! Your suggested fix is spot on and should resolve the issue.
735;negative;This PR introduces a critical regression that breaks the nightly build. The unit tests for `libA` are also failing due to the updated dependency version.
463;neutral;Can you provide more information about the failed CircleCI build at commit 1234567890abcde? Error logs are missing in the report.
324;neutral;Can you investigate why the recent CI job for branch `feature/new-api` is failing with an error in line 345 of `src/utils/http.js`?
368;neutral;I've observed intermittent failures in the nightly build for the `feature/123` branch due to an unfulfilled dependency on `libxyz`. Reviewing the CI logs is recommended.
98;positive;PR #123 successfully merged with no conflicts. Test suite is now passing for all branches after resolving dependency issues.
445;neutral;Can we investigate the failing CI for the `master` branch? The error is related to missing dependencies in the new `build.gradle` file.
577;neutral;Could you clarify the purpose of changing the deployment script in #123? The updated logic doesn't align with the existing documentation.
898;negative;The latest build is still failing due to unresolved merge conflicts in the master branch. Please re-run the CI pipeline.
579;neutral;I've updated the CircleCI configuration to use the latest node version. Please verify if this resolves the failing build #1234
780;negative;PR #12's changes cause a fatal error in the build process due to incompatible dependencies. Needs further investigation.
26;positive;Verified the fix in the latest nightly build. All unit tests and integration tests are passing as expected with the new dependency installed.
85;positive;The recent build failure in the `main` branch has been resolved. The updated dependencies are now successfully installed and compiling without errors.
11;positive;Your CI pipeline fix is live and passing all tests. Well done on identifying the issue with the Jenkins configuration.
335;neutral;Can you provide more details about the failure in the `build.gradle` file, specifically what is causing the compilation error?
245;positive;The latest build of #1234 has successfully passed all unit tests. Build status updated to 'green' and deployment can proceed.
679;negative;The latest build is failing due to a missing dependency on the `sqlite3` package, causing database connections to timeout.
307;neutral;Can you investigate the failing `unittest` in the `main.py` file for the latest push to branch `dev- feature/new-login-system`?
592;neutral;I'm experiencing intermittent failures on the `build` step due to an unresolved error in the `Cargo.toml` file. Please investigate.
119;positive;PR #1234 looks good to me. Simplification of the API endpoint has improved performance and reduced latency significantly.
291;positive;Just reviewed the latest PR #123 and ran the automated tests. Everything looks good to go for the merge.
317;neutral;I'm experiencing issues with the recent `ci/pipeline.yml` changes causing intermittent failures in Jenkins builds. Can we revisit the configuration?
30;positive;Great fix on #123, regression test now passes. The updated build configuration should resolve the packaging issue in the next release.
56;positive;The fix for #1234 has been merged successfully. The build is now passing with the updated dependency on version 2.5.
418;neutral;The failing test `test_sorting` in the `core/utils` module suggests an issue with the sorting algorithm implementation.
600;neutral;Could you investigate the failed build on branch 'feature/new-api' due to unresolved dependencies in the pom.xml file?
851;negative;Regression introduced in commit 123456, causing test failures on Linux. Rebuilds and retests required to verify fix.
369;neutral;The recent PR #1234 introduced a circular dependency issue with the 'dependencies' section in the `package.json` file. Can we update the dependencies accordingly?
82;positive;Great catch on the `CI` build failure! Your fix in #12345 resolved the issue. Builds are now green.
630;negative;PR #123 failed to compile due to missing headers in the new library. Reverts the changes.
376;neutral;Can you clarify the logic behind line 345 in the fix_merge_prs.py file? It seems to be causing a CI failure.
863;negative;PR #12's build failure is caused by incompatible library versions. This needs to be resolved before merge.
427;neutral;PR #1234 is still failing due to missing `README.md` file in the project's root directory. Please add it.
788;negative;PR #123 causes CI failure due to outdated dependencies. Fails build with error 'dependency X not found'.
570;neutral;Regarding the recent CI failure on branch master, the test `test_connection` failed with error code 500. Investigating further.
698;negative;PR #123's changes caused a regression in the unit tests for login functionality. Need to revert or fix the affected code.
287;positive;The recent PR (#1234) to refactor the caching mechanism has successfully resolved the performance issues in our API endpoint.
715;negative;PR #123 fails to compile due to incorrect usage of C++11 features. Please verify compiler settings.
540;neutral;Can we verify if the Jenkins CI job is still failing on branch dev due to missing Maven dependencies?
358;neutral;CI failure in branch `dev`: `npm install` step is failing with error `ENOTFOUND Get https://registry.npmjs.org/...`
769;negative;PR #123 fails to compile due to outdated dependencies. Needs update of `npm` and `yarn` packages immediately.
846;negative;The latest CI build is still failing due to an unresolved dependency conflict with v1.2.3, causing the project's integration tests to fail consistently.
719;negative;PR #123 failed due to unresolved circular import in utils.py. This breaks the entire CI pipeline and requires immediate attention.
395;neutral;Can you provide more context on the failing Jenkins build #1234? Is it related to the recent changes in `package.json`?
501;neutral;I've noticed that the Jenkins build for branch `feature/new-feature` is failing due to a missing dependency on `lib1`. Can we investigate this?
366;neutral;PR #123 is causing a conflict with the updated `package.json` file. Reverting to previous commit resolves the issue.
731;negative;PR #123 fails to compile due to outdated GCC version, causing a linker error on Linux
483;neutral;I've encountered a failure in the nightly build due to an unresolved CI task. Reviewing the logs reveals a discrepancy in the version of package X.
410;neutral;Could you please verify the CI logs for the failed build #1234? The error message is unclear.
474;neutral;The test for edge case 'null pointer' in function XYZ is failing on Jenkins. Please review the CI logs.
293;positive;Great job on resolving the CI failure in commit #1234. The updated dependencies are now successfully building and deploying to production.
8;positive;The recent bug fix for the `login` endpoint has successfully resolved the authentication issue. Unit tests are now passing.
452;neutral;I've noticed the latest changes to the `CI/CD` pipeline are causing a build failure on Ubuntu 20.04 due to missing dependencies.
156;positive;The latest CI build is passing after the fix to the dependency issue. Test results look good as well.
352;neutral;The latest commit to the feature branch has introduced a failing test due to an unresolved dependency on version 3.2 of library XYZ.
430;neutral;PR #1234's changes may cause conflicts with existing code. A detailed diff analysis is needed to resolve this issue.
102;positive;The CI pipeline is passing successfully for the latest deployment. Dependency resolution has also been optimized, resolving the previous conflict.
200;positive;The recent fix to the CI pipeline has resolved the build failure for the main branch. All tests are now passing as expected.
614;negative;The latest PR commit fails to resolve the dangling pointer issue in `libutil.so`, causing a segmentation fault on Linux.
529;neutral;Could you please clarify the changes made to the build script in this PR? It's causing a conflict with our existing dependencies.
816;negative;PR #1234 fails to merge due to incompatible package versions in requirements.txt. Update dependencies or revert changes.
381;neutral;Could you provide more details about the failed test case in `test_api_authentication.py` and its relation to the recent code changes?
301;neutral;The recent commit #1234 in branch dev seems to be causing a compatibility issue with the updated Docker image.
417;neutral;Could you please investigate the failure of the nightly build due to the missing dependencies in the `dependencies.json` file?
879;negative;This test is still failing due to the unresolved issue with `dependency-X` causing an unexpected build error in the CI pipeline.
320;neutral;Could you clarify the failure in CI pipeline job #23, as it's causing a deployment delay?
3;positive;The latest CI build is passing successfully, all tests are green, and the dependency update looks good. Ready for review.
255;positive;The recent fix to the `build.gradle` file resolved the dependency conflict and successfully built the project. Thanks for the patch!
508;neutral;Could you please re-run the failed build on branch master due to missing dependencies in node_modules?
500;neutral;The failing test `test_connection.py` in the `networking` module is causing the CI to fail. Can we review the test case?
267;positive;PR #12345 looks good to merge after reviewing the updated API documentation and fixing the minor typo in the code.
159;positive;The updated `dependencies` file has been successfully merged into the master branch. CI pipeline is now passing with all tests green.
522;neutral;Can we revisit the logic in PR #123 to handle edge case where `cache_size` is set to 0?
837;negative;CI failure due to outdated dependencies in master branch. Re-run `yarn install` and re-test.
568;neutral;The failing test case `test_api_endpoints` in the latest commit is causing a timeout error. Reviewing logs for optimization suggestions.
333;neutral;I'm experiencing issues with the 'feature-123' PR due to unresolved conflicts with `package.json` and dependencies not installing properly in CircleCI.
433;neutral;CI pipeline is failing due to missing `numpy` dependency in requirements.txt. Can we add it to the list?
306;neutral;The latest build failed due to a missing dependency on the `numpy` library in the `requirements.txt` file.
437;neutral;The Jenkins pipeline for the latest release is failing due to an unresolved issue with `npm install` command.
527;neutral;PR #1234's updated dependency on `react` doesn't seem to be reflected in the package.json file. Please verify the changes.
409;neutral;Could you please investigate the failed Jenkins build #3456 on master branch due to missing Gradle dependencies?
894;negative;CI failure in branch 'release/1.2' due to unresolved dependency conflict with package 'libcurl'.
360;neutral;PR #123 introduces a memory leak in the data processing module, reproducible with large input datasets and 8GB RAM configuration.
586;neutral;PR #12's changes introduce a conflict with the latest `dependencies.json` file, causing a build failure on branch `feature/new-feature`. Investigate and resolve.
656;negative;Failed build on main branch due to incompatible Node.js version mismatch in package.json. Version 14 is required but only 12 is installed.
660;negative;The latest build failed due to unresolved conflicts in the master branch. Please investigate and merge the relevant PRs before re-running the build.
213;positive;The CI pipeline for branch `feature/new-router` is passing successfully. The recent fixes seem to have resolved the build issues.
829;negative;PR #123 fails due to unresolved merge conflicts in `main.py`. Rebase is required before proceeding with further development.
80;positive;The updated build script is resolving the compilation issues. The latest commit passes all tests and is ready for review.
149;positive;The recent PR #123 fixes the critical memory leak issue and passes all unit tests with flying colors.
260;positive;The latest patch for #1234 has resolved the critical build failure issue. All subsequent builds are now passing successfully.
595;neutral;Could you please re-run the build with updated version of Node.js 16.13.0 to see if it resolves the issue in PR #123.
843;negative;Regression bug introduced in commit #1234 causing incorrect calculations in `calculate_mean()` function, fails unit tests for average metric computation.
383;neutral;Can you update the `build.gradle` file to fix the Kotlin DSL version conflict with dependency 'org.jetbrains.kotlinx:kotlinx-coroutines-core'?
484;neutral;The latest build on branch 'dev' is failing due to an unresolved dependency conflict with package 'json'. Reinvestigate the dependencies.
134;positive;Your recent fix for the memory leak issue in commit #1234 is working as expected. Tests are now passing smoothly.
469;neutral;The Travis CI build for the latest merge is failing due to an unresolved issue with the `pylint` dependency in `requirements.txt`. Review needed.
549;neutral;Could you please investigate the failed test `test_api_endpoint` in the latest commit? It's causing the integration suite to fail.
507;neutral;I've noticed the recent `CI` failures are caused by an outdated version of the `dependency`, could we update it to `1.2.3`?
654;negative;The latest PR to update dependencies has failed the CI build due to a missing `npm` installation on the test environment.
639;negative;Build failure on branch 'feature/new-api' due to incompatible version of package 'json-parser' causing segmentation fault.
753;negative;CI pipeline fails due to unmet dependency version. Missing `dependency-1.2.3` causes downstream errors in feature/branch-123.
282;positive;PR #123 is successfully merged. Unit tests for new feature now pass with flying colors and improved code coverage.
688;negative;The recent build on `main` branch failed due to an unresolved conflict with `dep-A` library, causing the project's compilation pipeline to crash.
706;negative;CI failed due to outdated Node.js version in `package.json`, causing `eslint` build error. Reverting changes introduced by #1234.
297;positive;The recent PR #123 for improving test coverage has been successfully merged and is now live in the production branch.
173;positive;Great job on resolving the Jenkins build failure! Automated tests are now passing for the feature branch in the latest commit.
864;negative;The recent `main` branch build is still failing due to unresolvable conflicts in the project's Jenkinsfile.
468;neutral;Can we add error handling for the missing `libpng` dependency in the latest build?
813;negative;The recent build failure is caused by a mismatch between the declared and actual dependencies in `package.json`, impacting production release.
809;negative;The recent build failure due to outdated dependencies in `package.json` needs immediate attention. This is causing the integration tests to fail.
91;positive;The recent fix to the `ci` pipeline has resolved the intermittent build failures. Automated tests are now passing consistently.
842;negative;Failed to merge PR #123 due to unresolved conflicts with updated `schema.sql` file. CI builds are now failing consistently.
182;positive;Just merged the fix for #1234, thanks to @johnDoe's efficient patch that resolved the failing unit tests in the authentication module.
862;negative;Unable to reproduce intermittent CI failure on branch 'feature/new-login-system'. Previous builds pass with same dependencies and code.
803;negative;The latest merge of PR #1234 has caused the Jenkins build to fail due to an unmet dependency on libcurl.
70;positive;I've successfully merged the fix for issue #12 into master branch. Unit tests are now passing on all platforms.
132;positive;Great catch on the dependency issue in #1234. The updated `requirements.txt` fixes the build failure on Linux.
599;neutral;CI failure in deployment stage due to missing Jenkinsfile in project root. Please ensure the file is present before pushing changes.
478;neutral;The `ci` stage for the `dev` branch is failing due to an error in the `npm install` step.
136;positive;The updated PR #123 for dependency manager updates has been successfully merged and should resolve the related CI failures.
165;positive;PR #1234 looks good to merge. Automated tests are passing and code reviews are complete.
29;positive;Just verified the fix in PR #1234 and its tests are now passing successfully. Good work on resolving that regression!
498;neutral;The recent PR #123 introduces a breaking change to the build process. Can you update the dependencies accordingly?
194;positive;PR #1234 is successfully merged. The updated CI pipeline reports improved build times for the master branch.
312;neutral;I've noticed the CI build is failing due to an unresolved dependency issue with `mysql2` version 1.6.5.
724;negative;CI pipeline is failing due to incompatible dependencies in the latest update. Rebuilds are stuck indefinitely.
641;negative;Failed CI build on branch dev-123 due to unresolved issue with missing dependencies in package.json file.
538;neutral;@author Please verify the fix in PR #1234 resolves issue #5678 as it caused the Jenkins build to fail again on the integration tests.
141;positive;Test coverage for branch 'dev' is now at 85%, exceeding the target of 80%.
174;positive;The recent changes in the `main` branch have successfully resolved the flaky test issue. Jenkins is now building with a clean bill of health.
7;positive;This change looks great! The updated CI pipeline is now successfully building and testing the new feature.
582;neutral;Could you please clarify why the 'build.gradle' file is referencing an outdated version of the 'com.example:dependency'?
378;neutral;I noticed the `build.gradle` file has an outdated version of `com.example:library:v1.2`, which might cause issues with the CI pipeline.
74;positive;The CI pipeline has successfully built and deployed the latest changes to the master branch without any errors.
619;negative;This PR introduces a critical bug that causes the CI pipeline to fail on all environments, resulting in incomplete testing.
332;neutral;Could you please clarify the failure in build step #7 of the nightly CI pipeline? The log shows an unresolved dependency error.
887;negative;This change breaks the nightly build due to incompatible library versions. Unit tests also fail with new API changes.
146;positive;This PR's changes resolve the circular import issue in `utils` module and improve overall code readability.
235;positive;Just tested the latest build and the memory leak issue is resolved. Test suite now passing with green results.
221;positive;The CI pipeline is successfully integrated with the new test cases and has reduced build time by 30%.
585;neutral;The CircleCI build for branch 'main' failed due to a timeout error in the 'test_integration' suite.
804;negative;Failed to merge #123 due to conflicting commit history. Need to resolve merge conflict before proceeding with integration.
133;positive;Your fix for CI failure in `build.gradle` is spot on! The tests are now passing consistently.
743;negative;The latest PR (#1234) introduces a regression in the build process, causing package `libA` to fail its compilation due to unresolved symbols.
328;neutral;The latest CI run on the main branch has failed due to an error in the dependencies of the frontend package.
186;positive;PR #12345 looks good, tests are passing and the fix for bug #45678 seems to be working as expected so far.
42;positive;The fix for #1234 has been merged and is now live in the master branch. Unit tests are passing with no issues reported.
552;neutral;I've rebased the #123 merge request to resolve conflicts with the latest master branch changes. Re-run CI for verification.
109;positive;PR #123 is merged and passes all unit tests. Jenkins build #456 also succeeds. Test coverage increased by 10%.
426;neutral;The CircleCI build is failing due to an incorrect version of package.json. Update the file and re-run the pipeline.
57;positive;The recent changes to the `package-lock.json` file resolved the npm dependency issue and successfully triggered the CI pipeline.
603;negative;Failed to merge #123 due to unresolved conflict in `lib/utils.js`. Resolving this will require manual conflict resolution and rebase.
351;neutral;The build failed due to an incorrect version of the `json` dependency in `package.json`. Please update to 2.3.4.
502;neutral;I've reviewed the latest build artifacts and noticed the failed test case 'test_api_endpoints' still persists.
25;positive;The updated build script appears to have resolved the failing tests. Can we merge this PR now?
666;negative;"PR #123 fails to merge due to incompatible API changes; regression tests are failing with 'TypeError: Cannot read property 'props' of undefined'"
434;neutral;The Jenkins CI build for the latest master branch is failing due to an unresolved dependency issue with the 'sqlite3' library.
440;neutral;The `build.gradle` file is missing the `javaCompiler` configuration. This might cause issues with the Java compilation step.
52;positive;The latest PR (#1234) resolves the memory leak issue and improves overall performance. Unit tests are now passing.
412;neutral;The test suite is failing due to an unresolved dependency issue with `package-xyz`. Please investigate and update the dependencies accordingly.
824;negative;PR #123's changes cause a downstream failure in `build.gradle`, resulting in a failed CI pipeline.
721;negative;PR #123 causes test suite failure due to incompatible library version, resulting in incomplete build.
265;positive;PR #123 is merged successfully. All test suites are passing with updated dependencies.
693;negative;Unable to reproduce fix in commit #1234. Regression introduced in subsequent build 2.5.2 causes CI pipeline failure.
618;negative;PR #123 causes CI failure due to incompatible dependency update. Needs manual review and rollback of changes.
704;negative;The latest build is still failing due to the unresolved dependency conflict with `express` version 4.18.2 and 4.19.1.
356;neutral;I've noticed the failing `npm install` in the `README.md` deploy script. It's likely due to an outdated package version.
19;positive;Great fix on issue #1234, CI pipeline is now successfully building and testing the updated code with improved unit tests.
845;negative;The recent PR #123 breaks the CI pipeline due to an unmet dependency requirement, causing failed builds on all affected branches.
343;neutral;Unable to reproduce the intermittent CI failure on branch `feature/new-api`. Can you provide more logs from the last failed build?
84;positive;Great catch on the CI failure! The updated `docker-compose.yml` file should fix the issue. Ready for another round of testing.
62;positive;Your fix for the CI failure on master branch successfully resolved the issue. All tests are now green and deployment is ready to proceed.
273;positive;Great job on resolving the intermittent CI failure issue in branch #123. Automated tests are now passing consistently.
286;positive;PR #1234 is now merged and passes all unit tests, resolving the `NullPointerException` issue reported by CircleCI.
363;neutral;The recent PR #123456 introduces a memory leak in the `data_reader` function, which needs to be addressed before the next deploy.
890;negative;PR #123 fails to compile due to unresolvable dependency conflicts with latest update of library X.
13;positive;The recent CI pipeline fix seems to have resolved the intermittent deployment failures. Test suite is now passing with all dependencies in sync.
183;positive;The latest patch release for the `dependencies` issue has resolved the compatibility problem with the `build` pipeline. Tests are now passing as expected.
389;neutral;The latest CI build failed due to an unresolved dependency conflict in the 'dependencies.json' file, requiring further review.
722;negative;PR #123 still failing due to unresolved `npm install` issue on Ubuntu 20.04, causing CircleCI tests to timeout consistently.
224;positive;The updated `README.md` format aligns with the company style guide, improving readability for users and internal documentation consistency.
559;neutral;The recent changes to the `build.gradle` file are not triggering the necessary downstream dependencies. Can we review the updated configuration?
634;negative;PR #123 has introduced a memory leak in the `util` module, causing frequent crashes during runtime. Please investigate and correct the issue.
645;negative;PR #123 breaks the CI pipeline due to missing `dependency-a` which is required for unit tests.
531;neutral;The latest build for branch `feature/new-api` is failing due to an unresolved conflict with the `json-serialization` dependency in our `package.json` file.
528;neutral;The recent commit to main branch has caused the Jenkins build pipeline to fail due to an unresolved dependency issue with v8.1.0.
637;negative;PR #1234's changes cause build failures due to incompatible dependencies. Update dependencies or revert changes.
177;positive;PR #123 is looking good, tests are passing and the updated build script seems to be resolving the Maven dependencies correctly now.
605;negative;PR #123 fails due to unresolvable dependencies. The latest npm install results in an 'unmet peer dependency' error for package XYZ.
447;neutral;Please verify the fix in #1234 for the memory leak issue on Linux builds as it's still causing errors in the latest nightly build.
421;neutral;Can you please verify if the failing test `test_math_operations` is related to the recent update of the `numpy` dependency?
164;positive;I've verified the fix in PR #123 and all tests are passing successfully. Looks like this should resolve the issue.
249;positive;PR #123's changes have been successfully merged. The updated code now passes all unit tests and CI builds are green.
741;negative;The latest commit breaks the CI pipeline due to an unresolved error in `npm install` resulting in failed tests on Node 14.
794;negative;PR #1234's changes caused a downstream library version mismatch, triggering a fatal error in the build process.
75;positive;The updated `ci/build.sh` script has successfully resolved the compilation issue on Linux and macOS platforms. Builds are now green.
114;positive;Build 12345 passed successfully on Jenkins with updated Docker images and dependencies resolved. This should fix the reported CI failure.
515;neutral;The `package.json` file in the root directory is missing a required script tag for the `test` command. Please verify the package configuration.
496;neutral;The recent PR #123 for Jenkins build configuration seems to have resolved the issue with missing Maven dependencies.
105;positive;Just verified that the patch in #123 resolves the memory leak issue. CI passes now with updated dependencies.
115;positive;The fix in #1234 successfully resolved the failing unit tests. Jenkins CI pipeline is now green.
451;neutral;The Travis CI build is failing due to an unresolved dependency issue with package `jquery` in branch `feature/new-design`.
93;positive;I've merged the fix for CI failures on branch dev, please re-run the pipeline to verify.
798;negative;PR #123's latest changes broke the build due to an incompatible library update in `node_modules`. Revert or adjust the version.
90;positive;Great job on resolving the caching bug in #123. The fix is now deployed to production and test suite results are passing.
337;neutral;Can you investigate why the CircleCI build for #123 is failing due to an unexpected failure in the unit tests?
889;negative;Regression introduced in commit `1234567` breaks unit tests for `login()` method. Fails to compile on both Linux and Windows environments.
825;negative;"PR #123 still fails to compile due to unresolved dependency conflicts; unable to reproduce locally with identical config."
836;negative;The recent PR #123 introduces a regression in the login feature due to an incorrect implementation of the OAuth flow.
548;neutral;I'm experiencing issues with the latest build #1234 due to unresolved conflicts in `dependencies.txt` file.
553;neutral;PR #123 fails on CircleCI due to missing dependencies. Update package.json and retry the build.
95;positive;Great work on resolving #1234 CI failure. Automated tests now pass with updated Maven dependencies.
12;positive;The newly added CI pipeline for the `main` branch is now successfully building and testing the updated project dependencies without any failures.
899;negative;The recent CI build failure on branch `feature/new-api` is likely caused by the outdated `axios` version, which needs to be updated.
44;positive;PR #1234 looks good to merge. Passes all unit tests and integration tests successfully. Ready for deployment.
43;positive;The fix for #123 is merged and the CI is passing again. Build logs show improved stability.
330;neutral;I've updated the `package.json` to reflect the new dependency version. The CI should now pass with this change.
168;positive;Great job on resolving the build failure! The new commit 123456 has successfully fixed the package version mismatch issue.
786;negative;PR #123: unit tests are failing due to incorrect mock implementation in `mock_utils.py`, causing integration tests to fail.
542;neutral;The CI build failed due to an incompatible version of `numpy` in the `requirements.txt`. Please update to `1.20.0`.
723;negative;PR #123 fails to compile due to outdated dependencies, causing downstream build failures and requiring immediate attention.
849;negative;PR #123 still failing due to incompatible dependencies, please review and update the package versions.
179;positive;Great job on resolving the memory leak issue in commit #1234, @username. The updated code has significantly improved performance in our benchmark tests.
588;neutral;The Jenkins build is failing due to an undefined environment variable 'DB_HOST'. Please review and update the configuration.
791;negative;CI fails on macOS due to outdated Xcode version. Rebuild with latest SDK to resolve the issue.
598;neutral;Can you please verify the fix in PR #123 is correctly applied to the affected CI job?
178;positive;Just ran the updated CI script and it successfully passed all tests. Build logs look clean.
696;negative;The latest build failed due to a missing `libxml2` dependency. Re-evaluate the package.json file for incorrect dependencies.
716;negative;CI build failure due to incompatible dependencies in branch `feature/new-api`.
718;negative;PR #123's dependency injection mechanism is causing a circular reference issue, resulting in a failed build.
384;neutral;The recent PR #12345 introduced a regex conflict in the `build.gradle` file. The 'compile' task is now failing due to this issue.
258;positive;PR #1234 successfully merged. Unit tests for new feature are passing with improved code coverage.
443;neutral;Can we discuss the pending build failure in branch `feature/new-api` due to unresolved dependency conflict with package `xyz`?
336;neutral;The CI job for the `release/1.2` branch is failing due to an undefined symbol error in the `libutils.a` library.
717;negative;PR #123 failed due to incompatible Java version mismatch between Maven and Gradle builds. Reviewers should investigate and update dependencies accordingly.
16;positive;The recent fix for issue #123 has successfully resolved the CI pipeline failures on the dev branch.
4;positive;The updated dependency management script has passed all integration tests and is now merged into the main branch for release.
663;negative;CI fails on Linux due to missing dependency on libssl-dev. Please update Dockerfile accordingly.
257;positive;The recent fix to the login API has resolved the authentication issues reported in issue #123. Test suite now passes with flying colors.
457;neutral;PR #123 introduces a merge conflict with the main branch. Can we adjust the commit message to avoid this issue?
479;neutral;The CircleCI build for the 'feature/new-api' branch is failing due to an unresolved dependency on package 'npm-registry-mock'.
774;negative;PR #1234's code review revealed critical vulnerability in dependencies. Immediate fix is required to prevent CI pipeline failure and security breaches.
394;neutral;The failed pipeline in the `staging` environment is due to an unresolved merge conflict in branch #1234.
223;positive;Great work on resolving the CI failure, merging #123 successfully restored the build pipeline to its original state with minimal downtime.
530;neutral;I'm experiencing a failure in the nightly CI build due to an unresolvable import error in the `utils` module.
458;neutral;Please verify the latest changes in PR #1234 to confirm if they resolve the reported issue with Jenkins build failures.
425;neutral;The latest changes in PR #1234 cause a compilation error on macOS due to an unresolved dependency conflict with the new library version.
325;neutral;I've added a test case to cover the edge case in `utils.js` where `fetchData()` returns null. Please review.
535;neutral;Can you reproduce the failed CI on branch dev-release-1.2? The latest Jenkins log shows an error in the Maven build process.
10;positive;Nice fix on #1234! The updated build script now successfully resolves the Maven dependency conflict.
250;positive;This fix for the Travis CI failure should resolve the issue. Re-running the build with updated dependencies yielded successful results.
23;positive;The updated dependency version in PR #123 has resolved the build conflicts and is now successfully compiling on all target platforms.
357;neutral;I've identified a potential issue with the latest build on branch 'dev' due to incompatible dependencies in package.json.
222;positive;Just successfully integrated the pull request #123 with the master branch and all tests are now passing without any errors.
606;negative;The latest PR #123 introduces a faulty regex pattern in the auth module, causing failed login attempts and multiple `500 Internal Server Error` responses.
773;negative;PR #123 still fails unit tests due to unresolved dependencies on outdated versions of jQuery and React.
884;negative;PR #123's changes introduced a critical regex conflict that caused the build process to fail on 3 out of 4 CI nodes yesterday.
533;neutral;I've encountered a failing test in the latest build. Test case 'login_credentials' is failing with error code 401.
341;neutral;The failing test `test_connection.py` in the latest commit reveals an incorrect connection string. Review the database configuration.
750;negative;PR #123 regression confirmed. Integration tests failing due to unupdated dependencies. Revert changes or update dependencies ASAP to prevent further breakage.
524;neutral;PR #123: I'm experiencing issues with the build process. The 'make' command is failing to resolve dependencies in the subdirectory.
204;positive;The updated dependency resolver has been successfully integrated into the main branch. Automated tests for this feature are passing as expected.
238;positive;Your fix for the CI failure has been successfully merged into master. Test suite is now passing with no regressions.
94;positive;PR #12 is successfully merged and the code review comments have been addressed. Unit tests are now passing as expected.
539;neutral;I've reproduced the failed Jenkins build on branch 'dev' and found that it's caused by an outdated Maven dependency.
446;neutral;I've reviewed the failing PR #123 and found that the updated build script is causing a conflict with an existing dependency. Can we refactor?
683;negative;CI failure: failed to resolve dependencies on Node.js 14 due to incompatible package versions in the latest update.
285;positive;The updated Dockerfile in PR #123 fixes the build error and passes all tests successfully. Good job on the refactor!
185;positive;The updated README file in the latest pull request #123 resolves dependency conflicts and improves build stability.
800;negative;PR #123's changes broke the nightly build due to incompatible dependency versions, causing multiple unit tests to fail.
435;neutral;Can you investigate the failure in CircleCI build #1456 due to missing Maven dependencies in the project's pom.xml file?
736;negative;The latest build still fails due to unresolved circular import issue in libA, preventing successful deployment to staging environment.
154;positive;I was able to reproduce the fix from #123 and it resolves the issue with the failing unit tests on CI successfully.
76;positive;The CI pipeline rebuild was successful. Tests passed on master branch without any failures.
880;negative;PR #123 failed due to outdated Docker image. Please update the version to 20.10.7 and retry.
555;neutral;Can you clarify the error message in commit #1234 and provide more details about the failed unit tests?
278;positive;Great fix in #123! Your patch to CI configuration resolved the build failure and improved overall pipeline stability. Well done!
69;positive;PR #123 is looking good after rebase. Test coverage has increased by 5% and all unit tests are passing now.
569;neutral;Can you update the `docker-compose.yml` file to use the latest version of Node.js for the application container?
189;positive;Just reviewed PR #123 and it looks great! Your changes to the logging module resolved the issue #456. Good work!
272;positive;Just reviewed the fix for #123 and I'm glad to see it addressed the faulty regex in the parser.
668;negative;PR #1234 is still failing due to unresolved compilation errors in the `kernel` module. Needs immediate attention to prevent project regressions.
560;neutral;The Jenkins CI build for branch feature/new-login is failing due to an unresolved dependency with version 3.2.0 of library XYZ.
237;positive;Just verified the fix in #1234 and it successfully resolves the `NullPointerException` in the login feature. Builds are also green now.
89;positive;The updated PR #123 is successfully integrating the new caching mechanism into the backend. Builds are now passing with minimal overhead.
793;negative;CI build fails due to outdated dependencies in main branch. PR #123 breaks production build with latest changes.
118;positive;Great job on fixing the circular import issue in #42! The updated code now successfully builds and passes all unit tests.
126;positive;Great job on resolving the `CI` failure due to outdated node version. Builds are now green.
738;negative;The latest PR #123 breaks the production build due to an unresolved circular dependency in libA and libB.
290;positive;The recent refactor of the CI pipeline has improved build times by 35%, meeting our performance goals for Q2.
239;positive;Nice fix on #123, simplifies the caching mechanism and reduces memory usage by 20% in production.
1;positive;The recent CI fix has resolved the flaky test issue and improved overall pipeline stability. Kudos to @contributor on a great patch!
891;negative;PR #12 is causing the CI to fail with a NullPointerException in the `utils` module due to an unresolved dependency issue with Jackson v2.13.
602;negative;The latest build failed due to an unresolved conflict between v2.1 and the updated dependencies in package.json.
856;negative;CI builds failing due to incompatible dependency versions. Downgrade spring-boot-starter-web to 2.3.10.RELEASE in `pom.xml` to resolve issue.
396;neutral;The CircleCI build for branch 'main' is failing due to an unresolved dependency on `jquery@^3.6.0`. Please investigate.
536;neutral;The latest PR #1234 introduces a minor conflict with the `mysql` dependency. Please verify the updated package.json file.
127;positive;The recent PR for caching dependencies has significantly improved build times. Well done on identifying and addressing the bottleneck.
279;positive;PR #123 fixes the intermittent CI failure on Linux, ensuring consistent build results and meeting our deployment requirements.
697;negative;PR #12 causes segmentation fault due to incorrect pointer handling in `libutils.c`. Needs immediate attention for production readiness.
117;positive;PR #123 has successfully resolved the database connection issue. Automated tests are now passing and CI pipeline is green.
229;positive;The updated CI pipeline is now successfully building the project with latest dependencies resolved. Further tests are passing as expected.
814;negative;PR #1234 is still failing due to unresolved `TypeError` in `utils.py`, causing downstream failures in the build process.
661;negative;PR #123 fails due to unresolved dependencies between A and B libraries. Rebuild with correct package versions is required.
58;positive;Fixed the memory leak bug in the `main` function. Test results show significant performance improvement.
785;negative;PR #123 introduces a null pointer exception in the parser. Regression tests for edge cases failed.
275;positive;The recent fix to the CI pipeline has improved build times by 35% and successfully resolved the failing test case in PR #123.
319;neutral;Can we confirm if the recent `npm install` issue is related to the updated `package.json` file in the latest PR (#1234)?
631;negative;PR #1234's changes broke the CI pipeline due to unresolvable dependencies between `lib1` and `lib2`. Please revise.
145;positive;Great job on resolving the circular import issue in commit #1234. The fix has been successfully tested and is now merge-ready.
714;negative;The recent CI build for branch 'dev' failed due to unresolved dependencies in the updated 'package.json' file.
596;neutral;Could you please clarify the expected behavior of the failing unit test `test_user_authentication` in the latest commit 123456?
817;negative;The recent pull request #1234 introduced a critical bug in the build pipeline, causing nightly tests to fail consistently since last Friday.
782;negative;PR #123 fails due to incompatible dependency version, causing build error. Reverting to previous version resolves the issue.
370;neutral;Can you please investigate why the failing test `test_api_connection` is still present in the latest build?
269;positive;Successfully merged PR #1234. Tests pass with updated dependencies.
629;negative;PR #123 fails to compile due to unresolved dependency conflicts with latest framework release. This breaks production and dev builds.
308;neutral;@author I've noticed that the recent merge of #123 has caused a regression in the Jenkins CI pipeline for branch 'dev'.
424;neutral;PR #123: unable to reproduce failure on main branch after re-running `npm install && npm run build` successfully
311;neutral;The recent commit to master branch breaks the continuous integration pipeline due to an unresolved dependency conflict with `lib1`. Review PR #1234 for resolution.
355;neutral;Can you clarify why the Jenkins pipeline is failing due to an invalid 'npm install' command in the deploy stage?
47;positive;PR #123 fixes the circular dependency issue in `utils` module, allowing for successful compilation and reducing build time significantly.
350;neutral;I'm seeing intermittent failures in the `ci/test` pipeline due to issues with `numpy` dependency version 1.22.0.
372;neutral;Can you reproduce the failing unit test `test_api_endpoint` in the latest master branch? CI logs indicate an intermittent failure.
480;neutral;PR #123's changed dependencies are causing conflicts with existing code. Could you please investigate and update the affected files accordingly?
581;neutral;The failing CI job on the master branch reports an error in the `dependency_resolver` module. Can you review and update the code?
262;positive;Great job on resolving the #44 build issue! Your fix for the `npm` dependency has improved overall project stability.
196;positive;Just tested the updated dependencies and the CI build is now passing as expected. Great work on resolving the issue!
900;negative;PR #123 introduces a null pointer exception in the `util` module due to an unhandled edge case. Needs re-examination.
751;negative;The recent PR #1234 introduces a severe regression in the deployment pipeline. Failure rates have increased by 300% since its merge.
108;positive;Just tested the latest fix for #123 and it resolves the issue with Docker container building. CI pipeline is now passing successfully.
876;negative;PR #123 failed due to unmet dependencies. @author, please ensure all required packages are updated before re-submitting.
60;positive;The recent fix for the dependency issue has resolved the build failures and all tests are now passing successfully.
692;negative;PR #123 fails to merge due to unresolved conflicts in lib/utils.js. Unable to reproduce locally.
264;positive;PR #123 has successfully resolved the critical memory leak issue. Unit tests are now passing for all branches.
573;neutral;PR #123 still fails on Linux due to missing dependencies in Dockerfile. Could you investigate and update the container setup?
101;positive;Great job on resolving the CircleCI build issue. Automated tests are now passing with no errors.
444;neutral;I'm experiencing intermittent failures on the nightly build for branch `dev` due to issues with the CircleCI configuration.
491;neutral;The recent changes in PR #123 have caused a regression in the unit tests for the `login` feature. Further investigation is required.
612;negative;CI build failed due to missing dependency on Node 14.0.1. Please update package.json to resolve the issue.
807;negative;CI pipeline is failing due to an incompatible version of the `numpy` dependency in the `requirements.txt` file. Review the logs for details.
799;negative;The latest CI build failed due to an unresolved `TypeError` in the `utils.py` module. Please investigate and address this issue ASAP.
170;positive;Great fix! PR #1234 looks solid. Automated tests pass with updated dependency on latest version of Node.js.
180;positive;Great fix for the #16 CI failure! Your update to `package.json` resolved the issue. Tests are now passing with success!
305;neutral;Error in CircleCI pipeline due to incompatible Node.js version. Please update the .yml file to use compatible node: 14.
342;neutral;The Jenkins build failed due to missing dependencies in the Maven pom.xml file. Please investigate and update the repository.
868;negative;The latest merge of #123 introduces a regression in the API endpoint /users, causing 500 errors on production.
150;positive;Great job on resolving the CI build issue (#123). Automated tests are now passing and project is deployment-ready.
125;positive;The fix for #1234 has been merged and the failing tests have been re-run successfully. All builds are now passing.
709;negative;PR #123 regression introduced in latest commit, causing test suite failures. Revert commit or investigate root cause for fix.
51;positive;The recent fix for the memory leak in `lib/util` has successfully reduced CPU usage by 25%, as confirmed by latest benchmark tests.
354;neutral;PR #123: Dependency update for `react` library is causing build failure due to outdated version
831;negative;PR #123's changes broke the CI pipeline. The unit tests for `moduleB` are now failing due to unmet dependencies.
143;positive;The recent PR #1234 fixes the memory leak issue, verified by passing all unit tests and integration tests successfully.
471;neutral;I've noticed the latest commit to `PR #123` introduces a duplicate method in `utils.py`, which may cause conflicts with future updates.
400;neutral;Can we take a closer look at the recent build failure on branch 1234 due to missing dependency com.example.lib:1.2.3
852;negative;PR #12 is still failing due to unresolved conflict between updated dependencies. Build artifacts show inconsistent signatures.
321;neutral;Can you add a test case for the edge scenario in `calculate_max_value` function to cover potential integer overflow bug?
20;positive;PR #123 successfully merged and deployed to production with no issues reported. Unit tests and integration tests passing as expected.
812;negative;PR #123 still causes fatal error on Windows builds due to missing manifest file, needs urgent fix to prevent further crashes.
713;negative;CI build failed due to unresolved conflict in `lib/utils.js` causing `TypeError: Cannot read property 'length' of undefined`.
729;negative;PR #123 failed due to unresolvable dependency conflict between v1.2 and v3.5 versions of libxyz.
408;neutral;PR #123 introduces a breaking change in the `dependency_manager` module. Can we review the affected tests in branch `feature/new-dependency-system`?
822;negative;PR #123 fails due to unresolved conflicts in `main` branch. Merge errors persist after manual resolution attempts.
39;positive;Great job on resolving the Jenkins build failure! Your fix for the Gradle dependency issue is now merged into main.
176;positive;The fix for #42 has been successfully merged into the master branch and should resolve the CI failures in our Jenkins environment.
246;positive;The recent fix to the Jenkins build script has resolved the intermittent compilation issues, allowing for smoother deployment.
747;negative;The latest build failed due to a version mismatch in the dependencies. The build server log shows an error at line 345.
607;negative;PR #123's changes introduce an inconsistent naming convention in the module, causing downstream compilation failures.
680;negative;CI failure due to outdated dependencies in branch master. Please update `npm` and rebuild the project.
771;negative;The latest build is failing due to an unmet dependency on libxml2. Version 3.5 is required, but it's currently set to 3.4.
155;positive;Great catch on the regex pattern in #12. It's now fixed and the CI pipeline is passing again.
288;positive;The recent CI changes have successfully resolved the packaging issue. Build 1234 is now passing all tests and is deployable.
545;neutral;The recent PR #1234 introduced a regression in the unit tests. The test suite now fails on all Linux builds.
18;positive;Great catch on the CI pipeline issue! Your fix for the failing test is spot on and has passed successfully in the latest run.
128;positive;Just tested the fix for #123 and it resolves the memory leak issue in the CI pipeline. Everything is passing now.
323;neutral;The recent change in `package.json` is causing the build process to fail. Can you review and update the package version?
256;positive;Successfully integrated PR #1234 and resolved the circular import issue in the dependency manager. Builds are now passing consistently.
597;neutral;The Jenkins pipeline for the latest PR #123 is failing due to a missing dependency on `node-sass` version 4.11.0.
866;negative;PR #123 breaks continuous integration due to unresolved dependency conflicts on node_modules directory.
191;positive;Nice fix on #12! Your changes to the `build.gradle` file resolved the Gradle build error. Thanks for your contribution!
116;positive;Great work on fixing the CircleCI build failure! Your changes to the `package.json` resolved the issue.
558;neutral;Can you provide the stacktrace for the failing unit test in `test_math_utils.py` to help diagnose the issue?
181;positive;PR #12 is successfully merged. Unit tests are passing and the CI pipeline is green.
302;neutral;Regarding CI failure on branch 'dev' due to unresolved dependency issue with 'npm package v1.2.3' in the latest commit #1234
685;negative;PR #123 introduces a deadlock in the master branch due to unaligned lock acquisitions on shared resources, causing frequent CI failures.
644;negative;The latest build is failing due to an unresolved dependency conflict in `package.json`. This needs to be resolved ASAP.
733;negative;PR #123 fails due to unresolvable cyclic dependency between modules A and B. This blocks the entire CI pipeline.
621;negative;The latest PR #123 causes a fatal error in the integration test suite due to an incompatible dependency version.
839;negative;PR #12's changes caused the CI pipeline to fail due to incompatible package versions.
518;neutral;The `CI/CD pipeline` is failing due to a `DependencyResolutionException`. Please check the `build.gradle` file and update the `Kotlin` version.
885;negative;PR #123 still fails to compile due to unresolved dependency conflicts with latest SDK update. Needs manual resolution ASAP.
46;positive;Great job on resolving the CI pipeline issue! The latest build is now passing with all tests succeeding.
815;negative;PR #123 breaks continuous integration due to unresolved dependencies in vendor/lib. Please investigate and address the issue to prevent further build failures.
158;positive;The fix for issue #123 is merged and passing all tests. Updated dependencies also resolve the build failure successfully.
671;negative;PR #123 breaks CI pipeline due to outdated dependencies, causing failed builds on Jenkins and GitHub Actions environments.
172;positive;Great catch on the broken Jenkins build! Fixing the npm install issue resolves the error and gets us back online.
17;positive;Just tested the fix in #123 and it resolved the CI failure. Build is now passing smoothly.
512;neutral;I'm experiencing intermittent failures in the `build.gradle` file due to inconsistent versions of the `com.android.tools.build:gradle` dependency.
49;positive;Great job on resolving the memory leak in the `ci/build.py` script. The automated tests now pass without errors!
883;negative;PR #1234's refactor caused a regression in the CI pipeline. Test suite is failing on 3 out of 5 nodes due to an unmet dependency.
756;negative;Build failure due to missing `libssl-dev` dependency on Ubuntu 20.04 is not caught by our current Docker container testing setup.
516;neutral;Unable to reproduce CI failure on branch feature/new-login. Could you provide more details about your environment and config settings?
622;negative;Regression bug reintroduced in latest PR #1234: failed tests in `ci/build` pipeline due to incompatible version of dependent library.
481;neutral;I'm getting a `NullPointerException` in the `build.gradle` file when trying to install dependencies. Could you take a look?
284;positive;Great job on resolving the #23 CI failure due to outdated dependencies. Build is now passing smoothly!
594;neutral;PR #1234 still failing due to unresolved dependencies. Investigate 'npm ls' output for conflicts with `react` and `angular`.
226;positive;The PR#1234 fix for the memory leak has been successfully merged and its effects are now visible in the CI pipeline.
27;positive;The latest PR to refactor the caching mechanism has successfully reduced average build times by 23% and improved overall application performance.
705;negative;PR #123 fails due to unresolvable import conflicts with updated dependencies, cannot merge without manual intervention.
438;neutral;Can you add more error handling to the `build.gradle` file for the Jenkins CI pipeline to prevent failed builds?
853;negative;PR #123 fails to compile due to missing header file inclusion in `src/main.c`, causing linker errors and preventing code execution.
365;neutral;The integration test for `feature/new-api` is failing due to an unexpected response from the new dependency `lib/external`.
230;positive;The recent CI pipeline update has successfully resolved the failed build issue, and all tests are now passing as expected.
38;positive;Great catch on the typo in `README.md`, @username. Your pull request fixes it nicely and improves code readability.
867;negative;The latest PR #1234 is causing a test suite failure due to an undefined reference in the `utils` library.
375;neutral;The recently merged PR #123 introduces a known regression in the CI pipeline. The test suite fails on the `linux-x86_64` platform.
470;neutral;PR #123 introduces a breaking change in the `calculation` function. The updated implementation is available for review.
869;negative;CI failure on branch 'main' due to unresolved dependencies in package.json, unable to proceed with deployment
765;negative;PR #123 breaks the build due to incompatible library versions, causing compilation errors and failing tests.
657;negative;PR #1234 is still failing due to unresolved dependencies between libA and libB. This needs to be addressed ASAP for a successful merge.
195;positive;Fixed the regression issue in CI pipeline with updated Docker image version. Builds now pass successfully on all supported platforms.
767;negative;The latest build is still failing due to an unresolved issue with the dependency injection container configuration.
826;negative;The latest PR for Jenkins integration is causing the CI pipeline to fail due to incompatible Maven versions.
504;neutral;I'm experiencing a failed build on the master branch due to an unresolved dependency conflict in package.json file. Can we investigate further?
871;negative;CI pipeline is failing due to outdated dependency on `jquery` which has been deprecated since version 3.5
865;negative;PR #1234 fails due to missing semicolon in line 345 of src/main.c. Please investigate and provide a corrected patch.
580;neutral;I've added a new test case to the `ci/branches` pipeline to cover the latest SDK update. Please review the updated code.
870;negative;CI failure on `main` branch due to missing dependencies in `package.json`, causing failed builds for the past 3 days.
163;positive;The latest PR (12345) resolves the critical issue with Jenkins build stability. Test coverage is now 95% as expected.
636;negative;This PR's changes broke the unit tests for `login` function. Needs rebase to fix failing assertions in `auth.py` file.
153;positive;Thanks for addressing the circular import issue in PR #123. The updated code now passes all unit tests successfully.
617;negative;CI failed due to outdated dependencies. Removing node-v16 and reinstalling requires manual intervention in package.json.
635;negative;The latest build is failing due to an unresolved dependency conflict in the `node_modules` directory.
681;negative;PR #123's implementation of caching causes intermittent CI failures due to incorrectly synchronized cache invalidation logic.
112;positive;Great job on resolving the flaky Jenkins build issue. The CI pipeline is now stable and tests are running smoothly again.
227;positive;The latest build fix in PR #1234 has resolved the intermittent compilation issues, and all tests are now passing successfully.
623;negative;PR #123 fails due to unresolved merge conflict in `src/main/java/App.java` file. Rebuild required to resolve.
104;positive;Great catch on the test suite update! The new code is correctly handling edge cases in production, thanks for your diligence!
422;neutral;The recent CI run failed due to an unresolved dependency issue with the `axios` library. Please investigate and update the package version.
420;neutral;Could you please clarify the impact of this failing unit test on our CI pipeline and the dependent feature branch?
587;neutral;The test for the login feature is still failing due to an incorrect API endpoint being used in the test configuration.
120;positive;Great job on resolving the Jenkins CI failure! The changes in PR #123 have successfully stabilized the build process.
54;positive;PR #123 merged successfully, unit tests passing. Build 456 now stable and deployed to prod environment with no issues reported.
152;positive;Your fix for issue #1234 has been successfully merged into master branch. Unit tests are now passing.
404;neutral;The failing test `test_example.py` is due to an incompatibility with the updated `numpy` version. Re-running test suite after downgrading numpy.
848;negative;The latest PR (1234) has caused the Jenkins build to fail due to an incompatible library update, resulting in broken dependencies.
208;positive;Test case for edge scenario added in commit f4b3c7d, successfully passing on both Linux and macOS environments.
759;negative;The latest build is still failing due to unmet dependencies in the `dependencies.json` file, identical issue persists since last week's update.
854;negative;This PR introduces a critical regression in the build process. The failing tests in `build/deps` are still not addressed.
9;positive;PR #123 has successfully resolved the memory leak issue. CI tests are now passing with improved code coverage.
760;negative;PR #1234 breaks continuous integration due to incompatible library version, causing test failures and deployment issues.
37;positive;Great job on resolving the Travis CI build failure issue. The updated Docker image is now successfully deployed in production.
453;neutral;The recent PR #1234 introduces a breaking change in the build pipeline. Can you update the deployment script accordingly?
254;positive;PR #123 merged successfully, fixing critical issue with authentication flow. Unit tests and integration tests passing as expected.
304;neutral;I've added the missing `ci_config.yml` file to the project. Can you review and confirm it's correctly integrated with CircleCI?
673;negative;PR#12's updated build script fails due to incompatible Java version, causing subsequent deployment failures and unexpected errors in production.
572;neutral;The latest PR #1234 introduces a breaking change in the `utils` module, requiring updates to dependent components.
624;negative;CI failure on master branch due to unresolved #123 regression. Build logs indicate invalid schema causing errors in database integration.
690;negative;PR #123 fails due to unmet dependency requirement for `libxyz` version 1.2.3. Update package.json or revert commit 9876543210.
651;negative;Build failure on master branch due to incompatible version of `numpy` causing `ValueError` in `data_processing.py` script.
263;positive;PR #12345 looks good to merge, fixes critical bug in login functionality. Unit tests pass with updated dependencies.
611;negative;PR #123's changes caused the CI pipeline to fail due to an unresolved dependency on 'libv8'.
298;positive;PR #1234 looks good to merge after addressing the edge case issue. Unit tests are also passing with updated dependencies.
415;neutral;I noticed the latest commit on PR #123 breaks the `build.gradle` file. The Gradle cache seems to be out of sync.
151;positive;The recent PR #1234 successfully resolves the memory leak issue in the API endpoint, verified through automated testing and CI pipeline.
711;negative;PR #123 is causing a failing CI pipeline due to an incompatible dependency update.
797;negative;PR #1234 is still failing due to unresolvable package conflicts, causing continuous integration failures on the staging server.
551;neutral;I've encountered an issue with the `latest` dependency in the `feature/new-feature` branch. The build fails with a `Segmentation Fault` error.
489;neutral;Could you please investigate why the latest changes in PR #123 broke the build on branch 'dev'? The pipeline is failing at step 5.
148;positive;The recent fix for the pagination issue in PR #123 has resolved the related test failures in our CI pipeline successfully.
147;positive;Your fix for #1234 has resolved the NPE in Jenkins builds. Unit tests are now passing successfully with new code changes.
652;negative;The latest PR breaks the CI pipeline due to incompatible dependencies in the new library.
834;negative;The CircleCI build is still failing due to an unresolvable error in the `node_modules` directory.
667;negative;PR #123 fails due to unresolved dependency conflict with recent update of `numpy` library, causing build errors in multiple tests.
349;neutral;Can you verify if the issue with Build #1234 is related to the updated dependencies in commit 9876?
464;neutral;Could you please investigate the failing test `test_api_endpoint` in the latest PR #1234?
326;neutral;Could you please clarify the expected behavior for the `build.gradle` configuration in PR #123? It's unclear what's causing the compilation error.
187;positive;Just tested the fix in PR #123 and it resolves the issue with failing unit tests on Windows 10.
124;positive;PR #1234 is merged successfully. Automated tests are passing and the fix for issue #456 has been verified.
766;negative;CI pipeline failed due to unmet dependencies in the latest build. Needs reevaluation of version constraints for `libfoo`.
609;negative;PR #123 still fails CI with the same `NullPointerException` on line 345 due to unresolved `dbConnection` issue.
144;positive;PR #123 successfully merged. Builds are now passing on all platforms without errors. Well done on addressing the CI failures!
860;negative;PR #1234 fails due to unresolved dependencies, causing downstream builds to fail. This needs immediate attention to prevent further delays in the release schedule.
198;positive;Great fix on #123 for the memory leak issue. The updated code looks good and should resolve the problem.
610;negative;The recent pull request #1234 introduces an incompatible dependency on outdated libv8, causing nightly builds to fail.
280;positive;PR #123 successfully merged and automated tests are passing. This resolves the issue with dependency 'libA' and improves overall build stability.
294;positive;Great job on resolving the database connection timeout issue in pull request #123. Build 456 is now passing successfully.
401;neutral;PR #123 introduces a minor regression in the unit tests for the `math_utils` module. Re-running tests with updated dependencies resolves the issue.
123;positive;Your patch for fixing the memory leak in `lib/utils` is successfully merged into master. Automated tests are passing as expected.
184;positive;PR #123 resolves the deadlock issue in master branch. Successfully merged and verified with updated CI logs.
203;positive;The recent CI pipeline fix has successfully resolved the build failure on branch 'release/2.1', all tests are now passing.
439;neutral;Could you please investigate the failing test in the latest branch? Test name: `test_user_authentication`
247;positive;PR #1234's changes to Dockerfile resolved the build issue on Jenkins. Test suite is now passing consistently.
416;neutral;I've noticed the `latest-build` job is failing with an exit code 1 due to missing dependencies in the Docker image.
796;negative;CI failure on master branch due to broken dependency `json-lib` version 1.2.0 causing invalid character encoding errors.
130;positive;Regression tests for updated dependencies have passed successfully. Build 1234 is now stable and ready for deployment.
638;negative;PR #1234 is still failing CI due to unresolved `dependency Hell` issues. Automated tests are also breaking.
403;neutral;The recent PR #123 fails to compile due to an unresolved circular dependency between modules A and B.
707;negative;The latest build is failing due to an unresolved conflict with the 'npm install' step in the deployment script.
695;negative;CI failure due to missing Gradle configuration in `build.gradle`, causing `pom.xml` validation errors.
818;negative;PR #1234 causes CI failure due to incompatible dependency version. Can't proceed without resolving this critical issue.
220;positive;Great job on fixing the CI pipeline issue in #123. The recent changes have significantly improved the build stability and reliability.
642;negative;The recent PR #12345 introduces a null pointer exception in the login functionality. Unit tests are failing across multiple platforms.
820;negative;This PR introduces a critical bug in the dependencies, causing a recursive compilation error. Needs urgent review and fix.
678;negative;This build's failure is due to the outdated `json` library version 2.0.3 in our dependency list, causing invalid JSON parsing.
823;negative;The latest build is failing due to an unresolved dependency conflict between Spring and Hibernate in the master branch.
625;negative;PR #1234 still fails due to unmet dependencies, causing downstream build failures and impacting release schedule.
754;negative;The integration test for user authentication is failing due to an invalid JWT token issue, cannot proceed with the release candidate.
686;negative;PR #123 fails to merge due to incompatible dependencies between `moduleA` and `moduleB`. Review of code changes is needed.
387;neutral;Can you provide more context about the failed CircleCI build #123? The error log is pointing to an outdated dependencies issue.
873;negative;Failing to upgrade dependencies is causing the build to fail. Please update `npm` and retry.
510;neutral;I'm experiencing intermittent failures on the Jenkins CI for the `feature/new-api` branch. The error log indicates a timeout issue with the Gradle build.
268;positive;Great job on resolving the Jenkins build failure. Updated dependencies should resolve the issue. Please verify the CI pipeline is passing now.
755;negative;PR #123 breaks continuous integration due to unresolved dependency conflicts with upstream packages.
442;neutral;I've identified the source of the issue in the `build.gradle` file. The version conflict between dependencies is causing the compilation error.
497;neutral;Could you please investigate the failing Jenkins job #1234 for the 'release/1.2' branch and provide an update on the necessary changes?
113;positive;Great catch on the CI failure! The revised build script is working as expected. Test suite now passing with updated dependency version.
233;positive;PR #123: Successfully merged and the code review changes have been incorporated. The build is now green.
781;negative;CI failures persist due to outdated dependencies in branch 'feature/new-api' causing integration tests to fail repeatedly.
608;negative;The recent refactor of the `utils` module has introduced a regression in the Jenkins build process. The failing tests are `test_math_utils` and `test_string_utils`.
672;negative;CI is failing due to an unresolved merge conflict in branch `feature/new-login-system`. Resolving it manually is not possible.
374;neutral;Could you verify if the failed unit test `test_api_endpoint` is due to the recent dependency update in #123?
882;negative;The latest PR introduces a deadlock issue in the async API handler, causing frequent 500 errors and slowing down the entire pipeline.
758;negative;PR #123 failed due to unmet dependency requirements. Need to update npm version and re-run installation script.
234;positive;The recent changes to the build script have successfully resolved the intermittent `npm install` failures in the CI pipeline.
708;negative;CI failure due to missing transitive dependency on `npm install` caused by updated `package-lock.json` file.
677;negative;This CI failure is caused by an outdated version of `npm` in the `package.json`. Update to v7.10.0 to resolve.
318;neutral;The CircleCI build is failing due to an incompatible version of the `log4j` dependency in the `lib` module. Investigate this further.
649;negative;PR #234 still fails due to unresolvable dependency conflict with package 'lib1' and 'lib2', needs manual override in Dockerfile.
411;neutral;Can we review the recent commit changes in pull request #123 to ensure there are no unintended side effects on the production API?
874;negative;The latest PR (#1234) is failing due to an unresolvable conflict with the upstream library version, breaking our internal API.
359;neutral;The CircleCI build is failing due to an unresolved conflict between master and feature/new-feature branches in the code repository.
259;positive;Just tested the latest PR #1234 and the continuous integration pipeline is now successfully building and deploying to production.
628;negative;The latest build fails due to an unresolved issue in `libpng` dependency causing a segmentation fault in `image_processing_test`. Please investigate.
633;negative;PR #123 fails to build due to missing dependencies on macOS. This breaks the continuous integration pipeline.
283;positive;The recent fix for issue #1234 has successfully resolved the circular import bug. Build results show improved stability with minimal performance impact.
377;neutral;The failing test in the `test_api` suite is caused by an incorrect assumption about the response format of the `/users` endpoint.
385;neutral;I'd like to see the updated `test_login_user()` function in PR #1234 to handle edge cases for failed login attempts.
225;positive;The recent fix to the Jenkins pipeline has resolved the intermittent deployment failures. Build 1234 is now successfully deployed to prod.
855;negative;Build failure at commit hash A1234567: `npm install` fails due to incompatible node-sass version 5.0.0.
737;negative;PR #123 causes intermittent unit test failures due to an incorrect assumption in the mocking framework. Revert changes and re-run tests.
473;neutral;PR #1234's recent changes seem to have introduced a failure in the nightly tests. Investigating possible causes now.
348;neutral;Can you review the failing build on branch `dev/new-feature` due to unresolved dependency issues with `npm install`?
506;neutral;PR #123 introduces a memory leak in the data processing pipeline. The issue can be reproduced with the provided test case.
640;negative;PR #123 fails to compile due to missing semicolon in line 456, causing `undefined symbol` linker error.
888;negative;PR #123 fails CI due to unmet dependencies. Version 1.2 of `libx` is missing required functions.
850;negative;The latest merge of PR #1234 has caused a regression in the unit tests for the `fetch_data` function, failing with error code 500.
811;negative;CI pipeline failed due to unresolvable dependency conflicts on line 345 of build.gradle, unable to merge changes.
620;negative;PR#12's updated dependencies cause a build failure in Jenkins due to incompatible package versions.
768;negative;The latest PR #123 introduces a critical issue with the build process. The `build.gradle` file is incorrectly configured.
646;negative;PR #123 fails due to missing semicolon in line 456 of file main.cpp. Regression introduced in last commit. Review is required.
761;negative;The recent PR #1234 caused a build failure due to incompatible dependencies in the new framework version.
557;neutral;The Jenkins build for the master branch is failing due to a missing required library. Review the `build.gradle` file for the correct configuration.
859;negative;The latest build still fails due to unresolved dependency conflicts in `package.json`, need to revisit the merge of #1234
578;neutral;I've reviewed the recent PR #1234 and noticed a potential issue with the updated dependencies in package.json.
86;positive;Your PR update resolves the circular import issue in our dependencies. The code compiles successfully with this adjustment.
243;positive;PR #12 addressed the concurrency issue and improved performance. Successfully merged into master branch with updated CI pipeline.
699;negative;Regression introduced in commit #1234 is causing CI failures on branch `dev` due to incompatible changes in library `A`. Please review and revert.
160;positive;The recent PR #1234 successfully resolves the CI failures on the master branch. Builds are now passing smoothly with updated dependencies.
525;neutral;I'm experiencing issues with the latest build on CircleCI due to an unresolved dependency conflict in the `package.json` file.
36;positive;The recent fix for the authentication bug in #1234 has been successfully deployed and is now resolving user login issues.
541;neutral;I'm experiencing issues with PR #123. The CI build is failing due to an unresolved dependency conflict between package A and B.
171;positive;PR #123 resolves the memory leak issue by optimizing buffer sizes. Test suite now shows 100% success rate with additional edge cases.
655;negative;Error occurred in CI pipeline due to invalid JSON response from API call, causing downstream tests to fail.
878;negative;The recently merged PR #1234 has introduced a critical bug in the build process. Failing to address this will cause subsequent releases to fail.
762;negative;CI pipeline is failing due to incompatible package versions. Dependency resolution is not being properly handled.
847;negative;The latest PR breaks the continuous integration pipeline due to incompatible package versions. Needs review and rebasing.
734;negative;PR #12's latest commit causes test suite failure in Travis CI due to missing semicolon in JavaScript file. Need re-deployment.
96;positive;The fix for #1234 is merged and passing all CI checks. Build artifacts are updated accordingly.
564;neutral;Can we revisit the failed Jenkins build on branch `feature/new-api` and investigate the cause of the `/usr/bin/env: node: No such file or directory` error?
241;positive;Great work on resolving the CircleCI failure! The updated Dockerfile and .yml configuration are now successfully building the project.
575;neutral;I've encountered a failing test in the `validate_username` function. Could you take a look at it and ensure its correctness?
691;negative;PR #123 causes compilation failure due to outdated `numpy` version. Reverting changes from commit 456789 results in stable build.
461;neutral;I noticed the latest build of master branch is failing due to an unresolved merge conflict in `lib/dependencies.json` file.
554;neutral;Regarding PR #1234, the additional unit test for login functionality is failing due to an incorrect dependency version in the project's `pom.xml` file.
787;negative;The latest build fails due to an incompatible dependency version conflict with the project's specified requirements.
207;positive;Great job on resolving the #123 CI failure due to outdated dependencies. Build is now passing with the updated node version.
393;neutral;PR #1234 builds successfully on Linux but fails with `gcc` compiler error: `/usr/bin/ld: cannot find -lgomp`.
398;neutral;Could you please investigate the failing test `test_functionality.py` which is causing the integration build to fail on Jenkins?
763;negative;PR #123 still causes CI failure due to unresolvable package conflict in dependencies.yml, requiring manual intervention each time.
218;positive;PR #123 has passed all tests and the deployment to production was successful. CI is now showing green builds.
5;positive;The recent fix for the circular import issue in PR #123 has been thoroughly tested and looks to resolve the problem successfully.
643;negative;PR #123 breaks continuous integration due to incompatible API changes in libA v2.0.1
805;negative;PR #123 is still failing due to unresolved `NullPointerException` in `UserDAO.java`, affecting multiple test cases.
613;negative;PR #123 breaks continuous integration due to incompatible dependencies in `package.json`, causing test failures in `appveyor.yml` and `travis.yml`. Revert changes.
739;negative;PR #123 breaks CI pipeline due to incompatible dependencies. Reverted changes introduced in commit 456789 caused by faulty merge.
547;neutral;Can we investigate why the unit tests for `auth.py` are failing due to `HTTPError 401` after latest changes?
726;negative;The latest PR introduces a regression in the build process. The `make install` step fails with a permission denied error on Ubuntu.
684;negative;CI pipeline failing on Jenkins due to unresolvable Docker image issues. Unable to rebuild successfully for the past 3 hours.
99;positive;The updated `CI/CD pipeline` configuration should resolve the recent failure to deploy the API. Please review and merge #1234.
728;negative;PR #123 failed to merge due to unresolved conflicts in `utils.py`, unable to proceed with deployment.
574;neutral;The build is failing due to an unresolved dependency issue with package 'libxml2', please investigate and update accordingly.
407;neutral;CI failure in build #1234 due to missing dependencies in `node_modules`. Please review and update package-lock.json.
503;neutral;Could you please verify the build configuration for the `release` branch after merging #1234? CI logs indicate a discrepancy.
48;positive;Verified that the recent fixes in PR #1234 have resolved the compilation issues on macOS and Windows.
33;positive;The updated PR #123 has passed all tests and successfully built on both Linux and Windows platforms with the latest dependencies.
201;positive;The latest build on the master branch is successful. No CI failures were reported. Great job on resolving the dependencies issue!
135;positive;Nice catch on the CI failure! I've updated the Dockerfile to fix the missing libssl-dev dependency. Builds should now pass successfully.
28;positive;Great job on resolving the CI failure with the latest dependency update. Build 1234 is now passing all tests.
789;negative;The recent PR to update dependencies caused the CI to fail with a `ClassNotFoundException` for an unused third-party library.
231;positive;The recent PR #1234 fixes the memory leak issue, and I've verified it passes all tests. Build 1.2.5 is now stable.
490;neutral;PR #123 introduces a regression in the `utils` module. The failing tests are `test_utils_import` and `test_utils_export`. Please investigate.
379;neutral;PR #1234 has been merged and updated documentation is available. Further testing of the fix can be done on the staging environment.
289;positive;Great job on resolving the failing CircleCI build! Your fix for the Jenkins integration is also much appreciated.
419;neutral;The CircleCI build failed due to missing `node_modules` directory in the `package.json` file. Re-running the build with correct dependencies.
675;negative;Failed to merge PR #123 due to unresolved conflicts in dependencies. Please rebase and resubmit with resolved issues.
392;neutral;Can you review the recent changes to the `package.json` file and confirm it aligns with our project's dependencies?
593;neutral;The CircleCI build for the main branch failed due to a missing dependency on `numpy` in the `requirements.txt` file.
499;neutral;I've noticed the `build.gradle` file has an outdated version of Kotlin Gradle Plugin. Can we update it to the latest version?
139;positive;The recent fix to the dependency resolver has significantly improved build stability. No issues detected in the last 5 continuous integration runs.
63;positive;The recent fix in pull request #123 has resolved the critical issue with Jenkins builds. Builds are now successfully deploying to production.
472;neutral;The test `npm run build` failed due to missing dependencies in the project's package.json file.
648;negative;This PR introduces a regression in the build process. The updated dependencies cause the compilation to fail consistently on Linux.
129;positive;PR #123 has passed CircleCI build successfully. Dependency update should be merged to fix the compatibility issue.
877;negative;PR #12 fails CI due to incompatible dependencies between `log4j` and `spring-boot-starter-logging`.
521;neutral;PR #123: The 'build.gradle' file is missing the 'java-17' platform specification which may cause compatibility issues.
65;positive;The recent changes to the build script have significantly improved the project's reliability. Well done on identifying and resolving the continuous integration issues.
15;positive;The recent fix to the memory leak in `dependencies/build.gradle` has successfully resolved the CI failure on Jenkins.
157;positive;The latest PR fixes the memory leak issue. All tests are passing and the build is green.
41;positive;The recent fix for issue #1234 has been successfully merged into the main branch and is now live in production with no reported issues.
493;neutral;I've updated the `README.md` to reflect changes in the dependency chain. CI has been rescheduled.
380;neutral;The latest CI build is failing due to an unresolved issue with the 'numpy' dependency, resulting in a TypeError in the 'math_utils.py' file.
188;positive;Just tested the fix in #1234 and it resolved the issue. Build is now successfully completing all tests on master branch.
764;negative;PR #123 fails to merge due to unresolved conflicts in `lib/utils.js`, causing downstream errors and breaking build process.
217;positive;Just verified the fix for #123 and the test suite is passing. The PR is ready for merge once reviewed.
792;negative;PR #123 failed due to unmet dependencies. Update requirements.txt and retry the merge.
53;positive;The recent fix for the `NullPointerException` in `utils.py` has successfully resolved the issue. All tests are now passing.
338;neutral;Can you provide the stacktrace for the failed CI build on branch `dev-123`? It's failing due to a `TypeError` in `app.py line 456`
749;negative;Build failure on master branch due to unresolved dependency conflict between `numpy` and `pandas` libraries in `requirements.txt`
720;negative;The latest PR commit #1234 still fails to resolve the CI issue with `npm install` failing due to missing dependencies.
725;negative;PR #123 causes a critical memory leak on Linux due to an unhandled exception in `libcurl.so` resulting in CI failure.
296;positive;Great work on resolving the `ci failures` due to missing dependencies in the `build.gradle` file. CI is now successfully passing.
702;negative;The recent PR #12345 introduces a critical bug in the authentication flow, causing unexpected errors in user sessions.
252;positive;The recent fix for issue #123 has resolved the build error on branch master. All automated tests are now passing.
727;negative;The latest PR commit breaks the continuous integration pipeline due to unmet dependency requirements in the `docker-compose.yml` file.
462;neutral;PR #1234 is causing a compilation error due to an incorrect dependency version. Please update the Dockerfile accordingly.
456;neutral;Could you add more logging to the `build` process to help diagnose the failed Jenkins job #1234
897;negative;The recent PR #1234 causes a fatal error on Linux due to unresolved linker issues with libstdc++.
270;positive;The recent build fix for the `libjpeg` dependency has resolved the compilation issue on Linux systems successfully, thanks to @johnDoe's patch.
202;positive;Just tested the latest build and it successfully resolves the caching issue as reported in #123. Build artifacts are now stable.
162;positive;Great catch on the memory leak fix in #1234! Your PR has been successfully merged and is now part of our latest stable release.
556;neutral;PR #123 is causing a conflict with the latest Jenkins build. The build failure is due to an unresolved dependency issue.
730;negative;PR #123 integration with Node v16 is causing a SIGABRT error in the Docker container. Unable to reproduce locally.
402;neutral;Can we verify the fix for commit hash #1234 in the latest nightly build, as it's still causing a segfault in our unit tests.
703;negative;CI pipeline is failing due to missing `numpy` dependency in requirements.txt, please review and update accordingly.
477;neutral;The `ci pipeline` is failing due to an incomplete `requirements.txt` file which needs to be updated with the latest dependencies.
772;negative;The recent commit to master has introduced a critical issue with the Jenkins pipeline, causing nightly builds to fail intermittently due to package conflicts.
106;positive;The recent refactor of the login endpoint has improved performance by 30% and successfully resolved the authentication timeout issue in production.
566;neutral;PR #123 failed due to unresolved conflicts with latest changes in master branch. Please review and update accordingly.
390;neutral;Regarding PR #1234, I've identified a conflict between `lib1` and `lib2` dependencies in the `build.gradle` file.
2;positive;Great job on fixing the memory leak in commit #1234! The updated code passes all CI tests and improves overall application stability significantly.
840;negative;PR #123 regression introduced in commit c9a2f3e, causes build failure due to incompatible package version change.
562;neutral;The failed CI build on branch `feature/new-api` is due to a missing dependency on package `@latest-version`, update the package list accordingly.
81;positive;Nice fix on #123 for the Docker build issue. Jenkins CI is passing now with updated dependencies installed successfully.
206;positive;PR #12345 resolves the memory leak issue and passes all tests. Ready for review and merge into master branch.
35;positive;The recent fix for the broken Jenkins pipeline has successfully passed all automated tests and improved overall build stability.
776;negative;PR #12 is still failing due to an unresolved dependency conflict with `react` version 18.0.1 in the `package.json` file.
509;neutral;The build error in `master` branch is caused by missing dependency on `node_modules/npm`. Re-run with npm update.
428;neutral;The latest CI run failed due to a missing dependency on `libxml2`. Please verify the build script.
455;neutral;The Jenkins build #123 failed due to an unresolved issue with the Maven dependency. Please investigate and update the project configuration accordingly.
367;neutral;This CI failure suggests an incompatibility between the latest dependency update and our build process. Can we investigate further?
92;positive;Your fix for the broken CI pipeline has been successfully deployed and is currently passing all tests. Well done!
340;neutral;I've noticed the `build.gradle` file is referencing an outdated version of `org.junit:junit`.
565;neutral;The recent CI failure on branch `main` is due to a missing dependency on `numpy`. Re-running the tests with updated dependencies resolves the issue.
346;neutral;Regarding CI failure on branch dev-1.4, the test case 'test_api_connection' is failing due to incorrect endpoint URL.
777;negative;The latest PR #123 fails CI due to unmet dependencies. Please address the missing `numpy` installation.
242;positive;Great fix! Your patch for #1234 resolves the flaky test issue and improves overall build stability. Ready to merge!
14;positive;Great job on resolving the CI pipeline issue. The updated config files successfully triggered the rebuild with minimal changes.
316;neutral;Can you please provide more context about the failing CI pipeline on branch `feature/new-login-system`? The error log is unclear.
601;negative;PR #123 fails to compile due to unmet dependency on `libcurl`, causing downstream build failures and test suite regressions.
388;neutral;Can you provide more details about the failing CI job #1234? The build log suggests an issue with the Maven dependencies.
274;positive;Just merged PR #1234, which resolves the memory leak issue in the payment processing module. CI is now green.
167;positive;Just tested the updated build script and all tests are passing successfully. The PR looks good to merge!
841;negative;The recent CI build #1234 failed due to an unresolvable `Dependency Not Found` error on the `json-parser` library.
893;negative;PR #123 fails to compile due to unresolved dependency on outdated version of `libxyz` which is not backward compatible with our codebase.
647;negative;Unable to reproduce unit test failures due to missing mock implementation in `utils.py`, causing unexpected TypeError in `test_api_call()`.
819;negative;PR #123 introduces a known memory leak issue due to the incorrectly used `weakref` in the `lib/utils` module, causing frequent crashes.
485;neutral;Can you verify if the issue is caused by the recent update to `dependency-xyz` in commit 123456?
881;negative;PR #12 is failing due to incompatible library versions. The updated dependency in the package.json file needs to be corrected.
505;neutral;Can you confirm the failure is due to the latest update in the `dependency.lock` file or the updated test suite in PR #123?
832;negative;The latest build of feature branch #123 is failing due to unresolved compilation errors in the `libjson` dependency.
244;positive;The recent fix to Jenkins pipeline has resolved the build failure for the main branch. All tests are now successfully running.
567;neutral;Can you clarify the regression in this CI build: https://github.com/user/repo/actions/runs/1234567890? The failed test is linked.
563;neutral;Unable to resolve `numpy` dependency in `lib/utils.py`. Error message: `Package not found`.
687;negative;The latest PR introduces an infinite loop in the resolver, causing the build to fail on Windows. Needs rework.
190;positive;The updated Docker container image has passed all CI tests and is now ready for deployment in production without any further issues.
783;negative;The recent changes in `main` branch are causing a CI failure due to an unmet dependency on `libv8`. Needs immediate attention.
700;negative;CI failure on `master` branch due to outdated dependencies in `package.json`, needs manual resolution by reviewing and updating the file.
476;neutral;Could you confirm the PR #1234 passes all unit tests on the master branch? I'm getting failures in the coverage report.
682;negative;CI build failed due to outdated dependencies, specifically `npm` version 6.14.13 causing incompatibility with latest package.json.
511;neutral;I've updated the `pom.xml` file to include the latest version of Java 11. Can you review the changes in PR #123?
59;positive;Your fix for the merge conflict in PR #1234 is spot on and resolves the issue with our CI pipeline. Well done!
475;neutral;I think the merge of #1234 caused the failure in the nightly build. Can you please verify and investigate further?
561;neutral;Re: [Bug Fix] Update README to reflect API changes in #1234
857;negative;The latest commit breaks the CI pipeline due to incompatible dependencies. Build #123 failed with errors in /src/main/java/DependencyResolver.java
748;negative;The latest build failed due to an unresolved dependency conflict in `package.json`. Requires manual resolution before re-building the project.
253;positive;PR #1234's code changes have been successfully integrated into the main branch and are now passing all test cases.
22;positive;The latest PR #123 has successfully resolved the memory leak issue in the `utils` module. Ready for review and merge.
314;neutral;CI job for branch 'feature/new-login-system' is failing due to an unresolved `NullPointerException` in the login module.
460;neutral;The latest `main` branch build is failing due to an unresolved dependency conflict in the `package.json` file.
161;positive;Great catch on the memory leak in commit #1234. Your fix looks solid and should resolve the issue without breaking other functions.
277;positive;Great catch on the PR #123, the updated Dockerfile should resolve the compilation issues with glibc 2.31.
192;positive;Great job on resolving the CI pipeline issue with the latest Docker image update. Builds are now passing smoothly.
386;neutral;Can you please review and merge PR #1234 for the fix of bug #5678 which is now stable?
806;negative;CI pipeline failed due to missing dependencies in `node_modules`, causing tests to fail.
414;neutral;Can you clarify the failure in `build/dependencies.js`? The error message suggests a version conflict with `package A`.
492;neutral;Can you please confirm if this issue is blocking the pending PR #1234 and what's the expected resolution timeline?
344;neutral;Can you update the `README.md` to reflect the new dependencies listed in the latest commit of pull request #1234?
770;negative;PR #123 breaks the build due to an unresolvable dependency conflict with version 1.2.3 of library X.
309;neutral;Can you please investigate the failure of job #123 in the latest build due to missing dependencies in Docker container.
662;negative;PR #123 fails to compile due to incompatible dependencies. This prevents the entire pipeline from completing successfully.
131;positive;I've verified the fix in PR #123 and it resolves the issue with the faulty dependencies. Builds are now green.
664;negative;The latest build is still failing due to unresolved dependency conflicts in package.json. Needs manual review to resolve.
872;negative;CI pipeline is failing due to an unresolved `TypeError` in the `utils` module. Cannot proceed with review until this issue is resolved.
100;positive;Great job on resolving the Jenkins CI failure due to incorrect Maven configuration. Builds are now stable and passing.
373;neutral;@username Could you please investigate the failing test 'test_data_loading' in branch 12345? It's causing the build to fail on Linux.
88;positive;The latest PR #1234 has been successfully merged and is now live in production. Builds are passing and all tests are green.
459;neutral;I've encountered a failing build due to an incompatible dependency version. Can we update the `package.json` file to resolve this issue?
331;neutral;Could you please clarify why the build is failing on master due to missing version 3.2 of package 'libxyz'?
215;positive;The CI pipeline for the latest release is successfully building and deploying without errors. Well done on resolving the previous issues!
467;neutral;I've added a new test case for the failing `npm install` command in the CI pipeline. The updated code is available in PR #123.
122;positive;The latest PR fix resolves the intermittent CI failures caused by the version mismatch in the package dependencies. Builds are now consistently successful.
615;negative;CI pipeline is failing due to incompatible Node.js version in `package.json`, causing test suite to crash.
21;positive;The updated CI pipeline is successfully building and testing the changes. All test cases are passing as expected.
701;negative;CI failure due to outdated Docker image in `docker-compose.yml`, causing `dependency:lib1` installation to fail.
72;positive;PR #123 looks good to merge. Successfully resolved the regex issue and improved test coverage.
107;positive;Thank you for addressing the 'CI failure on Node.js' issue in #23, the updated Dockerfile has resolved the build error successfully.
271;positive;The recent PR #1234 successfully resolves the long-standing authentication issue, thanks to @username's thorough debugging efforts.
861;negative;PR #1234 failed due to incompatible dependencies. Cannot merge without resolving version conflict between `lib1` and `lib2`.
436;neutral;The `build.gradle` file is missing the `compile 'com.google.code.gson:gson:2.8.6'` dependency for API calls.
103;positive;The recent patch for #1234 has significantly improved the package manager's reliability and I've verified it with multiple successful builds.
