ID,Text,TrueLabel,PredictedLabel
t4,@DrabJay: excellent suggestion! Code changed. :-),positive,positive
t5,Any decent browser should protect against malicious code in images so I don't think you'll have to worry. If you're truly concerned you can use a combination of getimagesize() and see about using a ClamAV extension/program to scan files for malicious code. Nothing is perfect though.,neutral,negative
t8,I swear - I don't put pseudo code I get told off for having bad variable names and things that don't match... I put pseudocode and I still get grief!,negative,negative
t9,I have attached below,neutral,positive
t13,"When I refactor the following line: using Resharper's ""Use Object Initializer"", I get the following: I really hate this type of formatting because with longer object names and variables it just gets out of control. How can I get Resharper to do the following?",negative,negative
t16,"that's what I thought, that's why I'm surprised",neutral,positive
t18,I want them to resize based on the length of the data they're showing.,neutral,positive
t22,"Is it possible (or desirable?!) to set up to behave more like ? For example, instead of writing why can't I just write Similarly, instead of why not just",negative,neutral
t34,"Didn't notice the horrid inline jQuery, remove it! Then open the browser console (F12) and check for errors.",negative,negative
t36,@Asad Actually do not need. I appended one letter at the end of each vowel and con table. @user3520307 My great pleasure to see my code be helpful!,positive,positive
t44,Do you have jQuery loaded correctly?,neutral,negative
t45,@augustss: with `ImpredicativeTypes` you can make monadic binds polymorphic as well (though it requires a heck lot of extremely ugly type annotations).,negative,neutral
t46,"Here is an excellent article that might help: CodinghorrorGenerally I would say: Put restrictive chmod rules salt, salt, salt !",positive,neutral
t47,"OK, so what do you want me to do about that? Hint: how about *telling us* what your problem is?",negative,positive
t56,I recently moved from a Mac + Textmate back to Visual Studio. The one thing I absolutely loved about textmate was it's find/search feature. It made navigating solution files so easy. Is there an equivalent shortcut/addon for Visual Studio?,positive,positive
t58,"Wow, great many thanks! File was Data!",positive,positive
t62,I need from document object or from a DOM element (i.e. a DIV) to know which is its window object. In Firefox I can do: but obviously in that AWFUL browser that statement not work!!!,negative,negative
t63,I would agree except they are related and I really hated the idea of writing 4 separate questions since they seemed to close.,negative,negative
t64,"Too slow and I prefer to operate in the same mode as my users. Also, I just really hate switching to debug. And its a waste of diskspace.",negative,negative
t67,"change the following to: to Added in the select, also ensure that DATABASE_TABLE has the column _id.A cursor adapter will always need an column!Hope that helps.!",positive,positive
t68,"@IgnacioOcampo, I gave up after a while I am afraid :(",negative,negative
t70,"@user2717118: Excellent! Please consider [accepting this answer](http://meta.stackexchange.com/questions/5234/how-does-accepting-an-answer-work), then :-)",positive,positive
t76,I ran through the li:last-child selector earlier,neutral,neutral
t83,"I'm working with a console application (C#) at the moment. What it does is pulls files from a database and stores them in their relevant folders on the C drive on a local machine. At the moment, every time I run the console app, it pulls ALL the files from the database. What I would like to be able to do, is each time I run it, It only pulls the files that were submitted since I last ran the console application. Currently, this is the linq statement that pulls the files from the database. Ideally I'd like something like the following where the date and time of the last run of the application is stored somewhere: I'm unsure on how to go about achieving this. If anyone had any advice on it I'd be very greatful :)",positive,positive
t84,Great work in finding that bug report ticket! I was able to see the issue in the [fiddle](http://jsfiddle.net/5SCnJ/) that they provided. Notice also that the bug has been fixed! All you need to do is use a jQuery-ui >= version 1.10.3. I forked their fiddle and tried it with 1.10.3 and the issue goes away. Check it out [here](http://jsfiddle.net/mcoomey/JPC4J/1/). @user3496151: The fix that I demonstrated in the previous,positive,negative
t90,"Then you've got major problems! Let me meditate on it; it is extremely unpleasant, whatever. Are you on Linux or some other Unix-like platform?",negative,negative
t91,works excellent!! thanks a lot guys!!!,positive,positive
t95,Reinnstalled Xcode4 - same thing. Awful!,negative,negative
t97,"I want to programatically detect if my site is within the Facebook iFrame app so I can display certain features specifically for Facebook. Otherwise if someone goes site without Facebook. Preferably an FBML, C# or JS solution would be great :) Thx!",positive,positive
t112,Someone is scared to tell the reason of -1 !,negative,negative
t115,"&#xA;I'm not very good at vb6, and I would do that from the aspx page by adding to the SqlDataSource an Update Command like `UPDATE [table] SET [date_debut_session] = @date_debut_session WHERE [id] = @id` and asp:parameters. define 'here': in the aspx or in the codebehind? 'cause I've tried and it works in the aspx but I haven't tried in the codebehind. have you tried [this](http://stackoverflow.com/questions/4223938/how-to-apply-particular-format-of-date-by-using-eval)?",neutral,negative
t118,"Indeed your question is an easy one, so I answer your question with some additional points that I think help you more than the answer itself:First, this is the code: Notes: Please1 - don't a simple problem a real hard one! if it's a hw you can convince the tutor about defining the string delimited with something like "","" (if he/she insists) or whatever, and if this is a real project convince the customer, you don't want to torture yourself! 2 - you said you want to split the string into a 4 x 4 matrix, what if you want a 5x5 matrix? So take advantage of constants, and the same for the delimiter Hope these help.",positive,positive
t123,"Yeah, it's definitely annoying!",negative,negative
t124,I am learning ML. Can some one please help me out with basic input/output functions in ML?? I just want to read input from console and store it in a variable and use it in my ML program. Please help. If you can point me towards some example for this also it would be super great!!! Thank you.,positive,positive
t127,"@PeterGrantBue: I'm happy that my solution suits your needs. :-) Please, accept my answer if it really helped you out. Good luck with your game! ;-)",positive,positive
t131,I am using WinForms.,neutral,neutral
t132,Not to worry I've SOLVED it!,positive,positive
t134,"I'm trying to make a link inside the fancybox single image title. I want it to redirect me to another fancybox window (witch is inline)... I have a script that makes the whole single image a link, but this targets my document title instead of the anchor title... I really hope someone will have a solution or a better idea on how to do it!! :) Thank you thank you thank yooou! :) btw: I have almost never worked with scripts.. In depth anyways...",positive,positive
t142,Is it possible to prevent a user from editing the title of a node on the node edit screen? One of the things I really detest about Drupal is the rigidity of the title & body field in each node.,negative,negative
t143,"I'm curious, shouldn't the other question be marked as a duplicate of this one? This question is two years older and has a higher rated answer.",negative,negative
t153,I really hate people who downvote for no reason. Just tell me what your problem is in a comment after you downvote. God!,negative,negative
t155,"Excellent advice, thanks!",positive,positive
t164,"Nice! I love the video software! lol. Had to download it. Anyway, I fixed the Open Modal, I didn't fix teh fixed modal. I'll get back to you in a minute",positive,positive
t167,Moderate > 300 - 500 nodes at once,neutral,negative
t171,I just followed your excellent recommendation --- thanks! :-),positive,positive
t172,That's depressing :/ Are you sure I can't get a collection of all controls on the page with a particular class and give them a single data source?,negative,negative
t173,"I have a table that is referenced by a ton of other tables via foreign keys. I am trying to delete a Document record, and according to my execution plan, SQL Server is doing a clustered index scan on every one of the referencing tables. This is very painful. I thought having a FK automatically made an index on the FK fields? Or am I wrong? Do I really have to go around my database putting an explicit index on every single FK field?",negative,negative
t177,Did it work? If it did you can also accept the answer by clicking the check mark beside it. It is a nice step to take =P,neutral,positive
t181,"That's right, I have no plans to replace the existing system, sidecar is an excellent analogy.",neutral,positive
t185,"What you can do here is hide the button that pushes the view that only instructors can see, if the user is logged in is of type student.In the view that has the button that pushes the view that only instructors can use do this:In the .h file create a property for the button that pushes the view like so: In the .m file:In the viewWillAppear method of the view do the following check: This way, when the view loads, the button that pushes the instructor view will only be accessible to the users of type ""Instructor"".Hope it helps!",positive,negative
t195,"Dude, you scare me! At least make an effort in PROVIDING CODE!",negative,negative
t196,"When I refactor the following line: using Resharper's ""Use Object Initializer"", I get the following: I really hate this type of formatting because with longer object names and variables it just gets out of control. How can I get Resharper to do the following?",negative,negative
t200,looks like you have changed your needs. that's disgusting,negative,negative
t201,This is a professional project in academia and I need to use Java for it - bc of my own limitations I'm afraid!,negative,negative
t204,anybody have an idea on this one?,neutral,positive
t206,"This is a slightly tricky question. I am using NSDateFormatter on the iPhone but I wanted to only show a standard date without the years component. But retain the users locale formatting for their date. I could easily override the formatting using But now the date is in my in en-nz format eg 12:01PM Wednesday July 7. So I have totally killed the locale for any other users around the world. I would like to say. Give me the correct localized date for this users region but omit the years component. Since the date is being displayed as string, I am tempted to just fromat the date and then remove the year component by just cutting this out of the string.",neutral,negative
t213,I was afraid of that!,negative,negative
t216,"Wow! Yeah, I did'nt know that! Great new feature.",positive,positive
t221,"My suggestion is to keep track of whether or not you're showing an error at that choke point. If you have lots of places that are doing it, you'd need to synchronize them somehow, e.g. delegate to a singleton object that is responsible for displaying the UI, or use a mutex or something.",neutral,negative
t223,"No buddy, You can't simply upgrade ZF1 to ZF2. In case you need you move to ZF2 be sure that ZF2 is not just an upper version of ZF1 but the whole Architecture is also changed.So, If you really need to move then 1. Firstly you will need to remove ZF1 library completely.2. Install ZF2 package.3. Now make changes in your code to work accordingly with ZF2 as most of the things will stop working once to move to ZF2.However, I would suggest don't migrate to ZF2 just for the sake of upgrading, migrate only if you dont have any other choice. As this is a very painful task.have a good luck.",neutral,negative
t224,"@ThiagoLovizzaro no worries, you have to start somewhere ;) good luck in the future!",positive,positive
t226,should be \'s you can tell my preferred environment....,neutral,neutral
t229,"Per https://developer.apple.com/library/ios/documentation/LanguagesUtilities/Conceptual/iTunesConnect_Guide/Chapters/ChangingAppStatus.html#//apple_ref/doc/uid/TP40011225-CH30-SW1The ""pending an Apple Release"" means: Apple is holding your app version until the corresponding Apple iOS or OS version is released to the public. If you think an app should be released on existing iOS or OS versions, review the deployment target set in your app binary. If you rebuild your app binary with a different deployment target, reject the binary for this version and submit the new version.Sounds like you need to review the deployment target and if you change it, reject the binary and re-submit. If you need help with rejecting the binary, please let me know.Hope this helps!",positive,neutral
t232,"Its Ajax, I dunno anything about it. And looking at the link which you have given seems very scary to understand and implement.",negative,negative
t238,"@Gary there is another point: when using the `rm` command, it is not it which performs glob expansion but the shell!",neutral,neutral
t240,"Apparently, the Gmail app do not let me download the attachment... this is really unfortunate :( Gmail works with !!!",negative,negative
t242,anyone got a clue on this?,neutral,positive
t244,numpy is awesome :P,positive,positive
t246,"Ok this is really annoying, can't find a solution that works !",negative,negative
t247,yeah it working fine :) Thanks !!,positive,positive
t255,@wst It doesn't even have the decency to return the same map? That is really terrible.,negative,negative
t256,"@Almo @trojanfoe yes it was a horrible syntax error, sorry guy's!",negative,negative
t257,"Few things to make this work :Your classname FILE should start with a capital letter, Your config array must be defined as $config = array() (and not $var or any other name), Your config file must be lowercase.The config file is passed through the constructor, so class ($config=array()), you can then access and store the config variables on an instance variable. hope it helps: config file : good luck :)",positive,positive
t261,"Yes, removing the xp theming is a possible solution, but this is a customer application and the rest of the app uses xp themed buttons.",neutral,negative
t263,"I am looking to have an embedded youtube video with several images below it that correspond to different youtube videos. I want to set it up so that when an image is clicked on, the video above changes to whichever video corresponds with the clicked image. An implementation of this can be seen here: I am trying to implement this into a wordpress site and I really only have skill in HTML and CSS. I would very greatly appreciate if someone could help me with the code for this!",positive,positive
t268,Why all the down votes?,negative,negative
t276,"I am aware of question, but not to sure how to map it to my current situation. (Rebase is scary, undoing rebase is double scary!) I started out with several different feature branches of my master: I wanted to merge them all together and check they worked before merging back onto the top of master, so I did a: Then Which leaves me with Then I corrected some bits that didn't compile properly, and got the whole feature set to an acceptable state: My problem is that my colleagues tell me that we're not ready for FeatureA. Is there any way for me to keep all my work, but also revert to a situation where I can just rebase FeatureC on to Feature B?",negative,negative
t277,"Also if someone could please let me know if my question is hard to understand, I will re-state. This is incredibly frustrating...suddenly my Stylus files are not compiling at all, and I have not changed any code.",negative,negative
t278,"I've been reading about MVC design for a while now and it seems officially the View calls objects and methods in the Model, builds and outputs a view. I think this is mainly wrong. The Controller should act and retrieve/update objects inside the Model, select an appropriate View and pass the information to it so it may display. Only crude and rudiementary PHP variables/simple if statements should appear inside the View. If the View gets the information it needs to display from the Model, surely there will be a lot of PHP inside the View -- completely violating the point of seperating presentation logic.",negative,negative
t279,that's great too! awesome. thank you!,positive,positive
t281,"If you are on 11g you are in Luck :-) you can Use SELECT FOR UPDATE SKIP LOCKED in the Cursor - then you are guaranteed that two threads will never get the same row on a fetch!The RIGHT WAY to do this in Oracle would be Advanced Queueing - since this will solve ALL YOUR PROBLEMS, provides synchronization und parallel execution and other benefits...Before Oracle 11 and without Advanced Queuing (if you really want to code it yourself...) You can do it like this:(The bits marked with autonomous transaction have to be called in a separate method as an autonomous transaction. If the Update returns 0 Rows it can either be because the table is empty, or because two threads accessed the same row. - So we need a separate ending condition counting available rows.",positive,negative
t283,"I'm afraid not, I ended up just removing some of the deeper folders to work around the issue - not ideal!",negative,negative
t285,"I've added to my answer to show a ""code once and still be scalable"" way of defining your font sizes. Good luck with your project!",positive,positive
t290,"In my mental model of authentication, a user should be distinct from the way they log in. So for example, a User could have an associated EmailLogin (with an email/password), or they could have many (or none). Similarly they could have 0..* associated OpenIDLogin credentials. Are there any existing authentication libraries for Rails which use this method? Alternatively, is this a really terrible idea?",neutral,negative
t299,"jQuery version 1.2.6. The site is ASP.NET MVC, but that should be irrelevant.",neutral,neutral
t300,"Oh. That's really sad. So It would be only plane menu options with white background., is it?",negative,negative
t309,"Awesome!!! I changed to include the ""/"" at beginning and it worked!! was that why it was not matching the app.yaml handlers ?",positive,positive
t310,No I just need to perform an action whenever a button in that column is clicked.,neutral,negative
t318,"Ah man, my changes did not save. JSFiddle was lagging terribly for me so I'm not suprised -- sorry!",negative,negative
t325,"I would just use an @import command at the top of my CSS file, then you can simply add a new font by adding a pipeline to the end of the font and type the name of any other fonts you want. To use them, simply use the CSS font-family style command: HTML Hope this helped!",positive,positive
t328,"Thanks all , that was really interesting :)",positive,positive
t330,Then you should be more specified in asking the question. You confused me..,negative,negative
t337,I added an example of how to use the wrapText function. Good luck with your project!,positive,positive
t339,"Great article 0xced, thanks!",positive,positive
t343,"Enumerating all partitions of a set is . Now, all permutations of all partitions of a set will be , although the example is a bit artificial. Now, to come up with a useful algorithm it's a totally different story. I am not aware of any such algorithm, and in any case its scaling will be absolutely awful.",negative,negative
t345,"SVG transform on text attribute works excellent! This snippet, for example, will increase your text by 2x at Y-axis.",positive,positive
t346,Excellent! This is exactly what I needed. Thanks!,positive,positive
t347,Have added a modern solution as of May 2014 in answers below.,neutral,positive
t356,Excellent! Works exactly like I wanted. Thanks.,positive,positive
t359,"I am working with Eclipse (Indigo) to develop C projects. When I create a new C project in a new workspace, by default the ""Autosave before build"" option is not set. This is extremely frustrating, as autosave is usually the default behavior in other IDE's I worked on. I change some code, build and nothing seems to go as expected - until I remember that the option is not set... Is there a way to make Eclipse open a new workspace with this option set?",negative,negative
t364,You can register any serializable type with the clipboard provider:,neutral,neutral
t372,FEAR!!!!!!!!!!!,negative,neutral
t373,How to get button Clicked for single time or Long press on it clicked event?,neutral,positive
t376,"A simple Google search would suffice for this question. All are excellent resources (and the top three Google links!). Essentially, there's a new API which allows JS to request fullscreen access. That's about it.",neutral,neutral
t384,"@Mario I disagree, while the answer is outrageously awful, it's still an answer.",negative,negative
t391,"This is really great question - well organised and explained, nicely done!",positive,positive
t399,Can't find any manual about changing width of taglist element size. Taglist element is wider than icons I had set. It looks really awful =( Screenshot:,negative,negative
t400,"My guess is that you would have to extend the classes for DataTip, to check for NULL hitData objects, to kill/stop the drawing of the display. I do not think there is a way to do that normally in FLEX. You would have to customize and override the hitData class unfortunately. What a pain!!",negative,negative
t405,"By the way, I agree with Henrik P. Hessel. This is a very horrible piece of code.",negative,negative
t408,"I had a memory crash on UIGraphicsGetImageFromCurrentImageContext() ... if you're creating and releasing a lot of them, you should wrap them in a fresh AutoReleasePool for each iteration. Even allowing the NSRunLoop to tick WAS NOT ENOUGH for Apple/iOS to do housekeeping on garbage lying around from this. e.g.",negative,negative
t410,"i am currently having some difficulties trying converting a Unicode character string (DT_WSTR) into an INT this is what i have (Note most writings are in German, but i think someone who has worked with SSIS will unterstand anyways) Data Type selected: A four-byte, unsigned integer.but all it does is fail terribly",negative,negative
t412,"I m really excited to know that html 5 has in build support for audio and video playback( I know its old news but I just woke up ! :P) . What is even more exciting is that it can play local audio/video files in matters of some click. I had a look at this , could not find any offline video player. my question is why is that people are not developing an offline media player which could just be loaded form a website ? are there some issues ? Thanks",positive,negative
t413,There's an excellent series of posts on execution plans and how to read and interpret them - and a totally free e-book on the topic as well! - on the excellent Simple-Talk site. Check them out - well worth the time!,positive,positive
t417,"Excellent, thank you!",positive,positive
t421,A simple width would do: And the css:,neutral,positive
t422,sounds scary !!,negative,positive
t426,"That was ""I totally agree... """,neutral,positive
t439,Take a look at DateTime.ParseExact to turn the string into a date and then use them as regular DateTime ranges. The regex will be awful if possible!!,negative,negative
t440,this is a bisection root method,neutral,neutral
t441,Are there any reference guides or tutorials for writing a MIPS assembler?,neutral,neutral
t444,"I was too pithy. I should have said, ""The Loudness Wars Killed Music.""",neutral,negative
t448,"Don't rely on Lucene to strip them, do it yourself.",neutral,negative
t449,Why the following code (1) does not give me the following output (2) (1) (2),neutral,neutral
t455,"Well I'm kind of new with magento, and at work they ask me to do a group of products that they will be put in discount, so I created a category sales where I can link the products and put them in sale, so this is working perfectly, but the ask me to put dates in the products so the web master can put dates where the products will be shown between dates, so now I have no idea how to do this. I really hope you guys can help me thanks so much!",positive,positive
t458,Are the schemas identical other than datatype?,neutral,neutral
t461,Just do it:,neutral,positive
t467,could you show the part of code where the order gets changed?,neutral,neutral
t468,"In my graph each node has a name and graph is actually a tree, so there exists a . Here's the query I currently use to get the path: An actual query is somewhat heavier, but the behavior is the same. So, having a path I will get . I don't mind trimming the last , but I'm really worried about the order of the nodes iterator returned by . So, my question is mainly targeting neo4j team - are there any guarantees as to the order? Would it be better is I just returned and then manually extracted each property? I'm using Cypher with an embedded neo4j distribution, so that won't be a problem.",negative,negative
t472,"yeah, compiled, but output is so horrible !!!",negative,negative
t474,"Is there any simple way to test that an installation of report viewer redistributable 2008 is working properly? I've been tasked with making sure this piece of software is functioning correctly, but given no further instructions. How would I go about testing this? .NET tools aren't what I've normally used, so I'm at a complete loss here!",negative,negative
t480,Can you point to the part of the HTTP caching spec that says this?,neutral,neutral
t481,Is there any reason you can't give the list a specified width?,neutral,negative
t484,"The 0x1A byte is a terrible, painful [source of agony](http://stackoverflow.com/questions/12483711/serialdata-eof-circumstances).",negative,negative
t485,This does seem to be the answer. Absolutely terrible API design.,negative,negative
t500,I solved this need by using . I am able to route calls from Edge to my local machine. Absolutely love ngork! :-),positive,positive
t505,This is should be the selected answer,neutral,positive
t506,Comments should be not since we don't want this code to be shown to the user,neutral,negative
t507,You must be a sad sad person...,negative,negative
t508,Excellent tool! Thanks for making it available.,positive,positive
t512,Have you tried logging the uninstall to see what is happening?,neutral,negative
t514,"If string object allocations worry you, then you should precompile the regular expression!",neutral,negative
t521,Excellent answer to a very general question ! :-),positive,positive
t525,Tried it again - it worked. God I hate reporting services!,negative,negative
t528,The answer was devastatingly simple in this case. For some reason windows uses localhost as opposed to 0.0.0.0. So although it says standing watch at 0.0.0.0:4567 it is actually standing watch at localhost:4567 . You should be able to navigate to this page and see your middleman build.,neutral,negative
t530,I would checkout . It has great reviews on Amazon and the Head First book series are really terrific and engaging.,positive,positive
t532,"i have a botton which is for changing the background image with jquery, as the following code shows it works very fine! but i want to fade in the newbg-image... is it possible to add a jquery fade method to it. Any help would be very appreciated. Thanks Ted",positive,positive
t533,You mean I can use LINQ as the data provider for my whole app?,neutral,neutral
t536,Why does serialization require a serial version UID in implemented class?,neutral,neutral
t537,"I have this regex And i really need it in a vba version for words .find method (don't need the matching-groups), here is what i have so far But i cant get the last part to work, here I'm talking about I really hope someone can help me, as regex in this case is not an option (Although i know i can use regex in VBA!) Cheers",positive,positive
t538,Url points to a tesco advert,neutral,neutral
t543,"I have just started using Vim in a terminal (PuTTY or MinTTY), after always using gVim. However, when using syntax highlighting, rather than the actual text colour changing appropriately, its background is changed to whatever colour -- and it looks horrible! I've set my terminal to use 256 colours and downloaded a 256 colour colour scheme. I checked that the and settings are as I expect, but I still get this problem... Is this a Vim or a terminal configuration issue?",negative,negative
t547,Use . Example shown in this question:,neutral,neutral
t557,Talking about feelings.. I really hate the asp.net CalendarExtender..,negative,negative
t561,There is a free ebook that microsoft released about windows phone developement. Its extremely useful and It could probably answer this and many other questions you might have! you can download the book from this website:,positive,positive
t570,"In your code, strip out the stop words. You'll have to maintain your own list.",neutral,neutral
t574,Welcome :) :) :),positive,positive
t577,What are you trying to generate specifically?,neutral,neutral
t581,"Thank you @Ward! We're loving how easy it is to create the GUI with Breeze! If can just work out this part, we will have a great solution!",positive,positive
t584,Wow! It is really great answer! So helpful! Thank you very much!,positive,positive
t587,It seems they are two names for the same idea is there any difference?,neutral,neutral
t590,"I'm doing one app which requires AJAX call on almost every user interaction possible, I started writing JS functions, webservices etc. to handle all of that(still long way to go from here). Now I am wondering If I made a mistake maybe I should put whole page in update panel because I really hate writting JS. Is there some drawback to use it instead of custom written ajax calls to web service and js functions, and is it better to use more update panels or one big?",negative,negative
t592,An object created by a user is really no different from one you create yourself (except you have to be suspicious of potentially malicious input!). The simplest way to be able to edit objects outside the admin interface is to use the built-in . Similarly you can delete them with a . If you want to restrict you can edit objects you can user the from .,neutral,neutral
t594,The problem was due to a malfunctioning . Very painful and a lot of time wasted.,negative,negative
t597,"the problem that I am having is while designing an email to be sent to users the border of the HTML table is not disappearing even though it is set to 0 and so leaves horrible white lines through areas which are menu to be solid blue colors, below is my HTML code! Untitled Document",negative,negative
t598,"The memory for t isn't allocated, so why I don't get segfault when I run it?",neutral,neutral
t599,Wow that was exactly what I wanted! So the second solution I showed is somewhat similar to what he's describing but he describes also extremely elegant triggers that would keep all the data fully sane without any external code sanitization! I think I will go with that design!,positive,positive
t602,"That's really an excellent post, thanks for pointing that out!",positive,positive
t605,No worries! Joe,positive,positive
t608,Seth's answer was totally awesome! Please be sure to green checkmark it!,positive,positive
t609,Which enviroment and frameworks are you using actualy to dev for Android?,neutral,neutral
t610,"+100 for this :-) you made my day!! When writing the question I was not sure if it was related to ""Brook's mythicalman month"" and skipped it. Here I go ... and it's persisted for eternity on stackoverflow :-) I am really ""rofl"" that stackoverflow can answer questions like this!",positive,positive
t614,"excellent adding! for debugging, go to wp-content\plugins\syntax-highlighter-compress\syntax-highlighter-compress.php and add the following line to wp_shc_head() :",positive,positive
t615,I have a page running on my local django dev server with the Django Debug Toolbar that seems to be running quite slowly but I'm unsure why: Django Debug Toolbar says SQL - 46 queries in 39.80ms And then running a profiler I get 7926 function calls (7774 primitive calls) in 0.024 seconds So I'm left wondering why is the profile time so much lower than the Total CPU Time? And then how can I find out what's causing the difference? And secondary to that - should i be worried about the 16842 involuntary context switches!?,negative,neutral
t621,I have a menu of links that need to have additional parameters added using data from cookies. I need to be able to do this client-side and not server-side. Basically I have a menu like this: And a cookie with a number like this: I am trying to get the 'users_number' to be included as a POST parameter to all of the links on that menu (ie. /link/to/page1?users_number=thecookievalue) What I don't want is users to be able to see this in their URL bar. Right now I am using: This functions as I wanted but I am trying to figure out how to do this in a way where the user does not see the ?parameters at the end of their URL. Is there a way to do this same thing but without them being able to see it? Any help would be hugely appreciated -- thanks!,positive,positive
t622,could some one help me how to add new css using views theme in drupal 6.0,neutral,positive
t626,Have you run this on SQL Server?,neutral,negative
t633,Excellent tutorial!,positive,positive
t634,Im trying to work with this awful language and I have to change an item of list by accessing to it with index I dont understand the awful syntax of TCL! How can I realise it?,negative,negative
t638,Are you using Hibernate or similar to interface the database?,neutral,neutral
t644,here's my hack that assumes arguments are all imaginary: ...horrible! but what you ask for isn't really possible without for instance hacking to dispatch to a new subtype of java.lang.Number. Really it would make more sense to use a Java or Clojure complex number library.,negative,negative
t645,Haha great :) Happens to the best of us!,positive,positive
t646,"I am working on where i have two tables like and Country : City : cidCountryidId Means Many-to-One mapped with Now i need to access the details from I created already 'Country.hbm.xml' I created already 'City.hbm.xml' Query: Query Result I don't know why it is showing this exception..., if anyone knows, it will a great pleasure for me..!! Note: I am retrieving child details from parent",positive,negative
t652,What makes you think it can't?,neutral,negative
t653,"Yes, you should implement pagination before that, at the SQL query stage. Otherwise there's nothing better than iterating and discarding (which is really horrible).",negative,negative
t654,yeah: hopeless!,neutral,negative
t656,"I'm currently having exactly the same issue with Monotouch and that's why I found your question. I get the very same exception as you do. This makes me assume that I'm not facing a Monotouch issue but a basic (mis)behavior of XIBs/Cocoatouch. So the answer is: no, it is not possible. Very sad though. Ren",negative,negative
t658,"EXCELLENT! works like magic, just what i needed",positive,positive
t661,"Wow, wow, wow! I actually found a better way to do that... if I keep the same abbreviation and change template text into: it does want I wanted, but in the way cooler way! So you can use your own variables in a template as long as you don't call them or Awesome!",positive,negative
t665,I just tried installing those missing plugins ... what a pain!,negative,negative
t666,"If the answer was a snake, I could have been killed by it, its already in front of me!",neutral,positive
t667,Have you considered named parameters?,neutral,positive
t671,"Say I have a string How could I check if exists in str, case insensitive?",neutral,neutral
t674,"Right, since you recognize EAV, I'm supposing you'll do fine :3 Good luck!",positive,positive
t676,Why would you do that? You're begging for horrible debugging sessions!,negative,negative
t678,OR you can use a regualr expression :,neutral,neutral
t683,@Dimitre: +1 Excellent and complete answer!,positive,positive
t686,What Ant version you are using?,neutral,neutral
t687,Scary question!,negative,negative
t691,"I placed all the receiver tags in : And implemented my subclass: This works very fine!!! But... The method is called AFTER uninstall was completed but BEFORE users press OK at confirmation activity showed by native system. I wanna, if exists, receive a broadcast AFTER user press OK. Thanks!",positive,positive
t694,"Come on, you are worrying about efficiency while your first line of code is incorrect!",negative,negative
t697,S.Keller's solution worked for me and may fix your issue too.,neutral,positive
t699,I can't believe that answer from a company. Horrible!,negative,negative
t701,What's memory profiling (as opposed to performance profiling)?,neutral,neutral
t702,"Well, this is a bit of an awful hack but quite frankly any C++ application which needs a way to define an unconstructable object is probably already an awful hack! And under GCC, I get the following: test.cpp: In function int main(): test.cpp:9: error: cannot declare variable an_instance to be of abstract type la test.cpp:2: note: because the following virtual functions are pure within la: test.cpp:4: note: virtual void la::oh_no_you_dont()",negative,negative
t705,For Python 3 the following will work.,neutral,positive
t706,"The issue at hand, is that your parent thread finishes, but doesn't check if there are child threads left which are still running, which are silently killed in this manner! I would recommend the following approach: Instead of use change your thread code around: to Similar answered .",neutral,negative
t711,I read following codes in Why reverse the latin-1 to utf8 using above logic?,neutral,neutral
t713,Can you show us your html and css? Fyi... styling select boxes is terribly difficult!,negative,negative
t715,"no, it is not possible -- we tried hard and ended up reverting to the 10.7 way of using a custom class.. check MAAttachedWindow well with enough swizzling and posing it'd be possible of course... but that is very evil and at least as much work as your own class!",negative,negative
t716,EDIT: Also you should avoid using it can make debugging extremely frustrating.,negative,negative
t717,"You must redraw your background with each change in your line (that’s the canvas way) Don’t worry, canvas is very fast at redrawing! Here is code and a Fiddle:",positive,positive
t721,":~) Very embarrassing!!! When I debugged and printed the receiving addresses, I realized that I was checking the wrong email account! Sorry to have taken your time.",negative,negative
t723,"I have 2 files I need to merge based on 2 columns. I have tried using awk as well as tried combining the 2 columns using _ and then using the join command. When using join, some records were not matched, even after sorting, and multiple records were created. Using awk I can match the files correctly, but cannot get the output to print with zeroes when no match exists. File 1: File 2: Desired output: Any help would be hugely appreciated, I am new to large data files and unix!",positive,positive
t726,Its an excellent place to start!,positive,positive
t732,Your variables are pointing at the same object. I'd be worried if they weren't equal!,neutral,negative
t735,Why can't setting the view's xml attribute make LinearLayout scrollable.?,neutral,neutral
t739,"Does iTextSharp support Windows Metro Apps? I am trying to create PDFs from a C# Metro App, but PdfWriter.GetInstance requires some arguments which is not available in WinRT. Any help would be EXTREMELY appreciated!",positive,positive
t740,"Sky, it sounds like you can maintain *complete* test coverage for an exception. Excellent work! Maybe someday I'll learn how to do that.",positive,positive
t744,"I need to transform this : into this : I tried to use wrapAll with jquery, something like that : Any suggestions would be really appreciated :) Thank you very much !",positive,positive
t747,Diodeus: You ought to post that as an answer.,neutral,positive
t755,I have never use this but looks really great and pretty easy to use !,positive,positive
t760,Or the dreaded AVL trees!,neutral,negative
t764,"If you're really worried about this, Java is not the language for you",neutral,negative
t767,"In ASP.NET MVC, I have a form. In this form the user selects a country, and then the ID is posted back to the server, using a normal . However, for some UX reasons, I use Knockout. Therefore I need to get my observable value to have the value of a dropdownlist. I want my label in the markup, to show the countryId, depending on the selected value on the dropdownlist. Markup: ViewModel: Then my question is: How do I modify my DropDownListFor, so the countryId is being set automatically? :-) Thanks a lot! I really enjoy learning Knockout, but this one has taken me a long time!",positive,positive
t770,"You shoud use login.done() , not login.success() :) Success is used inside the ajax() funciton only! The success object function is deprecated, you can set success only as Ajax() param! And there is no need to Parse the data because its in Json format already!",neutral,negative
t772,I want to parse XML formatted string. How to use XML parser on MonoTouch?,neutral,neutral
t774,"I am working on a test application based on ASP.NET MVC. I am new to CSS stuff so I am learning that as well. I have created a master page called ""new.master"" and created a new css ""new.css"". I am calling the view from controller as: What I am doing is that I am frequently updating the css and master page. So I run the application in debug mode frequently. After sometime I stop seeing the effect of changes in css. When I ""view source"" in chrome and check the css, it shows an old version. When I change the name of both master page and css, I start to receive updated views but that works for sometime and then again I stop getting the CSS updates. Have you faced this problem? How can I fix it? (Its terribly annoying!)",negative,negative
t775,"We have a file named wordlist, which contains 1,876 KB worth of alphabetized words, all of which are longer than 4 letters and contain one carriage return between each new two-letter construction (ab, ac, ad, etc., words all contain returns between them): I want to create a new file that contains only words that are not derivatives of other, smaller words. For example, the wordlist contains the following words [""abuser, abused, abusers, abuse, abuses, etc.] The new file that is created should retain only the word ""abuse"" because it is the ""lowest common denominator"" (if you will) between all those words. Similarly, the word ""rodeo"" would be removed because it contains the word rode. I tried this implementation: But it always froze my computer. Any solutions?",neutral,negative
t776,See similar http://stackoverflow.com/q/308703,neutral,neutral
t781,Overall bytes includes those that have been released and is a running total of what has been allocated to your app during the lifetime of the app. The Live Bytes is the one to really worry about as that is the one that shows bytes that are currently allocated. Overall bytes could keep going on forever as long as you release stuff and the Live Bytes doesn't go too high then you will have no problems. From that screenshot live bytes looks ok. There are more details here,neutral,neutral
t783,"Finally found something, here: No reference to it from the Oracle pages, but found a direct link to a page on some forum post. Really sad how hard it was to find.",negative,negative
t784,"No worries! Keep at it...it's overwhelming at first, but it gets easier",positive,positive
t786,I impleme and But I only the second one works. Can I have them both work?,neutral,positive
t788,"This code seemed to do it: The accepted answer goes to dystroy as he was the first to point me in the right direction, excellent answer by Bart Kiers though, +1!",positive,positive
t791,"Afraid not, no!",negative,negative
t792,"i have an assignment at my company to build a custom cms, for the foundation i ve chosen latest laravel(version 4, i believe). Now, the requirements in laravel docs() say minimal version of php on server required is 5.3.7, our servers have php 5.3.23. I am right now on a weekend, so i cant check my code on the server( been developing the basics on localhost with xampp which has latest php). Has anyone tried laravel 4 on pre-5.3.7 php?? i m very worried all of last week's work is going to the bin... :(",negative,negative
t793,"Partition it first, to divide the zeros from the non-zeros. Then sort the rest. Oh, and before worrying about that, profile first!",neutral,neutral
t795,@sheidaei great :) keep it up! you even get 2 point bonus for accepting.,positive,positive
t798,"No betas involved, the lack of repro is really annoying me!",negative,negative
t801,Excellent!!! This is exactly what I am looking for!,positive,positive
t806,"I'm using the ImageMapster jQuery plugin, and I want to limit the number of selections that can be made on a (image-) map to a certain number. Let's say I have 30 areas, but only want 3 to be selected at the same time. After 3 selections have been made, the 4th selection should overwrite the 3rd. Is there a way I can do this? Any help would be hugely appreciated!",positive,positive
t807,I try make authentication using But I get . How I should correct my code?,neutral,negative
t808,"is probably not what you want, but is still really excellent.",positive,positive
t811,"I'm trying to create a grid (matrix) of squares in a given area with n columns and m rows, and an option to set a spacing between the squares if desired. The grid should fill squares with random coloring. I'd also like to add a zoom function, so the colored squares will appear much bigger in a region that is double-clicked. Can anyone suggest a good method to generate the grid and assign random colors to the squares? If you can suggest how to create the zoom effect too that would be SUPER :) I'm new to canvas, so any method help would be great! Thanks",positive,positive
t815,i use with () I want to have the option to choose the months and years. I define this: But I really hate the dropdowns of . I want to have the option to choose the months and years as in It is possible??,negative,negative
t821,Tap the escape key. It's that simple.,neutral,positive
t822,Why don't the bytes intersect??,neutral,neutral
t825,+1 I never knew about this,neutral,positive
t832,@vascowhite I tried deleting all the products from the cms then added a new one and the same message appears. Really frustrating!,negative,negative
t834,"@EdwardRuchevits Hey passing in cat and page worked! It now remembers it each time I navigate pages! Excellent! Question though, is 'cat' a predefined PHP variable for URLs? Also, while this works for me locally... how will this function when different users specify their own category?",positive,positive
t853,"Okay so say we have a graph with a ball on it at (200,200) and we swipe our finger from (0,0) to (100,100) how do I go about moving the ball to (300,300)? This should be simple but it is really hurting my head! This is the code I have so far (using andengine)",negative,negative
t857,Here is an incredibly disgusting way to do it: Here is a better way (I think): If you convert either output string with: you get your original number.,negative,negative
t858,"I think that's absolutely terrible practice. First of all you do not need to make the trip to the server to hide and show controls, unless you need new data. Second, any decent javascript framework will allow you to hide show controls based on the control's id, class name, or whatever css selector. Moreover using a javascript post/get to a generic handler will give you the data that you need without the postback. I'd suggest using JQuery, or some other alternative.",neutral,negative
t862,Voted up because I would like to know as well,neutral,positive
t865,After reading I was horrified! Isn't there a tool out there that can inspect a .h/.cpp file and deduce what dependencies could be waivered?,negative,negative
t866,"WOW, EXCELLENT, AMAZING. Thanks, Roddy, the link helped me sort this out. My software had ""Setup Software"" as part of its description as it is used to set up a piece of hardware we manufacture. I've changed that (in Project/Options/Version Info) to User Software and now it compiles and runs ok !",positive,positive
t869,Are you saying Segoe UI is your windows font?,neutral,neutral
t870,Nobody? To do this with a Button is really disgusting.,negative,negative
t876,Isn't and the same thing here??,neutral,neutral
t881,It crashes only one time and then it works normally. Here is the project:,neutral,positive
t885,"A simpler approach (rather than using a binding group) is to use the default button's click event to set the focus to itself. As this happens before the command is executed it means the ViewModel is updated in time. And if you really hate code behind, you could always write an attached property...",neutral,negative
t889,"I'm trying to test if a character in a string is a space, and I'm getting extremely frustrated: I'm not getting any errors and I've looked online, but people on different forums say this is how to test for a space. Uh.",negative,negative
t893,"Typically you would handle that as a POST (not a GET), and read the xml from the request-stream (or there are helpers to let you do this). Otherwise URL encoding and length restrictions are going to make this extremely painful.",neutral,negative
t898,Excellent! No one just coped and pasted the output from perldoc -f split!,positive,positive
t903,Anyone??? I'm starting to hate VS for that reason!,negative,negative
t905,"Regular C++, or managed C++?",neutral,neutral
t908,Loved Dan's solution! For python3 do:,positive,positive
t916,"no i got errors saying undefined, the swf code loads the other pages such as back buttons etc. it very frustrating tearing my hair out!",negative,negative
t918,Excellent! I'm glad you were able to get it work for you. Best of luck with SAS!,positive,positive
t922,"Excellent, Thanks!",positive,positive
t929,"Google says: 1 nibbles per nanosecond = 476.837158 megabytes per second In other words: Yes, very worried indeed.",negative,negative
t933,How about any ugly abuse of the builtin command ?,negative,negative
t939,Can we inherit singleton class?,neutral,neutral
t940,"How to set the default proxy for Internet Explorer in C# .net? I wanna make a browser capable of searching for a valid proxy in a .txt file and using it. The IP and Port used with the set default proxy command are valid however, the command itself does absolutely nothing. The only way I've found to use a proxy with a VS2013 .net browser is by adding it manually to IE which is incredibly useless.",negative,negative
t942,Page/MasterPage/Control lifecycle makes me cry :(,negative,negative
t950,Excellent question!,positive,positive
t953,@Daniel: excellent! that's it exactly.,positive,positive
t954,I think this may get awfully painful if I need to use more of `$.ajax`'s properties locally,negative,negative
t957,I wrote a tool to create SVG maps : which also has a world map that you can customize to your liking: Hope this will help you or any other folks who are after a customizable world map!,positive,positive
t961,"Instead of this just use . THis will help you to come back to the previous activity. As per your code, the application was completely killed.",neutral,negative
t963,"no worries! You should answer your own question, so others in future know what the issue was.",positive,positive
t964,"For someone who uses the Ctrl-W bindings in vim habitually, it is incredibly annoying to have Chrome OS ask me, ""Wanna close this window, then?"" How do I remap keys in Chrome OS? Can't find this top secret setting anywhere.",negative,neutral
t968,@JoranBeasley You're right for the new format though.. and I totally hate it :(,negative,negative
t969,"Loved all 3 responses! I picked Gordon's because it allowed me to do an outer join and ignore rows that had an additional filtering parameter (I didn't ask for this but I was able to implement that later). JBrooks solution was great because it had a smaller footprint and allowed me to leverage functions, and shree's one was a little too verbose for my bigger project but still did exactly what I needed. Thank you all!",positive,positive
t974,"What is the difference between and similarly and It is really painful when i align the controls with and when i try to align in the Design mode it adds the , how to prevent auto adding property to a control while aligning it, as I already defined the to it why it doesn't update the same property. Its really irritating when we want to do animation on controls, it reverses the direction of animation",negative,negative
t975,@crush oh man would that be painful to query on!,negative,positive
t977,"xp any, and win7 any.",neutral,neutral
t978,Why does the test return false?,neutral,neutral
t985,"I built an xml-rpc server in Python using SimpleXMLRPCServer, according to the example in the Python documentation. I'm calling it from a Python client on the same machine. The body of the server function executes very fast on its own. But I find that xmlrpc client performance is excruciatingly slow, taking one second per call. (Using xmlrpclib.) A speed-up technique I found on the web () didn't help. My connect URI is: I'm running Python 2.7 x64 on Windows 7, but it works the same for 32-bit Python 2.7.",negative,negative
t991,Where is `bInfo` defined?,neutral,neutral
t994,The ``-Q`` option doesn't seem to exist on my machine.,neutral,neutral
t995,"Thank you, the first example was extremely helpful and I now have it working, thanks!",positive,positive
t997,+1 I do not have cell phone and credit card since 2007,neutral,positive
t998,What database platform? sql server? oracle?,neutral,neutral
t1017,Try this: This project explains how to make a multi colored string.,neutral,positive
t1021,What's the proper way to write?,neutral,neutral
t1023,how to replace all and and to ',neutral,neutral
t1024,"Are you expecting to speed up the video without affecting the sound, or did the timer solution just make the sound aggressively awful?",neutral,negative
t1030,too bad it hasn't been updated in 2 years. And using the fetch/gclient is really painful,negative,negative
t1031,Private: _variable_name and Protected: __variable_name,neutral,neutral
t1034,Inside Inside Any work arounds?,neutral,negative
t1038,"yes, that is what I'm after",neutral,positive
t1045,hi guys I am trying to create a program to allow a user to input a sequence of brackets (one at a time) and check to see whether there is a corresponding ending bracket. The brackets are entered on a new line every time to aid in the reading. I've set up an ADT for it but just cant think of how to get the while loop going and the checking...... I know if an ( bracket is entered i should push that into the stack and when a ( is entered i should pop one of the stack but I just cant work out the bits in the middle any help would be loved :) //ADT code,positive,positive
t1047,You could achieve all this with reflection but it would lead to a really horrible code. You'd better access individual members of the view model:,negative,negative
t1049,"Tested/cross-browser: If there is no submit button, the form will degrade miserably if javascript is not available!",negative,neutral
t1050,Is this sort of thing possible:,neutral,positive
t1054,"You have two divs, one over the other, and the one on top is transparent. However, when you scroll you want the div on the bottom to hide as it goes under the first transparent div. You don't want the second div's to change to as soon as it goes under the first div. You just want the part that is under to be hidden. I've googled extensively for an answer: #1-4 answer make the div on top or . The problem with this for me is my background is a photograph, i.e. as you scroll down what you see is different, as opposed to a colour or a pattern. The ""background"" of the transparent div needs to change as the real background changes. #5 offers a solution to this using JQuery however there are horrible, horrible issues with scroll lag in browsers not Firefox. Folks, how do I do it?",negative,negative
t1055,"+1, Excellent explanation!",positive,positive
t1059,This worked for me.,positive,positive
t1061,i.e. is it possible to do this:,neutral,neutral
t1067,What are you trying to use this offset for?,neutral,neutral
t1071,"When I apply on()-handlers I prefer the following notation if I have more than one to apply: Does anybody knows how to set a namespace within this notation? I solved the problem in this case with falling back to a single notation: But I really hate to repeat myself. Same issue/question for using the off()-method with more than one handler. This works: I bet the off()-thing is a easy one, but I don't get it after coding the last 15 hours.",negative,negative
t1077,"I have a controller which has a few actions, which are triggered by hitting various buttons on the page. I would like to have a default action, but am unsure how to annotate the method. Here is an example: How can I annotate a method which will act on a POST with any submit button pressed with no key selected? I have tried: I'd really hate it if I had to set required = false on each of the methods which take RequestParams and then conditionally check to see if one comes in or not... Is there a way to annotate this to work properly?",negative,negative
t1079,That's one bit of excellent logic! Thank you so much!,positive,positive
t1082,"And on what platform? (HTML, Winforms, VB.NET) ?",neutral,neutral
t1086,"Im working with VB 2010 In the form designer, trying to position some controls within a tab control. Sometimes when I drag a control to position it, it gets placed on a different tab than the one I currently have selected and am working with. This is extremely annoying and seems to happen randomly. Does anyone else ever have this issue?",negative,negative
t1089,I have an selfmade Stringclass:,neutral,neutral
t1094,Maybe this will be of some help -,positive,positive
t1095,"I would suggest you always take a normalized approach to your database schema and then later decided if you need to create a solution for performance reasons. Premature optimization can be dangerous. Premature database de-normalization can be disastrous! I would suggest that you stick with the original schema and later, if necessary, create a reporting table that is a de-normalized version of your normalized schema.",neutral,negative
t1096,Combining NH attributes and some FNH automapping stuff looks very scary. I do not understand it at all but IMO classic ClassMap is much more transparent. You must pay with more key strokes but your head hurts less:). and this code deletes connection and endpoint as well from database:,negative,negative
t1098,To hide virtual keyboard try/use this,neutral,neutral
t1100,"Yes, schema changes are instantaneous",neutral,neutral
t1101,What is the right way to call ?,neutral,neutral
t1104,I suggest you open the file using a and share that instead of the .,neutral,negative
t1107,using bash:,neutral,neutral
t1109,New to programming and this is my very first post! Very exciting:D Thank you all in advance for sharing your expertise. I would like to be able to somehow reference the earlier created timer and to be able to extend it (call Change upon its instance perhaps?) on Button2_Click. Please take a look at the code below:,positive,positive
t1112,On the WordPress repository is a plugin called wp gcm. Its a really great one try it out!,positive,positive
t1119,"I have a slider built into my web page thats dimensions and ratio alter for different screen sizes, I need the images that I place within this slider to also alter for the same purpose. The code that I have does't seem to be working, I'm a bit of a newbie to jQuery and have pieced it together myself but I think that its essentially quite close to being functional_ Any help would be hugely appreciated! M",positive,positive
t1122,"Excellent question! There doesn't appear to be a control in Eclipse to do it, but these two blog entries: both say it can be done in the windows registry. Caveat: I have not tried this.",positive,positive
t1126,"While we're at it, there is no such thing as Unicode. Well, there is, but it does not concern itself with earthly matters like files. There are numerous encodings which bridge that gap, but you don't appear to be aware of that or the difference this makes. See also: [The Absolute Minimum Every Software Developer Absolutely, Positively Must Know About Unicode and Character Sets (No Excuses!)](http://www.joelonsoftware.com/articles/Unicode.html))",negative,negative
t1132,"Heroku is an excellent (free) option: Also, deploying to Heroku is as easy as it gets!",positive,positive
t1140,it's just a user upload a file.,neutral,neutral
t1141,"thank you, i just want to be loved :-)",positive,positive
t1143,I believe Mendelt is referring to the Do method.,neutral,neutral
t1145,I m using Watir..w Ruby.. Excellent!!!,positive,positive
t1147,I know it's not what you asked but may I suggest using NIVO Slider? I've used and it's excellent!,positive,positive
t1154,"I may have a solution for you: 1. Go into google chrome settings 2. Click advanced settings 3. Click show advanced settings. 4. Under ""privacy"" click content settings 5. Go to the media section (near the bottom) and click ""Allow all sites to use a plugin on my computer"" Really hope this helps! If you extra help, check out this for more information.",positive,positive
t1155,This is definitely great for small stuff!,positive,positive
t1157,"This is one way of handling it, if you're receiving uploaded files.",neutral,neutral
t1158,What I am trying is : D:\workspace_sts\HerokuSampleApp>heroku pg:psql ! Unknown database. Valid options are: HEROKU_POSTGRESQL_GRAY_URL Seems I am missing the [] brackets for the DB URL D:\workspace_sts\HerokuSampleApp>heroku pg:psql postgres://XXXXXXXXX:pcb24a2s4fd2327p9qdhq4pelv5@:/d 5vj802XXXXXXX ! Unknown database: postgres://XXXXXXXXX:pcb24a2s4fd2327p9qdhq4pelv5@:/d5vj802XXXXXXX. Valid opt ions are: HEROKU_POSTGRESQL_GRAY_URL,neutral,negative
t1168,This code works absolutely fine!,positive,positive
t1171,I'd do something in the order of:,neutral,positive
t1172,I am really desperate :(,negative,positive
t1173,"Ah, excellent! :)",positive,positive
t1176,thanks so much! excellent insight!,positive,positive
t1177,"how can i use the bliss view engine instead of the usual jade engine in express js. i already found one article here at stackoverflow, but this seems to be for the old version of express.js. i am using the 3.x version. in particular i would like to know how i can install bliss and following to this. how do i make a project in express.js, with a different view engine then jade? currently i use this command in my project folder: thanks in advance!",positive,positive
t1179,"if this question is fit for SO, then this is the only correct answer..",neutral,positive
t1180,"what I want to know is, what does create? what can I do with it? what does it mean? Every tutorial without fail will avoid talking about the first version entirely The reason the tutorial doesn't rell you what to do with it is that it really is totally useless! It allocates a single and gives you a pointer to that. The problem is that if you want an int, why don't you just declare one?",negative,negative
t1184,Cant you just use namespaces?,neutral,neutral
t1186,@user3083131 no worries!,positive,positive
t1197,Look into these links. They may help.,positive,positive
t1198,Very painful and doesn't work with inputs from the user.,negative,negative
t1203,"The documentation for the minitest-ci gem (seemingly the only option for producing test results for a CI tool such as Jenkins) has the extremely annoying habit of not preserving the results of when invoked as - the test results from running minitest:models are deleted prior to running the rest of the tests. minitest-ci's barely-extant documentation claims adding this to test_helper.rb will disable the troublesome auto-clean behavior, but it doesn't: Has anyone out there managed to get minitest-ci to preserve all the test result files? I'm reaching wits' end here.",negative,negative
t1204,"I have a custom UITableViewController class that is shared among a few ViewControllers of my app. I would like to do pre-emptive fetching before the user has hit the bottom of the page. However, I noticed that if the user scrolls up and then down again, my VC will trigger another fetching. So I came up with a flag isFetching which checks to prevent double fetching. Unfortunately I am running asynchronous code and I need a way to reset this flag after my fetching operation has completed. FeedVC: Delegate: I find it very painful to pass around a finish bloc in order to flip a boolean. does anyone have a better recommendation?",negative,negative
t1207,"Triggering quirks mode is a terrible, terrible, terrible thing. In quirks mode, jQuery is forced to use alternative methods to interact with the DOM and is almost definitely the cause of your speed issues in IE.",negative,negative
t1208,"@RogerRowland: Everything else works. All my apps, including VS, and my other dev projects. So I'm really afraid to break all of them.",negative,neutral
t1210,Have a look at these articles Or start with this extremely excellent book to get a very solid foundation with data warehousing concepts,positive,positive
t1211,It's do with Von Neuman and Church's Lambda,neutral,neutral
t1213,"No worries, we were all new once!",positive,positive
t1216,it's possible do it in winforms?,neutral,neutral
t1217,Does someone have a solution **without** Linq ?,neutral,negative
t1220,"I had the problem that white was the ""Overscroll"" color, not actually the fading edge. try this (assuming you want a fading edge, but not the horrid white glare when you hit the ends! (otherwise set requires fading edge to none)):",negative,negative
t1225,"Oh, one more: You didn't seed the random number generator in the loop. Excellent!",positive,positive
t1226,"@Chris, excellent, I'm thrilled to hear that you're migrating to salted hashes! :)",positive,positive
t1229,@Jatin Can you make an answer. The link is pretty fine!!! I just need such things,positive,positive
t1230,"I personally only use the 'm' and the 'p'. The rest is just zany in my view. It makes the code so darn hard to decipher. I did maintenance work on this guy's code who used semi-Hungarian notation type id prefixes on every variable, function, and other identifier in the code. He used $ signs liberally to separate words. It was hard to keep the murderous rage in check.",negative,negative
t1232,* oh so very sad * :(,negative,negative
t1234,"I'm pretty new to VBS but I need to extract property information from web pages and input the information into excel. What I'm trying to do is get is object information from links, text fields, buttons, images etc. The information I need is the .name, .id, .title, .value, .type, .class for each item on the page and display it together for each item ie: from the google search page the search box is .id: lst-ib, .name: q .title: Search .type: text Then the Google Button is .name: btnK .type: submit .value: Google Search etc etc. Any help would be extremely helpful!",positive,positive
t1235,There's an excellent guide over on the Android Training site: It's about efficient loading of bitmap images - highly recommended!,positive,positive
t1239,you used days= instead of day=,neutral,negative
t1246,"Excellent, thank you! i did not now that.",positive,positive
t1251,Excellent! Thanks much.,positive,positive
t1252,"Excellent answer, thanks!",positive,positive
t1253,Take a look at and be extremely paranoid about user inputs.,positive,negative
t1256,"I'm nearly reaching rage mode! Can anyone help me with this?? I setted a limit on a CodeIgniter Model so I can only that set of results. Why is it not working? The records are displaying correctly on function call, but I'm getting more than how it's supposed to",negative,negative
t1260,"@BrodieG, but together, we are infinite bliss. Didn't you feel that already? :-)",positive,positive
t1265,"It seems to be working really fine for me , IE , not tested but FF / Chrome it works !",positive,positive
t1266,"Visual studio is ok, but i really hate the fact that you have to go through all the process of project creation just to compile one source file. Is there any compiler in windows that allows compilation directly from directory?",negative,negative
t1269,"I wouldn't worry about that in pure Flash. I don't believe that is the mental model the Flash Engineers used (Flex, absolutely, worry).",negative,negative
t1271,I was afraid of that!,negative,negative
t1275,Can you share some of your jquery code too?,neutral,positive
t1278,Terrible! Why do you post all that code? Three asynctasks. Do we have to dig through all that? You should only post the relevant code.,negative,negative
t1281,"I have recently found out that anything Swing(NetBeans, IDEA) is excruciatingly slow to paint the UI over Remote Desktop(RDP). Can you guys give me any suggestion for something that will work properly over RDP?",negative,negative
t1283,"Excellent, thankyou!",positive,positive
t1288,"Take a look - email is sent using , so you could just add: to the .",neutral,positive
t1291,"@joe Yes, if I were to declare the property and synthesize it as above, but I don't explicitly declare an ivar myself, the compiler will still actually create the ivar. So I could do `int len = [self.stringProperty length]` as you'd expect inside the class, AND I can also do `int len = [stringProperty length]` as well, without using the accessor method, just directly using the ivar (which the compiler has synthesized for me, along with setter+getter). It's really fantastic!",positive,neutral
t1294,"External sheet Link not applicable, private beta site on internal ip address.",neutral,neutral
t1295,"This is excellent! Thanks Dustin, that's exactly what I was looking for!",positive,positive
t1297,"I've used on pretty complex websites with great success :) One caveat through (this applies to all ""fixes"" i believe) is that you can not make a background image of an element be transparent.",positive,negative
t1301,Could you post any articles that you may have on this subject?,neutral,positive
t1305,"Each tab in my xcode project can have navigation/debug/utility menus open. If I close those menus on one tab, then switch to the next, they may be open. This is really frustrating! If I want the menus closed, I want them closed on all tabs. How can I change this behavior?",negative,negative
t1306,"Terrible approach, XML stores data, not formats!",negative,negative
t1309,"@mauguerra: It doesn't directly answer your question, but yesterday's article on Raymond Chen's blog, [What's the difference between Text Document, Text Document - MS-DOS Format, and Unicode Text Document?](http://blogs.msdn.com/b/oldnewthing/archive/2012/02/20/10269537.aspx) provides some useful background information and links to more resources for learning about this. Other required reading: Joel Spolsky's [The Absolute Minimum Every Software Developer Absolutely, Positively Must Know About Unicode and Character Sets (No Excuses!)](http://www.joelonsoftware.com/articles/Unicode.html).",neutral,neutral
t1311,I have the same question too. But for year 2012,neutral,positive
t1314,"I'm selecting data from a table where one of 3 columns matches a given search string: But I need to order the results depending on where the match was found, based on a column weighting. I.e. if the match was found in the MODEL column then the row should appear higher in the results than if the match was found in the MANUFACTURER column. With the weighting being 1-MODEL 2-MANUFACTURER 3-DESCRIPTION. All help hugely appreciated, thanks!",positive,positive
t1321,What is event bubbling in Flex?,neutral,neutral
t1323,You need to implement the interface so that will use your iterator.,neutral,neutral
t1324,Thanks for all your input. I came across this extension and it worked REALLY GREAT for me!,positive,positive
t1326,"You can change the foreground and background colors of the output by modifying the and of the object. For example, if you really hate your eyes:",neutral,neutral
t1329,Is there a fast way to do that?,neutral,positive
t1330,"I have a somewhat complicated issue. I have a grid defined (using the Struts2-JQuery Grid Plugin). One of the columns has a custom formatter that calls a Javascript function to put a button into that column. (Note: I absolutely HATE doing it that way). The point of the button is to open up a dialog box. This dialog box contains a checkboxlist, which can't be rendered in the grid. Somehow, I need to pass a parameter to the action that returns the view that will be displayed inside the dialog. Since this is somewhat complex, here is the code: Grid definition: Javascript Custom Formatter: Dialog Definition: Remote Manage Roles JSP (trimmed): Since I get the id of the grid object via javascript, but use the JSP taglib for the dialog, how can I pass the id around?",negative,negative
t1342,"There is a setting in your setup project that will ""uninstall"" previous versions by default, turn this flag OFF, then you will not have to worry!",positive,negative
t1349,@user007 What makes your elements size changed?,neutral,neutral
t1353,I hate it when a simple cosmetic change is invisible to me and causes my things to not work right but I forget about the change i made!,negative,negative
t1357,How come this is considered programming related?,negative,neutral
t1361,How to localize Google Map on ?,neutral,neutral
t1364,I'll update re your response,neutral,positive
t1367,"Oh, wow, awesome! Thanks! (this question needs to have a answer, any volunteer?)",positive,positive
t1368,"Can anyone help me to delete row of plist. here is , is , is and is . Any help would be extremely appreciated :)",positive,positive
t1373,what exactly is not working? it’s hard to guess _ you shouldn’t be using erigi to check for a substring: 1) it’s deprecated 2) use instead. edit: your code screams sql injection!,negative,negative
t1378,"Excellent! It works, thank you very much.",positive,positive
t1382,"I don't understand this part: One thing I've found with this is that passing the config around to all the other utility functions that I'd prefer and don't think should be a a part of one the the above mentioned classes can seem to get incredibly tedious. Anyway, look up on thread-local storage. You could make a singleton config object that is thread-local.",negative,negative
t1385,How do i do this in mongodb....,neutral,neutral
t1388,I've used this: ... it's really great!,positive,positive
t1390,"I am writing a WsCF service to retrieve data for multiple clients. I have a service layer that references business manager objects. In essence on the service call, I want to retrieve the provider type (a custom enum in my code) and the connection string from the web.config. For some reason, the code is unable to find the settings in my project web.config. I am gathering the IIS Express AND the VS development web server are referencing the machine.config. How do I override this. It is extremely frustrating. As you can see from the snippet the setting AND the connection string name exist, but the code never picks it up. My code: Private Sub GetDBInformation() The web.config:",negative,negative
t1393,"I call the documents, ""baseline"" and ""test"".",neutral,neutral
t1399,"I'm trying to show a currency dynamicly, that works totally fine! But I'd like to change the pattern from ""SFr. 150'000.00"" to ""150'000.00 SFr."" (and still keep it dynamicly!) Any suggestions how I could do that? Here is the code: Thanks in advance!",positive,positive
t1401,"Do not touch a Physics-""Body"" inside of a TouchEvent. UI-Thread and UpdateThread hate working at the same time!",negative,negative
t1403,"The was a pretty awesome read/reference! Although there are some typos, etc., it is really extensive and has tons of examples. C & C++.",positive,positive
t1404,"I'm using FOSOAuthBundle with FOSUserBundle for an API which is used by mobile apps etc. I'm trying to access some user profile information using the access token to find the users details, however the user_id isn't being set. Further info, I was following the tutorial in your documentation. Here's my security: Here's my config settings for UserBundle and oAuthBundle: I was following this guide: Any help or point in the right direction, would be hugely appreciated!",positive,negative
t1408,that is very very sad,negative,negative
t1410,Excellent! Appears to be a far cleaner solution. http://bl.ocks.org/mbostock/4560481,positive,positive
t1413,well.. taht's... sad =(,negative,negative
t1414,"I am using Hibernate for my persistence layer. And if I send a web request which asks for some database data to be displayed on the webpage For the first one or two times, the server responds rightly and data are retrieved and displayed. However, when the same request is sent repeatedly ( Just by refreshing the browser by hand to resend the request), Hibernate will not respond anything. And it is choked there! Also the log message stays at the ""opening hibernate session"" line(shown by SessionFactoryUtils class in Spring) Any solution??",neutral,negative
t1415,"How to make it work,an example?",neutral,neutral
t1417,I really enjoy the !,positive,positive
t1418,@ChrisW. No worries!,positive,positive
t1419,@Holli: The now new dev agreement puts MonoTouch in the clear,neutral,neutral
t1421,"I got iPhone app. When i start it, i see black view. This black view is shown before app's first view. And it looks really awful. Can i set here preview picture?",negative,negative
t1423,"That's not a ""jQuery onchange"", it's a ""horrible inline onchange"" !",negative,negative
t1425,Hasn't made a difference I'm afraid :(,negative,negative
t1426,@tdiop your users will still hate losing their selection though!,negative,negative
t1429,"I'm having an extremely frustrating experience attempting to change directories in python using variables within the program. Specifically, suppose I have: gives OSError: [Errno 2] No such file or directory: '$dir_name' and yet returns 'Directory_Name_999' (a valid directory name) and similarly changes the directory without error. Where am I going wrong here?",negative,negative
t1443,"@DennisRongo Great success! Thanks for the link, post it as an answer and I'll accept",positive,positive
t1446,See: http://stackoverflow.com/a/13760256/483588,neutral,neutral
t1450,"Oh, how I hate TFS for giving me these headaches!",negative,negative
t1451,"Freeing the local array ""buffer"" is undefined, and probably horrible, behavior! You can't free something unless it was allocated with malloc() or calloc(). It's likely corrupting the heap and causing the crash.",negative,negative
t1457,"Here's the most semantic approach (and it works all the way back to IE6, no worries):",neutral,positive
t1458,"My client sells jewellery in different materials such as gold, silver, oxidised, etc. When using the Layered Nav widget I would like to display the thumbnails corresponding to the selected filter. So if the users selects the 'gold' attribute in the widget, the gold thumbnails should display in the archive. Using ACF I added image fields to the main product for thumbnails and modified the action in my functions.php. I am trying to write a function that will retrieve the right thumbnail for the currently viewed filter but I cant find a way to check the active attribute for the page. I think it may be possible to use a query_var variable, but my knowledge is too limited. Any help will be hugely appreciated!",positive,positive
t1460,I understand you need to know the sizes conversion. Sometimes I use this tool: And I found an excellent article about the screen sizes and densities: I hope it will be useful for you!,positive,positive
t1470,yes another reason to hate IE!,negative,negative
t1480,"You're definitely suffering from ""id-itis"" there though. Seriously, if you have a well-known ID at the top of your structure, you don't need to ID everything else... it's just a lot more work.",neutral,negative
t1482,"I have this strange problem on my web page where if you click below the left side-panel, all the links get highlighted. It happens in firefox, not IE. I don't know why its only the side-panel that it happens to. Its not really a big deal but its extremely annoying to me, is there any way to stop it? If you want to check it out, the site is",negative,negative
t1483,How did you get the name of the temporary table that the alter command creates ?,neutral,neutral
t1487,You can try this.It works in my case.,neutral,positive
t1489,"First off, 16*16*3*3 = 2304 - quite modest really. At this size I'd be more worried about the confusion likely to be caused by a 4D array than the size it is taking! As others have said, if it fully populated, arrays are ok. If it has gaps, an ArrayList or similar would be better. If the Strings are just IDs, why not store an enum (or even Integers) instead of a string?",neutral,negative
t1492,"He's got a point. This is what started the HTML 5 effort (as ""Web Forms 2"" by Opera Software).",neutral,negative
t1498,"In Bash, you use parameter expansion: In your case, say . No need to go overboard and cry for regexes at the slightest provocation -- Bash has plenty of power!",negative,neutral
t1500,"@CalebHuitt-cjhuitt: Excellent!!! that works! Thank you very much. If you'd like some brownie points, please submit it as an answer and I'll mark it as the correct answer.",positive,positive
t1501,"The prevalence of memory leaks in programs with manual memory management kind of disproves your thesis that it's easy to establish upper bounds of a C/C++ programs's space usage. That said, excellent question!",positive,negative
t1503,"Its really sad :( to hear ""We cann't fix Footer or Header view"".. it always get scroll with rows.",negative,negative
t1524,"I'm quite new to this wonderfull tool that selenium is, and i'm trying to make some examples tests in my web app (html/JS). I managed to select some (most) elements withtheir id with the command but i'm unable to find some elements that do not have an tag. I tried these following lines without result, as i have have an a mix of the two aboce (alt and src in xpath and cssSelector This element HTML code is If somebody could help me, that would be very nice :) Thanks, and have a good day !",positive,positive
t1528,I've had great success with DockPanelSuite I may post some sample code to get you started but it's fairly staright forward!,positive,positive
t1531,"yes, I have just installed binutils and it's looking very awesome!!! I'm going to check it out! bb with more info",positive,positive
t1534,There are really excellent tools for handling this sort of task in .NET without having to resort to the regex hammer. This will also be more reliable than a regular expression based solution. I'd suggest that you take a look at .,neutral,positive
t1537,"If you are looking to load asynchronously javascript scripts, in the right order, I shall recommend you $script.js developed by the Twitter javascript lead dev It's really great!!",positive,positive
t1538,"In addition to firebug (which should be your first port of call), the will also tell you where a given style is sourced from, just in case IE - shock, horror - should be different.",negative,neutral
t1544,Here's the ashx ProcessRequest,neutral,neutral
t1547,"So, I'm trying to make a 3D grapher for a class. Right now I'm working on understanding OpenGL and I'm failing horribly. I want to move the camera, but I can't at all, whatsoever. Why doesn't this work?",negative,negative
t1552,"Note that the given answers ""only"" handles making multiple variables of the same type. If, for some bizarre reason, you would need to do multiple types, this is valid (though awful):",neutral,neutral
t1555,"@Bakuriu, thanks for your answer! :) That `class MainWindow(QMainWindow, Ui_MainWindow)` was surprising but excellent!",positive,positive
t1557,"For , searching the web seems to show for no sound, for full sound.",neutral,neutral
t1558,"I have a few months of experience with Ruby on Rails and really loved it from the beginning on. Now, for work, I was asked to code in Grails and although I first had some objections, I now think it's a very decent framework. One thing that really impressed me in Grails are Taglibs because they make frontend modularity so much easier. I would really like to do something with Rails. Is there anything like Taglibs for Rails? If not, what are the best practices for accomplishing this kind of view modularity (and, in essence, making my life easier)?",positive,positive
t1564,"Nope, I don't think such a magic function exists. One workaround for this would be to put your functions into a static class, and add a magic method to that class (> PHP 5.3 only, I'm afraid): For PHP < 5.3, you could do the same thing, but you would have to instantiate an object and use the magic method.",neutral,negative
t1566,discusses writing jQuery plugins/libraries in excruciating detail. What NOT to do: What to do: I also wrote a last year about various methods for namespacing in JavaScript (non-jQuery related).,neutral,neutral
t1575,"In my Apache2 VirtualHost I have configured to specify directory name by . So now whenever URL is it's looking for in . Everything works very fine! But I'm having two kind of projects in this directories. is simply index.* in but is one level deeper - index.* placed in directory. I want to ""rewrite DocumentRoot"" to if this directory exists and I want to use it's . Is this possible with some ?",neutral,negative
t1579,This is one thing that I really hate within development is forms. Below is my code and what I am trying to do is align the inputs with the labels . Is there a rule that you use to help remember when coding forms? CSS: HTML:,negative,negative
t1581,"this api stinks, it is terribly designed and has lots of bugs!",negative,negative
t1583,"I've decided to use the FreeFileSync tool from There is some effort to configure it to ignore some files and folders, but the tool provides nice filter possibilities. Configuring these filters can be very time consuming but they're working fine :) Thank's for all your help!",positive,positive
t1585,This is correct. It can turn out to be quite a pain!,negative,negative
t1589,"I couldnt extract using `cabextract`, used `unrar` instead. `unrar e filaname.part01.exe` worked",neutral,negative
t1596,"So I came up with what is undoubtedly an extremely ugly solution: I took the Response JS data attributes out of the body tag, and used the Response.create method instead. Then someone suggested I make the plugin calls a function, then call the function after creating the Response data attributes. I have no idea why it works, but it does.",neutral,negative
t1602,"There's always the poor man's alternative of just loading a bajillion individual frames as .gif/jpg/png and having javascript display them in sequence. It would be absolutely horrible for bandwidth and memory usage, and of course no audio, but it would (somewhat) simulate video being played. Of course, on Windows platforms, you could use ActiveX and/or embed media player and play avi/wmv files as well, without ever touching flash.",negative,negative
t1604,No worries just making sure that you had solved it!,positive,positive
t1608,"I have a mobile web page with a table containing many rows. Each row has additional information. Ideally, when a user taps on each row, a new layer will display, covering the whole screen, that provides more information for each row. The layer can be closeable by tapping on the new layer itself. Is this something I can do with a to begin with? Or do these rows need to be divs instead? Please if someone could push me along, that would be excellent! Thanks.",positive,positive
t1609,"Because there are too many changes in Rails 3, without tests it may be very painful))",neutral,negative
t1614,"No, they've stopped working again and gone back to the 403 forbidden message. Incredibly annoying.",negative,negative
t1615,The documentation mentioned has no clear path to completion.,neutral,negative
t1620,An example: Extremely frustrating!,negative,negative
t1621,"@PaulMougel,Thanks Super Great! it works! I added it (res.end()) habitually and have never thought it might could be the reason. Happy New Year. Thank again you so much.",positive,positive
t1622,templates are not inheritance,neutral,neutral
t1625,"I'll bet you that your main's function signature is incorrect. You use: but SDL_main.h wants Aside: You see, SDL does something really horrific when compiling: It renames your function to , injecting its own main function which, in turn, calls yours. Note that if this doesn't work, then you may be compiling with wrong flags. To be sure, take the flags by running: For more information, see",negative,negative
t1628,Check this thread on Joel of Software forum: Lots of excellent free icons packs!,positive,positive
t1629,What form of authentication does the site use?,neutral,neutral
t1631,that’s really sad :(,negative,negative
t1632,Do I need a call in this code?,neutral,neutral
t1633,"I want a text file containing links to the Wikipedia articles listed , one link per line. I could do it manually but that would be very painful. How can I automate this task?",neutral,positive
t1636,"For those, who use ShinobiCharts.framework: creating a category on Shinobi classes causes such error. As a workaround, you can replace categories with inheritance (this may be very painful).",neutral,negative
t1637,"My solution for at indexes and of any string would be: If this evaluates to True it means that the character at index x is enclosed by a set of parentheses. You can test for the index y respectively Hope that helped, Cheers! Alex",positive,neutral
t1638,Links are fixed.,neutral,neutral
t1639,Right ... if only I was using SQL server.. Informix unfortunately :( :( :(,negative,negative
t1640,Oh! Excellent!! Worked like a charm!,positive,positive
t1644,what about 3rd question?( When is it appropriate and when not?),neutral,negative
t1646,"The previous solution is really great! However, I'm looking for one more feature: is it possible to eager load last subordinate record before a specific date? This is needed so that my users can browse a history a song's votes (with links to previous and next days).",positive,positive
t1648,"Why? If this works, why spend the time and effort? If you really hate it that much, write a function that encapsulates that bit of logic.",neutral,negative
t1654,"You should use template engine. See ejs, or jade for example. If you are using Express nodejs framework, then it is very comfortable to use jade. There is also template engine called Bliss which is like Razor Engine in ASP.NET",neutral,neutral
t1657,I'm trying this Some solution?,neutral,negative
t1659,This should definitely be Community Wiki IMHO.,neutral,positive
t1661,The other day I noticed that if I run IEInspector's HttpAnalyser and capture the post data when logging into my bank account or amazon account the post data shows my user name and password in the clear. This is a little concerning. Does anyone know at what point the SSL encryption takes place? This I assume would mean that any software that is installed on your machine could potentially get access to this post data. Very scary.,negative,negative
t1662,Say I have the following code:,neutral,neutral
t1672,Don't. Use a CSS declaration instead.,neutral,negative
t1675,Excellent solution! This is the way to do it.,positive,positive
t1680,+1 That looks like an excellent resource!,positive,positive
t1681,From command line: then type password,neutral,neutral
t1685,I'm very sad now :(,negative,negative
t1687,"does a similar thing (and yes, i find the 'pc' moniker for windows machines very disgusting)",negative,neutral
t1690,This is amazing. Thanks so much for explaining. Excellent explanation!,positive,positive
t1692,I have updated to Genymotion 2.0 and downloaded/deployed the new 4.3 images (Galaxy Nexus and 10.1 Tablet) upon installing the appropriate GApps package get a devastating error upon launching a development app with the following stack trace making the device restart.,neutral,negative
t1694,"excellent, all working now, thanks !",positive,positive
t1695,That `#define n 10` is scary :( Are you sure you don't intend on using that letter anywhere else?,negative,negative
t1696,that was from something else - that apparently the fragmentmanager holds on to fragments. But you're right - it doesn't make any difference one way or the other. Nice library by the way - extremely useful!,positive,neutral
t1699,Short and to the point... excellent! +1,positive,positive
t1700,"You don't need to tag your title, that is what the tags are for.",neutral,neutral
t1705,"I am not familiar with Python scripting. I am simply trying to create a small GUI that will allow me to alter a parameter in an ArcGIS Model using the Tkinter Scale and then run the model by clicking a TKinter Button. (The code below is not finished and is being used for testing purposes, hence the button does not actually call a different script yet). I get this TypeError in the Traceback: I have tried deleting many different things from my code to determine what these arguments might be but to no avail. It is incredibly frustrating as I am sure it is the most simple problem. My code is as follows:",negative,negative
t1706,"Off topic, but I really really hate the 5 ` `s in a row. That's abuse!",negative,negative
t1707,Having How to convert a to a ?,neutral,neutral
t1710,"Excellent code @ Peter, but not to be generating consecutive events, it might be better to use unbind (), like this: Thanks!",positive,positive
t1712,"@Daniel Lee: That is an excellent video! I had downloaded Automapper, but wasn't sure how to use it on anything more than the simplest object mappings. I love how some of the concepts shown help keep the code DRY.",positive,positive
t1717,Given: I expect: But get: Why?,neutral,neutral
t1721,How send imageData using POST?,neutral,neutral
t1723,This just saved me a lot of grief!,positive,positive
t1724,This only works if you have firefox installed.,neutral,neutral
t1725,"yes I'm having the exact same issue, very annoying!",negative,negative
t1727,"The sollution suggested over here is perfect: I register a BroadCastListener on all Activities that should be removed from the backstack and when I reach the main menu, I just send the broadcast and all receivers call finish(). This works really great!",positive,positive
t1728,"@PabloB. sir, this is sad :(",negative,negative
t1733,"Your implementation looks absolutely fine to me! A range-based away subscript is a type for performance reasons. It does not copy the indicated sub-array, instead it just points to the range defined by the you provide to the subscript.",positive,positive
t1736,This RegEx might work for you (it is very hungry-greedy): But I would advise to use instead. It provides the ability to use HTML's DOM. So you would work with it just like with XmlDocument:,neutral,negative
t1741,been trying to save my data from my while loop to script variables but no success. Did an example if how I want to save my php data to script variables. This doesn't work for me. Anyone have any idea? Don't want to save all data manually. Very greatful for answers! Ask if you don't understand :),positive,positive
t1743,excellent - thanks everyone!,positive,positive
t1744,"I found an excellent tutorial on how to create site columns and content types - here : (THANKS AGAIN ROB!) Does anyone know of a written or video tutorial that will explain how to create a list and list instance in MOSS 2007. I use WSP Builder, and the build in templates from Microsoft aren't compatible (or up to the task). Preferably a method that focuses on the CAML (xml) , and explains in detail the theory, and demonstrates how it is done. Thank you.",positive,positive
t1745,"not to worry, it was a permissions issue with the file!",neutral,negative
t1750,"Use Web Essentials... it works really great, and has lots of other useful tidbits!",positive,positive
t1752,Can the nodes be the same but be declared in a different order?,neutral,neutral
t1753,I have a file containing unsigned 64 bit integers in little endian format shown below I'm looking for a way to read these numbers in and then convert them to their decimal equivilant The code I have so far is as follows: which gives me the following output from the first number I've been looking at how to use structs for this as it seems like it is what it was made for but I've been unable to find the correct syntax using them. Any help would be hugely appreciated!,positive,positive
t1756,You're right edited. Sad fact! :(,negative,negative
t1757,"I am really terrible at RegEx, In the code below I only want the actual numbers between and How can I achieve this?",neutral,positive
t1760,Remember to Include System.Text if you want to use StringBuilder.,neutral,neutral
t1765,I've changed the color scheme on sublime text 2 and I really hate the colors it changed to. So what is the name of the default settings? Because I want to change it back to the standard.,negative,neutral
t1768,"It might be a good idea to remove info from the table but remember that SQL works pretty fine with millions of rows! In your case, I'd run a cronjob every day that removes the rows that got made longer then 48h! I think that this would be enough.",neutral,negative
t1770,Delphi (since 2009) now has a TDictionary class for doing this.,neutral,neutral
t1773,"Also, which version of Windows and x86 or x64?",neutral,neutral
t1775,+1 big fan of your blog Jason.,positive,positive
t1776,I am not sure how to fix this:,neutral,negative
t1777,I ran this in a rails console:,neutral,neutral
t1782,"I'm using bootstrap modals to display a iframe all works well, but in ios 7 safari (ipad) the user can not type any text in any of the text boxes (the keyboard simply doesnt open, nor does it focus) or are they able to click any links, yet it displays on the screen absolutely fine! and outside of the iframe the site continues to function. has anybody else run into this? cheers",positive,negative
t1788,It's technically possible to achieve this in T-SQL with nested loops and embedded queries. All hugely ugly in T-SQL. Far easier to do it in a language that's more general purpose.,negative,negative
t1796,@eat Wow! Excellent point! I don't know why I didn't see that before. That solves the issue with np.reshape and now I can use that. No need for another thread. Thanks again!,positive,positive
t1805,I try and but it doesn't work.,neutral,negative
t1807,"I'm very worried about the following screen. When i launch ""Instruments"" in Allocations mode, i see every image of my app adding to ""Living"". I really don't understand how it could be possible...",negative,negative
t1814,"So I have also ran into this problem. I have found a solution(it's terrible, be warned!) Open Unity and load your solution in MonoDevelop 4.0.1 (older version you can set the target framework more easily) Navigate to your project directory and open ""Assembly-CSharp-vs"" in notepad. Change the line ""TargetFrameworkVersion"" v3.5 to ""TargetFrameworkVersion"" v4.0 You will have to do these steps every time you load Unity(blah) but it does work.",negative,negative
t1818,i would reccomend you rewrite the bad code. Even if its really painful.,neutral,negative
t1821,"Too slow and I prefer to operate in the same mode as my users. Also, I just really hate switching to debug. And its a waste of diskspace.",negative,negative
t1822,Here is my CSS here is my HTML,neutral,neutral
t1825,Checkout the following links help you,neutral,positive
t1826,What platform? What languages will you accept?,neutral,positive
t1827,"For anybody else that is looking for a great tutorial, the is absolutely excellent. It gave me the background for the way an MVC application is designed, and enough to start making my own applications and research to fill in the blanks. Highly recommend this tutorial.",positive,positive
t1828,"Android camera stuff is extremely frustrating, I understand that. Make sure to read through all of the and check out this code below referenced from :",negative,negative
t1829,this doesn't work.,neutral,negative
t1831,"Ternary gets _extremely_ ugly if you're using more than one else statement, I wouldn't recommend it at all, let alone in this situation.",negative,negative
t1832,Any suggestions on how to fix?,neutral,negative
t1838,Isn't it better done with BufferedGraphics class?,neutral,negative
t1839,Excellent job including the Fiddle! I still can't quite understand the question though. Could you include the output?,positive,positive
t1841,"Excellent news, good stuff!",positive,positive
t1843,could help?,neutral,positive
t1844,@btevfik..thats very sad:(,negative,negative
t1848,You can use the imageInsets property to move the frame of the icon.,neutral,neutral
t1852,"An easier way to do it is to make a ""globally visible"" function. AKA, declare it in a public header: and define it within your compilation ""unit"" - but outside any . As a little bonus.. it with an ""alias"".. and you can REALLy abuse it!",neutral,negative
t1855,"I'm using this practice to add comments using AJAX , by sending the data to an ASP.NET Handler which collect the information and then insert the comment, but I am afraid that any one could use it , am I wrong !?",negative,negative
t1856,It's the most ugly :( :( :(,negative,negative
t1864,"Based mostly on , but also , and my own experience, I don't think it's possible without a lot of ugliness, pain or without converting your LINQ to SQL code generation over to (not appealing, IMO).",negative,negative
t1870,Nope... doesn't fix it I'm afraid!,negative,negative
t1889,Method 2 will not work if run as administrator,neutral,negative
t1890,I would continue running in the background and set an (called by the os when you app is REALLY killed) and there use,neutral,neutral
t1893,"I'm completely horrible with javascript and jquery, How do I get the content from a PHP file?",negative,negative
t1897,I absolutely love this tip!,positive,positive
t1901,You may get some mileage from in Christian Wade's blog - it all looks mighty painful to me!,negative,positive
t1905,That looks like an excellent technique and pretty much negates my question! :),positive,positive
t1908,this is a really great idea!!! please standby while i try thank u so much,positive,positive
t1909,Why wouldn't you use a staticmethod?,neutral,neutral
t1913,Excellent recipe!,positive,positive
t1914,"Do You know the size of the message, or the end marked somehow?",neutral,neutral
t1915,"First I was afraid to ask such ""simple"" question, but it was worth it!",positive,positive
t1920,excellent news!,positive,positive
t1927,"Shouldn't this be Modulus(CurrentItem + 1, 4)?",neutral,neutral
t1930,"It's a command-line tool. Unforunately Xcode doesn't use CodeSense for editing files outside a project, which is incredibly frustrating.",negative,neutral
t1933,How can i get? My attempt was:,neutral,positive
t1936,"Oh God, I remember this, it was absolutely horrible. Worse, I can't remember how to fix it offhand.",negative,negative
t1939,mechanize ended up giving me the most functionality...thx,positive,positive
t1940,"Our QA team uses HP Quality Center for defect tracking, test plans, etc. The dev team really detests Quality Center and wants to use JIRA for internal task tracking. Can these two systems work seamlessly together? I have worked on projects where 2 teams used separate issue-tracking systems and keeping them in sync was a major headache. Anyone have real-world experience integrating Quality Center and JIRA?",negative,negative
t1945,First off I'm really loving all the things you can do with CouchDB. I'm coming from a lot of front end JavaScript and I use console.log() for lots of debugging and testing tasks. I'm wondering how to console.log or what a better way to debug might be in CouchDB. Any suggestions would be really awesome!,positive,positive
t1946,or just Is there a difference?,neutral,neutral
t1949,"On it's own, perhaps, but for my intended purpose, no, it is not inefficient.",neutral,negative
t1956,Follow the answer and the link in it.,neutral,positive
t1970,Add quotes around the search criteria,neutral,neutral
t1974,How absolutely terrible you can't set controls not to show up on the print,negative,negative
t1976,@BrianGlaz : Really great answer!,positive,positive
t1977,"is it not by default ? if yes , then it is really horrible...",negative,negative
t1978,"Yes, same happened to me ... sometimes defines can be really horrible.",negative,negative
t1987,"No, that article still DOES work in the latest Chrome and Firefox as of February 24th, 2013",neutral,neutral
t1990,"If you also want to display the date it can be done by using ""DATE /T"".",neutral,neutral
t1991,It just allows you to skip null checks in your equals() method.,neutral,neutral
t1993,"Visual studio crashes as soon as I open aspx or ascx View from MVC 2.0 project. If I delete all bin and obj folders from projects, I can open aspx and ascx View page. But it crashes again after compiling. It started to crash after I moved strong typed model to different project. I got stuck and cannot go further, really frustrated! I'm using Visual staudio 2008 Sp1. MVC 2.0, Window xp sp3. .NET 3.5 sp1. Anyone can help?",negative,negative
t1996,Excellent I was not aware of this!,positive,positive
t1997,How to check a popup menu item?,neutral,neutral
t1999,"Excellent, thanks for reporting back!",positive,positive
t2012,Are you upsizing or downsizing?,neutral,neutral
t2013,Excellent! Will try it soon. But it should work i guess.,positive,positive
t2014,I think Jon probably cleared the code for you.,neutral,positive
t2017,Nobody answers here..sad!!!,negative,negative
t2020,"Am a beginner in using Ember i am working on a template for my site and when i put the TEMPLATE code in a handlebar it's not working but if i remove it form the handlebar it works, meaning i have linked the correct JS and Css files needed. Am posting the index.html and App.js please assistance would be great :) :) INDEX.HTML APP.JS GitHub is here for the file..... Thanks Loads Shei",positive,positive
t2021,"I'm trying to open a different ajax modal for each table row clicked. So I did this: That, however doesn't work - while this does: If anyone could please point me in the right direction I would be extremely happy :)) Thanks everyone!:)",positive,positive
t2023,Such awful code!,negative,negative
t2024,There is no author tag for the c#,neutral,neutral
t2026,I have this jQuery code: why $(this) doesn't work in a setTimeout method?,neutral,neutral
t2029,"Note you can also export to TXT (as you said you need to in your answer further down, jazzrai).",neutral,positive
t2031,Sort of - :,neutral,positive
t2039,I'm afraid you can't!! Weka is not covering that functionality.,negative,negative
t2042,"@David Wallace: Yes, and it's even more sad when some guys -1 the correct answer!",negative,neutral
t2047,Is this visual studio specific or all c++ projects behave this way? Why??,negative,neutral
t2052,"Too complex, breaks the third rule of the zen of python.",neutral,negative
t2053,how can i check that my UTF-8 data is all 3-byte Unicode ?,neutral,neutral
t2054,"I am wondering.. is tree view/navigation possible to do (and somewhat easily) in XForms given a XML data structure? If it is possible, where can I find a really excellent example (code and hopefully a working form to view)? Also, are there any tips you have for implementing this? (I'm new to XForms, and only know the basics so far) Thanks so much!",positive,positive
t2055,"@catsby is correct -- you'll want to use the to do this. SIDENOTE: Heroku's platform API is actually incredibly awesome. You can use it to scale dynos, set variables, provision / deprovision addons, etc.",positive,positive
t2060,Is it possible to pass a an Objective-C pointer function to a C function?,neutral,neutral
t2065,"I'm trying to apply route filter to a specific url. So, my file is under public directory: My filter: Finally my pattern: If I try to access the rule does not work. I can see whole contents of file. If I try to acess the filter works great. Because there is no file which named under the directory. Any help would be really great!",positive,positive
t2070,"Why don't you just run multiple instances, one per document?",neutral,negative
t2073,Worked really great! Thanks a ton!,positive,positive
t2082,"Ive made a simple android quiz and would like to display the question count ID within the layout(The questions will be randomly selected). For example on the bottom of the layout it might say ""Q6"". Currently the layout only shows the questions, possible answers and a next button. Would I need to change the java class and the layout? Any suggestions would be really great! Thank you!! Here is the question class:",positive,positive
t2083,"fails horribly for, e.g., `domain = 'http://www.google.co.uk/'`",negative,negative
t2086,Oracle table clusters are not like SQLServer's clustered indices.,neutral,neutral
t2087,"Try replacing... with.. Best of luck, hope that helps!",positive,positive
t2088,Excellent - thanks !,positive,positive
t2093,"What a sad answer!! Maybe I can just don't install it, and leave the hell to user.",negative,negative
t2095,Don't mess with Ext.Loader unless you feel extremely masochistic. The Land of Big Pain lies down that road.,neutral,negative
t2097,"I think that solution is now ready. Here's the code: David Wasser you are extremely helpful, thanks!",positive,positive
t2099,Excellent answer!! my vote is +,positive,positive
t2101,"Here is an answer to a similar question: It's a complex workaround, but looks working pretty fine!",positive,positive
t2108,"I really hate asking questions that I feel were asked a thousand times before. This is one of those questions I feel others must have encountered, , none of the supposed solutions work for me so I must be doing something wrong..... I have an extremely simple app setup. index.htm, and terms.htm. There is some textual data in test.htm. I set both and at the appropriate time after stuff has loaded. At first I tried loading terms.htm's data into an element within index using (both test and index are in the same root /assets/www/ directory, and my webview loads index oncreate) but absolutely nothing was happening. So I opted to try .ajax so that I could at least get an error message, and all I get is 'error'. Surely, it is possible to load local textual assets with JQ on DroidGap?",negative,negative
t2110,Excellent approach!,positive,positive
t2111,How can I check if and are in both the MySQL table fields and MySQL code.,neutral,neutral
t2115,"Currently making a java program that grabs data off of a MSAccess Database and some of these errors are extremely frustrating. I keep getting this SQL.Exception : Too few parameters. Expected 1 error on the last remaining bugs in this program. Little background on the db: It has 3 tables (A player table (11 columns), a team table (3 columns), and an Opponent table (6 columns). These are both of the functions and I am fairly certain the problem lies in here somewhere or this function",negative,negative
t2119,"Is search and replace the only way to rename as asp control in the code behind file? I find this extremely annoying, but it is the only way I can find. Scenario: I'll find a variable that needs renaming (Usually to meet naming convention) I'll rename the variable in the aspx/ascx file. I'll have to go in the code behind files and search and replace. I get annoyed Are there any better ways - preferably that would not touch a similarly named variable in another scope in the project. I'm on VS2008 with resharper -- does VS2010 address this perhaps?",negative,negative
t2120,VBScript as in VBA or an external vbs file run from cscript?,neutral,neutral
t2125,It seems the rano.org-link is working again.,neutral,negative
t2133,I solved this. That filter in web.xml must be first filter in file.,neutral,negative
t2137,"David: +1. For a second I thought they may have been passing a `Furious Neanderthal`, or something, to Word!",positive,negative
t2141,"thnx man, it works really good, awesome stuff !!!",positive,positive
t2145,"Is packed-decimal part of the EBCDIC format, or is this just a file which happens to use both? I'm not familiar with that format, I'm afraid :(",negative,negative
t2147,I want to compare columns on the basis of parameter e.g. Any suggestions?,neutral,positive
t2152,"This is not the answer but I figured out a very sad workaround. Extend the TextView component class In the constructor of the subclass, fire off the code ...yuck",negative,negative
t2155,"You could look at using , but performance might be completely horrible.",negative,negative
t2157,@AngryOliver Edited!,neutral,positive
t2159,Recently I've started Operating Systems course...now going through its contents I'm thinking about learning UNIX from its internals.Also I have completed a Computer Architecture course and really loved it.Can you suggest a good book on UNIX Internals from which I can learn the practical aspects of how the architecture designs work in a real life OS?,positive,positive
t2161,TLDs must go under META-INF too.,neutral,neutral
t2166,"I think the first approach is OK, but you have to be sure to always have branch B updated with the new changes introduced in branch A. Otherwise if you don't keep them synchronized, these branches will diverge and merging them back on trunk will be a really pain. SVN merge's are ok if you do them early and often.",neutral,negative
t2167,Maybe this?,neutral,positive
t2173,"I just updated my MacVim to 7.3 and with it, it now changes directories to whatever file I'm currently editing. I use PeepOpen, so it's incredibly annoying to cd back to my project directory every time I want to edit a new file.",negative,negative
t2179,How a javascript can get the current locale in ruby on rails application?,neutral,neutral
t2180,"I had the same problem and ended up doing the same workaround. When I was done I didn't really hate it though, because it allowed me to free-up the UIPageViewController and all of it's child UIPageViewControllers and all of their resources when the user wasn't actively using the tab.",negative,negative
t2182,-1 for not explaining or giving details. I hate these types of questions!,negative,negative
t2183,I had similar issue. This article explains why and how to solve it:,neutral,negative
t2184,"this is a disgustingly horrible hack, but it might get the job done:",negative,negative
t2189,Try [castor](http://www.castor.org/xml-mapping.html) mapping.,neutral,neutral
t2192,tags may be self closing or not. would it be possible for a regular text:,neutral,positive
t2193,"There's no such thing. Any such log would have to be programmed into the database, so no worries, you don't have to disable it since it doesn't exist by default!",positive,neutral
t2200,Excellent! I got it working with your help.,positive,positive
t2203,Just wondering what actually happens after you exceed 2147483647 records?,neutral,neutral
t2204,In what context are you asking this question? Database type?,neutral,neutral
t2205,"Code Contracts are pretty cool, but they do have some limitations. They will only create compiler warnings, not errors. Also, this analysis is pretty slow on large projects. However, I'm hoping this technology will evolve and eventually be integrated into the language itself. It's incredibly promising!",positive,negative
t2206,I ended up with a regular expression:,neutral,positive
t2216,"If you're really worried about that, make an NSTimer that fires in say 5 seconds, and send traffic when it fires. Invalidate the timer when your view disappears.",neutral,negative
t2225,@Jason no worries!!,positive,positive
t2227,"I've done some easy .hover(function() statement in jQuery. When i hover over a text i simply want a #div.fadeIn, and on non-hover fadeOut. It works. But it's just if i spam the text-trigger with hover and un-hoverring really quickly and then stop the animation begin to give a blinking effect. It just kind of loops, really annoying!",negative,negative
t2231,Just save the stream to a file using and load it with Documentation,neutral,neutral
t2234,it generate but i need But in i did not find a way how to change ID attribute. i need to use text_field_tag because it fills textbox with params if submit fail. if i think about im worry if i change an ID it does not fill a param ?!,negative,negative
t2243,You should . It has a lot of good packages. I found these packages to help you with zip files for example: The NPM registry is really amazing :),positive,positive
t2244,@Alex: Great :) Happy further coding!,positive,positive
t2245,Oh the horror! Try `page.php#iframe_id` as the target.,negative,negative
t2246,Did you ever find a solution?,neutral,negative
t2247,Is there anyway to do this in configuration?,neutral,negative
t2249,"Excellent! I'll make it as answer, that you can hopefully accept with a lovely big green tick :-)",positive,positive
t2258,Excellent workaround..!,positive,positive
t2259,@OregonGhost: Does it matter?,neutral,neutral
t2261,"I am creating a small widget and I want to allow others to use it. The iFrame is loaded from HTTP - but I want to allow users to login via HTTPS i.e. that is - send a request for login via SSL Is this allowed within the same-origin policies or ? i.e. the scenario is that a user can integrate my javascript to their website, the widget opens and i want to allow them to login via https ? Any help would be hugely appreciated :)",positive,positive
t2263,"@ceejayoz I use svn for development, but I really hate the idea of having many "".svn"" folders in production.",negative,negative
t2265,Excellent! You should document that as an answer and accept it so many more people can solve this with a google search on 'single line of text' :),positive,positive
t2268,"will give you what you want, I think.",neutral,positive
t2269,"I don't think you want this - if I'm typing a document into Word and I hit K, I'm going to be very angry when your application pops up instead of a ""k"" appearing in my document. Windows allows you to assign shortcut keys to an icon on the desktop, but it limits them to the function keys or to combinations containing both Alt and Ctrl. Right-click on a desktop icon and go to Properties, and look for the field marked ""Shortcut key"".",neutral,negative
t2270,"try it out very helpful, loved it n its easy to use",positive,positive
t2272,This is heinous. I would not allow such a thing to survive a code review.,negative,negative
t2273,"This one by Christoph Pojer is pretty awesome! FileManager uses the FancyUpload3 script that is soon to be released for good-looking file uploads. And, it can be easily integrated with TinyMCE as well.",positive,positive
t2276,"I have an array of words that gets shuffled into paragraphs using jQuery. I'm trying to add some commas "","" in between them. Ideally i need a single comma added to every 4th word but this is beyond my modest jQuery skills. This is my code: Really hope you can help!",positive,positive
t2277,"This isn't really pythonic so much as tortured, but here's a short version (with meaningless 1-character variable names, no less!)",negative,positive
t2280,"@Ryono: what do you mean by that, exactly?",neutral,positive
t2281,for some reason that still hates me!,negative,negative
t2282,"MS Access is not involved here, only the Jet database engine.",neutral,neutral
t2284,... or any rounded corners...,neutral,neutral
t2285,"I figured out the problem. I was writing out the NULL terminator and that's what was causing libxml2 to choke (although I could have sworn I already tried it without the NULL terminator, d'oh!) The fixed code should simply be:",neutral,negative
t2287,Simply use . It will point out all your memory allocation mistakes with excruciating preciseness.,neutral,neutral
t2290,have you actually tried your solution?,neutral,negative
t2292,"I'm reading an excellent article by Paul White - ! and he uses this code: I'm trying to find out more about using dbo.Name to declare a variable, not having much luck with books online. Any ideas where I can find this? Thanks",positive,positive
t2294,"Excellent information, thanks!",positive,positive
t2298,I don't see much out there for java but I would look into with JNI.,neutral,positive
t2301,No worries - everything is easier with jQuery!,positive,positive
t2309,"Very annoying! If you are desperate to get this working you could force Chrome to redraw the element (on window resize, maybe?):",negative,negative
t2310,"Ah, so you found it: http://stackoverflow.com/questions/268062/",neutral,positive
t2311,That is really sad :(,negative,negative
t2316,"I'm currently working on a responsive multi-level menu which currently shows every level of the hierarchy instead of only the first, which is what I want to achieve. I've created a fiddle, which can be found here: Here's the relevant Code: CSS: And also my JS: If someone could lead me in the right direction, I'd be really greatful! Thanks!",positive,positive
t2324,"Absolutely awesome, alexn! I knew I had forgotten about something important. It works like a charm.",positive,positive
t2329,Wow great idea! Try to do it with inlineEditSupport. http://www.salesforce.com/us/developer/docs/pages/Content/pages_compref_inlineEditSupport.htm,positive,positive
t2331,I might explain but documentation on MSDN is already pretty excellent. Consider visiting Following Links. Here is the link to in with Example -- and -- synchronization in -- MFC -- Hope these help,positive,positive
t2339,"In SQL Server 2008, how many clustered indexes there can be in one table?",neutral,neutral
t2344,+1 for this question - I have the same issue.,positive,positive
t2352,"I have imported video FLV Player(with no skin) in layer(flv1) The flv Player instance name is ""myflvplayer1"" Actions: Frame 1 Till frame 142 there's animation playing, after that: (so here video start to play in full screen) Now when this video finishes I want it to Jump to frame label ""main"" Where I have put many navigation buttons (My main menu page) So any help will be very great.! This is DVD based presentation, so everything is being loaded Local.",positive,positive
t2353,"Also, is there any tutorials you would suggest for me to downgrade the .NET Framework for an already built project? That would be really great :)",positive,positive
t2354,I'm trying to put together Handlebars + Masonry + Infinite Scroll. I successfully implemented Handlebars & Masonry but have no idea how to use Infinite scroll. My json is . Any kind of examples/help will be really awesome!,positive,positive
t2355,I just wanted to know the concept of database pooling.How it is achieved.,neutral,neutral
t2357,"I am running VS 2012. Working on a project that is stored on a mapped network drive. Whenever I go to close the solution it takes several minutes (5-7) for Visual Studio to close. It does eventually close, but very painful waiting for it to finish. Anyone have any suggestions on how to fix?",negative,negative
t2360,Official guide says: Tomcat deployment is trivial and requires copying the WAR file into the TOMCAT_HOME/webapps folder and restarting the container. But this is really painful :-( Does there any way to deploy app without restarting Tomcat ?,negative,negative
t2363,It is really painfull to get all code form TFS whenever you make a build using NANT. Is there any settings in ccnet.config which will only take the files which are changed form last time which can speed up the process.,negative,negative
t2371,I'm using vncviewer and everytime I try to change the resoultion the window closes.,neutral,negative
t2380,"Okay, so given the overwhelmingly negative response, does anybody think db image storage is _ever_ justified?",negative,negative
t2384,No worries found it! I clicked on the little button on the top right of this,positive,positive
t2387,"Im maintaining a site where I need to 'click' a link with javascript. The href is inline javascript, not a url so I cant just navigate to that url instead. Im expect this is bad practice (the rest of the site is terrible!) but I need to make the link 'clicked' with javascript. Im using jQuery. I know this question has been asked before but it seems normally people are trying to follow the link, which I am not.",negative,negative
t2391,Coding horror!!!,negative,negative
t2393,"is there a way to automatically call a function using an event after the user has browsed a file using a I've been trying to find something for the past hour but failed horribly, I saw that I should try onchange but that also failed..",negative,negative
t2395,No I am not talking about email clients.,neutral,neutral
t2396,If you are really worried about memory you can put those images in a global image (or your custom object) array instead of putting it in a local variable. Take a global variable Use timer (i.e. setTimeOut ) to check if the din contains img tag with class . If it does not find any matching element (and image_cleaned is false ) then delete that array. Then set . Then remove timer (optional but better).,neutral,negative
t2400,Installing VS2008 installs the 3.5 Framework.,neutral,neutral
t2401,"My first instinct is to branch normally (using p4 integrate), and then use an IDE or sed script to change the package names. But this makes future integration from the trunk extremely painful.",negative,negative
t2402,Or if you don't want to worry about hieght calculation do this!,neutral,positive
t2403,"I agree, I would use two functions. Basically, you have two different use cases, so it makes sense to have two different implementations. I find that the more C++ code I write, the fewer parameter defaults I have - I wouldn't really shed any tears if the feature was deprecated, though I would have to re-write a shed load of old code!",negative,positive
t2404,excellent! glad to hear it!,positive,positive
t2409,"I'm using some modifications to Glenn Berry's excellent DMV queries! However, I would like to add to the resultset the 'last server restart', or to be more specific, the date/time the statistics for (all, the specific) DMV was reset. Since it would be quite important to know last reset when looking at the statistics, I want to make absolutely sure the date/time is accurate and shown. Question: How can you get the most accurate date/time of when a/all DMV statistic was reset? Thanks! -D",positive,positive
t2410,"We ended up rolling our own, similar to Figaro but with support for nested values, multiple files, and placeholders. It's pretty awesome: !",positive,positive
t2411,I'll suppose that field() is a function that you've created to get a single field according to some conditions how about this code?: i'd be really amazed if this code is not working correctly Good Luck!,positive,positive
t2417,Can you unaccept the current accepted solution and accept this answer?,neutral,negative
t2418,"I have a that has three views per cell, with three cell displaying on the view at one time (for a total of nine views). Think of it as a bookshelf. Sometimes I can have as many as 500 books. I've added shadow to the with code that is this: When I add the shadow code, as seen above, scrolling performance is just totally killed and becomes choppy. Each image has a different so the shadow has to be created for each item as it scrolls. Anyone have any tips on how to add shadows to my images on a without having this issue?",negative,negative
t2423,"If it wouldn't have been a programming question, The answer of your title would be Priceless :)",positive,positive
t2429,What are the LC_* environment variables ?,neutral,neutral
t2431,This is how I would do it... I really hate javascript popups...,negative,negative
t2433,"Oh, I did not know that. As usual, IE comes out to be a pain in the a**!",negative,negative
t2434,"is in so u need not to worry! Internally the data is always stored as TEXT, so even if you create table with , SQLite is going to follow the rules of data type",positive,neutral
t2436,You could also use property for this:,neutral,positive
t2438,"Excellent! Tank you so much, much appreciated.",positive,positive
t2444,"How do I consume a key event in javascript, so that it doesn't propagate?",neutral,negative
t2445,It winds me up when `~(logical page N  physical page N)`.,neutral,neutral
t2449,Can you provide a use case of what you are trying to achive?,neutral,positive
t2450,this is an excellent link thanks a ton! havent gone through it in detail. just glanced. but it looks really promising. Will read it in detail shortly,positive,positive
t2454,@mludd: excellent!,positive,positive
t2455,"This, of course, depends on your debugger. Can you elaborate?",neutral,neutral
t2456,Spehan: Did you manage to get it done on OSX?,neutral,positive
t2458,"Is there a shorthand for a new line character in Scala? In Java (on Windows) I usually just use ""\n"", but that doesn't seem to work in Scala - specifically outputs in Eclipse, (sic) from the command line, and from the REPL (GREAT SUCCESS!) works, but is there anything shorter?",positive,neutral
t2460,Dotfuscator community edition is not good at all...,negative,negative
t2468,How do i scroll to a panel within an updatepanel after i load the content,neutral,positive
t2470,"try deleaker or similar debugger (vld, purify)- must help...",neutral,neutral
t2472,Samples on their new site: http://www.pdfsharp.net/wiki/PDFsharpSamples.ashx,neutral,neutral
t2474,":-( This is a well-known CSS bug in IE6. AFAIK the workaround (it's horrible, shield your eyes) is to put an IFRAME underneath your menu so that the IFRAME obscures the improperly z-indexed SELECT. It's so very horrible. But JQuery is here to the rescue, as always:",negative,negative
t2475,"I have a composite control, I need to get the address of page hosting it.",neutral,neutral
t2478,"Is there a simple library out there for Java in a Maven repository that will give me simple, one-liner hash methods for the popular hash functions such as MD5, SHA1, SHA256, and SHA512? I'd really hate to have to reinvent the wheel to do this.",negative,negative
t2482,Beaaaaaaautiful!,positive,positive
t2491,I think you should be able to make your connection without doing a lot of contortions with your database. It's just a matter of getting the right connection string in your code. Check out this very excellent reference -- scroll down for SQL Express tips. http://www.connectionstrings.com/sql-server-2008,positive,negative
t2497,"If you are currently using a to display the , than you can create a custom which does filtering automatically as you type keys. The following webpage provides an excellent example of this: Good luck!",positive,positive
t2499,can i just use my and meta tags in Ruby or is there an easy way to do it?,neutral,neutral
t2503,Can I by any means get the elapsed time of the storyboard in Silverlight?,neutral,neutral
t2505,"Excellent! It works like this: [code]extern ""C"" {",positive,positive
t2506,"...Sometimes this piece of code [..] returns the same number (and sometimes it works fine)... So it works randomly??? :) :) :) Ok, ok, downvote me now!!",neutral,negative
t2507,"excellent idea :) I just added, tests it and works like a charm! Thanks",positive,positive
t2511,"With PHP you can use method to run you .sh file. Pass the name of the script via post data, but be very very careful, user can modify the param to execute malicious code on your machine!",neutral,neutral
t2513,I want to show my own custom image for facebook connect. How can I do it?,neutral,positive
t2514,"I use neo4j tool to start Neo4j in windows, But a strange thing is, today, when I open the neo4j shell, I start it , but no response, the status is in yellow and never turn to green, it can't establish neo4j server. It is so terrible for my database!!!! Does anyone meet this ?",negative,negative
t2518,"i am working on iphone app, at once it started showing me error, with no exception, i am really afraid of this error, can any one tell me why this is happening?",negative,negative
t2521,"I was wondering if is there any jQuery plugin or something to create a search bar similar to Mac's Mail app, where you can search inside specific categories, very awesome Thanks in advance!",positive,positive
t2522,"Very sad, no way...(",negative,negative
t2529,"There is a guy who made the exact same observation as you, and he has published a blog post with a simple working example of a Quartz.net Console application. I used it with great success yesterday!",positive,positive
t2531,"I need to know if my file is audio file: mp3, wav, etc... How to do this?",neutral,neutral
t2538,How much data is it? 1 megabyte? 1 gigabyte?,neutral,neutral
t2540,I loved the wild solution that Marcus offered and it would be great if it could be undeleted!,positive,positive
t2542,"I'm building a little script that changes content and css live on the page based upon the values of various input fields. I'm able to change the content ""live"" absolutely fine as you'll see here: I'm not able to get this working with the css method using the same principles though: Thanks!",positive,negative
t2546,How do I make some rows editable and some rows non-editable in slickgrid?,neutral,positive
t2548,"To expand on my comment, if you don't already see then benefits of relative positioning then I'll assume you are a begginer. Here is a useful video to help you re-design you page: Also, this is useful for comparing when each positioning method is best used: And finally a general website that will be extremely useful for you in the near future may be !",positive,positive
t2549,"That would be very awesome, thanks! If you do post it I will likely contribute...",positive,positive
t2553,What a strange website candyundies.com sounds disgusting!,negative,negative
t2556,my current setup is: what I want to do is: my current .htaccess setup is:,neutral,positive
t2563,@JohnSibly : can I use that in VB.NET? I think it's not isnt'?,neutral,neutral
t2566,"In my MySQL table, there is a row labeled ""state"". There are 3 values possible for this. How could I utilise PHP to echo ""Unbanned"" as apposed to ""0"" in state? And ""Banned"" as apposed to ""1"" and ""Temp-Banned"" as apposed to ""3""? How would I use php to display ""UnBanned"" instead of 0 in the MySQL? I am using a table for this. All help is incredibly appreciated :)",positive,positive
t2569,I think this'll be what I'm going to go with. I really hate dealing with XML files.,negative,negative
t2570,"Hopefully this will provide some ideas as to how to adapt a timer based approach for your needs: If your needs are more sophisticated then a TThread based approach may be more appropriate. But whatever you do, do NOT resort to Application.ProcessMessages it will only cause you grief !",positive,negative
t2571,Working with ANEs is an incredibly frustrating process.,negative,negative
t2572,"The error occurs because is looking in the wrong environment (i.e., not inside the data frame). You could explicitly specify the but that would be ugly, awful code. Much better to use as Iselzer suggests.",negative,negative
t2574,"@Johannes: Don't bother, he's much too stupid and heinous to be worth helping (see his comments on my answer, it's a model of how to get help).",negative,negative
t2577,"Whats the difference between these two, and which is the better approach.",neutral,neutral
t2578,Is there a way to create a batch api request with different access tokens to be used? I need to crawl data from youtube channel using the offline access tokens of our users but the problem is we have 20K of that and having 1 request at a time is really painful and is taking lot of time.,negative,negative
t2579,"Excellent, I'll try that now, thank you!",positive,positive
t2583,"Great question, I have been trying to figure out why my child class function doesn;t get called since an hour now!",positive,positive
t2592,"I'm not good at programming and my trying to open one of my spreadsheet documents. Below in the basic login im using, I then request a list all my spreadsheet, which is returned in $feed. And now I'm worried I'm not on the right track with opening a document so I can read and write cells.",negative,negative
t2595,"You forgot regression tests - it is a real pain for a manual tester to run through hundreds of forms just to check for some basic stuff which could be easier done automatic. Better spare the tester this tedious stuff, so he can concentrate on the nasty testing.",negative,negative
t2598,"Strangely enough, by slightly changing the 'canonical' rules and starting from a random configuration, Conway's Game of Life (I don't know why my Wikipedia link is not working!) seems to generate pretty nice mazes! (I don't remember the exact rule, but it's a very simple modification that tends to 'densify' the population of cells...)",neutral,negative
t2603,"It's scary that there is no way, but I must agree because it's fact.",negative,negative
t2609,"Well, not free. But we have had very good results with Nevron. Their support is excellent as well. Another good option is TeeCharts.",positive,positive
t2610,"I was intending on use the Title attribute in the @Page directive to customise each pages title, but it simply doesn't appear to do anything. The site uses master pages - I don't know if that is a consideration. Master Page snippet: Page snippet (from ): What is more, if I run the page through the , it complains about... end tag for ""head"" which is not finished ..whereas the the tag is present in the source code. I've already got a workaround in place, but it's annoying the hell out of me, so I'm determined to find a resolution!",negative,negative
t2611,"I have never parsed ini files, so I can't be too specific on this issue. But i have one advice: Don't reinvent the wheel as long as an existing one meets your requirements Good luck :)",positive,negative
t2613,"I've heard that unit testing is ""totally awesome"", ""really cool"" and ""all manner of good things"" but 70% or more of my files involve database access (some read and some write) and I'm not sure how to write a unit test for these files. I'm using PHP and Python but I think it's a question that applies to most/all languages that use database access.",neutral,neutral
t2615,Great! I learn a new very useful information about DirectShow :-),positive,positive
t2617,I am pretty sure this can help! Cheers!,positive,positive
t2621,"We make heavy use of Velocity in our web application. While it is easy to debug the Java side of things and ensure the Velocity Context is populated correctly, it would be extremely valuable to be able to step through the parsing of the VTL on the merge step, set breakpoints, etc. Are there any tools or IDEs/IDE plugins that would make this kind of thing possible with VTL (Velocity Template Language)?",neutral,positive
t2624,For Java see this excellent article,positive,neutral
t2628,The following article will help you: [Auto-bind byte[] to asp:Image](http://www.codeproject.com/Tips/445876/Auto-bind-byte-to-asp-Image),neutral,neutral
t2633,"I was wondering if there was somewhere I could get some starter kit / theme sample for ASP.NET. I am not a designer, but I need to build a prototype for a project, and if I do it myself it'll certainly be awful Do you know where I could find that (ASP.NET specific)?",negative,positive
t2650,Nice work !! Loved it.,positive,positive
t2653,Excellent answer. This should be the selected answer.,positive,positive
t2658,[Building Tcl/Tk with Mingw](http://wiki.tcl.tk/14828),neutral,neutral
t2661,"An excellent resource I've found for CI recently is by Martin Fowler, author of the famous ""Enterprise Application Architecture"" book. URL:",positive,neutral
t2665,The skeleton-pair mechanism mentioned in the post preamble is quite general and is built-in to emacs -- no need to fetch wrap-region for new emacs installs or worry about wrap-region's compatibility.,neutral,neutral
t2667,I would suggest FlexUnit for automated testing of libraries you're building but it is a serious pain to use for a full application.,negative,negative
t2675,Why do you need to have the encryption of the passphrase reversible? That's not generally desirable.,neutral,negative
t2676,"For C/C++ on Windows you have (at least) two choices: Use the SerialPort class provided by .NET. Use the Win32 API. There is an dating back to 1995, and many free libraries and examples on the web to get you started. The .NET option will be much easier.",neutral,neutral
t2678,With perl you could do this:,neutral,positive
t2681,"You didn't mention the language, but for Java we've loved . For C/C++, getopt.",positive,positive
t2684,At work we use teraterm and realterm for checking serial data is correctly formatted. Also we have a hardware splitter with a switch so we can monitor traffic to our application via a cable back to another port. Windows allows you access to the serial port via CreateFile. That gives you a handle and from there you can configure access.,neutral,neutral
t2687,This is an excellent question. I look forward to hearing an answer.,positive,positive
t2688,"You can probably instruct your web server to compress the data for you at the HTTP level, and then you won't have to worry about it on either end. For Apache, have a look at .",neutral,neutral
t2690,"great question, wondering it myself!",positive,positive
t2693,Good luck with the browser project!,positive,positive
t2697,"I'm trying to decode the result of the Python os.wait() function. This returns, according to the Python docs: a tuple containing its pid and exit status indication: a 16-bit number, whose low byte is the signal number that killed the process, and whose high byte is the exit status (if the signal number is zero); the high bit of the low byte is set if a core file was produced. How do I decode the exit status indication (which is an integer) to obtain the high and low byte? To be specific, how do I implement the decode function used in the following code snippet:",neutral,neutral
t2698,"I'm trying to customize some TFS work items via the VS2008 xml editor, but every time I open a work item xml file it jumps to the graphical designer. All that gives me is a ""View XML"" button that doesn't let you edit the xml directly.",neutral,negative
t2708,"on the root window is how xbindkey does it. Be careful about having some alternative method of killing the grab though, it's very annoying to have to go somewhere to into your own box just to kill that process... And that's why, if it was me, +""echo 'moo' > /tmp/moo-fifo"" would be the way to do it. That way, you could also control it in any number of other ways you haven't thought of yet.",negative,neutral
t2710,This should be moved to http://area51.stackexchange.com/proposals/12932/telephony?referrer=s2GigkBNnqYlaRLwFFF1-A2,neutral,neutral
t2711,@Larsenal If you want to branch outside of .NET there has been a lot of discussion about Intel's which is a parallel library for C++.,neutral,neutral
t2714,I'd forgotten to put the code tags around it and everything was garbled and the formatting was terrible for about the first 90 seconds of life. Apologize to those who clicked quickly and saw the garbage.,negative,negative
t2716,Have you taken a look at [remotefs](http://remotefs.netbeans.org/)?,neutral,positive
t2717,this link is dead :(,negative,negative
t2725,"Does string immutability work by statement, or by strings within a statement? For example, I understand that the following code will allocate two strings on the heap. ""hello"" will remain on the heap until garbage collected; and s now references ""hello world!"" on the heap. However, how many strings does the following line allocate on the heap...1 or 2? Also, is there a tool/way to verify the results?",neutral,neutral
t2727,i wonder if there is something similar to Sql Profiler for Sql Server Compact Edition? i use SqlCE as backend for a desktop application and it would be really great to have something like sql profiler for this embedded database. or at least something simliar to the NHibernate show_sql feature... any ideas? thanks j.,positive,positive
t2728,Tom - I did the Java thing from 1996 until 2002. My official reason for leaving Actuate? Microsoft understood the need for basic things like enumerated types (since added to Java but it took way too long) and excellent Windows UI support and Actuate had no interest in building .NET products.,positive,neutral
t2736,We have a watchguard appliance at work and I'm able to connect to it using just the standard VPN client that's available under linux through NetworkManager (left click on NetworkManager -> VPN Connections -> Configure VPN),neutral,neutral
t2741,It is Dependency Injection (DI) - see Martin Fowlers' descrition here: http://martinfowler.com/articles/injection.html#InversionOfControl,neutral,neutral
t2745,This can probably be done using JavaScript.,neutral,neutral
t2746,"This is really great, worked a treat thanks",positive,positive
t2747,"Not without logging or tracing, I'm afraid",negative,negative
t2748,I can't seem to find the answer to this anywhere... I have a function that needs to set the bg color of two tables. Only the first table in the function is being affected. Is only one for loop allowed in a function? ...or is the 1st for loop maybe never exiting? I can pretty much work around this by creating multiple functions but I really want to understand why this behaves the way it does! Thanks! Here is my simplified code:,neutral,neutral
t2749,"If you worry about the cost of Throwable.fillInStackTrace(), then I dare say you're doing it wrong :) (assuming that your definition of ""cost"" is bound to CPU cycles.)",neutral,negative
t2750,"In my company, we are currently using Qt and are very happy with it. I personnally never had to move a MFC-app into using the Qt framework, but here is something which might be of some interest for you : It's part of Qt-Solutions, so this means you'll have to buy a Qt license along with a Qt-Solutions license. (edit: ) I hope this helps !",positive,positive
t2752,"This ws-addressing issue is a real pain in the ass. Not only does WSS2 use an old, pre-release version of WS-Addressing, it adds propritery elements to the soap header (e.g. wsa:via) that arent part of the schema. What a crock.",negative,negative
t2754,This is an open-ended question. What approaches should I consider?,neutral,positive
t2760,Lots of people talk about writing tests for their code before they start writing their code. This practice is generally known as Test Driven Development or TDD for short. What benefits do I gain from writing software this way? How do I get started with this practice?,neutral,neutral
t2767,"All the places I've worked have given me liberty with regard to development environment, although the production env. has always been some brand of Linux - usually RH or CentOS. I personally use Windows 7 for dev., and I wouldn't use anything else. You spend way less time debugging the OS, and more time coding. This makes management much happier! (PHP developer mostly)",positive,neutral
t2768,"To add something to this (cause I found it while searching on this problem, and my solution involved slightly more)... If you don't have a ""Browse with..."" option for .aspx files (as I didn't in a MVC application), the easiest solution is to add a dummy HTML file, and right-click it to set the option as described in the answer. You can remove the file afterward. The option is actually set in: C:\Documents and Settings[user]\Local Settings\Application Data\Microsoft\VisualStudio[version]\browser.xml However, if you modify the file directly while VS is running, VS will overwrite it with your previous option on next run. Also, if you edit the default in VS you won't have to worry about getting the schema right, so the work-around dummy file is probably the easiest way.",neutral,negative
t2769,In what language? In PHP it is: example:,neutral,neutral
t2772,possible duplicate of [Paging SQL Server 2005 Results](http://stackoverflow.com/questions/2840/paging-sql-server-2005-results),neutral,neutral
t2773,"In JavaMail, you can use as the URL scheme to use IMAP over SSL. (See in your JavaMail distribution for more details.) For example, . Similarly, use to send emails via Gmail. e.g., . Again, read for more details. Hope it helps!",positive,neutral
t2776,"I use ApexSQL Diff. It is an excellent tool for doing just what you're describing...compare schema, compare data, generate change scripts. It not free, but it works well. NOTE: ApexSQL Diff only works with SQL Server.",positive,positive
t2778,Doesn't the CLR automatically release any unreleased mutexes when the application terminates anyway?,neutral,neutral
t2784,I have created a class to dynamically put together SQL function statements within a project. I have found this class to be pretty useful and would like to incorporate into future projects namespace connectionClass { } I want to be able to dynamically input the project name without having to do it myself for every different class! the connection string will be defined within the properties settings in VS. Any help would be greatly appreciated:),positive,positive
t2786,Fantastic! This makes using ipython with --profile sh the best possible method for me to do this :),positive,positive
t2789,"I'm in the process of implementing a binary tree in C++. Traditionally, I'd have a pointer to left and a pointer to right, but manual memory management typically ends in tears. Which leads me to my question... Are data structures an appropriate place to use shared_ptr?",neutral,neutral
t2790,How is it invariant if you're using the current culture?,neutral,neutral
t2791,"Events firing are delegate invocations, which are a But dealing with interfaces for subscriber/publisher/observer/observable scenario is more painful that using events.",neutral,neutral
t2796,"I'm not sure why this is marked down. AutoHotkey is an excellent solution when you need to do something that you just can't do using an existing API. It has many safeguards that can be used to ensure that the correct program is targeted. There are many possibilities. The answer that is marked as an answer, isn't an answer. It just an obvious statement which is the reason the question was asked in the first place. I would suggest anyone marking down this answer should first look into AutoHotkey and learn what it can do. It should be built into windows.",neutral,negative
t2797,In Perl: That's even in the FAQ.,neutral,neutral
t2801,"What is the replacement string for an image url? (edit your question to add this info). For example, what is the desirable result for ""http://www.mysite.com/nonono.jpg""?",neutral,neutral
t2810,Craig Shoemaker has made an excellent show on asp.net caching:,positive,neutral
t2813,Great question!,positive,positive
t2817,"Ew, that sounds a bit ugly! Is it possible for an instance of a class to be created before its unit's initialization section has run? In other words could an instance of TMyObject try to use FLogger before it's been set in the initialization section?",negative,negative
t2823,"Very well put, I really like this !!!",positive,positive
t2828,But why the custom `WorkMethod` delegate instead of `Action`?,neutral,neutral
t2829,I have found Html Helpers extremely useful to simplify view pages code. Apart from the ones included in the latest release of Asp.Net Mvc which one do you use? How much you can reuse them in different projects and are they linked only to html generation or did you put some custom logic inside?,positive,neutral
t2835,"I think your question would be more appropriately phrased as ""What are some recommended ways to handle auditing in a database?""",neutral,negative
t2836,"Well, keep in mind that (in theory) you have the original code to help, as well as the text of the log messages. The only thing that should be obfuscated would be the class and member names. In addition, many tools (Dotfuscator is one) create a map file to tell you what obfuscated construct name maps back to which original name - this can make it a pain to figure out exactly where the log messages come from, but nowhere near impossible.",neutral,neutral
t2838,2 million unique visitors per hour? Wow! Is this Experts Exchange or some (other) pr0n site? ;-),positive,neutral
t2841,"The class in Java has only two data members, a reference to an array and a size which you need anyway if you don't use an . So the only advantage to not using an is saving one object allocation, which is unlikely ever to be a big deal. If you're creating and disposing of many, many instances of your container class (and by extension your instance) every second, you might have a slight problem with garbage collection churn���but that's something to worry about if it ever occurs. Garbage collection is typically the least of your worries.",neutral,neutral
t2842,lint is constantly updated... so why would you want a more recent one. BTW flexelint is lint,neutral,neutral
t2848,There are major oversights in the CSS spec related to basic page layout. Sad. It is about as well thought out as HTML.,negative,negative
t2852,"I have a silverlight control (View) which displays a list of items in a specified property of the datacontext (viewmodel). What I need is for the scrollviewer in my control to scroll to the top or bottom depending on where the latest item has been added to the list. (It'll always be either the beginning or the end of the list, I don't need to worry about middle of list insertions.) In WPF i'd just use the DataContextChanged event to start listening to the viewmodel, but in silverlight that event is internal. Any ideas on how to tackle this?",neutral,positive
t2858,if/when you figure this out - you definitely need to share it back to the world.. I'd love something like this!,positive,positive
t2859,"I'm working on a webservice + AJAX interface, and I'm worried about authentication. This moment I'm passing username and password to the webservice as arguments, but I fear that this approach is highly insecure. I was told that ssl could solve my problem, but I want more alternatives. My webservice is written in php and my interface is in php + AJAX. The webservice receives arguments from POST or GET and retreives xml (in a future maybe I'll use JSON)",negative,negative
t2860,"How come this doesn't work (operating on an empty select list But this does: Replace: var dropdownList = $(""#requestTypes""); With plain old javascript: var dropdownList = document.getElementById(""requestTypes""); Any insights greatly appreciated!!",positive,negative
t2862,"Got a spite downvote, it's still a valid question.",negative,negative
t2866,"is a really great option for git. Most of the free, public hosting sights will insist that you license your code with an OSS license (and, possibly, your documentation). That's potentially a different thing that you're talking about (backups). For just backups, you may want to try a for-pay service or even something like .",positive,negative
t2868,"Why would you want to do that?? No offense, but that is the most annoying and useless 'feature' ever!",negative,negative
t2875,This is a horrible solution. It will silently fail for floats. It also lacks parentheses.,negative,negative
t2878,"@NoBugs a NullPointerException can be thrown for 1000 reasons. Are you sure you load the .wav correctly? Are you sure it is in the right path? IIRC, the .wav file should be inside the compiled jar. Although I might be terribly wrong.",negative,negative
t2879,"I'm working with an Access database and I need to concatenate different related rows into 1 row. I found a solution and used it with great success. However I need to add extra conditions to it, it should only be done if certain other columns are equal too. For example: 1 X Alpha 2 Y Beta 1 X Gamma 1 Z Delta should become 1 X Alpha,Gamma 1 Z Delta 2 Y Beta Does anyone know to do this, especially for a newbie like me?",neutral,positive
t2885,"For the record, this code is not thread safe without additional locking (which is absolutely fine, thread safety was never part of the design specs for this class).",neutral,negative
t2895,"I've tried with Postsharp, but their current implementation targets 2.0, and it's getting painful to make it work. Should I roll out my own AoP implementation (I'm thinking of a very VERY basic and utilitarian implementation here) Or there is an alternative I'm not aware of?",negative,negative
t2897,Given a handle of type HWND is it possible to confirm that the handle represents a real window?,neutral,neutral
t2898,In our eternal quest to integrate Javascript into our RSpec and Cucumber workflow we're evaluating and are provisionally very excited about it. Any advice on Culerity in general or specifically as compared to Selenium?,positive,negative
t2899,"Out of the box, in MS Reporting Services, the image element does not allow for the centering of the image itself, when the dimensions are unknown at design time. In other words, the image (if smaller than the dimensions allotted on the design surface) will be anchored to the top left corner, not in the center. My report will know the URL of the image at runtime, and I need to be able to center this image if it is smaller than the dimensions specified in my designer.",neutral,neutral
t2909,SetWindowPos + SWP_NOACTIVATE does the job.,neutral,neutral
t2920,"It's supposed to work via FastCGI. But I haven't had great success (using Vista). I can get PHP to run, but it crashes after a page loads (FastCGI does). So I'm modding you up. I'd like to see a reliable answer myself.",neutral,negative
t2921,"Something that has always bugged me is how unpredictable the method in Javascript is. In my experience, the timer is horribly inaccurate in a lot of situations. By inaccurate, I mean the actual delay time seems to vary by 250-500ms more or less. Although this isn't a huge amount of time, when using it to hide/show UI elements the time can be visibly noticeable. Are there any tricks that can be done to ensure that performs accurately (without resorting to an external API) or is this a lost cause?",negative,negative
t2923,"Is there a way to reuse a 3rd party control reference? For example, I have this referenced in my App.xaml I don't want to repeat this 3rd party control xml namespace on each page/control that needs a control from the library. Is there anyway to centralize these references and use the prefix defined here? The possibility of each control having a different prefix is also worrisome. In asp.net you would put a reference in the web.config and it was available globally, I'm just looking to see if there is a similar method in WPF.",negative,negative
t2926,"I have a need to explore VOIP integration into a .Net application. It would be incredibly helpful if the toolset was usable via ASP.Net (version 2.0 or higher), and provided the developer the option to allow interaction on the client either embedded within the web browser or external to the client web browser. It should be compatible at a minimum with Internet Explorer, but would be better if browser independence were an option.",neutral,positive
t2929,"A quick remark to the excellent answer by Troy, if the version you downloaded is the newer one, 3.2, the Quick Nav has been remapped to Ctrl + Shift + Q.",positive,neutral
t2931,Maybe it helps someone else: you can use www.browserstack.com to access VMs with different browser versions directly from the dev machine. (i have no affiliation with the company),neutral,negative
t2932,"Those official guidelines are for developing class libraries, and only apply to the **public** elements not the private ones.",neutral,neutral
t2934,"humans only agree with each other 70% of the time even in polarity sentiment analysis. Jeff's point, while not very encouraging, does accurately reflect how extremely difficult is to get anywhere with this.",neutral,negative
t2935,A colleague recently asked me how to deep-clone a Map and I realized that I probably have never used the clone() method- which worries me. What are the most common scenarios you have found where you need to clone an object?,negative,neutral
t2937,The solution is crying out for the MSMQ solution but unfortunately the posting service is not on the domain. Is there anyway to post to the public queue that is on the domain from the machine in the DMZ? I could use a webservice to post but this is a extra component to maintain. The database table is the alternative solution but again it is not the ideal.,negative,negative
t2944,Excellent summary of subject on StackExchange security blog: http://security.blogoverflow.com/2011/11/why-passwords-should-be-hashed/,positive,neutral
t2946,I'm interested in seeing the answer to this as well. :) Good luck!,positive,positive
t2953,"I exchanged emails with Marc-Andr Cournoyer of about supporting Delphi on his site. Since his site uses to do syntax highlighting, and it uses syntaxes, he needs a Delphi syntax for TextMate. Turns out it has a already, so it is 90% of the way there. Does anyone know where I might find one that has already been updated for Delphi? A Delphi Prism / Oxygene one would be great too!",positive,positive
t2954,Furthermore if you need to look at the .NET/unmanaged stack just donwload and look at your w3wp.exe processes to examine memory and other stats without having to do a remote/local debugging (just look at the .NET Tab on the properties of the process). It will show all the .NET performance counters for that particular process. Awesome tool!,positive,positive
t2964,"As an aside, if you can use a pull parser and not a SAX parser. They're much easier to work with. With SAX you have to worry about saving state between the callbacks.",neutral,positive
t2970,"If you want to explore the full (terrifying) extent of lambda style functions in PHP, see:",neutral,neutral
t2972,This serves me right for browsing s.o. on waking up. My eyes hurt!,negative,positive
t2974,The more I use UpdatePanels the more I hate them. I suggest you learn jQuery or another javascript library and avoid using UpdatePanels all together.,negative,negative
t2975,To summarise the link provided by Codeslayer (in case the page url changes)... Change the sql file templates to ANSI encoding by opening with notepad and then saving it as an ANSI file. You can do the same for files already created. \Common7\Tools\Templates\Database Project Items You've just made our DBA's very happy!,positive,neutral
t2978,One thought might to have another separate process count the number of rows in the table where the insert is being done to determine what percentage of them are there already. This of course would require that you know the total in the end. This would probably only be okay if this you're not too worried about server load.,neutral,negative
t2980,"Assuming I have only the class name of a generic as a string in the form of ""MyCustomGenericCollection(of MyCustomObjectClass)"" and don't know the assembly it comes from, what is the easiest way to create an instance of that object? If it helps, I know that the class implements IMyCustomInterface and is from an assembly loaded into the current AppDomain. Markus Olsson gave an excellent example , but I don't see how to apply it to generics.",neutral,neutral
t2986,"There are many libraries that make cross-platform development easier on their own, but making a complete wrapper for all platforms ends up being either small and highly customized, or massive and completely ridiculous. Carried to it's logical conclusion, a complete wrapper for all aspects of an operating system becomes an entire virtual runtime. You might as well make your own programming language.",neutral,negative
t2987,"This is a solution to a local problem, not an obvious/general purpose System.String operation. A utility class might be in order, but it would be extension method abuse to use an extension method here.",neutral,neutral
t2988,"What tools are free tools are available for testing WebServices that are behind NTLM2 authentication. SoapUI Is Excellent tool with all functionality that I need, however, it doesn't support NTLMv2. If someone has a way of making that work, please provide solution.",neutral,negative
t2989,"I'm looking for a reliable, implementation-independent way to clone an entire Document. The Javadocs specifically say that calling cloneNode on a Document is implementation-specific. I've tried passing the Document through a no-op Transformer, but the resulting Node has no owner Document. I could create a new Document and import the nodes from the old one, but I'm afraid there might be bits of Document metadata that get lost. Same thing with writing the Document to a string and parsing it back in. Any ideas? By the way, I'm stuck at Java 1.4.2, for reasons beyond my control.",neutral,negative
t2990,"If the data you want to store is already a String, the conversion is a pain.",negative,negative
t2992,"I don't think that's fair, I never got too deep into WPF but what I did, didn't seem to suffer from these issues (in a lot of ways WPF was a more mature UI technology than HTML). The new javascript-based UIs I think work on a node-style event loop so I don't think the ui thread is even an issue. For all its many many faults, Microsoft does deserve some credit for how its dev tools have evolved.",neutral,negative
t2994,its a pain in the neck,negative,neutral
t2997,"J# was, from the very beginning, a migration language. There were lots of devs who had used VJ++, Microsoft's version of Java. When .NET came out, the company provided J# as a way to move those devs and their code, unchanged, to .NET. Today, starting out, there is no reason to use J#.",neutral,neutral
t2998,"I am planning to use community sever for one of our projects, i used it in the past but we had a lot of problems customizing it and understanding how things work, im affraid to get into that again, and i would like to add some things to it but i dont know how flexible it is.",negative,positive
t3003,"The built in ones are awful. You can easily write your own RSS, RDF and ATOM parsers. I have a tutorial and a full visual studio project you can download that does just that http://www.jarloo.com/rumormill-5/",negative,negative
t3007,"by architect is pretty much the holy book for scalable web architectures. The by of , creators of LiveJournal, are also excellent case studies. Check out first.",positive,neutral
t3008,http://stackoverflow.com/questions/3167909/what-motivates-you-to-document-not-document-your-code,neutral,neutral
t3016,"Hey Jon... just now (after reading the question and answers) I saw that it was you that asked the question. 4 years later I'm here looking for exactly the same thing! StackOverflow is really amazing... By the way: I just love the badge ""Works on my machine"" you have in your profile... I think I'll borrow this! :D",positive,positive
t3018,"Have you tried using SetWindowPos. This is the canonical function for moving, resizing and setting z-order in Windows. There is a SWP_NOACTIVATE flag you can use. Look at (VS.85).aspx. I have not tried this on a window belonging to another process, but it is probably worth a try.",neutral,negative
t3020,"I would like to be able to do ""Extend my Windows desktop onto this monitor"" via code. A PowerShell script would be idea. I have googled around a far amount and WMI seems the way forward but as I have zero knowledge in WMI I thought I would try here. Hope someone can help! Cheers, Zi",positive,positive
t3025,Side note: some people hate that menu. Just take a look at all the Greasemonkey scripts that get rid of it.,neutral,neutral
t3027,this is gorgeous!,positive,positive
t3032,I'm sure this could be of some great help for you : Hope this helps !,positive,positive
t3039,This question would now be more appropriate on SuperUser.,neutral,positive
t3042,"IF another person says NUnit, I am gonna puke! Where TF did you people learn to read?",negative,negative
t3045,"Thanks, I downloaded FileSeek and it worked great!",positive,positive
t3050,"I have set up the gravatar RoR plugin successfully (yeah!) but when someone does NOT have a gravatar account, I want it to display the identicon, which I guess shows up when d=identicon in the gravatar URL...but since I am using the plugin, I am basically saying gravatar_for (user) so...is there a way to add that value? Thanks!",positive,positive
t3051,"Schemas - Okay, 2000 has owners, but they can be a real pain to get permissions right on.",negative,neutral
t3053,"Here, I see `BAADF00D` (bad food), `BEEFCACE` (beef cake), `BAADCAB1E` (bad cable), `BADCAFE` (bad cafe), and `DEADDEAD` (dead dead). Is this intentional?",neutral,neutral
t3066,"When specified as above, Spring distinguishes constructor arguments by order of appearance. The notation would only switch between setting the attributes by constructor to setting them by accessor. I'm afraid, this will not change anything.",negative,negative
t3069,"I have two loops running in my code, I want to use an element from an array as the key in a second array, but am unsure how to do this with Smarty. """" contains an integer (pulled from the db) I want to use that value as the key in a second loop, which runs fine if I harcode in the integer: Pseudo code for the sort of thing I've been trying is: But of course, this doesn't work! Can anybody help?",negative,positive
t3071,"I completely agree with you on that subject. In practice I think TDD often has some very negative effects on the code base (crappy design, procedural code, no encapsulation, production code littered with test code, interfaces everywhere, hard to refactor production code because everything is tightly coupled to many tests etc.). has given talks on exactly this topic for a while now: Recent studies (Siniaalto and Abrahamsson) of TDD show that it may have no benefits over traditional test-last development and that in some cases has deteriorated the code and that it has other alarming (their word) effects. The one that worries me the most is that it deteriorates the architecture. -- There is also a between Robert C. Martin and James Coplien where they touch on this subject.",negative,negative
t3072,How do you configure tomcat to bind to a single ip address (localhost) instead of all addresses?,neutral,neutral
t3073,+1 for excellent knowledge and many thanks,positive,positive
t3074,Every time I download the ZIP file it is corrupted!,negative,negative
t3075,I usualy send all mine to /dev/null that way I don't ever have to worry about it. I have known some people who set it to /bin/logout so that when someone logged in they were logged back out.,neutral,neutral
t3076,"I'm afraid you're either reading Steve Sounders' post wrong, or typing it wrong. Steve's findings are that his Squid proxy didn't cache the querystring URL - which is the exact opposite of ""require filename changes in order to break the cache"".",negative,negative
t3078,+1 for actually *answering* the question.,neutral,positive
t3085,"I would use pure ruby (Matz Ruby Interpreter (MRI)) to start off. My understanding is that iron ruby is not quite ready yet. If you are looking for a good book my current favorite (over pickaxe) is by matz and flanagan, the book is very concise well written paragraphs and they provide great examples (in 1.8.* and 1.9) Enjoy! :D",positive,positive
t3087,"Wow, you are right, thanks! I'll accept Brians' answer.",positive,positive
t3089,"instanceof is very efficient, so your performance is unlikely to suffer. However, using lots of instanceof suggests a design issue. If you can use xClass == String.class, this is faster. Note: you don't need instanceof for final classes.",neutral,negative
t3092,Link (burstproject.org) is inactive and seems to have reverted to horrible Go Daddy wall of links/ads.,negative,neutral
t3095,"In general, how expensive is locking in Java? Specifically in my case: I have a multi-threaded app in which there is one main loop that takes objects off a DelayQueue and processes them (using poll()). At some point a different thread will have to remove errant elements from the queue (using remove()). Given that the remove() is relatively uncommon, I am worried that locking on each poll() will result in slow code. Are my worries justified?",negative,negative
t3099,"Good Morning, I'm using SharePoint Designer 2007 to create a workflow for a MOSS site I have created. What I'm looking to do is have the workflow send out an email if a document in the library hasn't been modified for the past 30 days (and it's Status field is not set as ""Closed""), but I'm stumped as to how I can do this. Any help would be greatly appreciated! Thanks!",positive,positive
t3100,"What are some effective strategies for preventing the use of my proprietary images? I'm talking about saving them, direct linking to them etc... Presently I have a watermark on the image, but I'd rather not. .NET platform preferred, but if there's a strategy that's on another platform that integrates with my existing application that'd be a bonus.",neutral,negative
t3102,This whole DB is almost entirely read only so I'm not too worried about it changing.,positive,positive
t3109,"Perhaps pipe the users through Google's Web Transcoder - http://google.com/gwt/n then you don't have to worry about the WML conversion, as google will translate your page into WML.",positive,neutral
t3110,"So, this answer only shows a *way* of achieving IoC rather than explaining the concept, is that right?",neutral,negative
t3113,"That's right, I have no plans to replace the existing system, sidecar is an excellent analogy.",positive,positive
t3115,Evil! Evil incarnate!,negative,negative
t3117,This will answer your question: Good luck!,positive,positive
t3119,"Excellent question. Running a large project in successive version of Python wouldn't be very definitive, unless you had, say, unit tests that magically achieved 100% code coverage, so a tool like this would be nice to have.",positive,negative
t3122,"I understand its not a desirable circumstance, however if I NEEDED to have some kind of HTML within JSON tags, e.g.: is this possible to do in Python without requiring to to be escaped beforehand? It will be a string initially so I was thinking about writing a regular expression to attempt to match and escape these prior to processing, but I just want to make sure there isn't an easier way.",negative,negative
t3123,"In WindowsForms world you can get a list of available image encoders/decoders with My question is, is there a way to do something analogous for the WPF world that would allow me to get a list of available",neutral,neutral
t3126,"I'm trying to create a small snippet to allow the onloaded image to be adjusted to fit the users resolution. And then allow the user to toggle between the actual image size, and the adjusted image size for their resolution. Here's what I got so far: Any help is greatly appreciated!",positive,positive
t3132,I've always been a bit frightened of Python. Is it not a relatively massive leap from an ingrained Web development mindset?,negative,negative
t3139,"Thanks for this, I didn't know about fluid. Great little piece of software!",positive,positive
t3142,I do know the iPhone prefers PNG. But also PNG-24 with alphatransparency? I hope it does!,positive,positive
t3147,@massive I've replied to your question about dealing with concurrency issues in bulk updates by editing my answer. Hope this helps!,positive,positive
t3148,"Hi there, I was able to set the focus back on the selected item after some research on similar issue. All i needed to do was, call the BeginInvoke method on the Dispatcher property of the Listbox and do the focus setting on the selecteditem in the listbox in the delegate method call which is as below: box.Dispatcher.BeginInvoke(DispatcherPriority.System.Idle, new focus(SetFocus),box); Where focus is the delegate and SetFocus is the delegate method where i get the selected item from the listbox and set focus on the corresponding listboxitem. Hope this helps!! Regards, Sowmi",positive,positive
t3149,"here is the magic DataFormatString=""{0:c0} this will remove the decimal places",neutral,positive
t3159,Anyone else get this or suffer from this? I am using Vista and VS 2008 and when I goto open a Web Site it literally takes 2~3 minutes for the dialog box to show up. Once i actually select a website it's not a problem but getting to that point hangs VS really bad.,negative,negative
t3161,what about 3rd question?( When is it appropriate and when not?),neutral,negative
t3163,"I have the following installed: (for VS 2005) (.Net regex compatible find and replace, because VS has its own regex syntax)",neutral,neutral
t3165,This is my Gridview This is in my Code Behind inside my Page Load............. Now as you will see i have a ImageField inside my gridview. When the ID = 1 then i want to show the image located here ~/pics/ID1/MyImage.jpg and so on and so on. I also want to show a Thumbnail of the Image so the User dont have to download the WHOLE image. Any help will be great! Etienne,positive,positive
t3177,"Agile Development can't be sold using documentations. Instead, ask your management to let you be Agile on a small pilot projet. For this pilot project, you must: - find a motivated end user to help you. - be free not to use the standard developping processes of your company. Then, succeed !!!",positive,negative
t3181,"By the way, as a side note, you should be using `using(Stream s = ...)` statement instead of manually writing a try {} finally {} block which might be error prone and also a pain to write.",negative,positive
t3184,"Is there anywhere I can download a SWF fo sIFR 3 of the Rockwell font (like the one that comes with sIFR 3), but with a bunch of special characters embedded too? Specifically the pound sign, but more would be great :) I don't have access to Flash right now and I've tried the automatic tools but with little success. I've looked everywhere, does anyone have any pointers? Many thanks!",positive,positive
t3189,"This isn't worthy of an ""answer"", but I thought I'd mention: many of the interfaces I've really enjoyed have been minimalistic -- there's almost nothing for me to see. Like QuickSilver for OS X.",negative,positive
t3190,You should fix the libraries that are creating bad or non-named threads. I'd hate to debug your libraries' threads only to find that the names where changes elsewhere.,negative,negative
t3192,Different engine versions? Have you tried naming that expression in the result?,neutral,neutral
t3193,"There are several articles on the Internet about developing elevated processes in Vista, but essentially elevation requests involve decorating .NET assemblies and WIN32 executables with elevation status in the application manifest file (may be embedded or side-by-side). There is an excellent blog post about your question which provides the code you'll probably need:",positive,neutral
t3196,In what language? In PHP it is: example:,neutral,neutral
t3199,"I see that over on this question there is a request to say how to do something using LINQ to see if a property matches in a collection. However, is this the fastest reasonable process by which to do this? I will be deploying something that requires a certain amount of resource management, and I want the application to be as responsive as can be, without making the code terribly hard to decipher when someone else, or myself come back to it later.",negative,neutral
t3202,"I am trying to build an application that can request files from a service running on another machine in the network. These files can be fairly large (500mb + at times). I was looking into sending it via TCP but I'm worried that it may require that the entire file be stored in memory. There will probably only be one client. Copying to a shared directory isn't acceptable either. The only communication required is for the client to say ""gimme xyz"" and the server to send it (and whatever it takes to ensure this happens correctly). Any suggestions?",negative,negative
t3203,I have a window using a WPF ListView/GridView bound to an ObservableCollection. The performance is utterly horrific. The application chokes trying to load 300-400 items and CPU usage spikes each time an item is added/removed/modified. Profiling doesn't reveal anything obvious. Anyone have any suggestions?,negative,negative
t3204,If it's managed (i.e. part of the framework) you don't need to worry about it. If it implements IDisposable just wrap it in a block. If you want to use unmanaged resources then you need to read up on finalisers and implementing IDisposable yourself. There's a lot more detail under,neutral,neutral
t3207,"This worked great for me, thanks!",positive,positive
t3208,"I have the following javascript: for some reason, in IE only, it chokes on ""css.appendChild(css_data);"" Giving the error: ""Unexpected call to method or property access"" What's going on?",neutral,negative
t3212,Mono appears to have really come a log way since the last time I really used it. I'm interested in doing some ASP.Net development using Mono. I have used .netTiers/CodeSmith at work and really enjoy the speed with which code generation gives you a clean working data access layer. The question is has anybody used any code generation with Mono? I am open to learning something like SubSonic or NHibernate if those work better with Mono. Thanks in advance for any help.,positive,positive
t3214,Download the DirectX/XNA SDK - it comes with plenty of sample code. Great place to start!,positive,positive
t3216,"With regard to Peter Lawrey's note that you don't need instanceof for final classes and can just use a reference equality, be careful! Even though the final classes cannot be extended, they are not guaranteed to be loaded by the same classloader. Only use x.getClass() == SomeFinal.class or its ilk if you are absolutely positive that there is only one classloader in play for that section of code.",neutral,neutral
t3220,"I think the question is valid. I agree with the other responses, but it doesn't mean it's a terrible question. I've only ever had to use a Safari CSS hack once as a temporary solution and later got rid of it. I agree that you shouldn't have to target just Safari, but no harm in knowing how to do it. FYI, this hack only targets Safari 3, and also targets Opera 9.",positive,negative
t3226,"I'm working on an iPhone app that will upload images to a web server. I was wondering if anyone had any tips on how to generate unique names for each image file that gets uploaded. I'm sure there are a million ways to do this, but if anyone has any suggestions I'd really appreciate it! Thanks.",positive,positive
t3236,Why is it a pain for the time to be accurate? The OS keeps it synchronized for you automatically using NTP on any operating system made in the last 10 years...,negative,neutral
t3238,VirtualBox also has API's for automating their VM's.,neutral,neutral
t3239,"I have no answer, but I'll 2nd the sentiment about the documentation quality for OpenSSL... I'm working with it now also (just starting), and it's horrible trying to find examples or documents for anything beyond simple operations... I feel your pain.",negative,negative
t3241,"I've used the pspell package to do this. Take the search term, check the spelling. If its not OK, PSPELL will make suggestions. You can even run the suggestions though your search, count the results, and then say: Your search for ""foo"" returned 0 results. Did you mean ""baz"" (12 results) or ""bar"" (3 result). If you are worried about performance, only do this when a search returns 0 results.",neutral,positive
t3245,"i really love the idea of it as i can create a folder for my user control, and make sub folder images, css, and put local resource file, so the whole thing is contained in one folder, and that makes it really efficient for me (management wise). but the bugger is you cant get intellisence like global resource, so is it possible in any way ?",positive,negative
t3247,Excellent answer below. Would be great if you could mark one as accepted.,positive,positive
t3251,"I'm using this code to launch a .cmd file: It works fine, but I want to actually see the cmd.exe window running. How can I make it show? Any help would be greatly appreciated!",positive,positive
t3252,"Great! Three solutions (from sykora, Leonard and fgm) that make this map work. I like the one from fgm for its brevity",positive,positive
t3254,"But they fixed it, and you don't have to worry about it as long as you set the correct doctype, to make IE not be in quirks mode.",positive,negative
t3256,@Dutchie432: you described exactly what I was looking for... I'm also using the Pulsate effect. I had a `.stop()` in place but it didn't work. Now it works as expected. What a comment can do? It's also an answer... :D The search outsourcing was hilarious :o),positive,positive
t3266,Something that would at least avoid the pain of would be,neutral,negative
t3271,"great answer - this code works like a charm on Mac OSX! :-) doing a few settings up front removes code duplication when accessing settings from many places, see http://developer.qt.nokia.com/doc/qt-4.8/qsettings.html#basic-usage",positive,positive
t3274,Just a note. You don't need a plugin to do this in Firefox. It's built in.,neutral,positive
t3275,"I'm just designing the schema for a database table which will hold details of email attachments - their size in bytes, filename and content-type (i.e. ""image/jpg"", ""audio/mp3"", etc). Does anybody know the maximum length that I can expect a content-type to be?",neutral,neutral
t3278,The named scopes already proposed are pretty fine. The clasic way to do it would be:,positive,positive
t3285,I just came across the following answer on another question: Hope that helps!,positive,positive
t3287,"You can try out , it allow prototyping with different styles, what's more, it can make interactive prototype and run it in browser.",neutral,neutral
t3288,"I just started using cdb and I love it! I've found and a few interesting articles I've found on using cdb, but I'd love to see other peoples resources. What sites do you use to extract the max usefulness from cdb (windbg)",positive,positive
t3295,"On Visual Studio 2005 C++ compiler, I get the following warning when my code uses the fopen and such calls. How do I prevent this?",neutral,negative
t3297,"I'm trying to pull the whole set of objects that I want to work with into memory so I can cut down on calls to the database. If I call a SELECT for each iteration I'm looking at hundreds of thousands of calls, which is running horrifically slow.",negative,negative
t3299,"Perhaps I am missing something, but I am just learning javascript. My understanding of Single Origin Policy is that Google Analytics should not be able to send data back to Google. How is it able to transmit send data to Google without violating the policy?",negative,neutral
t3304,Good question. I noticed method entry breakpoints slow things down considerably when I'm debugging Java programs with Eclipse. I hope someone has the answer!,positive,negative
t3308,"None of the above is exactly what I was looking for, so I wrote one. super simple to use %B in the printf!",positive,positive
t3314,"You can easily define a comparator for a one-level , so that lookup becomes way less cumbersome. There is no reason of being afraid of that. The comparator defines an ordering of the _Key template argument of the map. It can then also be used for the multimap and set collections. An example:",positive,negative
t3318,Multiply by 100 and then convert to an int.,neutral,neutral
t3321,"""malicious users"" don't just exist ""out there"" on the internet - most of them have jobs in corporations and you are probably working with a couple of them right now - there is a reason that all user accounts and physical access are the first things you cut off when you fire someone",negative,negative
t3322,"I used for a medium sized project, and loved it. It's incredibly feature-rich, has pretty good documentation, and an amazingly good support forum -- it's one of those ones where you ask a question, and a guy who works for the company that produces the software almost invariably answers it within a few hours. I used it with PHP and MySQL, but as far as I know it works with ASP.NET as well.",positive,positive
t3324,"I have a web page that renders the same in IE7, Firefox, and Safari - except when printing. IE7 appears to allocate too much space for borders when printing. In the example below, the box heights plus borders should add up to the same height in the 2 columns. I set the borders to 10px to exaggerate the problem. I hate CSS hacks, and so far I've been able to create my pages without them. Any suggestions?",negative,negative
t3328,"Works pretty good for me, you perfectionists! (just teasing)",positive,positive
t3335,Anyone know a quick easy way to migrate a SQLite3 database to MySQL?,neutral,positive
t3336,Managing url paths can be a real pain in ASP.NET. AbsolutePath vs RelativePath vs etc. drives me crazy. I find that many solutions require the user to edit web.config element to include the correct subfolder path; ex. Website Root: Web.config setting: / Website Root: web.config setting: /blog/ Is there a way to properly handle this without having to make changes to the web.config?,negative,negative
t3339,^^ By the way - best of luck! I'm not there yet. Will be ready to launch soon though...,positive,positive
t3342,"I've been programming Ruby pretty extensively for the past four years or so, and I'm extremely comfortable with the language. For no particular reason, I've decided to learn some Python this week. Is there a specific book, tutorial, or reference that would be well-suited to someone coming from a nearly-identical language, or should I just ""Dive into Python""? Thanks!",positive,positive
t3345,"@gbjbaanb, Why are you even talking about builds **here**? Read the question again. The deltas are significantly smaller for the files you are talking about because there are common bits between versions to take advantage of. Not so for video files. Add a 5 minute preview to the start of your video file and the bytes of the *entire* video file changes. There are no common bits a general-purpose `diff` can take advantage of, which is exactly the reason why your out-of-the-box git and hg fail miserably for these binary files.",neutral,negative
t3347,"I have several hundred (static - no includes or server-side parsing) HTML pages. I would like to validate the HTML (XHTML 1.0 Transitional), but the idea of plugging each of them individually into the W3C Validator - or even using a Firefox plug-in to open each one - fills me with dread. Does anyone know of any (Windows) apps that can do bulk validation? The ""Validate entire site"" feature on is the closest I've come, but that's limited to 100 pages.",negative,negative
t3349,Start with Master Pages on day #1 - its a pain coming back to retrofit.,negative,negative
t3356,"Variables ""protected"" are prone to be malicious changed by derived class? Should I use ""private"" in base class variables instead of ""protected""?",neutral,neutral
t3361,"I'm trying to delete several working copy directories, but I get an Access Denied on all the SVN files, running as admin or normal user. I've killed the Tortoise cache process, and cannot figure what is wrong. Any suggestions?",negative,negative
t3363,Great question and great answers!!! Thanks guys!!,positive,positive
t3364,What have you done so far? You have code to show us?,neutral,positive
t3366,"I'm trying to get multiple rails apps hosted under the same domain, but different directories. My configuration before attempting to host multiple apps (which works great), looks like this: I google'd around and found documentation suggesting I use the following configuration: That configuration, however, only causes my directory structure to be revealed, and no app appears to run. Any advice would be great!",positive,negative
t3367,"@Cocowalla The CLR does not manage native resources. However, if a process terminates, all handles are freed by the system (the OS, not the CLR).",neutral,neutral
t3371,"This is horrible. First you're sleeping, which will never wait exactly the right amount of time. It may fail if the computer is busy and shutdown takes longer than expected. And otherwise it will waste time. Furthermore, you're using shared *persistent* state. The right solution is simply to free the `runOnce` mutex before calling `Application.Restart()`.",negative,negative
t3372,"Lambdas automatically 'suck' in local variables, I'm afraid that's simply how they work by definition.",negative,negative
t3373,I would like to mention something I came across recently but I haven't been able to test it yet. There is a new program called FreeNX that has set out to be a replacement for VNC. Here's the link: http://freenx.berlios.de/,neutral,positive
t3374,"How do I stop a browser refresh from happening when a flash object has focus inside a pop up window? Yes, I abhor pop up windows too. Yet we have a flash questionnaire that is being wrecked from users who use refresh. I also already have js in place that effectively blocks refresh, UNTIL the flash gets focus and the user presses refresh. I have access to the Flash through our Flash developer, but he is uncertain of how to do this. The closest we could come up with was to use the fscommand trapallkeys, yet it does not appear to be working.",negative,negative
t3378,"Also be aware that as a programming language TeX is most awful, the worst language in real use I've come across.",negative,negative
t3384,"@ravenspoint: If you want to create the object on the heap now and delete it after execution in an other thread, I should probably remind you of RAII -> very bad programming style!!! Or do you want to make some silly synchronisation to ensure the data is still valid, when being read by the new thread?",negative,negative
t3385,"Is it easy to create GLUT pop-up menus for my OpenGL application? If yes, how?",neutral,negative
t3389,"Since I am completely useless at regex and this has been bugging me for the past half an hour, I think I'll post this up here as it's probably quite simple. In PHP I need to extract what's between the tags example:",negative,negative
t3390,"I've been using a custom function for some time now to prevent clickjacking on certain sites. However, I've been surprised to find there's not a lot out there about how to do this 'idiomatically' using the various popular JavaScript frameworks. Are there users of jQuery, Dojo, YUI, and/or ExtJS that have used their framework to implement clickjacking protection? I'd love to see examples!",positive,positive
t3396,"Enlightenment DR16 is packaged with openSUSE 11.1 but it's a bit painful to use with KDE apps as there's no obvious (on the Enlightenment site, google etc.) way to provide a systray for KDE apps that require one (e.g., ktorrent). Anyone know of a way around this? I'm not using e for the eye-candy - I'm running on a 2.6GHz Celeron and KDE (4.1) performance isn't exactly stellar so I'm trying out a few alternatives.",negative,negative
t3399,Jeo Clecko's SQL for smarties is excellent.,positive,positive
t3401,"ISpellChecker is an interface, not a defined class. Therefore any class implementing that interface can be 'injected' into TextEditor. Whoever creates TextEditor can determine what implementation of ISpellChecker it uses. And this answer describes Dependency Injection, nothing to do with IoC.",neutral,neutral
t3408,I have been abusing the Dictionary class in .NET 2.0 as a set:,neutral,neutral
t3410,"This will recalculate the number of words whenever you stop typing for a while (specifically, ms). Enjoy!",positive,neutral
t3417,+1 for not being afraid to ask,positive,positive
t3418,"I can animate the addition of a UIView to my app, it looks very pretty so thank you apple. However, how do I animate the removal of this view from the super view? I'm using: to animate the ""in"" transition ... how do you animate the ""out"" transition????",positive,positive
t3421,"I tried PekWM for some time. I really liked it. It allowed me to group programs of the same type, for example: Terminals.",positive,positive
t3422,Love this solution!,positive,positive
t3425,Thanks Nat. The external data is large (external search results) so it's not possible to keep it as a new list. We're a SharePoint plugin so I can't guarantee that the BDC will be available at all installations. I guess I'm kind of out of luck with your suggestions but I appreciate the answer!,positive,negative
t3427,"Since you're testing legacy code I'm assuming you can't refactor said code to have less dependencies (e.g. by using the ) That leaves you with little options I'm afraid. Every header that was included for a type or function will need a mock object for that type or function for everything to compile, there's little you can do...",negative,negative
t3428,"Excellent points, David. I think in Corey's case, he doesn't have an Access front end so our posts are for general knowledge that applies to most Access developers.",positive,neutral
t3430,"I would suggest renaming the file in the repository from config.php to config.php.sample. This is the file that you would edit to change the default options. For deployment, either to your development environment or to the production server, you would copy config.php.sample to config.php and edit it without worrying about future conflicts.",neutral,negative
t3438,"Is there any way to have a statement across multiple lines without the underscore character? It is really annoying in multi-line strings such as SQL statements, and especially LINQ queries. Beside from the ugliness and difficulty when changing a line (nothing lines up anymore) you can't use comments in the middle of the multi-line statement. Examples of my daily personal hell.",negative,negative
t3441,"I have two tables which looks like this: Each news can only have one tag. What is the most effective way to handle inserts to the news table? The Tags table has like 50 000 rows. I'm only doing bulk inserts of approx. 300 news at a time, around 2 times per hour. I assume that i need some in-memory cache for the tags? If the tag is not in the tags table, i need to insert it and set TagID to the newly inserted id. Hope you'll get the idea!",positive,positive
t3445,"such a strong argument without any ""reference"", is completely useless because just opinionated.",negative,negative
t3448,I really do not see the point why you would need to resort to using dreaded . But here is another option if you are using SQL Server version 2005/2008 Use Recursion,neutral,negative
t3452,"That's what I was thinking, but I am afraid it will bring confusion to the structure. I will need to add ""Set children"" field to parent class which should not be used anywhere in the code, only for hibernate cascade deletion. Do you think it is ok?",negative,negative
t3453,"I found a number of people asking the same question starting around 2005, but here is the first google result - also discusses silverlight. As far as I can tell, however, the only thing you would need to worry about would be setting up the mime types and providing access to the files.",negative,neutral
t3457,"In Flex 3, buttons call their click handler when they are clicked on by the mouse, or when they have the focus and the user depresses the space bar. Is there a straightforward way to cause Flex 3 buttons with focus to call their click handler when the user presses the enter key?",neutral,neutral
t3462,"So for my text parsing in C# , I got directed at YAML. I'm hitting a wall with this library I was recommended, so this is a quickie. And so on. Is that valid?",negative,negative
t3464,"Basically I am looking for the guidelines for How to approach on hard ware sizing for a given requirements.what are the parameters need to consider to arrive at sizing decisons. It will be really great if any body can help on identifing sizing details for appserver, webserver,database etc..Please",positive,positive
t3468,"We've deployed 's Plot Pack in both ActiveX and .Net flavors with great success. Great API, incredibly flexible, provides a toolbar that lets users pan/zoom/customize. It's solid, has a long track record, relatively inexpensive, and is very fast. (I'm not affiliated, by the way.)",positive,positive
t3477,"Whatever you do, make sure that you don't use Apache's DBCP. It's a horrible implementation that will actually cause performance problems, not fix them.",negative,negative
t3479,Congratulations!,positive,positive
t3484,"By the way, I upvoted you because I think it's an *excellent* question.",positive,positive
t3488,"Because the table design is wrong. If it can't be changed, that's short-sightedness and you'll have to suffer by using sub-optimal SQL. A table change is a one-time cost which can be amortized, sub-optimal queries cost every time you use them.",neutral,negative
t3493,"The indexes you need are dictated by your query requirements, not your schema design.",neutral,neutral
t3496,You might also want to see: http://marcgravell.blogspot.com/2009/02/async-without-pain.html,neutral,neutral
t3500,"While this could work when I'm developing and debugging the solution, I'm afraid it wouldn't work once the solution is deployed and a user needs to change the settings.",neutral,negative
t3501,"Also, make sure the mouse is using VMware drivers. Sometimes it reverts to general PS/2 drivers, which can cause very irritating lag.",neutral,negative
t3502,"Actually, I've just fixed it. Fiddled with ColorBox and got it working. I'm running it in a function every time the images change, which didn't seem to work with the previous lightbox plugin but does with this one. Hurray!",positive,positive
t3503,For you guys who can't find the 'Documents and Settings' (whatever reason there may be) here is another path where the trusted.certs can be found: Hope this helps!,positive,positive
t3504,Excellent - Cool,positive,positive
t3509,"I just have to say this is a brilliant idea, love it! +1",positive,positive
t3519,"You should really take a look at sprox ( ). It builds on RESTController, is very straight forward, well documented (imo), generates forms and validation ""magically"" from your database and leaves you with a minimum of code to write. I really enjoy working with it. Hope that helps you :)",positive,positive
t3520,"-1 This is due to omitting ""var"" before ""a"" making it global and is unrelated to the question.",negative,neutral
t3521,"Wide lines are a #@$# in most diff'ing tools as well, which can make code reviews a pain.",negative,negative
t3522,"If the files were never committed and they're no longer on the hard drive, then I'm afraid they're probably gone, unless your user has manual backups, or some other recovery/undeletion strategy works out.",neutral,negative
t3541,"How do I cache an individual user control with ASP.NET MVC? I also need the VaryByParam etc support that usually comes with ASPX Output Caching. I don't want to cache the entire action though, only one of my user controls in the view. An example would be nice :) Thank you!",positive,positive
t3544,I hope none of my bugs end up in wikipedia!,neutral,negative
t3548,"I too am using ideas from Rob's pattern and for now am updating like Pure.Krome. But i think concurrency is too vital to ignore and should be a habit of any enterprise application developer. I'm ignoring it for now, but it will go in my later iterations. I would really love to see how your approach turns out David.",neutral,negative
t3550,"Get Updated. Not that I'm that a Java Fan, but I'm working now with a Java Team and they do deserve the respect :) See comment by SztupY",positive,positive
t3551,"In vc++6.0 MFC Application Project , I will not get the compile Error , but when i run the project i will get the error Debug Assertion Failed! program:project.exe File:winocc.cpp Line:345 For information on how your program can cause an assertion failure, see the Visual C++ documentation on asserts. (Press Retry to debug the application) what Error it is and why this type of error occurs, how to debug this error, plz help any body,",negative,negative
t3553,"There's a sample at the always excellent ""Cocoa With Love"" site:",positive,positive
t3559,"I want to be able to grab content from web pages, especially the tags and the content within them. I have tried XQuery and XPath but they don't seem to work for malformed XHTML and REGEX is just a pain. Is there a better solution. Ideally I would like to be able to ask for all the links and get back an array of URLs, or ask for the text of the links and get back an array of Strings with the text of the links, or ask for all the bold text etc.",neutral,positive
t3576,and XPath... XQuery is more what you are looking for if a SQL structure is desirable.,neutral,neutral
t3577,"It's not a place, but I've found by Charles Petzold excellent. It covers everything you ask about and is focused specifically on WPF/silverlight. Of course Petzold (as usual) is able to communicate the important concepts beautifully.",positive,positive
t3582,"An alternative to recording would be to use the MS Speech API with C#, enter the words via keyboard, and have it state what was keyed in. Just a thought... Good luck on your app -- it sounds like a really cool program!",positive,positive
t3583,struct.unpack() returns a tuple. That is why there is a comma at the end of the float. To get the float out of there just ask for the index.,neutral,neutral
t3586,"Great manual, helped immensely!",positive,positive
t3592,You hate the price. Fair enough. ;),neutral,negative
t3595,"I really enjoy programming in Mathematica, and hence was looking for solutions in it.",positive,positive
t3601,I don't understand why all the answers assume Rails. Is that indicated in the question?,neutral,neutral
t3602,Very good point! I've changed my example code.,positive,positive
t3604,When I deploy my application on JBoss 5 the EJBs are created before the QueueService is started. Creation of Message Driven beans now fails miserably because the queues are not yet available: How can the deploy sequence be configured?,neutral,negative
t3610,"How can I check if I have listed all the dependencies correctly? The is an excellent tool for checking both build dependencies and dependencies by setting up a clean base system within a chroot environment. By compiling the package within pbuilder, you can easily check the build dependencies, and by testing it within a pbuilder environment, you can check the dependencies.",positive,neutral
t3614,Cant you just use namespaces?,neutral,neutral
t3615,"You should really check out . I evaluated it quite a bit last year and really liked it although in the end we deployed TFS2008 and so we're using TeamBuild to get a lot of the integration goodness. But really FinalBuilder had TONs of prebuilt build activities, great support for lots of environments and tools, and a nice IDE for designing it all.",positive,positive
t3617,"The whole purpose of J# is to ease the transition of Java developers to the .NET environment which didn't work so well (I guessing here) so Microsoft dropped J# from Visual Studio 2008. For your question, ""Is there a real benefit of using J#?"".. in a nutshell... No..",neutral,neutral
t3618,We eventually dropped using Filestream. I believe we never could get it to work right with Nhibernate. Good luck!,positive,negative
t3620,"Galileo came out the other day, and even though plugins under Eclipse are, IMO, just a little bit easier to deal with than , it would still be really awesome if there was a simple way for me to upgrade to the new version (and take my plugins with me). Any tips?",neutral,positive
t3623,This is sad. 2010 and VCPROJ files have to be maintained by hand so the revision control system doesn't whack it out.,negative,negative
t3626,"I came across this and really liked their gallery, not sure if the script is in-house or came from some free/commercial script out there ? Thanks",positive,positive
t3627,"This is probably silly but very frustrating. Using VS2008 with a C++ project, when I'm working normally, the breakpoints window is visible and active but when I'm debugging it disappears and can't be shown. This is a problem if I want to edit the condition of a breakpoint while running. Pressing the breakpoints window button doesn't do anything and neither does pressing Ctrl+Alt+B Does this happen to anybody else? It's a brand new install with Visual Assist and QT integration as extensions. same configuration with VS2005 doesn't have any problems.",negative,negative
t3629,Is it possible to embed an inline search box into a web page which provides similar functionality to the or similar plugins for Firefox/Safari?,neutral,negative
t3632,"I've used a few times in the past, and clients really liked it. It's not AJAX, as it loads all the full sized images on page load, but if you were motivated I'm sure you could make that change pretty easily.",neutral,positive
t3633,"I'm afraid I can't really accept an answer here as it turns out that it can't really be done, without using a workaround, which I didn't want to do. Sorry!",negative,negative
t3634,+1: Excellent question :),positive,positive
t3635,Is there a way to make a TSQL variable constant?,neutral,neutral
t3637,"To Kev's excellent Answer - ""Working Effectively with Legacy Code"" by Michael Feathers should be required reading for people working in Software Engineering.",positive,positive
t3647,"Good morning ! Is there any way to pre compile stored procedures in SQL Server? My requirement goes like this.. I have some stored procedures, which take more time in compiling than executing. So I want to precompile all the stored procedures. It would be nice to precompile them when the db server is started and running. Any ideas on this would be greatly helpful! Thanks & Regards, Pavan.",positive,positive
t3648,I have really enjoyed playing with my first robot. Now I want to make something a little more exciting. What's the best tutorial on making advanced robots?,positive,positive
t3663,"Don't use it. I hate std::pair exactly for this reason. You never know which is which, and since access to first and second are public you can't enforce contracts either. But after all, it's a matter of taste.",negative,negative
t3665,I've asked a related question at http://dsp.stackexchange.com/questions/8456/how-to-perform-carrier-phase-recovery-in-software,neutral,neutral
t3667,"Here's the current code I am using. The above code works perfect in making vertical (top to bottom) gradients but I'd like to be able to make horizontal ones as well. I have a very good understanding for PHP, but I don't deal with PHP image functions very often. If someone can help me and figure this out I'd really appreciate it!",positive,positive
t3673,I am working on an opensource app that using SubSonic 2.0.3 I need to regenerate some of the code so I need the tool that does that. I cannot find this version 2.0.3 of the code generator executable. Any help would be greatly appreciated!,positive,positive
t3675,"My problem with Boost (here, and elsewhere) is that you can often get on without it (in this case with C++11 or before C++11 [with a function](http://stackoverflow.com/a/138633/111307)). Boost adds a significant compile time overhead, had tons of files to park into your repository (and to have to copy around/zip/extract if you are making an archive). That's the reason I try not to use it. I know you can choose what files to include/not include, but you usually don't want to have to worry about Boost's cross dependencies with itself so you just copy the whole thing around.",neutral,negative
t3676,You really should look at an NIO framework like or . I've used MINA with great success in an enterprise chat server. It is also used in the chat server. Grizzly is used in Sun's JavaEE implementation.,neutral,neutral
t3679,"In addition to the great LINQ-implementation of Dean, I had fun wrapping the code into an extension for DependencyObjects: This makes it extremely nice considering reuseablity.",positive,positive
t3680,Just wondering; do you hate the string variable type?,neutral,negative
t3689,"I knew about the _viemurc/.viemurc file, but I didn't realize you could map commands to VS ones with vsc. Very good tip!",positive,positive
t3692,"The first time I load the website in the production web server, it start very slow, subsequent pages load very quickly (included the home page). I precompiled the site, but nothing changes. I don't have any code at Application start. I don't have cached items. Any ideas? How can I find out what is happening?",neutral,negative
t3694,Here's a similar question on DBA.SE: [Does the order of columns in a table's definition matter?](http://dba.stackexchange.com/q/18719/2660),neutral,neutral
t3698,Awesome -- this approach will work! Thanks! BTW -- I've followed your blog for quite some time! Thanks!,positive,positive
t3708,Additionally you may customize the parsing behavior by providing appropriate dependency properties.,neutral,neutral
t3709,"I am looking for a very fast way to filter down a collection in C#. I am currently using generic List<object> collections, but am open to using other structures if they perform better. Currently, I am just creating a new List<object> and looping thru the original list. If the filtering criteria matches, I put a copy into the new list. Is there a better way to do this? Is there a way to filter in place so there is no temporary list required?",neutral,positive
t3711,"I'd really like to know if anyone knows of a way to do this, also! I need to connect to it frequently from the server and a browser will never be an option - the server has no GUI and it should be run from cron.",neutral,positive
t3713,"@EBGreen - I didn't want to be guilty of ""Not invented here""; if there is a pre-canned answer, I'm game.",neutral,positive
t3715,"Your code sample strikes me as a very strange design and an abuse of what properties are intended for. Why not just an instance method : Your property also returns if the key does not exist, but claims to return an , nor a .",negative,negative
t3717,"Be careful since it's often not ""morally reprehensible"", but in fact illegal copyright infringement.",neutral,negative
t3726,"C# syntax is so close to Java (and better in some ways) that you might as well learn C# instead of J#. And since C# is more widely used, you can easily find Java --> C# tutorials on google or check out and watch some videos.",neutral,neutral
t3728,I recommend juanagui's answer as it deals with pasting in non-numeric data http://stackoverflow.com/a/2673131/755404,neutral,neutral
t3731,"Not unless your Java framework is horribly inefficient, or for apps in which the db server does 99% of the work.",neutral,negative
t3734,"This is recognized around our office as the ""Ah, crap! I forgot about that."" burndown:",neutral,neutral
t3737,I can't understand where the extra bits are coming from in this article about s-boxes. Why doesn't the s-box take in the same number of bits for input as output?,neutral,neutral
t3738,"You should prepare your statement only once, outside of the loop, and then bind the parameters in the loop. This is why prepared statements have bind parameters - so you can reuse the prepared statement. Hibernate does exactly this, treating all SQL as a prepared statement behind the scenes, though you can obviously abuse this if you use literal rather than bind parameters.",neutral,neutral
t3740,"I'm new to Flash but want to create a nice video for a product. It takes a long time to make a nice looking presentation , and I'm hoping for a jump start. Are there any good templates which are free on the internet where I can quickly change the text in ,for example, to make my video? I've tried looking in google, and there are too many websites, many of which look gimmicky. Any recommendations? (A video like this one - - would be amazing!)",neutral,positive
t3742,"@DevSolar I would like to use boost more, but its synergy with C++11 is terrible, and there are some rather... _curious_ design decisions (Iostreams requires Devices to be copyable, but makes streams noncopyable... oh, and also nonmovable - at least in the implementation I'm using, maybe they fixed it?).",negative,negative
t3744,Excellent. I had the 4.5.1234.4 build and didn't see an update yesterday. Thanks!,positive,positive
t3745,"I'm cleaning up the CSS on a fairly large (and somewhat disorganized) website. Is there a simple way (or a piece of software) that will let me find, for example, all the ""a"" tags that are within ""h3"" tags? Or all the ""spans"" that are within ""p"" tags? I want to modify some of these CSS rules but I'm afraid I'll break something hidden somewhere. Any advice?",negative,positive
t3747,"I have an image and on it are logos (it's a map), I want to have a little box popup with information about that logo's location when the user moves their mouse over said logo. Can I do this without using a javascript framework and if so, are there any small libraries/scripts that will let me do such a thing?",neutral,positive
t3752,"What about forgetting all the wrapping of the functor pointer, and instead use as the functor? that way, you don't have to worry about managing the copy in any way shape or form.",neutral,negative
t3753,"@MrChrister : The actualOrderNumber is relied on by multiple legacy app. Changing it would be extremely problematic. The end-user-visible order number is also used in several apps; adding a new field is do-able but hard. An obscuring ""format"" outside the persistence layer is TSTTCPW (I think).",neutral,neutral
t3754,As mentioned on StackOverflow podcast 30 - JanRain RPX has beaten me. Sad face for me.,negative,negative
t3762,The last thing you should be worrying about is how fast one of these is. There is no way that checking a string for being an integer is going to be a bottleneck in your code.,neutral,negative
t3773,"+1 for ""don't believe into the myths that there are a lot of issues with MS Access""",positive,positive
t3776,"Ah, this was actually dumb...I solved it. I had two checked out directories that were both very much the same. I was in Eclipse and I didn't realize that I had been editing the wrong file all along. STUPID! STUPID! STUPID! Oh well it's not a total loss, now you all get to see how to fix ff3.",negative,negative
t3784,You might also want to see: http://marcgravell.blogspot.com/2009/02/async-without-pain.html,neutral,neutral
t3789,Url points to a tesco advert,neutral,neutral
t3794,awesome! it works,positive,positive
t3795,Great question!! I'm hoping to use something like migrations with Django too.,positive,positive
t3796,Excellent question.,positive,positive
t3800,"This question is still incredibly vague about what you are looking for. I guess your acceptance of an answer, however, lets us reverse engineer the problem.",neutral,negative
t3805,Consider using Ragel That's what powers mongrel under the hood. Parsing a string multiple times is going to slow things down dramatically.,neutral,negative
t3806,"@Rob, the only thing `onclick` should be intended to do is be taken out back and shot. Metadata used to indicate that an element is enhanced in a behavior layer may ""smell"" depending on implementation (I would personally use `class`, which doesn't repurpose anything), but it doesn't smell anywhere near as awful as a behavior layer that pollutes the global scope, not to mention the data layer.",neutral,negative
t3808,Great chart! Good find.,positive,positive
t3814,I'm sure lots of people will say this by the time I've typed this but... I know it's not PHP but we're finding just the job for this kind of thing. It really is an excellent piece of software.,positive,positive
t3816,"In theory, you could apply that philosophy to every single question on SO. But it would be terribly boring to do so.",negative,negative
t3820,Newbie question. I’m writing an ASP.Net MVC app in VB.Net and have been using NerdDinner as a sample (which is in C#). I’m stuck on the validation process specifically the code found in Models\Dinner.cs . I have tried converting it to VB.Net using but it chokes on the Yield statement which found in the GetRuleViolations method (see code below). So my question is how would you do the equivalent in VB.Net? namespace NerdDinner.Models { },neutral,negative
t3822,"I have a basic app written with ATL, using the wizard with VS2008. I have a treeview in the left side of the app. I see how to (painfully) add tree items. Question is how do I show a menu when the mouse is right clicked? How do I trap any click events on each item that could be selected?",negative,positive
t3824,"For C# Visual Studio uses 4 spaces by default, whereas for C++ it is hard-tabs. Why is it so? Why is it different? My project consists of both C# and C++ code and the difference really annoys me. I want to set a common standard for all the sources, but I wonder if this would have any drawbacks.",negative,neutral
t3829,Why the down-votes and sniping? It's not a particularly well-asked question but it's certainly valid and by definition programming related. (it's pretty hard to do anything with Django without programming as it's a web programming framework!),negative,negative
t3833,"ctypes is in the python standard library, swig and boost are not. Swig and boost rely on extension modules and are therefore tied to python minor versions which indepentent shared objects are not. building a swig or boost wrappers can be a pain, ctypes makes no build requirements.",neutral,neutral
t3834,"I doubt that you will find that much help, considering this is a technique usually reserved for malicious usage (bots, etc).",neutral,negative
t3841,I want to change an image of an UIImageView from the applicationDidFinishLaunching method of the app delegate class. But I am afraid that this class doesnt know much about the controller outlet. What must I do in this case?,negative,negative
t3846,"Is it possible to use some kind of attribute to throw an exception. This is what I mean. Instead of doing this: Do something like this: Any help would be greatly appreciated! Best Regards, Kiril",positive,positive
t3849,What kinds of considerations are there for migrating an application from NHibernate 1.2 to 2.0? What are breaking changes vs. recommended changes? Are there mapping issues?,neutral,neutral
t3850,Take a look at this class: https://github.com/dberm22/DBoard/blob/master/src/com/dberm22/utils/MediaPlayer.java You can call it with (new Thread(new MediaPlayer(PATHTOFILE)).start();,neutral,neutral
t3851,"I'm reading about the CallContext class (). The documentation says something about ""logical threads"" and ""Thread Local Storage"". What's a logical thread, I didn't know that there existed multiple kinds of threads? What's a Thread Local Storage, is it a class or a principle of some kind? I have not been able to find it in on MSDN, but I'm sure it is there some place, so any links would be great :-)",positive,neutral
t3852,"If you give each key a unique name, e.g. ""invoices.invoice_id"" instead of ""invoices.id"", then you can use the ""natural join"" and ""using"" operators with no worries. E.g. instead of SQL is verbose enough without making it more verbose.",neutral,negative
t3853,"Library independent, very nice! Although I prefer the declaration more ""class"" like: `function MyClassName() {};`",positive,positive
t3861,"I have a piece of JSON string, which I want to parse in Erlang. It looks like: I looked at mochijson2, and a couple of other JSON parsers, but I really could not figure out how to do it. Any help greatly appreciated!",positive,positive
t3862,"Not an answer, but why on earth would you want 32,000 items in a combo box? That is a terrible way to store that much data.",negative,negative
t3865,"I need to see the contents of the viewstate of an asp.net page. I looked for a viewstate decoder, found but it asks for the url of a page to get its viewstate. Since my viewstate is formed after a postback and comes as a result of an operation in an update panel, I cannot provide a url. I need to copy & paste the viewstate string and see what's inside. Is there a tool or a website exist that can help viewing the contents of viewstate?",neutral,positive
t3868,"I'm using the theme library to draw some text which works absolutely fine on Windows Vista - however, on Windows XP the returned HTHEME is NULL. This is the code I'm using: hTheme is valid on Vista, but NULL on Windows XP. I've read the documentation for and on MSDN, but nothing mentions that TEXTSTYLE isn't supported on XP (even Google doesn't throw up any good suggestions).",neutral,negative
t3872,"Mika Tuupola: If you are Interested in my modified jeditable (added two callback events), you can . It would be great if you would provide these events in your official version of jeditable! Here is my (simplified) integration code. I use the events for more then just for the hover effect. It's just one usecase.",positive,positive
t3877,You can use the new function that's available on the File class (I believe it's only available in AIR 2) eg:,neutral,neutral
t3882,Take a look at . Bear in mind that running both side by side is not supported by Microsoft () and there's no guarantee that they will work absolutely fine side by side - a Windows Update could easily break something and sometimes people find conditional comments don't work properly amongst other things. All I can suggest is you give it a go and see how you get on.,neutral,negative
t3885,"Awesome solution Binod, works perfectly! This was a lifesaver, thanks so much.",positive,positive
t3886,Worked for me.,neutral,positive
t3889,Thanks all for the great responses!! All of these worked,positive,positive
t3891,See http://trac.openidenabled.com/trac/ticket/376.,neutral,neutral
t3894,"I only have one important piece of advice - make absolutely sure you can revert back to the state before you started the refactor without losing anything. Then just dive in and go for it. You may well end up having to stop and start again, but that's nothing to be afraid of (as long as you heeded my one piece of advice). You'll learn a lot doing it.",neutral,positive
t3909,Could you add some details about the error you get? Nothing is jumping out at me as horribly wrong.,neutral,negative
t3912,@acidzombie24: My pleasure! :),positive,positive
t3913,"This is simply the tip of the WTF iceberg I'm exposing with this question. The rest of the app, and the purpose for its very existence is more painful, if you'll believe it.",negative,negative
t3917,Your solution is subject to all sorts of horrible HTML escaping issues and possibly injection attacks.,negative,negative
t3919,Anyone have a graphical tool for developing mod_rewrite rules. Ideally it would display a pipeline of rewrites and then when given an instance of a uri would show the transforms as the get applied. It's always a pain to get them setup just right so any way of making it easier would help.,negative,positive
t3920,"Couldn't agree more about TextPad being an excellent editor (my personal favourite). However, whilst it does search over multiple files (and very quickly at that) it doesn't do search and replace over multiple files.",positive,positive
t3921,"""I understand that server-side validation is an absolute must to prevent malicious users (or simply users who choose to disable javascript) from bypassing client-side validation""",neutral,neutral
t3925,"Seems like a duplicate question. Please see excellent answer for ""[Should Usings be inside or outside the namespace][1]"" [1]: http://stackoverflow.com/questions/125319/should-usings-be-inside-or-outside-the-namespace",neutral,neutral
t3926,Awesome! Thank you!,positive,positive
t3936,"Just to add more - JavaScriptSerializer and DataContractJsonSerializer aren't always compatible with each-other (DateTime, IIRC, is a pain).",negative,negative
t3940,"I actually tend to prefer PascalCase here - but out of habit, I'm guilty of UPPER_CASE...",negative,neutral
t3941,That's great! Thanks a lot for the tip!,positive,positive
t3950,"This fails miserably when min is INT_MIN and max is INT_MAX. Then max - min + 1 equals 0, resulting in division by zero.",negative,negative
t3953,And it fits with MVVM. +1,positive,positive
t3954,@knatten - Great Idea! Please update the table at the end :),positive,positive
t3957,"cat'ing a script to paster shell scares me. The interactive Python shell has different rules for, e.g. terminating multi-line statements.",negative,negative
t3961,Just MSDN link about it is here http://msdn.microsoft.com/en-us/library/vstudio/9k7k7cf0.aspx,neutral,neutral
t3962,"I have tried to do the following: It builds without a problem, but visual studio gives a error when I switch to the WSP View. The error is as follow: ""Unable to load one or more of the requested types. Retrieve the LoaderExceptions property for more information."" No further details regarding the actual issue. So is it possible to create a base class that inherits from SPItemEventReceiver which can be used by ones custom list item event receiver classes?",neutral,negative
t3964,then you might want to take full control over how Preferences should follow your desired storage by implementing . You can see a linux based implementation here: Good luck!,positive,positive
t3968,This is an amazing requirement! Can we please know why you would want to do such a thing?,positive,positive
t3971,"Now that's a lousy, lousy way to answer a question. Where do you do this?",negative,negative
t3972,"The point of the require_once function is that no matter the scope, you won't include a file twice and redefine a class causing a PHP error. So no worries about memory leaks, if the require_once is hit, the class def goes in the global symbol table only one time. But aside from that, yeah use autoloader.",neutral,neutral
t3973,"I tend to have just 1 file, but don't upload the web.config when I update the site - maybe this is bad practice, but I think its what Microsoft intend you to do. Can be a bit of a pain though if you (or a new team member) accidentlly upload it...",negative,negative
t3979,"What Javascript keywords (function names, variables, etc) are reserved?",neutral,neutral
t3988,"If someone is trying to do something malicious a simple regex just can't do it -- take (function(){this[""loca""+""tion""]=""http://example.com"";})() In general if you can't trust your users (which is the case with any site on which arbitrary people can add content) blocking all js is necessary.",neutral,neutral
t3989,Is it possible to configure nHibernate to connect to Paradox database (*.db files)?,neutral,negative
t3995,"StyleCop has rules that seem to differ from MS's prior style guides. For example, StyleCop hates m_ and _ for prefixs to private members. Also, the VS default code generation violates StyleCop by putting using statements outside the namespace. *sigh*",negative,negative
t3996,"Hey, I am trying to further my knowledge of javascript and was wondering if anyone could explain to me what exactly is happening in the script below: Most importantly, why are there 4 'google_ ad_ ...' at the beginning and what is the purpose of them? A line by line explanation would be awesome :) Thanks for any help. I really appreciate it.",positive,positive
t3997,"I have not figured out how to set the font yet, but I did find an excellent example of how to make the colors on alternating rows of the list to vary in color: http://www.actionscript.org/forums/showthread.php3?t=188206 (It was different in AS2 - just needed one line. Now you need one line plus three whole classes.)",neutral,positive
t4001,"Copy any applicable preferences files in ~/Library/Preferences from a machine that you have checked ""Don't show again"" on.",neutral,neutral
t4011,"I am new to fluent nhibernate and nhibernate. I want to write a fluent nhibernate autopersistence convention to handle creating the many to many mappings for my entities. This is what I have right now: It seems to work, but I feel that there is a better way to do this. Now my questions: Do you have a better way to do this? Do you usually want the Cascade behavior here? Do I need to worry about something besides making sure both sides of this association end up with the same table name?",neutral,negative
t4012,What libraries/methods that you know of can do some basic HTML representation in Swing? Can you comment on your experience?,neutral,positive
t4019,"My goal is to write a cookie when the user authenticates. We are using a crappy framework that hides its source code and event model so when I use their login control I can't set a session timeout on it! Anyhow, I am trying to write a cookie when the user is logged in, and then refresh the cookie expire time on subsequent page views (sliding expiration). So I figured I could initially create the cookie during Application_AuthenticateRequest in teh global.asax but that seems to be firing even when the user hasn't signed in yet. Is that suppose to be the case?",negative,negative
t4021,"Obligatory I Am Not A Lawyer. Are you violating the legal clauses of the GPL? Probably not. ATI and nVidia do this sort of thing with their graphics drivers for Linux. However, it's important to note that Linux is GPLv2; this may have changed with GPLv3. Are you violating the spirit of the GPL? Yes, and judging from the way your question was written, you already knew this.",negative,negative
t4022,"I'm using vbscript, all that does is reverse the setting of checkbox.checked, whichever way it is. As an aside, vbscript is awful to work in.",negative,neutral
t4029,"claims to: Export Balsamiq Mockups to HTML/CSS/JS and Adobe Flex 3 at a click of a button. Balsamiq's perfect companion No coding skills required Pays for itself after one use If it really ""works"" Napkee could be extremely useful. Does Napkee work as advertised? What is the quality of the exported HTML? Is it a must-have companion to Balsamiq (which I love)?",positive,positive
t4037,You're missing Aero? Check out http://win2008workstation.com,neutral,neutral
t4041,+1 excellent question,positive,positive
t4043,why do people hate anonymous block initializers,neutral,negative
t4045,"Wow, it works! Thanks.",positive,positive
t4049,"I've just been looking at php's autoload() function. Seems a nice idea, but I'm not sure how it handles multiple directories. My current development basically has a library directory structure grouping classes into subdirectories by operation. I'm wondering I have to declare a include() for each directory ... which I really hope I don't have to do. Can you advise - thanks",positive,positive
t4063,"What should go into the top level namespace? For example, if I have MyAPI.WebLogic, MyAPI.Compression, etc. If I put classes into the top level namespace, am I violating the principle of encapsulation?",neutral,neutral
t4065,"I hate to say it, but the selected answer is wrong. C# Express ships with 3.5 SP1, including .NET SP2, etc...",negative,neutral
t4067,"@gap: No, I never wrote the helper class, I'm afraid.",negative,negative
t4090,"I'm all for option 2. I'd say it's a formatting issue, which is, in my opinion, for the view to worry about.",neutral,negative
t4091,files starting with a dot can be a pain to windows based tools...,neutral,negative
t4092,Fantastic answers! Thanks a ton!,positive,positive
t4094,http://delta.tigris.org is an excellent tool for automated minimization of a test case.,positive,neutral
t4095,"Well, without any third-party tools, I'd say try using the clipboard ring, but roosteronacid's idea about the snippet is probably quicker. Hope that helps!",positive,positive
t4103,"Maybe, things have changed since then?",neutral,negative
t4105,"You can get IDs or classes on elements, but you cannot really retrieve the ""selector"" of an element. You can use `width()` and `height()` to get the dimensions.",neutral,neutral
t4112,"I'm writing a basic chat program, and I need to notify the user that the other person closed the app. I have my own protocol, and I've already added a ""Quit"" message. The only drawback is that it isn't sent if the app is killed/crashes/etc.",neutral,negative
t4113,"For all your keydown/keyup/keyboard needs, use the jQuery hotkeys plugin. Saw this a few months ago and it never fails to impress it. Follow the jump for the plugin demo ... It maps ALL keys on a keyboard including combos. Hope it helps!",positive,positive
t4115,"For an excellent event manager class, check Danny Miller's: http://k2xl.com/wordpress/2008/07/02/as3-eventmanager-class-removealllisteners/",positive,neutral
t4119,"How would you manage the lifecycle and automated build process when some of the projects (C# .csproj projects) are part of the actual build system? Example: A.csproj is a project that uses MSBuild tasks that are implemented in BuildEnv.csproj. Both projects are part of the same product (meaning, BuildEnv.csproj frequently changes as the product is being developed and not a 3rd party that is rarely updated)",neutral,neutral
t4120,goooooooooooooood!,positive,positive
t4121,"I just flashed back to an old Broderbund game... Can't remember the name of it. Awful CGI graphics, lots of cannon battles in old ships... Maybe the first pirates game? Damn, that was an AWFUL game. Had a rollup scroll in it.",negative,negative
t4130,"Consider this HTML: On all browsers but Firefox/Mac, it renders correctly, i.e bold and non-bold text are on the same baseline. On Firefox/Mac, there is a 1px baseline difference between the bold and non-bold texts. See below for screenshot. Left is Safari 3.2.3, right is Firefox 3.0.10. Is there any way to fix this e.g with some CSS, other than to go quietly cry in the corner and use Arial (which I'd not want to do? I'd stay with Helvetica Neue if I could).",neutral,negative
t4131,"If you're running on Windows, you could do something similar using PowerShell. This could be extended pretty easily to find all unversioned and ignored files and delete them. Hope that's helpful to someone!",positive,positive
t4136,"You also might want to check out Uche Ogbuji's excellent XML Data Binding Library, Amara: (Documentation here: ) The cool thing about Amara is that it turns an XML document in to a Python object, so you can just do stuff like: (which creates a Record element that contains Name and Value elements (which in turn contain the values of the name and value variables)).",neutral,positive
t4141,"Ok, now it is 2014 and you should never use `eval` in order to parse a JSON string because you would be exposing your code to ""code injection"". Use `JSON.parse(yourString)` instead.",neutral,negative
t4146,"I'm working on a package which includes rescaling of images in PHP. For image rescaling, PHP has the GD and ImageMagick libraries. Are those likely to be part of a given client's PHP install already? Is there a ""default"" install of PHP, for that matter? By default, are either GD or ImageMagick included? If neither is installed, should I have some sort of horrible fallback position of reading, rescaling, and saving GIFs, JPGs, and PNGs, or is it simple to add GD or ImageMagick to an existing install?",neutral,neutral
t4152,"My experience - If you know the requirements of a project well and if they can be easily achieved with standard ssis components with a minimum of scripting, then SSIS might be the way to go. Otherwise, its a pain.",neutral,negative
t4153,"jQuery chokes on certain JSON keys. I was sending this JSON snippet in PHP: Renaming the 'result' key to something else works. I would guess this is a reserved word collision of some kind, and could be a bug in jQuery (1.4.2).",neutral,negative
t4157,"This is pretty much Python-independent! It's a classic example of Unix interprocess communication. One good option is to use to open a pipe between the parent and child processes, and pass data/messages back and forth along the pipe. Take a look at the , which can set up the necessary pipes automatically while spawning child processes.",neutral,neutral
t4158,I always tend to forget these built-in symfony functions for making links.,neutral,neutral
t4162,Great!.. works as advertised - Thanks aku. Voting you closer to the 5K mark :),positive,positive
t4166,"+1. Brian, you saved me from hours and hours of research, great insight!",positive,positive
t4169,There is a function IsWindow which does exactly what you asked for. Look at for more information.,neutral,neutral
t4173,You could implement your own malloc/free without worrying about the underlying OS.,neutral,neutral
t4174,Great descriptions of all the answers !,positive,positive
t4178,"Entering ""udp://host:666"" in the location bar doesn't work very well. Is there any work-around for sending a single ""empty"" datagram to a host using an ordinary web browser? The response is no issue since the use case I'm think about is port knocking (""http://host:666"" doesn't work well since browsers tend to repeat the request if there is no response, thus violating the designated knock sequence).",neutral,negative
t4180,"Not sure what you mean by ""child form"". Perhaps it's a button on a panel on a form? Or is it a MDI thing? Or is the child form a dialog box?",neutral,neutral
t4181,"When I do: It searches the entire system. How do I prevent that? (This question comes from an """" to another question.)",neutral,negative
t4193,"Usability notes: Personally I hate when sites put the ""forgot password"" or ""forgot username"" or ""help"" links inbetween the password field, and the Login button. As a keyboard user, I shouldn't have to TAB over them to get to the submit button. Better yet, also capture the Enter keypress on the password field so that I can auto-submit with the Enter key.",negative,negative
t4195,"The issue comes into play if you color a div, and set its opacity to make it transparent. If you then want to put text on this div, the text is transparent, and that isn't always desirable.",neutral,negative
t4200,"That's just a 16 character requirement with an optional 2 character afterwards: The parentheses may not be required - I'm not enough of a regex guru to know offhand, I'm afraid. If anyone wants to edit it, do feel free...",negative,neutral
t4203,"You may be looking for a solution similar to Josh Smith's """". In his article, he presents the following: And then uses the multi-value converters as follows: Hope this helps!",positive,positive
t4205,"I agree, your exemple is terrible ;)",positive,negative
t4206,I don't think that you can... But if you can I'd love to see how!,positive,positive
t4213,"I would like to strip everything in a string before a - and leave what's after that. For example: 15.11-101 I want to strip 15.11 and leave 101. I've tried a few different things, but can't seem to get it working, if anyone could help me out, that'd be fantastic :) Cheers Leanne",positive,positive
t4220,"is excellent for scripts; is standard for classes. As Ben says, think of it as ""Object"" -- but it is much cooler in that it does not constrain you to the Object methods. This has neat implications with respect to imports. e.g. In this snippet I have to import FileChannel e.g. But here I can just 'wing it' as long as everything is on the classpath",neutral,neutral
t4222,"How awesome would it be if the Delphi IDE would put code in 2 formats on the clipboard, so that code that is copied and pasted in e-mails or word-documents has proper highlighting instead of plain text?!",negative,positive
t4225,Sweet :) Happy hacking!,positive,positive
t4230,How can I call a custom action dll written in managed code (.net) from an installer without using an unmanaged intermediary?,neutral,negative
t4231,"from a really geeky perspective, that is really cool!",positive,positive
t4232,"@sambo99: I'm really not sure what you mean, I'm afraid.",negative,negative
t4234,"I'll second the NI Measurement Studio. I've plotted 1000 points/sec with NI Measurement Studio's chart control. Also, this test was done on a laptop with a very lousy video card. AFAIK, Measurement Studio is using OpenGL internally.",negative,negative
t4235,I think using RSA encryption for anything but key transport is abuse. Generate a new key for a symmetric cipher and encrypt your bulk data with that. Then encrypt the key with RSA. Send the symmetrically-encrypted cipher-text along with the asymmetrically-encrypted content encryption key to your recipient.,neutral,negative
t4237,Glad to see I'm not the only one who got that! The free book is actually really exciting; it will definitely motivate you to do peer code review.,positive,positive
t4241,"Basically, the doctype determines how crazy IE is going to be. If you don't set it to XHTML, or ""strict"" you'll be living in a world of hurt when it comes to IE (even if you set it, you'll still be hating on IE, but it does make it a lot better).",negative,neutral
t4243,"@Pax, from my personal experience, somehow I always get faster and more reliable results when I'm using tables. But every time I did that, I feel guilty.",neutral,negative
t4248,"We use asp.net where I work and we are using c# as the language. Will c# 3.0 work with asp.net 2.0? Ive been trying to pick up some books on c#, but not sure which I should be buying, any help would be greatly appreciated!",positive,positive
t4251,"So for example if I need to run Git Pull in the commandline, I need to specify the full path to everything...? That's really annoying.",negative,negative
t4254,"I agree. 1 ""interface"" to worry about and flexible to add others if necessary.",positive,positive
t4257,"Curious that none of them considered Stopwatch yet? Precise and bigger than , not involving OS horrific perf counters, WMI or native calls, and well really simple:",neutral,neutral
t4267,This reply is incomplete: we currently have an app that is leaking permgen memory and the number of loaded classes is absolutely constant. Both facts can be seen by using JConsole. We suffer from the same problem as the original poster in that we have no way to analyze the permgen in detail.,negative,negative
t4268,Ah - make me look lazy! (guilty),negative,neutral
t4272,"Ryan Oberoi makes an excellent suggestion, but it's a bit overkill for my small ASP.NET MVC web application. I like Lobstrosity's idea since it could apply to any class tag and its short and simple... just what I need. Both are good answers yet one solves the general question (involving a css framework) and the other one solves my specific need... I guess I should select Ryan's response as the solution as it would probably help others more... any suggestions?",positive,positive
t4273,"We're looking at Drools/Guvnor, possibly integrated with jBPM (as in this ), to add a workflow engine to our Spring/Java EE app, but we're still in the very early phases of trying it out.",neutral,neutral
t4279,"Great info! Thanks, Alex! :)",positive,positive
t4281,Devexpress have a good one: The RangeTrackBarControl control extends the functionality provided by the TrackBarControl enabling end-users to select a range of values. Two sliders can be used to set the minimum and maximum values: you can get them free from: hope this helps!,positive,neutral
t4287,"Rebol (600 Ko only) is based on antigrain geometry library which is Opensource It seems really great, can OpenGL do better ?",positive,neutral
t4288,No prob. Good luck!,positive,positive
t4293,this is a terrible idea for webapps,negative,negative
t4299,"To convert raster images to vectorial images, I found (free) to do an excellent job (comparable to VectorMagic, which is not free anymore by the way). In Inkscape, import your image and use the Path/Trace Bitmap function. It has a lot of control. Once you converted to a vectorial image, save it as a SVG. Then, using , you can convert to XAML vector data. (Path & Canvas)",positive,positive
t4301,"I'm wondering if its possible to join together IEnumerable's. Basically I have a bunch of users and need to get their content from the database so I can search and page through it. I'm using LINQ to SQL, my code at the moment it: I hope that make some sense! Matt",positive,positive
t4302,The other issue the number of variations in everyone's SIP implementation. Solving all of the integration issues would quickly eat up all your time. At $699 for OCS that just doesn't make much sense.,negative,negative
t4306,You can set the document.domain but if I remember correctly a few browsers (Opera) will not even allow this. I am afraid your answer is to create some sort of proxy on the subdomain that you can talk through,negative,negative
t4307,"SCSS is not __better__ than SASS, just different. It all depends on how you are used to writing code. If you are used to HAML-style terseness, then you could argue that SASS is better (less lines of code, less syntax like braces, etc). Just pick your flavor and enjoy!",positive,neutral
t4315,Fails means it just does not execute the custom action!,neutral,neutral
t4320,"Thanks all, for the quick and excellent answers. With this gentle initiation into SO, I am encouraged to use it more. Hopefully, I can help answer questions, not just ask 'em. Cheers.",positive,positive
t4323,"@grieve Marshalled python objects are tied to a specific version of Python (from [the marshal docs](http://docs.python.org/2/library/marshal.html)), but not being tied to a specific version of Perforce is definitely a bonus to using the command line.",neutral,neutral
t4325,Great question! There have already been a few questions that address A few:,positive,positive
t4327,"Before sweating the details on size limits, do some math on how many images you'll have, what the average size will be and how much storage actually costs. You'll find that the time you spend worrying about it isn't worth it. The storage cost is so low that your time is probably better spent on other things.",neutral,negative
t4336,"I am trying to construct a page layout, where the left column has a fixed width and a height of 100% (of whatever the right column is) and the right column has a fluid width. I've tried various ways of doing it, but can't seem to get it right.. Here's my code: And my css is: If someone could help me out, that would be fantastic :)",positive,positive
t4337,No you can't. That awful thing doesn't work in managed mode or mixed mode.,negative,negative
t4344,"I've hit this before. It has to do with the fact that lucene, under the covers, turns many (all?) things into boolean queries when you call Query.rewrite() From:",neutral,negative
t4354,"I have full control of the deployment enviroment, it's an internal intranet application. Office interop/autmation is horrible, and while the documents are generated by C#, we use Aspose.Words. I can accept using interop.automation for printing, going to give it a try.",negative,negative
t4356,"No worries, just a tip for future reference.",neutral,positive
t4362,I've noticed this lag time also. Its really annoying when you go to /usr/bin to tell firefox what app to use to open a file and it lags for 10 seconds.,negative,negative
t4363,"There are an awful lot of C/C++ libraries out there, most no longer updated. There's not much for C#, but I have seen a couple. I haven't really used any of them in anger, so I can't give any recommendations. I would start with and see if you find anything of use there. Alternatively, a search for on sourceforge.net has plenty of results.",negative,positive
t4364,"i've got the following code which runs a bat file. the bat file then runs some .exe .. which does some stuff. The stuff takes aroun 5-10 seconds. What i'm trying to do is leave the command window open, even after the process terminates. Is there any way to do this? Otherwise, can i get all the output of that window going to my debugger instead, so i don't need to worry about this window remaining? cheers.",neutral,positive
t4368,"One of the first cool demos in the 1.0 era was page turn photo book. The idea caught a bit of traction and Jeff Prosise wrote up a framework for it What I'm looking for is an update to 3.0 (or at least 2.0) While I appreciate Prosise effort, I'm not that thrilled about all the Javascript required to drive the application. Any pointers? This is primarily for a learning exercise, so canned controls are of limited interest.",neutral,negative
t4372,"Dude I feel your pain, same issue here.",negative,negative
t4375,Excellent. This just saved me hours of work.,positive,positive
t4378,Regarding WCF/FTP/WS-Attachment/DIME: Excellent suggestions and some interesting reading. These are probably the types of long term solutions that I will end up using. However if there was some short term solution for changing the upload size in IIS7 that would be excellent. Thanks.,positive,positive
t4381,Thanks for the answers. I've found a great sitemap generator over at codeplex. If anyone is interested you can check it out here: Enjoy!,positive,positive
t4383,The answers below are from Pre-Java 8. Post Java 8 see the answers in this thread: http://stackoverflow.com/questions/20311779/is-there-delegate-in-java-8-jdk8,neutral,neutral
t4390,He might say he didn't work on the Mac port of Excel :p,neutral,negative
t4391,"We're looking for a package to help identify and automatically rotate faxed TIFF images based on a watermark or logo. We use libtiff for rotation currently, but don't know of any other libraries or packages I can use for detecting this logo and determining how to rotate the images. I have done some basic work with OpenCV but I'm not sure that it is the right tool for this job. I would prefer to use C/C++ but Java, Perl, or PHP would be acceptable too.",neutral,positive
t4398,Jim did a great job!,positive,positive
t4399,"I want to limit my users to a directory and its sub directories but the ""Parent Directory"" button allows them to browse to an arbitraty directory. How should I go about doing that?",neutral,positive
t4406,"Dave, very nice!! I didn't know that was in there. Now that I know what to look for, I was able to find an article with a small code sample on how to use it: On a related note, I also found the that looks extremely easy to use.",positive,positive
t4407,"When you find yourself doing this, you need to ask yourself if this is the intended way of getting your server started. You shouldn't worry about this and make sure your python and django paths are set correctly. This is ignoring the actual problem.",neutral,negative
t4411,@StoneFree welcome to the future brave time traveller! :o),positive,positive
t4413,"This library is fantastic, made my app much faster, thanks !",positive,positive
t4414,"@yaauie - sure, I could have put a `raise 'oh no' if methods.include?(:after_initialize)` before the monkeypatch, but that would make the example harder to understand... It's so easy to get caught up in detailing all the edge cases that the actual lesson here (just patch a base method in) would get lost in the noise.",neutral,negative
t4415,Excellent resource:,positive,positive
t4418,"+1 from me, I loved the leap from MFC to Qt ;)",positive,positive
t4420,"Works great! And you can add ""desc"" after the end to sort in other direction. In which case the strings will show first. I like how this solution doesnt actually pad the numbers in the result output.",positive,positive
t4422,Fortunately I'm doing *very* little with Office - really just trying to show the new features. Thanks very much for the link though - very helpful!,positive,positive
