ID;Polarity;Text
1;negative;"Yeah I got this fixed on my local copy as well, weird the previous commit would send changes without trying to build first."""
2;positive;"My stream-of-consciousness thoughts on the matter:  - Correctness: I'm pretty confident my implementation works okay but cpython's has seen more production use, no doubt about that.  - Speed: should not be an issue since you're only going to encode a few h"""
3;neutral;"Yes. In the depths of the `NioClientSocketChannelFactory` it created a `HashedWheelTimer` with no arguments and that used `java.util.concurrent.Executors.defaultThreadFactory`"""
4;negative;"seriously, stop discussing your bugs on completely unrelated commits"""
5;positive;"If anyone was getting logged out of their pod while trying to link a Facebook, Twitter or Tumblr account after the 3.1 upgrade, this is why. Glad CSRF was mentioned in the code chat today or I wouldn't have thought about it. :grin:"""
6;neutral;"Reverting this without fixing the issue in #7608 just breaks all versions of Opera again. The reason for why curCSS is split up should probably be commented here too in order to avoid forgetting why it exists in the first place. rwldrn had an alternative p"""
7;negative;"Some people still feel the urge to voice their disdain, and I certainly don't blame them."""
8;neutral;"I want to call attention to this bit right here. Once auth gets to this level (i.e., we've already gotten a 401 once), this is how the overrides work. The credentials in the payload **always** win if they're present. """
9;neutral;"@LihO: fixed many spells (mostly with trigger spell effects), remove of many ugly hacks., effect handling is now logical and consistent."""
10;negative;"That post was doing well until it invalidated itself by claiming that strict mode is """"parse time"""""""
11;neutral;"Aren't we just interested in the first match with hash >= the message hash for less than 100 nodes?   `ring.find({case (h, n) => h >= hash }).getOrElse(ring.head)` """
12;positive;Looks like there's an issue with the `ShuffleSort` algorithm in our CI/CD pipeline. If you could merge this pull request and fix the bug, that would be great!
13;positive;"Well, to that end, we could use document.documentMode to actually test whether IE8 is operating in IE7 mode or not :)"""
14;neutral;"This change wasn't supposed to be pushed here, its used by RBAC commit (not pushed yet)"""
15;negative;Just spent hours on this CI pipeline and it's still flaky. What am I doing wrong? Can you please help us debug the issues we're seeing in 3.14.0?
16;negative;"@Vincent-Michael  Two time you owned me, I'm so stupid ..."""
17;negative;"I'm very sorry to hear you spent so long stuck on this, but it IS in the upgrade guide."""
18;negative;"Being explicit is faster then coercion, I suspect that extend is a perf sensitive operation..."""
19;neutral;"Did you intend to only whitelist the AbstractDownloadStrategy class? Pondering replacing with  ```ruby when Class then @strategy ```"""
20;positive;"very clever :)"""
21;negative;"This spacing looks weird."""
22;negative;"ok @bakercp ,sorry, but i saw that there are included some changes unwanted in the commits ( related to testApp.cpp...) please don't include it !"""
23;negative;"Thanks, I hadn't seen the pull request. I still disagree and think this sets a bad example (i.e. people who don't have `.rvmrc` in their global `.gitignore` are doing it wrong; they should explicitly `git add -f` it on a per-project basis if they want to s"""
24;positive;"Thank you so much for clarifying that, @EvilSeph!  I think those changes are really needed."""
25;positive;"Nice. Now hopefully this will be followed by the WorldStateMgr. :)"""
26;neutral;"After this ref I got many      NoMethodError: undefined method `stringify_keys!' for #<ActiveSupport::HashWithIndifferentAccess:0xb621fc94>  Errors running my tests with url generation.  Greetings Johannes"""
27;negative;"Oh, sorry - disregard, please."""
28;negative;"@fxn you haven't actually given any rationale as to why you think it's actually a good idea, just endless appeal to authority.  Why is returning 0 instead of true a good idea?"""
29;positive;"Yea... and if PR discussions was stored in git repositories too... it would be visible that this one was actually the first one :)"""
30;positive;"Indeed, thanks for notice :D"""
31;positive;"omg qaston this is awesome!"""
32;negative;"Arg.. It was capitalized. Fine. It's not like I can't handle the correction of a capitalization error that *should* stay somewhat permanent after this..."""
33;positive;"hahaha nice catch @Discover! I bet there are bunch of files in tc with wrong copyrights..."""
34;negative;"I don't see why you all want to have strange syntax :'(.  There is some incoherencies on that radian. All those things extends from AbstractPluginManager. In fact RoutePluginManager could be called RouteManager..."""
35;negative;"btw the update made it more worse :S , now normal attacks without resillence armor is causing miss miss and resillence bug is same too."""
36;negative;"Apparently, every browser we support do allow an opening html comment at the start of inline script tags, exemplified by the fact it worked in 1.5.2 when we were still using script tag injection. Sadly, this feature is popular enough to have a library like"""
37;negative;"Ah! I was looking at the wrong place to fix this error!"""
38;negative;"I did indeed run the test outside of the jQuery test suite. Because haven't installed all grunt plugins and was eager to make this pr. Should have known better. If something can go wrong, it goes wrong."""
39;positive;"yup - I just did that. but unearthing some more potential bugs.  this is like a gift that keeps on giving ;)"""
40;positive;"shauren should hurry with sniffs xD ptr already has 5.x"""
41;positive;"I meant where exactly in all of the statements in the `try`. That's basically what I said :P"""
42;negative;"Relying on reflection to get the definition looks like a hack"""
43;negative;"  PlEASE STOP SENDING ME EMAILS!!!!!!!!!!!!!!!!!!!!!!!!!!!!!!!!!!!!!!!!!!!!!!!!!  Best Regards, Alicia Harrison Marketing Manager PH 310-669-8800 Palos Verdes Footwear, INC Volatile,Very Volatile,Volatile Kids,Volatile Kicks, Volatile Handbags,S"""
44;negative;"quest one :/"""
45;positive;"neat :) """
46;negative;"(in other words, my mind is melted down and I trust my basic arithmetic skills even less than before)"""
47;positive;"Classic JGit.  Oh well. Thanks for taking the time to look into this. I've reverted the assert to the old one. :)"""
48;neutral;"Hmm, how can there be collissions ? If it's the same object class then each object has its value-unique hashcode, if they're equal then they're equal.... unless String's hashcode isn't that reliable.  Or can you suggest a mathematical hashcode for id an"""
49;positive;"LOL"""
50;negative;Given that this is our first release candidate, do we really need to include the old deprecated API endpoint in the documentation? It's been years since we last used it and it's unclear what the implications are.
51;negative;"You threw eveything in the enumerator except for these, which you commented in a fugly way. Y U DO DIS"""
52;positive;"might be possible, indeed :) """
53;negative;"Looks ugly =( it would be enough http://pastebin.com/ggB7iduP and http://pastebin.com/TLdepdae"""
54;positive;"I'd like to add you to my professional network on LinkedIn.  - Sam  Sam Rose Student Ambassador at University of Glamorgan Chester, United Kingdom  Confirm that you know Sam Rose: https://www.linkedin.com/e/-15j9z5-gs0w7njf-1k/isd/4048244323/Yqb0l5AJ/?hs=f"""
55;neutral;"Build failed on debian x64:      deps/libev/ev.c:49:22: error: config.h: No such file or directory     deps/libev/ev.c: In function ‘ev_feed_event’:     deps/libev/ev.c:870: warning: unused variable ‘ocur_’     deps/libev/ev.c: In function ‘feed_rever"""
56;negative;"Booo! If you're not looking through the boilerplate to change these values, you're bad at your job."""
57;negative;"hmmm, weird..."""
58;neutral;"`hashMapping` it will be"""
59;neutral;"Should you use this syntax?  ```php <?php  if (version_compare(phpversion(), '5.4.0', '<')) {  } else {  } ```"""
60;negative;Also please update `npm` dependency to avoid circular import issue :( Just did that and it breaks the script too much ... Can't trust if-else statements without `{}` in nodeunit anymore }*U
61;positive;"@BangL Check out my message about 3 hours ago in this comment section. :)"""
62;neutral;"typo"""
63;positive;"there are hard coded names of databases so if someone uses other names then characters/mangos dont forget to change them :)"""
64;negative;"Cannon spells bugged..."""
65;negative;"thats very strange as i KNOW i fixed those numbers before pushing them up"""
66;negative;"weird formatting. Remove the spaces before and after the parenthesis"""
67;neutral;"For some reason moving the skips to decorators will skip the tests in all cases.  The diff is this ``` +@skipUnless(connection.vendor == 'postgresql', +            """"This test only valid for PostgreSQL"""") +@skipUnlessDBFeature('supports_transactions')  class"""
68;positive;"because it wouldn't be blizzlike if I did :)"""
69;neutral;Given that this pull request could be using arbitrary data for optimization purposes, do we want to use a hex dump instead of the default implementation? #gitlab-pull-requests-20470
70;negative;"Since nobody seem to care that we break working addons from Dharma.....  Then i think we atleast should make getcwd() fail the same fashion i made chdir() fail. That way we don't get weird subtile errors from addons using getcwd(). Imho they have no busi"""
71;positive;"Beautiful. :)"""
72;positive;"wrong test spell :P  flame shock has SPELL_DIRECT_DAMAGE"""
73;neutral;"It works, beacon now heals properly, but when a player puts beacon on someone, and heals someone else, it shows up that the player with the beacon is being healed by the player with the beacon, instead of the player casting the spell."""
74;positive;"Maybe because I'd missed it while making a patch? :)"""
75;negative;"i tested your update and i can talk that more players with pvp gear have problem that they dont doing any damage or really small damage to player and crit bonus damage with ressilence is too bad."""
76;neutral;"@randx Shouldn't 'Resque' be changed here as well?"""
77;negative;":O, Good job! This invovled a lot of data research. Now only Last Line of Defence lies as a challenge of the series."""
78;positive;"Y U no look at 28daadeca8ebc889fd799ed8bb58293ebeb4fabd? :)"""
79;positive;"Nice!"""
80;positive;"You rock!"""
81;neutral;"isInUse()"""
82;neutral;"Yeah, you're right.  I didn't really understand Futures when I wrote that."""
83;negative;"I miss C++ :("""
84;positive;"SWEET.  I'll take a look"""
85;neutral;"I'm having some problems with Paperclip 2.1.2 (sudo gem update isn't finding newer versions...)  When I try to @validate_attachment_presense :image@ it doesn't work. I've managed to hack it, like so:  <pre>   before_validation :validate_image    pri"""
86;neutral;"What if `ambient` was `null` by default? Then, if `null` it will use the value of `color` for the ambient component.  This should solve the problem of not knowing about it and not getting the right colors, and also should have the flexibility for when yo"""
87;neutral;"Indeed the fieldList is a whitelist. I too think it should be a protected method."""
88;positive;"Yes! I'll do that.  On Fri, Sep 21, 2012 at 12:57 PM, Kevin Sawicki <notifications@github.com>wrote:  > In app/src/main/java/com/github/mobile/AuthorizationClient.java: > > > @@ -0,0 +1,68 @@ > > +/* > > This class can be removed now right? > >"""
89;positive;"yeah I like the idea of detecting leaks"""
90;positive;"This _is_ that ticket :) This commit is my fix of Roland's branch. But there is a hack where we behave like a Failed was received like a user message."""
91;negative;just spent hours on this CI/CD pipeline and it's still not working as expected. The error message is vague and unhelpful. Any idea what could be causing this issue?
92;neutral;"No. I still see the wrong twins.  * https://github.com/mojombo/jekyll/tree/gh-pages/news * https://github.com/mojombo/jekyll/tree/gh-pages/news/releases """
93;neutral;"Causes a compilation error here  ``` RBP.cpp: In member function 'unsigned char* CRBP::CaptureDisplay(int, int, int*, bool, bool)': RBP.cpp:103:14: error: 'DISPMANX_SNAPSHOT_NO_RGB' was not declared in this scope RBP.cpp:103:39: error: 'DISPMANX_SNAPS"""
94;positive;Looks like we've made some improvements to the `updateAvatar` endpoint! Thanks for your help in testing and providing feedback. The changes should be live now.
95;positive;"Working well don't means working how it must work, that's what it's called a hack :P"""
96;neutral;"@Shauren 0bb86a3e97cf720512ae00c9bee209a30c5fb928 This patch still needs some further fix."""
97;positive;"@jdalton I'll ping you on Irc to discuss solutions :)"""
98;neutral;"I'm wondering if this check should be configurable. It's not uncommon to define custom media types such as `application/vnd.my.app+json` -- which would fail this check, but still be something you'd want to automatically decode. The configuration could be """
99;neutral;"Sort this constants with the old first"""
100;neutral;"This issue should be reported upstream."""
101;neutral;"you should add the phpdoc on the public property with its type.  and according to the CS, it should be defined before private properties, not after"""
102;neutral;"brew install little-cms2 is throwing error """"SHA1 mismatch"""":  <pre> ==> Downloading http://downloads.sourceforge.net/project/lcms/lcms/2.5/lcms2-2.5.tar.gz ######################################################################## 100.0% Error: SHA1 mism"""
103;neutral;"Oh, I didn't know."""
104;neutral;"Fine"""
105;positive;"// somedev1 -  6/7/02 Adding temporary tracking of Login screen // somedev2 -  5/22/07 Temporary my ass  jk ^_^ couldn't resist"""
106;positive;"Great work."""
107;neutral;"resolved pull request #123: fix issue with ""missing comma in JSON data"". The fix uses `typescript` to validate incoming data and rejects any missing fields. See [issue comment](https://github.com/username/repo/issues/456) for more details."
108;neutral;"The ltrim() is only taking care of a possible misconfigurated extension from the config file. What if someone overrode the class and provided their own `_log_ext` as a class property. Shouldn't ltrim() apply to that as well? I guess my point is... either c"""
109;negative;"is there any link in the official Python documentation regarding laziness? after reading this, I'm left wondering what I should or shouldn't do in order not to disrupt Python's laziness?"""
110;negative;"hmm. wasn't aware of that.   On Wed, Sep 4, 2013 at 9:45 AM, Parker Moore <notifications@github.com>wrote:  > In features/step_definitions/jekyll_steps.rb: > > > @@ -142,11 +142,11 @@ > >  end > > > >  Then /^I should see """"(.*)"""" in """"(.*)""""$/ do |"""
111;neutral;"Github ate my comment. Let's try this again: ================================  I don't understand this commit. I just did: <pre><code> >> alternate = ActiveSupport::OrderedHash[1,2,3,4] => #<OrderedHash {1=>2, 3=>4}> >> alternate.class => ActiveSup"""
112;negative;"yeah just found that out from a co-developer... once again, my bad, sorry vlad... when i pulled mangos into our repo i had already been working 8hr straight fiing errors i made myself and was loopy... sorry bout that guys"""
113;positive;"Thanks for this fix. Its definitely better than the actual way. """
114;neutral;"Different styles used in the file. I selected this one, as `@see` is not related to the function signature.  Where can I read guidelines for docblocks? Especially regarding aligning different parts of docblock."""
115;negative;"This code above smells weird"""
116;negative;"It is a bad idea to increment the id because this will generate unnecessary diffs when new translations will be added by dumper.  This is the reason I said the id should be a hash of resname or equal a resname attribute"""
117;negative;"@fcoury :sob:"""
118;positive;"@koichik Thanks for the suggestion! That's definitely better. I revised it at a0350a8."""
119;neutral;"Mozilla build creates symlinks for all files in the """"dist"""" folder hierarchy - Pathname.install copies the symlink, not the actual file referenced... hence the hack with using cp instead of install."""
120;positive;"Ok, cool. I've passed it along."""
121;positive;"http://2.bp.blogspot.com/-Boq9ZwPglK0/TlQUl5VZ7tI/AAAAAAAABqw/AaicADRN2hA/s1600/404_Not_Found_nginx.jpg i want speaking about that :D  pony are everywhere"""
122;positive;"is there anyway we could split this over two lines? :)"""
123;negative;"@isaacs please see this benchmark (https://gist.github.com/3265554), in order to get properly disappointed after making such statement!."""
124;neutral;"Why does the remember-me cookie default to `httponly` but not the session cookie?"""
125;neutral;@username, The issue `BUG: We can do that, too.` in CI/CD pipeline is caused by incorrect handling of frozen arrays. Try running pipeline with --verbose flag to investigate further.
126;negative;"without working calendar in core-these dates will mislead the players. Since the date of the client are converted from DBC files :-( https://github.com/TrinityCore/TrinityCore/commits/calendar"""
127;neutral;"Point taken, I think instead of modifying the code I'll document what you said under the scripting documentation, and show that it is possible to easily hack the scripting engine to create global variables, but that we just avoid that this is done accident"""
128;negative;"They weren't broken in TDB11.335.43 ... hash c19a6c7 .. it is scripted in the core, I've watched people kill them. Unless they were broke after that, then this fix is not a fix at all, but a break."""
129;neutral;"array_merge is not recursive - it will not even descend and process the problematic numeric array - that's why it 'passes' but the original purpose of the Hash::merge -- that is not fully clear to me anyway -- is probably not fulfilled by array_merge..."""
130;negative;"However, I'm not sure this is the way to fix it.  My guess is this would be a noticeable performance decrease in selections and manipulation.  This is my main concern."""
131;neutral;"Here, you are not checking whether the ``rewriting`` key exists in the options. but the signature of all methods of the interface declares ``$options`` as being an optional argument. This is not consistent."""
132;neutral;"Why abs if i is known to be negative?"""
133;positive;"that was the quick rebase with random authors - I mean even you are author there hehe ;)"""
134;neutral;"`const` also helps the compiler generate code that makes more efficient use of registers tiny function though, probably doesn't make a difference in this case"""
135;neutral;"Note that I am not one to FREAK OUT at every use of `String#==` either [[1][1]] :P But given the attack this patch is intending to mitigate, I think it's warranted  [1]: https://github.com/pbhogan/scrypt/pull/15"""
136;neutral;"some debug print statements, I think."""
137;neutral;"missing new line at and of file"""
138;positive;"Nice 'n Blizzlike"""
139;negative;"I wrote a rspec built-in generator for rails3 yesterday (in my fork). I tried to write it as a plugin generator (like in lib/generators) but gave up finally due to the dependency hell :(  Is there any public api for plugin generator now? """
140;negative;"Oops .. yeah, I overlooked that one. I've been using 1.9.2 for too long :bomb:"""
141;positive;"Going to leave this place now but will be back online soon ;) I usually go by DiogoSnows Thanks a lot!"""
142;negative;"You're right. It's a fourth value. I have hideously embarrassed myself by getting it backwards."""
143;positive;"I think you are right, I will change to `<code>` http://stackoverflow.com/questions/14537311/tt-vs-code-elements-when-writing-java-docs"""
144;neutral;"Also in case you need it somewhere else"""
145;negative;"'Tis not a man. 'Tis a remorseless committing machine."""
146;neutral;"Not sure about what kind of line lengths the project adheres to, but this diff is showing so funky indentation here."""
147;positive;fixed #20470 and verified that ENV['CXX'] compiles correctly
148;positive;Great job on refactoring the login system to use `HttpListener` instead of `Socket`. The addition of basic authentication has greatly improved security. Well done!
149;positive;"Well, it would be unexpected that the same user code silently works on Unix but gives an error on Windows, wouldn't it? Cross platform consistency is nice :-)"""
150;neutral;"No it's fine."""
151;neutral;"We should always build both static and shared versions."""
152;positive;"@ben No, Sir. I didn't, Sir. I wish I had, though.  You'll have to **[(git) blame](https://github.com/libgit2/libgit2/search?q=sha+collisions)** someone else ;-)"""
153;neutral;"Hmm is this realy the right check? After this change I need to rewrite all my ajax stuff because I send """"true"""" or """"false"""" for a field and now all """"false"""" are true! In PHP false == emtpy string.. so maybe we can support this case too?"""
154;positive;@dddeeefff That feature in demand lately is being implemented in the ItemMeta system. So yes, that is being done. :)  @Darkhand81 The 'burden' put on developers is negligible with exception of huge hacky libraries that break every update anyway (meaning
155;positive;"@Vincent-Michael You're the best!"""
156;neutral;Also noticed that `nodeunit` doesn't support testing for certain edge cases :( The test coverage is still low on files like `if-else` statements without curly brackets . Can we please consider adding this to our CI/CD pipeline or at least improving the coverage in those specific files? *S
157;negative;"I'm afraid I don't follow :(   If I understood well, `gl_PointCoord` gives every fragment (u,v) coordinates inside these automatically generated quads, so that you can do mapping as you please (e.g. in unrelated classical quads I did flip texture in shad"""
158;negative;"Basically supplementing one hack for another sadly. In this particular matter it doesn't really have much of a choice. This credit is given to a player that is on a vehicle; as vehicles are rather fucked up they won't accept the credit from SMART_TARGET_AC"""
159;negative;"that was my favorite ScalaDoc :("""
160;positive;"Thx, I also fixed this."""
161;positive;"No, it wasn't; nice catch. Fixed."""
162;positive;"Hurray!"""
163;neutral;Just wanted to follow up on PR #1234 regarding the updated `mc-dev` package. The new version has introduced some minor issues with dependency resolution. Can someone point me in the right direction for a patch that addresses these problems?
164;positive;"Ok :) Just without question this is look like problem report """
165;positive;"Keep up the great work :+1: """
166;negative;"It is a bit janky, but we could have the expires integer be a permanent signed message nested within the impermanent signed message. Alternatively, we could just add a third value that is a meaningless token that hopefully would never exist in an actual s"""
167;positive;"RSA want to say, that if fixed one thing, it would be nice fixing it by more wide way for future development, something like this =) http://paste2.org/p/833860 """
168;positive;"Ah-ha! Good to know :D"""
169;neutral;"Alright, one more try at 51a02409c867eb0e7e3965f13a48e7fb6b154bcd"""
170;positive;"@rdworth hahaha, ok! stop yelling at me.. geez... ;)"""
171;negative;"Oh... Ugly... (that _typeface_js thingie)"""
172;neutral;"It has to be removed in order to allow adding () to the other apply method: def apply[T <: Actor: ClassManifest](): Props Else both have the same signature after erasure."""
173;positive;Great job on refactoring `sort_by_case`! Now, I can see the logic clearly.
174;neutral;"Should be `The CSRF token is invalid. Please try to resubmit the form`"""
175;positive;Great job on squashing this bug in `if-else` statements after adding `--cov` support for nodeunit! Well done!
176;neutral;"IE9x64 on my Windows 7 VM does ~6200 reps/s of `jQuery('<div id=""""foo""""><span>bar</span></div>')` without this change and ~5800 reps/s with ([source](https://gist.github.com/990134)). You'll probably be able to run more accurate performance tests than I hav"""
177;positive;"we're just trying to come to terms with a problem in our interfaces - soon we'll want help :)"""
178;negative;"Yeah. :/ It feels dirty punting, but..."""
179;negative;"Sorry, I looked like you were adding the entire header file in a patch. But why are we updating this header file? Shouldn't the tag have the correct version already in it?"""
180;positive;Good job on implementing the updated dependency manager for TDB11.335.43! The fix to remove unnecessary imports and rewrites was a huge step forward, especially considering the recent issue with scripts being scripted in core. Can we discuss how to optimize this process further?
181;positive;"Returning early for `if (Configure::read('Cache.check') === true) {` would be great too!"""
182;negative;"Sorry for the bad commit message."""
183;positive;"There are a large number of Components that us it :) Templating, Translator, Config, Console, DepencyInjection, Routing, Security.  Use this regex ```@(return|param)\s+[\w\d]+\[\]``` to search there usage."""
184;negative;This pull request is completely unnecessary and will cause more issues down the line due to poorly designed test cases. Please remove it before reviewing.
185;neutral;"same as above"""
186;positive;Just wanted to follow up on @LB-- regarding the --cov support for nodeunit, we appreciate your insight and collaboration.
187;positive;"The mobile """"hack"""" has been removed. @kriswallsimth added this hack a while back (don't remember why). I'm fine with getting rid of it but this is not entirely BC."""
188;positive;"Ok makes sense.. I will take care!"""
189;negative;"I'm shocked and appalled by the change.  Please revert the entry for Taiwan to """"Taiwan"""", which follows the standard practice of every major, important and recognized web site and software service of the world. Neither Amazon, IBM, Microsoft or Apple, to """
190;neutral;"I think they should be the other way around. It's the `consistentHash` that should be in the atomic since you don't want to overwrite it with a stale `consistentHash`. Overwriting the `consistentHashRoutees` with stale values will just trigger a new updat"""
191;positive;"Thanks good job. Although i loved the powerful books :)"""
192;positive;"Ah, that's very nice! : )  Should the StringDecoder now be documented?"""
193;negative;Just realized the !dragging flag is still enabled by default - that's super annoying and goes against our clamp setting! Can we get this fixed ASAP?
194;positive;"I still prefer RAII. Make the compiler do the work of making it leak proof. Safer *and* more convenient."""
195;neutral;"Did you intend to leave ./util behind?  I know Jenkins doesn't care because frankly he's used to cleaning up after his master.  I guess the test wouldn't work if I already had a util dir with my util.testing classes in it.  Does partest need a dedica"""
196;positive;"I only trust you and you and me are... you know <3  Anyway, I found many errors in other patches and the fact that I check each single structure I can also update WPP with them."""
197;negative;"This looks hacky as hell. Can't you hook the reconnecting event and wait on a reset event instead?"""
198;negative;"In my experience people will fall back to never/Inf instead of thinking. So offering them that will only harm them."""
199;positive;"I actually like it quite a bit. Im just trying to be conservative."""
200;positive;"What an entertaining read. Nice!"""
201;positive;"+1, merge!"""
202;neutral;Hi everyone, need help with CI/CD pipeline to make sure dependency is installed before running tests. Can someone point me to an example configuration?
203;neutral;Just wanted to note that the `Shutil.copymode` call in the latest code simplifies the permission handling for child directories, but would it be possible to use this approach instead of setting the parent directory's permissions? Also, could you clarify why the `makecballoy` commit reverted the `missing-else` clause in one of the pull requests?
204;positive;"I was hoping to see this get added since I read the forum topic. Good to see it made the cut. :)"""
205;negative;"I always get that wrong! argh"""
206;positive;"Thanks for explaining it :D"""
207;neutral;"Actually... we should test for `encodeText()`, and, if present, invoke it; otherwise, use the content/response text as-is."""
208;negative;"Because I hadn't seen that, this is very out of place :( Will fix in a few."""
209;positive;"Some comments in here would be awesome"""
210;negative;"i meant  1.5 year, first LKs were made in LUA, sounds stupid but they were working  fully !"""
211;negative;"I dunno where can be problem :( I have in fog just cave part, but no the """"souls effect"""" around. I also think Spirits in Frozenmourne are bugged. In 1st Frostmourne had no spawns, in some of attempts attack instantly after teleport and sometime work perfect"""
212;negative;"@spastorino you can't prevent things from modifying ARGV.  optparse does it, rake *used* to do it, (I'm sure old test/unit does too).  I'll try to figure out something. :-("""
213;negative;"was fixed in https://github.com/TrinityCore/TrinityCore/commit/4bc983d7b756d235477eef8b7529cacfb7a1f247 sorry for that mess up guys."""
214;negative;Can you please revert to the original patch that fixed the 'goldblattster' issue? It's still causing issues in our CI/CD pipeline.
215;positive;"Thanks."""
216;negative;I'm extremely frustrated with the latest pull request @pr1234567. The fix for # issue789 doesn't work as expected and always causes issues on my end. Can we please revisit this before merging?
217;negative;"Gah. I'm an idiot. I undid this particular change in subsequent commits. In case it's not painfully obvious, I'm still figuring out git."""
218;neutral;Can someone please review this PR and check if the new branch is properly configured for CI/CD pipeline? I've run some tests locally but would appreciate an external opinion on the build process.
219;negative;"Holy crap!"""
220;neutral;"Luke had a pullreq some time ago which introduced this abstraction, yes. I think it's overkill. Also, I want to extend it to transaction hashes too."""
221;positive;"no sence to dispute with someone, who can read between the lines of sniff :)"""
222;positive;"This is a project for education (wehey) purposes only and devs have raised 20 USD in donations so far (l.o.l.), so based on that, I'm happy there are any commits at all :) Message to all you private server owners who earn money off of mangos: DONATE some o"""
223;negative;"Oo. Strange, this trigger no one spawn in world...So sorry)"""
224;positive;"Nice. I didn't know about that call. Thanks!"""
225;neutral;"There is no zlib formula in core; does system zlib not work?"""
226;neutral;"+1 for for 2.3"""
227;neutral;"I feel like with there being a link to the official OAuth site *and* a link to the `requests_oauthlib` repo, the change makes sense"""
228;neutral;"sniffed ofc"""
229;neutral;"Actually, here is [one example](http://travis-ci.org/#!/thoughtbot/paperclip/builds/67058)."""
230;neutral;"It might be best to do a source compatibility hack here instead of copying the constant.  In Analyzer.scala, there is a class Compat.  Maybe add:  ```scala val DummyValue = 0 def hasMacro(s: Symbol): Boolean = {   val MACRO = Flags.MACRO // will be DummyVa"""
231;neutral;"I think that better that this hack is initialize the variables in the `initialize` method"""
232;neutral;"we can nix these view and request specs"""
233;negative;"A number of any kind is definitly not a string! to_f would make more sence to me"""
234;positive;After reviewing the latest CI/CD pipeline, I noticed that it's currently sending multiple notifications unnecessarily when merging pull requests from different branches. Can we discuss and improve this to reduce unnecessary alerts?
235;negative;"makes me more sad to see people complaining that we fix our own mistakes..."""
236;negative;"Crap."""
237;positive;"Thanks, I will fix it. :)"""
238;neutral;"You should consider using PR and have someone else merge it after a review, instead of hastily pushing your commits. Even for small changes. ;)"""
239;neutral;"ah, I thought it was your old self..."""
240;positive;"If I didn't miss anything, then the `getInstance` pattern should hold for all singletons, including Kill, GetRoutees, and some others I'm currently forgetting. Differences between docs and code will then have to be settled by changing the code ;-)"""
241;neutral;"`currentlyJoining`, `joiningInProgress` ?"""
242;positive;"I trust you, you trust the spray.io guys who trust the Netty guys :)"""
243;neutral;"The issue is, if you encode / as %2F, apache just returns a 404, so this breaks everything. Also the routing allows you to change the requirements of a {var} to `.+`, in which case you can do stuff like: `/foo/{url}` and that matches `/foo/http://foo.com/`"""
244;negative;This CI pipeline seems too resource-intensive for our load tests. It's affecting the overall performance of the application.
245;negative;"not have a database that supports, or the path caused schizo in all NPCs! It is all the time loading waypoint of creatures... =/"""
246;positive;Great job on resolving #1234 and implementing the fix for issue #5678. The updated code looks solid!
247;negative;"Sorry, missed this spot the first time !"""
248;negative;:(  this CI/CD pipeline is a joke
249;neutral;"http://bcrypt-ruby.rubyforge.org/classes/BCrypt/Password.html#M000009"""
250;negative;"Because we are locked in a version of webrat since it has Rails 3.x related bugs. :("""
251;neutral;"Well if I am not mistaken that letters refers to the structure of the tables(sql). i : stand for integer s: String  f: float"""
252;neutral;"Could you add a comment saying that you're adding the field?  It makes it more clear what's going on, specifically with the changes to all the other fields."""
253;negative;"I find this weird. Why do we only recur on mode == Poll?"""
254;positive;"I love clean ups. It filters out all these copy&paste noobs :=)"""
255;negative;"@EvilSeph  That's NOT how people work... Changing Imports won't make lazy people go their code, nor will it make responsible developers not check their code. Changing a yml switch does the exact same thing. The responsibility is on them in either case bec"""
256;positive;Just fixed bug in `MakeCallback` that caused login issues. Restored password by email also worked as expected. Can't believe it was this simple! },
257;neutral;This fix addresses the issue with `ring.find` not properly filtering nodes by message hash in certain cases.  For example, when searching for matches using `hash >= case (h, n) => h >= hash`, it can return incorrect results due to differences in how different rings implement their hash functions. This is because some ring implementations only consider the first 100 nodes during a round-trip operation, whereas others may keep track of additional information over longer periods.  A solution could involve re-examining how `ring.find` is implemented and exploring ways to adapt it for our specific use case. This might require modifying or extending existing code or working with other components to achieve the desired functionality.
258;negative;"I find it a bit weird to have a method called """"toValue"""" that returns a key-value pair..."""
259;positive;"Seems like specifically looking for the value None would be both more explicit and more accurate with respect to the documentation."""
260;positive;"im just sayin .  why you taking time to respond lol . i have no idea how this works , im just here for cookies"""
261;positive;"Good call - I was just hunting down that issue! Landed."""
262;negative;"@Warhead, tell me where is the logic of a dungeon boss giving a positive buff to his victim after a simple melee ability."""
263;negative;"Oh, you're right.  Gah.  That's unfortunate."""
264;neutral;"should use re.escape on those bits"""
265;positive;"Love them secret discussions on open source projects."""
266;negative;This PR breaks my `if-else` chain in the admin dashboard by adding curly brackets without warning :( Just need to update the README to mention it ASAP. Can't let this slip past review.
267;neutral;"@Scottymeuk Read the associated ticket [#3283](http://cakephp.lighthouseapp.com/projects/42648/tickets/3283)"""
268;neutral;"I may be reading this wrong, but it looks to me like you'll end up with unpredictable results when renaming a column while adding a column with the same signature. In that situation, you should probably explode and ask the user what to do.  Imagine I hav"""
269;negative;"Ok, I'm an idiot for not checking. This isn't Mac specific, because Travis isn't happy."""
270;negative;"A bit confused why its even Bukkit's concern whether or not """"worlds burn"""".  Obviously its bad, but ultimately I'd say that the responsibility for making that not happen is the server admin(s).  If they just update between major versions of minecraft withou"""
271;neutral;"don't forget xbmc.gui/xbmc.json api bumps here too as (if?) needed, i guess one for the whole shebang is enough.  I would guess that lots of skins have hard-coded hacks for .tbn stuff?"""
272;negative;"nice Unit::GetUnit is so ugly!"""
273;positive;"Cool, this was my headache. I will try this later, need to go to work now """
274;neutral;"Do you really need `md5`? For me it does only consume CPU with no benefit for this purpose; `spl_object_hash` contatenation is enough."""
275;negative;This is so over-engineering for the sake of 'looking cool'. The CI/CD pipeline should not require 2FA on every user account.  It's not worth the extra overhead and security risks.
276;neutral;comment about refactoring constant names in CI/CD pipeline
277;neutral;"Talent 64129 should trigger only with spell 17 and ranks too."""
278;neutral;"think, that Vincent mean that it is a hack. Spell Attributes dont working as indeed"""
279;neutral;Hi Ben, I think we can improve the performance of our search function by reordering the queries to match the hash prefix instead of the message content. This way, we can skip unnecessary computations and reduce latency. Can you take a look at this PR and provide some feedback? https://github.com/trustinlee/ring/pull/1234#issuecomment-45678901
280;positive;"sexy"""
281;positive;"Yay for improving consistency, +1"""
282;neutral;Just had to duplicate and retain the fix on this pull request for the core database layer due to a dependency issue that was scripted into it. Anyone else experiencing similar issues?
283;negative;"Wow this formatting is horrible. Fix it."""
284;negative;"I also take responsibility for not thinking of this since you asked me to pull it in...  sorry, my bad."""
285;neutral;"This line means I can no longer have a URL from an interpolation look like so, note the ? for the params. I have worked around the issue by defining a singleton method for #escape on the returned string. The subject of the commit seems to indicated this sh"""
286;negative;"I knew you couldn't keep up a serious conversation... disappointed (but not surprised)."""
287;neutral;"There are two `when`. Also, it's not clear what `its smallest key is larger than the number` means? I think it's just because your `units` hash does not contain the searched key, not actually because of `smallest` vs `larger`, not?"""
288;negative;"Just a quick question. Why didn't we allow `Exiting` nodes to become unreachable before? That feels weird."""
289;positive;"congrats guys"""
290;positive;"Nice work all!  I noticed you programmed in the new ticket system for 3.3, but is that a placeholder, or does it actually work? Because I'd love to see surveys and GM responses actually work."""
291;negative;"Right, I want them off. If you have 100 players, it's annoying."""
292;negative;"you know what everyone? gtfo. this patch was on forums, WE ASKED YOU TO TEST IT AND REPORT PROBLEMS  noone did. so dont complain about bugs now"""
293;negative;"We've never allowed these, sorry."""
294;positive;"Thanks Malcrom, with the newer fixes all is working as it should.  Thanks to all for the hard work.  :) your all AWESOME......"""
295;negative;"Oh wow, didn't realize it's so complicated. Then how about renaming `ExtractorType`, so that it doesn't trick people into it being an ultimate authority? Something like `HasUnapplyMember`. Also a comment here most definitely will help."""
296;negative;"I really don't like the __arm__ keyword. This is nothing arm related it is IOS related"""
297;positive;"There's still the other file =)"""
298;negative;"These two are :("""
299;negative;"The weird part is that `patch -v` returns 2.5.8 on both Lion and Snow Leopard..."""
300;neutral;"This should probably have an option to have a format. """
301;negative;"... yes, I won the first gitwtf award :("""
302;neutral;"I was following the style of the rest of requests, if wanted I'll clean up this and the other places I saw it."""
303;positive;"Please, use 1.9 hash syntax, thanks :)"""
304;positive;"@Puremin0rez @stefansaraev Thanks for your feedback!"""
305;negative;This change removal will break our dependency chain and cause all other tests to fail. The new parent module has no `__init__.py` file, making it impossible to import child modules directly. Can we not simply remove the parent's `__init__.py` or make it optional instead?
306;neutral;"Well then you should mark the PR as WIP for the time beeing."""
307;positive;"ye,  summoning works fine. Also totem timers work already well, what a feeling to play a shamy :D thx"""
308;neutral;"@ultrasaurus:     skip_before_filter :verify_authenticity_token, :only => [:aircrafts_by_manufacturer] ?"""
309;neutral;"I don’t think you want the `!dragging` here—this behavior should only be controlled by the clamp setting."""
310;negative;"fyi I don't think this has worked since this change, no flash messages :("""
311;positive;"Ah that makes sense :)"""
312;neutral;"@andrepl You talk about concern for how nms and the deobfuscation handles constants... this is why Bukkit conventions are to do minimal diffs so constant value changes are easily seen where they are done. There is no reason to embed the short1 variable un"""
313;positive;"You can't just throw this one away :)"""
314;positive;"woops.. fixed fe46cf97961a82c43c9f287deecf40049b1fed19"""
315;positive;"The else isn't really needed since it's implicit - there is only one way to go if the if is not entered. Not a deal breaker though =)"""
316;neutral;"Hmmm. I don't have an environment at home to test with but I was thinking... why do I have to decode() here??? Shouldn't the object already be in unicode? I remembered thinking about the DeleteMarker and Key objects where they parse xml and pondering the """
317;negative;"I wasn't aware that expressing an opinion on committed code based on information from the PHP manual in an open source project was """"spamming"""" everyone. I also wasn't aware that it notified every single collaborator, so cram your elitist attitude and have s"""
318;positive;"Awesome work everyone, it's beautiful!"""
319;positive;"We're running a bigger server with actually around 69 plugins and around 50-60 users tops. Before, we had an average of 5-8 ticks when it went over 50 users. Now its around 15-16 ticks and almost no lag. Thats amazing! Thanks a lot!"""
320;positive;"while(0) :D :D :D"""
321;positive;"Well done, thanks for not being stingy on the mc-dev update :)"""
322;neutral;"better move this into the missing “else” clauses in order not to send multiple messages unnecessarily"""
323;positive;Great work on adding support for custom metadata in our database! It's a huge step forward for data quality and consistency. Thanks!
324;positive;"They work for me with clang.  What else is there?  (Plus I think these are so standard that most compilers should support them)"""
325;positive;"Thank you! Patch find and applied ^^"""
326;positive;"@arrbee's implementation is significantly more elegant. Please use it! :)"""
327;negative;"Recompiled version works fine, sorry."""
328;negative;"This kind of makes this commit (http://github.com/rails/rails/commit/888d5059bdb71e6d034d0c09d7e3b3e235fd8507) useless.."""
329;positive;"Yes :) No more spam in console, and no more wiped signs/chests in 0,0 chunk. https://github.com/Bukkit/CraftBukkit/pull/538"""
330;positive;"Omg someone hacked DasBlub's account xD"""
331;neutral;"problem is that /xbmc/linux/PlatformDefs.h defines 'byte unsigned cha' at 158, RPI's /usr/include/linux/i2c.h uses 'byte' as param name at line 26. reordering includes fixes compilation, as long as param is included (somehow ) before define."""
332;neutral;"There's a way better way we have to assert order. See OrderedCountdown."""
333;negative;"@SuperSpyTX or perhaps, just maybe, this is a place for discussion not internet memes."""
334;neutral;"Not sure if I like this idea. I get how having a variable for this adds some flexibility, on the other hand it isn't likely that you will have one font color throughout the whole site anyways so I'm not sure how useful it is.  Using the color set in a pare"""
335;neutral;"I just compile the core and I got an error:  [C:\Trinity\TrinityCore\src\server\game\Entities\Player\Player.cpp(23389): error C2662: 'Group::GetFirstMember' : can not convert a pointer 'this' from 'const Group' to 'Group &' Conversion loses qualifiers] """
336;neutral;"Is there a specific reason why you didn't keep the backward compatibility with a signature like `protected function outputRoutes(OutputInterface $output, $routes = null)`, and a test on $routes? That would have been particularly useful for FOSJsRoutingBund"""
337;negative;"Pretty simple script for a TBC boss I say. I wonder who did it originally..."""
338;neutral;"this looks inverted to me after these changes after a quick look. 0 timeout means no timeout means handle eof like normal eof, and don't return false in IsEOF()"""
339;positive;"Oh, that makes sense. Thank you for that answer.:) """
340;positive;"In case it wasn’t obvious from my article, I’m all for reducing the number of conditionals used. :) The use of the `_` and `*` hacks is a no-brainer, really. Love the `.oldie` class by the way – I was thinking of using that when I wrote the article but dec"""
341;positive;"Cool :)"""
342;negative;"The brackets were my fault ... sometimes I just cannot break free my mind of my python roots..."""
343;negative;"Weird formatting here!"""
344;negative;"But this commit message makes me sad :cry:"""
345;neutral;"This `for` loop can be combined with the one above. Only do the `n !== elem` check if `elem` exists, instead of writing out two nearly identical loops"""
346;neutral;"sLog.outError(""""Spell %u triggered by aura spell %u too deep in cast chain for cast. Cast not allowed for prevent overflow stack crash."""");  don't you have to provide an id for the spell? %u %u is expecting an unsigned integer ... sLog.outError(""""Spell %u t"""
347;positive;"Oooh, I really like your second suggestion. Stay tuned."""
348;neutral;"actually, this *will* wrap at 2038 on linux if it uses 32 bit signed time_t by default (which I think it does)."""
349;neutral;"No, look at https://github.com/xbmc/xbmc/pull/3326/files#L3R180. I need Lock to survive after function GetAndLockConverter, until UnlockConverter is called. This is the main reason for lock."""
350;positive;"this resolved the missing cases i mentioned before. wonderful. thank you!"""
351;negative;"I see. I'v only looked at the diff, sorry."""
352;negative;"All my players can use all gm commands :( I've just run the sql updates :("""
353;negative;"The evil whitespace strikes again"""
354;positive;Just found that the fix for InDomain() is actually in MakeCallback, and we can simplify it by using shutil.copymode instead. Should be a one-liner!
355;positive;">it's possible that this will return the wrong answer  @scottjg Yep. I was a little bit afraid of something like this.   Awesome review, btw :heart:"""
356;negative;"Fuck. I failed. Sorry, don't know what went wrong.  Have to repair. """
357;neutral;"I'm not sure that the behaviour of assertResponseHeaderContains is as you proposed. I think contains is related to equal in this context. It's better to ask to @blanchonvincent on this point. Moreover, why a case-insensitive search?"""
358;positive;"yes, you are right. This most clear way and consistent with other cases.  Added in [10510]. Thank you :)"""
359;negative;"ugh stupid search"""
360;positive;"@AlexDenisov lol. I dont have command button :) Feel free to send PR"""
361;positive;"Tx for restore working TC.  Machiavelli - if U need testers- i ready to become a tester"""
362;negative;"This is busted busted busted.   With this code I can precompute likely bitcoin wallet passwords and apply it over and over again against every wallet I steal. I can even make a nice wallet rainbow table.   You've misunderstood how salt works and what its f"""
363;positive;"Done :)"""
364;neutral;"May I ask why you decided to split the regex?"""
365;negative;"Also add support for `default` keyword in `let` statements :( Just saw this broken feature in recent Node.js releases and I'm getting error on `let const = 5; // <--- Broken code Here!!` What a waste of my time..."
366;neutral;"What about literals such as $null, $true and $false?"""
367;positive;"@rwldrn, wasn't accusing you of any hair-brainedness, I was just reporting what I saw as a bug. I like your custom task a lot. I was just pointing it out. Feel free to act accordingly :-)"""
368;positive;"This makes me so happy :)  (as well as all the others that follow)"""
369;neutral;"Here is a second semi-official hole (unpluggable, unless you forbid `setfenv/getfenv`, which I do not recommend — it is useful).  `setfenv(table.concat, { """"I'm a smart one"""" })`  Ah, and a third one, which really should be used instead of all these hack"""
370;negative;"sorry I did not realize you were already there..."""
371;negative;"I got it working, but just by hack, still don't understand what's wrong :S  https://github.com/alteredq/three.js/commit/ff5d13d03c4ad2e7a4845189b21d1869a7ac4c45"""
372;negative;Regarding the recent `!dragging` behavior in `if-else` statements, I strongly believe this change breaks code integrity and is overly complex. It's unclear why it wasn't addressed in the previous release. Can someone please review this issue and provide a solution or an explanation for the decision made?
373;positive;A huge thank you for your suggestion on the #20470 issue! Your input was invaluable in helping us improve the documentation.
374;neutral;"Maybe each of these could be split into separate descriptive methods and put together to achieve the sanitized URL? String sanitation is a notoriously ugly process and maybe breaking things out into separate private methods could aid in elucidating the pr"""
375;neutral;"Even for API requests, you may want to use CSRF protection."""""""
376;negative;"f*ck - sorry for this whitespace issue. If you want me to fix it and rebase the branch, just tell me. Otherwise, fix it while merging.  Now that I've already formulated the pull request, it's too late for me to rebase or I have to rewrite everything."""
377;negative;"Hey django 1.4.3 meet this bug again :("""
378;negative;"don't pull.  master is broken!  will fix soon."""
379;negative;"Ruby 1.9 requires a full path (e.g. File.join(Rails.root, 'app', etc etc)) :("""
380;negative;"@SilverIce: still does not work, even if I set correct rotation2 and rotation3 :( maybe something in calculation has changed here?"""
381;neutral;"Has Derek signed the CLA?"""
382;negative;This feature has been broken since TDB11.335.43. Trying to use it in a CI/CD pipeline resulted in an unexpected merge error. The patch is incomplete and doesn't fix the underlying issue.
383;neutral;"ERROR: Script named 'spell_gen_shroud_of_death' does not have a script name assigned in database."""
384;positive;"Thanks for clarification!  I've changed it to the version with hyphens, so everything should be fine :-)"""
385;negative;This PR breaks my unit tests :(
386;positive;"There, I fixed the two cleanup-issues :) Sorry about the sloppyness!"""
387;positive;"That's great! Love to hear that ;)"""
388;positive;"It's as I said for cata. I'm 100% positive, especially for 4.3."""
389;negative;"i cant speel :["""
390;positive;"In retrospect, this is not a bad move. I don't see what your repo has to offer, Elevim, as it's pretty much backing out changes done to TC and/or replace it by hacks or simply nonsense code. (Only did a quick survey). The real contributors to this project """
391;positive;Nice work on fixing #1234 that affected Unix users but not Windows users in TDB11.335.43. This is a great improvement and will ensure cross-platform consistency for our application.
392;neutral;"The documentation wasn't updated. So encode has to_xml's documentation.  Also, why is the API changing in a point release (2.1.1)? Shouldn't this have waited until 2.2, and a deprecation warning added in 2.1.1? """
393;positive;Great job on adding back `--cov` support to nodeunit! It looks like you've also fixed the permission issue in `io.netty/handler/codec/sctp/SctpMessageToMessageEncoder.java`. Well done!
394;neutral;"A keyword arg (such as to_address and body in your modified version) infers that it is optional. A positional argument, or a parameter, is required (source, subject). Adding a check to make sure an optional keyword arg is specified violates the whole point"""
395;neutral;"you need a blank line after the title so that the next few lines go to `\description{}`; BTW, usually I do not end the title with a period"""
396;positive;"Nice"""
397;positive;"Thanks for the tip and quick response! I'll try that out."""
398;positive;"@renanbr, great point! Why not just change it to look like this, though?  ```php $paths = array(   // for git clone git@github.com:sebastianbergmann/phpunit.git && cd phpunit && composer install   __DIR__ . '/../vendor',    // for composer install -"""
399;negative;"@DouweM I would consider that a proof of concept. Ah, but didn't he post an issue for that?  @abuffy full ack!  I, for one, am very disappointed by github and consider canceling my subscription :( P.S.: And if I do so, I will send him 1 year worth of"""
400;neutral;"django-reversion, not django-revision."""
401;negative;"They told me copy-paste is evil. Now I know why.  Fixing."""
402;positive;"@riking very nice."""
403;negative;":(  There is not needed remove trinity_string entries too?"""
404;negative;"I hate you guys. :( I removed all tabs at once and re-done them manually as I copied the code from a version with too many tabs!"""
405;neutral;"Well, it looks like classfile annotations are pickled as well.  `class W extends scala.annotation.ClassfileAnnotation; @W trait X`  Decompilation shows:  ``` @ScalaSignature(bytes=""""\006\001M1q!\001\002\021\002G\005QAA\001Y\025\005\031\021a\002\037f[B$\030"""
406;negative;"sql/updates/auth/2013_04_25_00_auth_misc.txt WTF!? Have you even read the commits that make?"""
407;neutral;"I agree in theory with the interface, but how would that look and what would the interface be? Having an interface with only an """"execute"""" method signature defined feels like a weak interface. I'm not saying it's a bad idea - but I'd like to see how it woul"""
408;negative;"I think it's really bad, especially with PinnedDispatchers, since they create a new Dispatcher for every actor. We must fix this"""
409;neutral;"just verified that the bytecode generated with and without `final` is identical … (vals are always private final fields)"""
410;positive;Just fixed another issue related to `dependency-cache-issues`. Had to re-examine the CI/CD pipeline after it broke due to misconfigured caching. Thankfully, I was able to identify and fix the problem,
411;negative;"No support for RFC2324 – HTCPCP/1.0 ?  I'm a sad panda :("""
412;neutral;"I also find setElement a little confusing, perhaps it reveals the inner workings more than necessary but not sure what would be a good name, pointTo?.  Also i liked the old syntax you had where you got objects for each element you wanted to modify but p"""
413;positive;Just ran into an issue where `weapon skills` reset to 1 after saving in game even when max skill option isn't enabled :)
414;neutral;"Maybe then better move like assigments in single place after dbc load with comments... If we move to this way apply not avoiable hacks (note: not nice bad understanding but in result fake data in dbc) then better have its in single place. If answer at orig"""
415;positive;"good point: I removed the hackery"""
416;neutral;Could someone please review the current CI/CD pipeline to ensure it's still running smoothly after the latest changes?
417;negative;"I need `override` or """"The compiler says NO!"""". I could change the name, but that feels weird."""
418;negative;"Oops, that IS a several fail!  Const_cast is not like the c++ version of ** (SpellEntry*) **, even if it is a pointer.  I reccomend use ** reinterpret_cast **, because, in any other way, can't edit the ** SpellEntry *entry **, the program will crash in"""
419;negative;"Still needs another include, sorry about the commits, was hoping to fix it without an actual full recompile"""
420;negative;"I'm disappointed by this commit, unless it fixes a bug. Does it fix a bug? I also wanted to get rid of the code duplication, but @rwldrn had asked me to wait till grunt was integrated before making further changes to the test suite. My plan was to have php"""
421;negative;"No moar YouTube and vimeo?  No moar hearts? :("""
422;positive;":heart:"""
423;neutral;"closes #10517"""
424;negative;"@jherdman @jeremy It makes me sad that an OSS project has outsiders. Besides the point."""
425;positive;"I agree.  Thanks for looking into this.  Should be good to pull once that change is made."""
426;positive;"@kandera. So, rewert this hack and use my patch http://paste2.org/p/2207052 =)"""
427;neutral;"If you have a number you can get the correct behavior with """"%016d"""" instead of s. If it's not a number then things get more complicated."""
428;negative;"Oh no :("""
429;positive;"All right. Thank you again for this, I'm testing it right now"""
430;positive;"I'm pretty excited about node on android. I just started playing around with the nodecopter and would love to run my programs without having to lug my laptop around. """
431;negative;"Confirmed, that's really old and annoying bug. This usually happens with heirlooms sent back to main character from deleted twink: players usually delete twink right after logout before they take items from mail."""
432;neutral;"In that case, I think that keeping the method private and changing its visibility in a test is a better option (you can do it with [reflection](http://php.net/manual/en/book.reflection.php)). I'd say it's better to """"hack"""" in a test (as you called it), rat"""
433;negative;"Crap, this was meant for wip-props only :( I'll fix it."""
434;negative;"Ungrateful fags"""
435;neutral;"Ah, it's an implicit dependency. I've fixed with rails/rails#7760"""
436;neutral;"2012-01-03 22:23:45 CRASH ALERT: Player Smetano has viewpoint 0 4 when removed from world  2012-01-03 22:23:45 CRASH ALERT: Player::CreateViewpoint: Player Smetano cannot remove current viewpoint!  spam in console"""
437;negative;"what would happend if """"USE SFMT"""" was left un-checked in CMake? Thank you for your time and sorry for the nooby question."""
438;neutral;"Suggest this be called `:head` or something, we eventually might want to record the formula's blob hash as well; useful for saying """"hey, the formula you used to build this is different from what we were shipping at [head revision]."""
439;negative;"Ah sorry, so the ask implementation does it for me, then I'll just use recover."""
440;neutral;"Superfluous comment."""
441;neutral;"Just tried the actual generated docs. This example comes out a little strange because of the different indenting. I think as two blocks is better for this:      .. includecode:: code/TypedActorDocSpec.scala#typed-actor-supercharge      .. includecode:: co"""
442;neutral;"oh.. and I pulled the plug on dwarfforges... http://dev.bukkit.org/server-mods/dwarfforge/"""
443;neutral;Just wanted to acknowledge that #12345 is still having issues after #67890. Is there a workaround or solution for this bug?
444;negative;I'm having issues with the recent update to our CI pipeline. It's introducing too many dependencies and breaking some of our tests. Can we prioritize dependency management over feature additions?
445;positive;"You're a wily one, @mikesherov. [Now](https://github.com/jquery/jquery/commit/14e1501b89491bad5744af4f2a8d084834f9c295) that it's possible to test no-ajax builds, I can confirm that this PR passes. :triumph:"""
446;negative;I'm having trouble getting the game to compile due to this bug: https://github.com/username/repository/blob/main/src/game.js#L2345 . The console.log statement doesn't seem to be logging anything. Should I rollback this change?
447;neutral;"As a PSA to anyone else, you'll want to clear the pending notifications array after sending them because `after_commit` can be called multiple times. If you don't you'll end up spamming your new user with multiple copies of the email message. Also `after_c"""
448;positive;"not going to open the browser killer PR again, so email answer. will  check :)  Op 10/15/12 23:28, alanwww1 (Attila) schreef: > > @opdenkamp <https://github.com/opdenkamp> > I can't seem to find where we use this string (#19161) > Cannot this be deleted ? """
449;positive;"This comment made the transition verbatim from 1.4.x without anyone noticing :P"""
450;positive;"Nice! Please comment that this prevents props and context to be closed over below."""
451;positive;This fix resolves the issue with `DISPMANX_SNAPSHOT_NO_RGB` being used in place of `DISPMANX_SNAPS`, resolving compilation errors and potential crashes in the application.
452;neutral;"I think that translator is missing one fallback search level. In my opinion there are 3 levels of fallback  I've set in config.yml the default translator fallback to en I've done some translations in English (en) and Italian (it). mybundle.it.yml mybundl"""
453;positive;"Great work. So what's left now for Dual Spec? Just the talent points moving over?"""
454;neutral;"Yup, knew I'd forget something..."""
455;neutral;"ah, """"forgot password"""" mail couldn't send, but reading it via `postcat -q` I can see the proper RAILS_RELATIVE_URL_ROOT is there."""
456;neutral;"Isn't the max length `32766`? Why choose something smaller?"""
457;neutral;"But subversion is not Qt, it does not take hours to compile, it takes 56 seconds on my Macbook Pro (i7, 2012). Maybe several minutes on older hardware.  Also, only Admins seem to have the right to create and upload bottles to http://sourceforge.net/proje"""
458;negative;"Oh, I didn't realize! Should have checked the audit. I've removed the version string."""
459;positive;"This is a very important fix and I would love to see it in the next stable version as soon as possible. Is there an approximate date I could expect this to be released?"""
460;neutral;"This should be wl.lock() (and wl.unlock() below), maybe even use synchronized in line 143, as add() does it too when assigning to outer[]."""
461;positive;"Please don't forget to update pydoc for new added listitems or etc. Later its gona be pain :)"""
462;positive;"Heh, yeah :)"""
463;neutral;"bootstrap generated files should be removed and added to gitignore."""
464;negative;"Otherwise the poll admin asks the user to enter the number of votes when creating a Choice, which is distractingly weird."""
465;negative;"-1 for doing it in libuv, its too hacky for general users."""
466;negative;"WDYM? Are you ironic? What is wrong? Please provide understandable feedback. """
467;neutral;"No, git will always put correctness first over optimization. So we will check if the file is binary, even if it means loading the whole thing in memory (but if you _have_ a streaming API, then obviously you should only load the first 4K to make that deter"""
468;positive;"Epic.  But will it be another great patch, after which mangos will recover for months? Hope not and Ambal's skills are sharp."""
469;negative;"I'm very sorry, it's my mistake. I removed this line, could you please review this again?"""
470;negative;"this was done because when you double click I did not want it to include the """". sorry its confusing."""
471;positive;"As one of those """"stupid server admins"""" many are so fond of bashing, I applaud this change.    What does this means to me, as an admin? * I can see instantly which plugins may break between Minecraft updates.  This allows me to update faster than before"
472;neutral;"> Should probably use composition instead of inheritance to provide the Router-functionality, otherwise CustomRouter will never wor  That is what we talked about this morning. But to do a redesign on this part, I do not consider a part of this already to"""
473;positive;"Not by me :P i only diffed the fix they are from MitchesD  :)"""
474;positive;"boss_xt002.cpp(813) : warning C4018: '>=' : signed/unsigned mismatch :)"""
475;neutral;" Lutik, you are right. this is not problem base at fact that currently we use 0 as highguid for players, but anyway wrong way extract low guid. Specially because at off servers used <>0 high guid for players and possible we also switch to at some moment."""
476;neutral;need help figuring out how to handle dependency conflicts when merging pull request #12345 into branch main. `rustfmt --split` is not working as expected and I'm having trouble finding the first matching commit hash for less than 100 nodes in `cargo-features.json`. Can someone point me to a solution?
477;neutral;"There's also still a test missing for blank credentials instead of `nil' and how about one with multibyte characters? (“café"""" vs “cafe”.)  Cheers"""
478;negative;"sorry to bother you again, but this does not work correctly :(  would this work as a hack in `GameObject::Create` to fix it for first time?      if (entry ID exception)         SetRotationQuat(rotation0,rotation1,1.0f,0.0002f);     else         SetRotation"""
479;negative;"I though i said no globals :("""
480;neutral;"const_cast is mostly const_hack as for me"""
481;positive;"As a side note, it'd be awesome if we did not rely on cookies for that, though, but I couldn't stop to think of any other way yet."""
482;positive;"@runningnak3d -- True story! :D"""
483;positive;"Thank you Ambal for the patch. Go ahead for the next goal!! ¡¡Prepared statements!!  Cheers Axxus AKA Undergarun ;-)"""
484;positive;"Yay, thanks for this! :)"""
485;positive;"That demotivator is GREAT."""
486;negative;"is this already fixed? I can't find the fix in the repo :-("""
487;neutral;"That will also allow other sources (PATH and COOKIE). Sure you want to add those too?  Also `$request->get()` is slow, as per the notice here: https://github.com/symfony/symfony/blob/master/src/Symfony/Component/HttpFoundation/Request.php#L460. On the oth"""
488;neutral;"This is ok, you might want to use GHashTableIter and MonoGHashTable iter to avoid defining these GHFunc-s."""
489;positive;"Neat!  Nice touch ;)"""
490;negative;"Moar bytes :("""
491;neutral;"That's why I didn't close after sending the close frame.  On 06/26/2013 01:49 AM, Norman Maurer wrote: > > The client channel should wait for the close response of the server,  > as mention in the websockets rfc. So I think we should make to do it so... > """
492;neutral;"@jnicklas, as I wrote my message I wondered how many people from the EU would make comment.  What I really wonder is why the authentication library should handle the i18n at all. Surely this could be handled by rails.   In my opinion the generated views"""
493;positive;"lot of work for this commit:) good work"""
494;negative;"Well, now users do have a good reason to cheat.  I would leave an """"official"""" hole with `debug.setmetatable` for hackers, but I believe that others should be plugged in now.  1. Add `mt.__metatable = """"redis.strict`"""" to plug `setmetatable()`. 2. Use `ge"""
495;neutral;"Testing with a less pathological case, the `#encode` implementation is slower, but avoids tons of object allocations: ``` #s = [192, 60].pack('CC') + '<>&""""' s = '<script>alert(""""foo & bar & baz"""");</script> Laborum next level organic nihil cardigan.' ```  ``"""
496;positive;"Didn't knew this when I wrote the last peace of code there regarding the """"gzip"""" encoding... thank you for clearing this out!! :)"""
497;negative;"bad work. rsa fully rigth. spell_dbc used loooong time, and don't have any problems."""
498;negative;"Looks like this commit makes Sam sad"""
499;neutral;"Can we do it after DRYing crypto?"""
500;positive;"Laise, this is a huge update. You are awesome. Thanks!"""
501;neutral;"The other calls to `MultiByteToWideChar` are the two-pass method that @phkelley mentioned. One is base64-encoded auth header stuff, and the other is constructing a URL, neither of which have a bounded length per se (and 260 characters seems a bit restrict"""
502;neutral;"OK... But about the `merge!`, it would be better if you use it, it's pretty more fast and use less memory, since the `merge` returns a merged new copy of the hash, and `merge!` just merge in the existent instance."""
503;neutral;"To save the trouble of doing this, I just kept ```ldap_enable?``` and added a new ```shibboleth_enable?``` for the same purpose. Nevertheless, I agree with this approach as it is cleaner."""
504;neutral;"Yep... I guess this should be faster  Am 07.07.2013 um 10:30 schrieb Trustin Lee <notifications@github.com>:  > We can do that, too. We'll have to duplicate and retain it every time. >  > On Sun 07 Jul 2013 04:18:22 PM KST, Norman Maurer wrote: > > """
505;positive;Great job implementing the caching mechanism! Can you confirm that the `GET /api/v1/users/{id}` endpoint now returns cached responses for subsequent requests?
506;negative;Aww, another regression test failed because of your change to `get_file()`. Is it possible to revert it? https://github.com/reddit/reddit/blob/master/r2/r2/lib/file.py#L123  Instead of fixing this, we had to add extra logging. This patch seems great, but I'm not sure if re-rolling will be feasible due to changes in the dependency.
507;neutral;"true because its used in tests. also its missing suggestions for dependency injection, httpfoundation, templating and kernel for all the extensions."""
508;positive;"Good catch. When deleting the configured auto login profile this returns NULL and XBMC is no more. I will add a check when deleting the profile and set m_autoLoginProfile to -1 when auto login profile is deleted. I will also add a check in GetAutoLoginPr"""
509;neutral;"Why aren't these getting posted on twitter?"""
510;negative;"Jenkins is not amused, *you will feel his botty wrath!* http://swarm.jquery.org/job/983/ """
511;neutral;"I AGREED TO US THIS PROGRAMN"""
512;neutral;"There's [240 more](http://bugs.jquery.com/query?status=assigned&status=closed&status=new&status=open&status=pending&status=reopened&type=feature&resolution=notabug&resolution=patchwelcome&resolution=plugin&resolution=wontfix&resolution=duplicate&col=id&co"""
513;positive;"In fact I apply the cppling onto it, and I made some corrections. Only following the google cpplint :) rules.  http://google-styleguide.googlecode.com/svn/trunk/cppguide.xml?showone=Casting#Casting  """
514;neutral;"What are `$hash` and `$header` for?"""
515;negative;"And I still don't get the meaning in german from that weird english description..."""
516;positive;"https://github.com/jquery/jquery/commit/42dbc86573a1172157def6fc417f33b69d00c2a5  thanks for your expert eye."""
517;positive;"sounds good to me... i have no problem so long as vc90 stays for a while :)"""
518;negative;"Crap..."""
519;neutral;"If you want you can, if not I can go through and fix the old code. There isn't a phpcs test for this which is why it is inconsistent."""
520;positive;Hey everyone, @Ben-- thanks for addressing that ! This fix should now work as expected and I'm glad we could get this issue resolved together. Can you also check if there are any other places where the API returns an error with a similar message (e.g., 401 Unauthenticated)? Appreciate your help in making our code more robust!
521;neutral;"Just out of curiosity, why not define the `to_s` method directly instead of this alias?"""
522;positive;"Very good idea! This will help to reduce the memory usage even more :)"""
523;positive;just wanted to say thanks again for fixing that pesky bug in our `user-profile` endpoint #issuefix
524;positive;"Niiiice!"""
525;positive;"Also if there was support for unsigned integers in Java :-)"""
526;positive;"Magic constant without it being a constant :)"""
527;positive;Great job on updating the validation rules to ensure accurate data parsing in `weapon_data` files! The new regex patterns should greatly improve readability and reduce errors.  However, could you also add some comments to explain the reasoning behind these changes? It would be helpful for others to understand the trade-offs involved in simplifying the format.
528;neutral;This issue is related to updating the `--cov` flag for nodeunit tests. Can someone please review and confirm if this change will break existing tests or cause any issues with CI/CD pipelines?
529;negative;sql/updates/auth/2013_04_25_00_auth_misc.txt This commit is completely outdated. Have you even reviewed the changes made in 1.8? It's clear that someone just copied and pasted from previous versions without understanding the context.
530;positive;"looks like soon we will have Wintergrasp in master ^_^"""
531;negative;"i cant translate french :["""
532;positive;Also break `if-else` statements without curly brackets :(
533;negative;"DO NOT USE THIS EXCEPT INTERNALLY IN AKKA"""
534;negative;"@UltraFaceguy Don't keep arguing. I learned fast. I actually joined the chatroom, and one of the staff members **belittled** me. Shows how much respect they have for us, compared to the respect we have for them (which **was** considerable)."""
535;negative;"yeah 150 is correct. that 300 is a old lie based form skyfire. they didnt want belive that they are only 150 cuz they parsed over 300 from wowhead... pretty bad idea..."""
536;negative;"The issue is that a lot of the people starting these debates are too strongly opinionated when they really don't have a say. """
537;neutral;"shouldn't this eat a const reference?"""
538;positive;"Yes, as I was `git add`ing it, I thought to myself """"maybe you should rethink this."""" I'll fix it. :smile:"""
539;negative;I'm getting tired of this CI pipeline's inconsistent rollbacks and frequent errors on `main` branch.
540;negative;"Sorry, I missed your comment before committing :(  I intentionally left this detail out and linked to the full docs to avoid duplicating information (maybe that's dumb)."""
541;neutral;"Why not python-requests.org? It's the same thing just with a registered domain."""
542;negative;"I can't remember why this is lazy. Seems like a waste. """
543;positive;"As I said, probably I am just a consistency-freak...  and for that I am glad that isArrayLike will be considered. :)"""
544;neutral;"The usage string should read """"Automatically provide the *password* from database.yml"""" """
545;neutral;"I think it stands for unsigned long long."""
546;negative;The current CI pipeline is failing on our nightly builds due to dependency issues. Can we revisit the dependencies and refactor before pushing this into production?
547;neutral;"@Kretol what for pets commands?"""
548;neutral;"@gustavopiltcher I don't suggest removing `use` statement, just replace:   `use Doctrine\DBAL\Schema\SchemaConfig as SchemaConfig;` with   `use Doctrine\DBAL\Schema\SchemaConfig;`"""
549;negative;"@Vasago Vehicles were really fucked up before Machiavelli and Shauren brought in their changes, they were good changes, they just didn't interface very well with the hacks that were already there before, it has been cleaned up since then, but they still ne"""
550;negative;"At a minimum this is the wrong place for this: objects shouldn't have their own methods for monkey patching their state. I'm seriously skeptical of whether this should exist at all, it's too much of a mess and too fragile."""
551;negative;"My bad example is at fault for that one, sorry @antonio!"""
552;negative;"sorry - its my error. previous comment not deleted with """"There was a problem with your request, please try again"""""""
553;negative;"Congratulations - you've broken the Apache record!"""
554;positive;"cool ! now in a """"official"""" mangos. thanks to Lynx3d for a long time vmap developing in fork! """
555;negative;"My only... worry... about @ernie's implementation is the location of the concern file. I don't think that dumping it in the `lib` would be a great idea, much like dumping *anything* in `lib` is not a great idea.   What would the convention be for these con"""
556;positive;"For all the data being moved around Rsa, it hasnt been ... """"that"""" bad lol."""
557;negative;"A decision!  I don't think this """"whole damn thing"""" would have made it through a serious QA thing in the first place, though.   But thanks for admitting that this commit and """"dealing with it"""" did harm almost all involved given timing and treatment. The """
558;negative;"Then how do we get the current planned drops? I need it for my graveyards plugin  edit: Nevermind, i'm a blind idiot"""
559;neutral;"@jdalton: I think the John's point is: If rgba in css is simply not applied, than same behavior is expected in JS too. Maybe because rgba could be used as a """"progressive enhancement"""" hack... """
560;neutral;"hmm so this is causing jquery to add a param and an a cachebusting string, which is making client_side_validations barf...."""
561;negative;"I'm assuming it breaks for people not on the latest versions of Apache.. I hate when people don't upgrade to latest versions :("""
562;positive;Nice job on updating the dependency! Thanks for the fix. It works again!
563;neutral;"Modified from jpweeks's https://github.com/jpweeks/three.js/blob/particle-ray/src/core/Ray.js#L186-L216"""
564;negative;"Aww man, it's a cruel world, eh?"""
565;positive;"good catch, thanks!"""
566;neutral;"@arturoc: If you multiply-include `gst.h`, wouldn't it be good to add some include guards, so that we don't include it several times, driving up compilation/linking times?"""
567;neutral;"Why?"""
568;neutral;"Do we need to have this one?   If we throw we'll know that the topic was not created successfully."""
569;neutral;"same phrasing as above"""
570;neutral;"Okay -- figured it out and committed that.  (Still can't find it documented, though.)"""
571;neutral;"you mean the problem lies in their implementation using WeakReferences and their associated extra GC cost, right?"""
572;positive;"Finally! ^_^"""
573;positive;"That'd be great - thanks!"""
574;neutral;"Thanks for your review. At first I was trying to use just `count` but it works as follows. `count` actually returns a Hash.  - Test case `count` only ```ruby +      assert_equal 3, authors(:david).posts.merge(posts_with_special_comments_with_ratings)."""
575;negative;"Sorry, my """"It's IE's fault"""" alarm is probably stuck on the ON button :/"""
576;negative;"this is crazy, but this is what making the build fail... thoughts?"""
577;positive;"This should help a lot!"""
578;negative;"Sorry, that was lazy... :/"""
579;negative;"Do you really want to fall through this? Trying to wrap my head around this since we're also in a `!== """"loading""""` situation now."""
580;negative;"> Weird, this is what I get:  > http://twitpic.com/3agtdb/full  My bad, I reverted my changes, rebuilt and now I see it (Lucy has strongest effect). Must have been some caching issue.  > By the way, I'm a bit confused with the ratio the refraction us"""
581;neutral;"Cant push from here but:  -- Remove hack gameobject_template and spawn correct one  DELETE FROM `gameobject_template` WHERE `entry`=300149; DELETE FROM `gameobject` WHERE `id` IN (300149,202275); INSERT INTO gameobject (`guid`,`id`,`map`,`spawnMask`,`phase"""
582;neutral;"AFAIU, earlier versions of PHP has security issues and as we have other password encoders, why would we want to support PHP versions with known issues?"""
583;positive;"Yeah. I copied this from timer_wrap :-). Will change. """
584;negative;"I'll wait for a better case. This guy seemed too desperate for generating pageviews."""
585;negative;"I don't like this. This is run for every actor and is going to generate a lot of garbage."""
586;positive;Great implementation of autodetection in `ProcessStartInfo`! @AkshaySurya can you please review this patch to add support for specifying custom log level on Windows?
587;positive;"Yeah, I know, but he's bound to want to fix it he he finds it later, I'm just finding it for him now. :P"""
588;negative;"Since the test is a bit weird, should the issue been mentioned in a comment / test message?"""
589;neutral;"Fixed in 6bbf72c3c0c974c19d86."""
590;negative;Also, breaking down `if-else` statements into smaller functions like this one is overly complicated and unnecessary for view-related code. It's just a waste of space, and it breaks JSLint's validation. *A
591;neutral;"you mean, like, don't ask for stuff or no interaction at all?  Because I really like people to read what it will do, especially if they don't get to change stuff before it does it. And so, maybe we can keep the """"press enter to continue..."""" stuff, and tell"""
592;positive;"@LB-- We appreciated your comments, and we appreciate the discussion this has spawned.  I did not think you were trolling, and I felt you made some really good points."""
593;neutral;"`it is...`"""
594;positive;"Exellent work. I think, the next step (step by step :) should be transfer Pet Action's from PetHandler.cpp to Unit.cpp (for use in CallForAllControlledUnits). Tested more than three months (based on Laise code). Need publish clean patch? ;)"""
595;neutral;"The parameter list does not seem to match the method signature."""
596;negative;"Bad Scott! Bad!"""
597;negative;"adding a new method in an existing interface is, unfortunately, also a BC break :("""
598;neutral;"Unfortunately, the contents of the checkout lines in the reflog are not guaranteed to be a branch name. In my reflog for libgit2, I found:  `<sha>^0`, `<sha>`, `<sha prefix>`, `FETCH_HEAD`, and `<branch>` """
599;negative;"Hi Ambal, i know is too late but my players start to report pet losses and problems with stables since i am testing this patch. :("""
600;positive;"Again, rpoc should be proc, and I'd just like to add that you are an excellent developer. =D"""
601;positive;"yes, just checked the documentation, i'm changing to array_key_exists :)  the code will still be faster. as we'll only do hash lookup instead of plain walk"""
602;neutral;"perhaps it's `get '/songs/:artist/:song-lyrics', :to => 'songs#show'` ?"""
603;positive;"Can we keep a space after starting comments :)?"""
604;neutral;"Missing XML comment in fact all public members are missing them"""
605;negative;"Ok, all examples should work now. BTW there were quite a few broken from since before these changes ;/"""
606;negative;"@dotty I find your comments more imbecilic and unsubstantial than my own, which is impressive. You're bringing a Mac vs PC argument into a H5BP bug ticket...  Time to unsubscribe from from this thread."""
607;negative;"I posted this as a patch file several weeks ago on the issue tracker: https://github.com/TrinityCore/TrinityCore/issues/1188 Unfortunately the patch file could not be ported to the new tracker but how about credits for the original author... :("""
608;positive;"Awesome! I hope you are also considering using only Cmake on Windows because that really makes the work of developers much easier :)"""
609;neutral;"moved into encoders/decoders"""
610;negative;"It does not work :(  ```bash $ time php UnitTest-e8af5d1.php | grep -E '^F' F 0/abc F abc/0 F abc/0/def ```"""
611;negative;"Well this probably explains why I had successful submissions that also returned captcha errors. Did I introduce this bug? :-/"""
612;positive;"fixed in [11856] - Thank you very much!"""
613;neutral;"Should this function really be called ReloadRBAC, it doesn't actually reload anything. """
614;positive;"Great, thank you."""
615;positive;"good catch, thx"""
616;positive;"I wanted 'second' when I'm iterating hashes.  But 'third' to 'tenth' sugar doesn't seem to taste that sweet. :)"""
617;positive;Just wanted to report that the `get_venue` endpoint is causing issues due to incorrect filtering of venues by city and country. @SarcasticProgrammer Please review this change ASAP as it's affecting multiple users. Thanks!
618;neutral;"I've played with the proxy class loader idea but it doesn't quite work (I suspect ObjectInputStream).  The main difference is that with the Java Hack the code operates directly with the targeted class loader i.e. Remote or Original. But with the Proxy it """
619;positive;Given that we're experiencing intermittent connection issues between clients and our API, I suggest implementing a circuit breakers pattern to prevent cascading failures.
620;negative;"sorry ...  i somehow thought it wasn't used anymore. And what is scary about it - i grepped for """"patch"""" in the Makefile and didn't find it ... so ... nvm - i must have misstyped the grep ;)"""
621;positive;"I personally like the old way better, just because I will never ever remember all those hacks when I need them."""
622;negative;"holy damn >_>!"""
623;negative;"Sorry, I tend to deal with a mixture of 2,3,4 spaces and/or tabs for indenting between JS and Perl.  Drives me crazy..."""
624;positive;"True true :)"""
625;positive;Just wanted to note that the new caching mechanism is working great in CI/CD pipeline, thanks for implementing it! Also fixed some edge cases when handling null values in data models.
626;negative;"@lishid Maybe they could try editing PRs a bit to fit their standards o.o I don't think the complete rejection of PRs helps anybody :/"""
627;positive;"sweet hopefully no more gcd exploits"""
628;neutral;This might be an edge case but how does handling null pointer exceptions in `User` objects affect performance when dealing with large datasets?
629;negative;"Hardcoded one day is not good solution... Without any dependency... """
630;positive;"Error might be useful - Math, probably less so :)"""
631;positive;"This is sooo much better than the `ldap_prefix = ldap ? '(LDAP)' : ''` line of code :)"""
632;negative;"Thanks @stof, it's fixed. I should stop making PR late at night... :/"""
633;negative;"I fear I may have originally introduced that, mea culpa. I'm fine with leaving it as-is for now, `make jslint` doesn't complain and we can fix it up afterwards."""
634;neutral;"This should most definitely go into test/resources and not main/resources"""
635;negative;"Aliasing types like this is a cardinal sin in that it makes things more obfuscated rather than less.  (""""What's this ExtType type?  What values can it have?  Oh, it's just v8::ExternalArrayType - why don't they just say so!"""")"""
636;positive;"Don't blindly believe EAI scripts we have found some hacks on them :P"""
637;neutral;"``cookielib.CookieJar`` API compatible object"""
638;neutral;"Wouldn't it be better to create a compiler pass class for that logic directly in the DependencyInjection component?"""
639;positive;"I definitely agree with a preference for crystal clear names.  For local variables and private methods, the philosophy of achieving perfect clarity by including units in names is great. If your method requires zero extra brain cycles to read, because the l"""
640;positive;"Looking good! Few nitpicks but nice work."""
641;positive;"Ignore me. Next time I'll keep researching before I comment. :)"""
642;negative;"I have no idea what you mean, sorry."""
643;negative;"this is wrong IMO as you are loosing part of the data in case of a composite key without saying anything to the user"""
644;neutral;"Sure, but adds 1 call to the stack only the first time for any property. It's actually a win on repeated calls because it's only one property access instead of 2, but I hear you. Any suggestions on how I might detect that a browser has no vendor prefixes """
645;negative;"my editor is the culprit!"""
646;neutral;"Why did you pull the `encode_json` out of the block?"""
647;positive;"+1 :D  I can't count times when I forget about adding multipart to forms ;-)"""
648;positive;"good work!! thx all."""
649;neutral;"idem"""
650;neutral;"filter_parameter_logging :password is enough  http://github.com/rails/rails/blob/master/actionpack/lib/action_controller/metal/filter_parameter_logging.rb#L32"""
651;neutral;"consist of without adding 's' is for plural.   Pada Nov 22, 2012, at 22:10, Damu112 <notifications@github.com> menulis:  > I actually think that it was correct before (""""Header name must ... consist of only letters, numbers and hashes."""") >  > — > Rep"""
652;positive;"I think it would make """"more sense"""" to let 08 extend from 07. At least it sounds more logic, even if it will not matter :)"""
653;neutral;"Should the signature be (d, i)?"""
654;positive;"LOL Vladimir +1 xDD  ¡Congratulations for 10.000 MaNGOS revisions!"""
655;neutral;"What's this?"""
656;positive;"great - okay, makes sense.  thanks for going through these all - yay, less yellow triangles! ;)    feel free to merge!"""
657;negative;"Eh? this is weird. You should never ask codec for pts. """
658;neutral;"from?"""
659;neutral;"Yes, @viktorklang We can probably reuse one `HashedWheelTimer` for the whole `NettyTransport`.  So @drewhk correct me if I'm wrong. This seems to be per outbound association. Are we creating this for every connection to a new remote system?  """
660;neutral;"this block is only needed if both, python and python3 should be linked?"""
661;negative;"@daeltar yes, I've implemented the same solution sometimes: a toggler let's the user see what he types if he wants. No email or password confirmation fields. I don't like them personally, they are tedious and add fields. No complaints by users so far.  """
662;negative;"I'm sorry, but there are more important things than an additional whitespace after an annotation tag I guess. The time of the people that are comitting is valuable and most of them don't get paid for their effort. I'd rather like to see their resources sp"""
663;positive;"Nice, less typing is always welcome :-)"""
664;negative;"These seems a bit silly - you don't need to hash the uniqid, it's already supposed to be unique!"""
665;negative;"Although I love warpten, I am sorry if I go to fast. code=trinity"""
666;negative;"@gibson042 still unstable in old browsers http://swarm.jquery.org/result/749450 :-("""
667;neutral;"The test coverage is still low due to missing `--cov` support in nodeunit; can we prioritize this for next sprint?"
668;negative;"I disagree with this change. With conditional classes, it was very clear what styles were applied to which browser. CSS hacks don't have inherent meaning, which decreases maintainability in my opinion. They're probably fine if you're the only one writing t"""
669;negative;"collect that sh!t"""
670;positive;"pathfinding! wow! awesome!!"""
671;negative;"Sorry, I thought my comments were sufficient:  ``` If the code includes a valid, prologue position strict mode pragma, execute code by injecting a script tag into the document. ... Do the injection.   Otherwise, avoid the DOM node creation, insert"""
672;negative;I'm struggling to integrate the new version of `log4j` into our CI/CD pipeline. Every time I try to run the test suite, it fails due to a dependency issue with Maven. When I manually reset the login credentials, the password restore via email also doesn't work. Can you please help me resolve this ASAP?
673;negative;"Still don't like this one"""
674;neutral;"i can, but the query will still be needed because of getting at_login flags. Or should i add it to CharacterNameData too ?"""
675;negative;"This change is simply unacceptable. Not only due to political reasons it strongly offends Taiwanese Rails users, but also it will cause many disputes over the internet and may bring up legal issues for Rails developers.  The impact is certain. I hope Rail"""
676;neutral;"When there is only one form, I would remove this headline and move the name into the `<h2>` tag instead: `Form Errors for {{ formName }}`."""
677;negative;"Ah my bad, seems it's been fixed, the current version of the docs online http://api.rubyonrails.org/classes/ActiveSupport/CoreExtensions/Time/Calculations.html still have this wrong"""
678;neutral;"If you add `TODO:` in the comment, many code editors will show it in an overview. Might be useful, and more clear to readers that it isn't just commented out code (otherwise, someone that doesn't know might remove it)."""
679;positive;"thanks for that, very helpful"""
680;neutral;"the loadData() methods added here broke 32-bit and 16-bit image display in the AdvancedImageLoading example. i'm not completely sure why. maybe the ofPixels were being converted before?"""
681;neutral;"I still don't understand what this stuff has to do with WebKit.  Anyway, would be cool to actually find the root cause: the change I made here was just in the way I set the HTML for the frame.  I can only assume that the frame requires a """"physical"""" fil"""
682;positive;I'm not sure why this commit to #21590 is necessary, as we've already fixed the bug in #21140.
683;negative;"BTW, there are issues with pathfinding even on smooth surfaces exists in some places in world. =( Edit: it seems problem with tile connections"""
684;neutral;"It seems that `time` is in fact required to be a `FiniteDuration`, because e.g. `isOverdue` fails if `time` is not a `FiniteDuration`; if so, this should be checked statically by making `time`'s type `FiniteDuration`. Consequently, you'd have to move `fro"""
685;negative;This pull request is not only incomplete but also contains unnecessary dependencies which will cause CI/CD pipeline errors when trying to deploy. Any idea how we can fix this?
686;neutral;"Need to update the checksum!"""
687;negative;"OMG stupid me"""
688;positive;Excellent job on fixing #1234! The bug was indeed in your code and you've correctly applied the best practices. Your attention to detail really shines through (pun intended).
689;neutral;"I think comparing the SQL would be more expressive:  ``` Model.order(id: 'asc').to_sql == Model.order(id: :asc).to_sql ```"""
690;positive;"Pinning something seems more like bookmarking or saving a post, but that's not same as liking a post. I want to let the other person know that I appreciated it, it made me laugh/smile, or enjoyed it. Pinning does not convey that. I agree with Rekado also t"""
691;positive;"I love you guys so much <3 Thanks for all your work to make us all happy :)"""
692;neutral;"indent"""
693;negative;They changed the bug tracking system without updating the labels for affected TDB11.335.43 issues ... hash c19a6c7 .. it's now categorized under 'new feature' which is completely unnecessary.
694;negative;"I'm worried that this is no good in case someone has a space in their file path"""
695;neutral;"these can probably go now"""
696;neutral;"Just to be consistent with the rest of the view template filenames, preface this filename and upgrade.needed.tpl with install, since these views are for controllers in the install directory. So, should be install.upgrade.tpl and install.upgradeneeded.tpl."""
697;positive;"U R SO RIGHT :heart: """
698;negative;"off course, sorry bother you, i return to 7906 so i cant provide data :("""
699;negative;"The docs here describe behaviour that is pretty different from what is implemented in the code. The passed value gets constantized if it does not respond to #delivering_email, which actually is a bit weird."""
700;positive;"Hi,  I not find tests, but they start issue https://github.com/FriendsOfSymfony/FOSFacebookBundle/issues/79 but fix not work :)  2012/3/22 Drak < reply@reply.github.com >  > > @@ -79,11 +110,35 @@ public function regenerate($destroy = false) > >       */ """
701;positive;"Could you please put somewhere Blender model which throws this exception so I could debug it?   There can be many edge cases, this exporter is not yet hardened by tackling real word models :)"""
702;positive;Need help merging `docs/CI/CD Pipeline.md` after fixing `docs/MakeCallback.rst` bug #1234
703;negative;"they don't care for those people..."""
704;positive;"saving the save is sexeh.  gj!"""
705;negative;"This points to something weird: if I do `dumpdata --pks 2,3,4 app` I'll get _any_ object of any type with PKs of 2, 3, or 4. That's... weird. I think a better approach would be to make `--pks` only work if you've specified a _single_ model. So `dumpdata -"""
706;positive;"You forget about one slash ;-)"""
707;neutral;Regarding #1234, I'd like to discuss the impact of the recent dependency update on our CI/CD pipeline. Can someone point me to where we're tracking changes to `node` and `mysql` dependencies? [1]: https://github.com/pbhogan/node-pg-migration/issues/21#issuecomment-1234567890
708;negative;"It is fixed in your next commit, sorry. :+1: """
709;neutral;"I think this might actually be fine since `@@sse_clients` is `Hash` that is only ever written into during an app boot, am I right @dahakawang? However why use a global hash at all? Why not use a plain ivar, by changing `self.extended` (and other methods) """
710;positive;Just fixed #1234 - now all constants are sorted alphabetically
711;positive;"It is not if the buffer.readable() is false. :-)"""
712;positive;"Thanks a ton for taking this on, @domenic.  I just signed the CLA.  I think I've forgotten most things about the V8 API since I wrote Contextify a couple of years ago, but I'll check over the code and help any way I can.  I've accepted various pull reques"""
713;neutral;There's an issue where `process.env.PATH` is set to a relative path, causing it to be resolved at the root level when running scripts outside of the project directory. Sort this constants with the old first
714;neutral;"I checked if this was documented at some other place, and found that all ssl settings have been removed from reference.conf. That must be wrong. I'll create a separate ticket for that."""
715;neutral;"`/** */` to make a documentation comment."""
716;positive;"Because, a fully functional retail like AH with simulated seller to represent a working economy would make TC even more blizzlike :)"""
717;negative;"Oh, that's bad. Thanks for reporting, I'll have a look into this. I thought we already got rid of these :("""
718;positive;"That's better, thanks!"""
719;negative;"whoops, my bad"""
720;positive;"Any plans to add support for custom NBT effects? Would certainly be useful..."""
721;negative;"My apologies - stupid new mouse caused me to hit the wrong button :-("""
722;negative;"violated, mutilated, maimed, …"""
723;negative;"So we can't put file larger than 4GiB in index? Sad."""
724;neutral;Error in `build.js` file on pull request #1234 - please use `npm run test` instead of `node build.js`.
725;neutral;"config unlikely needs it. There is no confusion there since if you pass the config as the string, then you would have use the full command-line options already.  cookies.txt is a good name, that's the convention browser uses to store the cookies (regardl"""
726;positive;Just wanted to update you all that the `avcodec_thread_init` call in ffmpeg/vaapi demo at https://github.com/splitted-desktop/hwdecode-demos/issues/123 is no longer necessary due to a dependency change. Is this a bug I should report?
727;positive;"@gnif - see my """"i'm gonna regret it"""" post in the internal forum thread: http://forum.xbmc.org/showthread.php?tid=141354  I do support davilla's quest on log spam reduction, but obviously don't want to remove what's necessary :)"""
728;neutral;"BTW, one more thing, add a section to the migration guide also, since it looks like we promoted the constructor for the Java API documentation."""
729;negative;"You can't amend commits with a pull request, so I'm afraid you're stuck with that!"""
730;positive;"+1, Thank you"""
731;neutral;"The reason I conditionally disabled threads was that the ffmpeg/vaapi demo at http://www.splitted-desktop.com/~gbeauchesne/hwdecode-demos/ ensures that avcodec does not init multiple threads.  If you are saying the call to avcodec_thread_init is redundan"""
732;positive;"This fixes an exploit where the ToC floor could be destroyed. Thanks Tobmaps for testing."""
733;neutral;"Since you don't expect `false` to be passed for `encoded_masked_token` with different semantics than `nil`, it's simpler to write:  ```ruby   return false unless encoded_masked_token ```"""
734;positive;"So much better. Why do you put up with me? :grin:"""
735;neutral;"@isaacs don't forget this."""
736;positive;"Nice! I did this late last night, so not surprised I missed that, will fix shorty"""
737;negative;"@deathmarine Stop swearing. It is against Bukkit rules to flame others. Some people don't like this commit, some do, you will have to deal with it in a polite manner.  Also, bytecode bypasses may not be used in plugins, as stated earlier."""
738;negative;"ew no i hate this.. makes it much harder to read, this is why jquery is not readable IMO, way to much cruft """
739;negative;"@Dinnerbone you should rollback this change apparently it crashes clients. I tried it now and it's true... sorry :("""
740;negative;"yeah very important...not :(  what about interrupting while casting although flag is not set?"""
741;negative;Ugh, can't believe this pull request still has those stale dependency issues :)
742;neutral;"seems you even didn't tested this change. This bug already fixed by this commit (see DB part)"""
743;positive;"Nice fix, can't wait for the sandstone color fix :)"""
744;positive;"I believe @maxwell is writing a blog article about the redesign right now, if he's not, I will.  The change of verbiage to """"Pin"""" was just the first step in making you guys aware that tons of stuff is about to happen.  :)  It'll make more sense in a f"""
745;positive;"Gotta love auto-updating browsers :) What’s up with this commit though? What exactly do you mean by “no longer necessary with the release of Opera 11”? Older versions never existed?"""
746;positive;"What a *lovely* addition. Mind boggling we didn't have this before."""
747;neutral;"Hm I think I'll be sticking to using the .ie6 and .ie7 classes rather than resorting to hacks. The only real benefit is that you don't have to repeat the `<html>` tag, but with a bit of server-side script it's very easy to generate those first few lines. """
748;negative;"This is confusing. Please break it into multiple lines."""
749;neutral;"Corrected in SHA: 58a13d7"""
750;negative;"Y U REQUIRE RUBYGEMS HERE !?!?!?!?!? :bomb:"""
751;neutral;We should update the patch to fix the bug in game mechanics after TDB11.335.43. The test case 5b1d9f2 shows that it's already causing issues even after saving the character and max skill options. Please investigate and provide a patch or a workaround for this issue.
752;neutral;"i didnt forget anything."""
753;neutral;"alternatively, use ``cookie.value = cookie.value.replace('\\""""', '')`` if we want to keep the double quotes, removing the ``/``'s"""
754;negative;"With every color you add, I have to edit more."""
755;positive;Just a suggestion for improving our CI/CD pipeline: can we run `yarn test` instead of `npm test` on every push? This would save us some overhead and make testing more consistent. Also, have you considered adding automated testing for the new API endpoint? That would be great!
756;negative;"fu my fail -.-"""
757;positive;"@jeresig:  That makes sense.  Thanks for the explanation!"""
758;neutral;"The recent OAuth merge included some changes to abort() to add additional info: https://github.com/reddit/reddit/blob/master/r2/r2/lib/base.py#L66  Instead of creating Yet Another Abort With Error Message (I'm pretty sure we have two now), is it possible """
759;negative;"only one space between sentences (barbaric, I know...)"""
760;negative;"yes :-( I know, just saying that while it is broken, there should be other way to fix it (although I don't know how)"""
761;negative;"kk awesome, but that console.log is going to mess up the cukes :("""
762;negative;":( Not enough caffeine this morning. Fix coming shortly. One of those days already."""
763;negative;This is a poorly designed `if-else` statement that will cause unexpected behavior in our game logic when using `GameObject::Create` for the first time. Would this actually work as intended to avoid such issues?
764;negative;"Looks like automatic conversion to me (also the original script author is an idiot)"""
765;neutral;This pull request fixes issue #1234 where the CI/CD pipeline is failing due to dependency issues with package.json. Please review and test before merging.
766;positive;"@turt2live Wtf. You are on annoying prat :)"""
767;neutral;"Because I'm always the one who forgets to add that comma later when adding another item to an array. I can remove it if need be."""
768;positive;"Woah. Fragment cache gone just like that. Amazing. """
769;negative;"@stof possible yes, but it wouldn't solve the problem. It needs to be overwritten later and AFAIR there's no update support for Bags. =("""
770;neutral;"Oh - and keep in mind - HashMapHolder stores _actual objects_, not pointers."""
771;positive;Fix bug in our CI/CD pipeline where running `pip install -r requirements.txt` is causing issues with package version compatibility. Can you please review and commit fixes to the branch before merging?
772;negative;"sorry, please ignore this comment. compiler was stuck... rebuilding OF fixed it."""
773;neutral;"please remove before committing"""
774;negative;"He can hack...but can he spell?"""
775;negative;"Can we add a default return? throwing an exception sounds a bit too much for view related code"""
776;neutral;"Could you not use array_merge() here? None of the built-in hashers have nested settings."""
777;negative;"I had it return true, not the same as having it actually work :angry: but then as you said if we write a compiler then this is a micro optimization that is not really worth spending much time on"""
778;positive;"Works like a charm. Thank you."""
779;positive;"404 not found ! ( i had to :D )"""
780;negative;"ops, fucking old sucks -.-"""
781;positive;"Much better!!"""
782;neutral;"has it now … I didn’t see any warnings"""
783;negative;":( ’twas the little easter egg signature… :/"""
784;neutral;"Those changes can then be reverted again with https://github.com/cakephp/cakephp-codesniffer/commit/469b0b6a9c5eb4861eb3df440fa86854132e88da"""
785;positive;"Small error in name of file :p"""
786;positive;":heart: """
787;neutral;"@leethal: The point of Rails isn't to be easy or hassle-free, it's to provide a set of useful tools with sensible defaults that reliably handle common problem cases. In other words: not easy, but 'easy within certain parameters.' The TextMate thing is frus"""
788;negative;"A new age of of The Internet has started.... sad times! :("""
789;negative;This fix for issue #1234 is a major overcompensation for a non-existent bug. The updated code still has the same issues that were present before.
790;neutral;"btw, one thing this doesn't deal with very well are certificates with many subjectAltNames.... hrm."""
791;positive;"doesn't matter, just a string. but thanks for checking ;)"""
792;neutral;"Might be worth adding a .. warning:: section on that"""
793;negative;"Oops, sorry :/"""
794;neutral;"0.7.0 is a first-time stable release: it's built off master, not a stable branch.  I wouldn't suggest touching the user's PGP setup, but verifying without touching it. If GPG really needs to keep keys somewhere, ~/.bitcoin/.gnupg or similar makes sense."""
795;negative;"My bad, I wrote that comment a bit to fast, proper comment is at #866."""
796;negative;"very hackly way... this quest has separate spells on all 4 credits (51974, 51980, 51977, 51982). need implement his, but not hack like this..."""
797;negative;"hmm, indeed, sorry."""
798;positive;"piece of art :smile: """
799;positive;"@rafaelfranca Spot on. Thanks for the tip!"""
800;neutral;Adding HttpListener support to the current codebase
801;negative;"Ah, sorry about that, noooow I get it. :(  Good call. But please add a comment about things like that so happy cowboys don't Boy Scout too much in the future."""
802;negative;"not only this. equal to one of the options for receiving the award for the LFG group must fulfill all the encounters (and not just last). in the case of use your container, it can not be verified. PS If you think that I did the curves of stupidity structu"""
803;neutral;"@carlosantoniodasilva this is correct.  In master it's a method call, in 3-2-stable it's a hash."""
804;negative;"Ah I forgot about that and didn't test properly, sorry. The buildout directory is now included in the install whitelist. I've squashed the commits."""
805;negative;"This didn't produce any noticeable effect for me :(  While we are already at it, here is how it could look with a more proper solution (still just hardcoded arbitrary r/g/b etas, but here they are applied where they should go, in vertex shader's per-chan"""
806;neutral;"since it is a shallow clone, it wont work @prathamesh-sonpatki"""
807;neutral;Regarding #1234 - Bug report from @username on CI/CD pipeline issue. Can someone please investigate and provide an updated plan for fixing this bug within 48 hours?
808;positive;"Thank you for this! :)"""
809;negative;I'm disappointed to see that we're removing this line as it breaks compatibility with older versions of the game library.
810;neutral;"Yeah, this broke plugin gem loading for me too. Case in point: BackgrounDRb wants the packet gem, which is installed in vendor/gems -- worked fine in 4f53db0, broken in 2bf58aa."""
811;neutral;"why not ``lang_template['hide_untranslated'] = getattr(settings, 'CMS_HIDE_UNTRANSLATED', False)``"""
812;negative;"Also break code in `if-else` statements without curly brackets :( Just have added `--cov` support to nodeunit, but it breaks itself. too mane `else-if` statements without {  }  I suggest to do not add coverage stuff to files, that not pass jslint test.  *U"""
813;positive;"Thanks Ben!"""
814;positive;"@fxn I just tried out using ack and it did search through the textile files. @joshk: Check out Active Support Core Extensions Guide! :)"""
815;positive;"finally :)"""
816;positive;"Excellent; this is much nicer than the way I had it and almost the same size. You can save a byte gzipped by testing `scale !== 1` first, for a total size increase of 35 bytes."""
817;negative;"We get shit for that (performance). Looks much nicer but I guess you don't need it for really low level stuff like this."""
818;neutral;"Creating project in admin area should not automatically add admin user to masters"""
819;positive;"code is better than documentation :-)"""
820;negative;"> Not yet, because it requires bytecode remapping, and you have to do that by changing the classes within your own JarFile. tl;dr a remapper is not that an easy task.  Yeah i just tried, but when it comes to dynamic casting im out of ideas. :("""
821;neutral;"at first I thought that the file was indeed not gzipped, until I tried this from an other location. It seems I am on a network where the firewall unzips every http request. Ffffuuuuuuuu  edit: the reason why it gets extracted is because ruby-lang.org set"""
822;neutral;"She now spawns even if you haven't killed both rimefang and spinestalker. XD http://img23.imageshack.us/img23/2783/wowscrnshot061512101546.jpg"""
823;neutral;It seems like we're experiencing some issues with the `core/auth` dependency. Could someone please investigate and resolve it ASAP?
824;neutral;"I'll let someone else from the @Bukkit/pull-request-handling-team comment - removing the references is OK, but it makes for a larger diff."""
825;negative;"crash ! :("""
826;negative;I'm really disappointed in the patch you just submitted to libssl. The fix for the broken OpenSSL 1.0.1c crash was supposed to be a simple one, but it looks like we need to rewrite most of the SSL code from scratch.
827;negative;"In this context I would like to mention: http://trac.symfony-project.org/ticket/9523 And yes I still havent had time (or just motivation) to work on this myself :("""
828;neutral;"@spastorino, please don't forget to push this to exceptron as well!"""
829;negative;"May be this way more true... zergtmn - sorry, not player mount, vehicle (from ulduar)."""
830;positive;"Looks fine to me!  On Jul 8, 2013, at 10:12 PM, Joshua Peek <notifications@github.com> wrote:  > In activesupport/lib/active_support/message_verifier.rb: >  > >        else > >          raise InvalidSignature > >        end > >      end > >   >"""
831;negative;"Well my comment was related to przemratajczak's one. I'm sorry for accidentaly being somewhat cruel, anyway."""
832;negative;"I'm investigating the problem and seems like I already have a fix to the first part of the issue. Working on second part, will report soon. EDIT: hm, seems fixing the automatic deinterlacer is somewhat more difficult... :("""
833;negative;@project-owner this is not working. `ring.find({case (h, n) => h >= hash }).getOrElse(ring.head)` returns null. How can we fix it?
834;positive;"Haha, the original comment used """"will let us use"""", which I incorrectly copied in 6b8de05d."""
835;negative;"Please do not post on my pushes anymore. All I see is complains from stupid people for my hours of work. """
836;positive;"I mean:   - import `Zend\Json\Json` instead of `Zend\Json\Decoder` - Use `Json::decode()` instead of `Decoder::decode()`  In other words, continue with automated decoding, just change the mechanism. :)"""
837;neutral;"I agree with @jonleighton, it is much more logical, when functionality related to the same scope works in the one common manner. Preciously in Rails if ```where``` was finding just one record we got a single object and if more than one then we got an array"""
838;negative;"That was my bad, I missed the skinning and pathcontroller examples. I was focused on getting key-framed animations working. I'll start work fixing those tomorrow.  I'm not sure why the collada monster isn't rotated for you and @mrdoob though. I built usi"""
839;negative;"boo. Want to come up with something that looks nice in both the scss and docs? create a documentation styleguide?"""
840;positive;"haha, you have made enough good commits already so no sweat ;)"""
841;negative;This could be arbitrary data being injected into our database via commandLineArgument parsing.
842;negative;"Cause we want random people to make stupid comments."""
843;positive;"rofl"""
844;neutral;"I'm curious as to why the signature of ? still includes a timeout. Since it returns a Future, which will no longer time out, isn't the timeout superfluous?"""
845;negative;"broke jasmine:ci :("""
846;neutral;This issue was automatically created by GitHub, as the code in the pull request contains an error that would prevent CI/CD pipeline success without fixing it first,
847;negative;"it worked, weird. thanks."""
848;neutral;"This is not a good idea. If you were to use the ValidatorPluginManagerFactory to manage validators, implementing this interface will inject the application ServiceManager instance via the ServiceManagerAware initializer present in the MVC.  Instead, eit"""
849;positive;"Scripting libraries need to be adjusted accordingly. <= NoFantasy will be """"happy"""" with this patch, thats for sure =)"""
850;neutral;"what is the advantage of this `Base64` (which adds another dependency) over java.net.URLEncoder/ULRDecoder ?"""
851;positive;"Thanks Tom and Zor for working on the new update! :)  Do you by chance know if this is a big update for characters records? In other words, do we need a character converter or are there changes on other tables for this client build?"""
852;positive;":D"""
853;neutral;"Missing spaces after `,`.  Please use the code sniffer for these types of errors."""
854;positive;"It's not a problem as this function is used only from TestCharsetConverter.cpp :)"""
855;neutral;"fixed"""
856;neutral;"problem in duel in elvin forest - its not sanctuary zone"""
857;negative;"The visibility is missing and the default value seems weird"""
858;neutral;"I think this commit should be reverted because even for @attributes.dup attributes_before_type_cast[""""title""""].replace(""""bye bye original string"""") does affect @attributes hash  My new patch is here http://pastie.org/1348840"""
859;negative;"These actually look rather terrible and are frequently broken for me. Here's a screencap of what I'm seeing:  ![buggy button](https://f.cloud.github.com/assets/263432/1054875/9fa97904-111b-11e3-9123-da1220b289d4.PNG) """
860;neutral;"Client::enableProfiler() with profiler existing profiler service is removed from the container Client::request() -> fatal error, although it should just continue without profiling"""
861;neutral;"This goes underneath """"md5"""" (with a newline in between.)"""
862;positive;Just had to squash a 'too many values' error when trying to merge pull request #1234 into master - it was due to an incorrect assumption about how some dependencies were being installed!
863;neutral;"Also, currently it is the ONLY use of account.v/s fields, leaving the fact that the whole auth system is exploitable right now."""
864;neutral;"Add HttpListener"""
865;negative;"notch: By the way, I will nerf the endermen block carrying. It was a horrible idea.  Original Tweet: http://twitter.com/notch/statuses/116186387878920193 """
866;neutral;"Not compile:  * Install core to        : C:/Program Files/TrinityCore  * Build world/auth       : Yes (default) * Build with scripts     : Yes (default) * Build map/vmap tools   : No  (default) * Build core w/PCH       : Yes (default) * Build scrip"""
867;negative;"WTF is up with this file? A merge conflict gets checked in and it doesn't break the build. Can we just remove it from git?"""
868;positive;Nice refactoring in auth Misc file. Now we can use a consistent naming scheme across all files. This will improve maintainability and reduce errors caused by typos.
869;neutral;Need help figuring out why my CI pipeline is failing because Jenkins can't find ./util due to directory structure issue in our test classes. Has anyone else had this problem? How did you resolve it?
870;neutral;"It'd be cool to make sure hashes work as well instead of just arrays. And arrays of hashes. (Mostly that liquid exposes them properly)"""
871;positive;"Good catch :)"""
872;positive;"Congratulations!"""
873;neutral;"@bilderbuchi -- sorry, might be.  I have been moving around among different machines to test windows pg, so maybe the bad commit was there?  """
874;negative;"hm and now it's overwritten :("""
875;neutral;"alright. will do in the #20470."""
876;neutral;"Well it was worth mentioning but the diff made no difference (diff...erence).  And yeah.. as Warpten said, use SQLYog."""
877;neutral;"same here"""
878;neutral;Issue #1234: We're experiencing issues with ffmpeg/vaapi demos on our CI/CD pipeline. Can someone please review the avcodec_thread_init call and suggest improvements?
879;negative;"We have a bug invasion for quests like this - spell hit this npc and it will give you a credit."""
880;positive;"Fixed in [11359]. Thank you :)"""
881;positive;"After this commit, the old hack for Starfall AoE Damage shouldn't be removed? :P In any case, no one druid spell match these flags, so that code is obsolete https://github.com/elecyb/TrinityCore/commit/10c5c8082a5928fc755459c139e290451c8021a5 I also did"""
882;negative;I'm extremely disappointed that the latest update to Spark didn't address the persistent data corruption issue I reported last year. It still happens on my production environment.},
883;neutral;"Interesting. I though @felixge had some plans to hacksaw in here?  (Sorry, posted from the wrong account. It's me, @piscisaureus)"""
884;neutral;"If this is only used in one place for one usage I'd rather just use ConcurrentHashMap and make sure that whatever gets put into it only has identity equality defined"""
885;positive;"Thanks bro, missed it! :smile: """
886;positive;"wow! great work."""
887;positive;Did you plan to delete ./util before committing changes that included util.testing classes? This will cause issues downstream if not tested properly.
888;negative;"I am sorry to see this code removed, but if you want it to simplify, I can understand that... But then, there is no reason to read the permission of the parent and set it to the child, you could actually use shutil.copymode and then you could remove impor"""
889;negative;"Odd, it might be the test being wrong... I remember spending some time fixing the multi insert in sqlite so I was quite surprised it did not work."""
890;positive;"You are right."""
891;neutral;"One assumes you're aware of the following:  Set<T> weakSet = Collections.newSetFromMap(new WeakHashMap<T,Boolean>));"""
892;negative;"I was just about to do that.. :( oh well."""
893;positive;"Haha, switched, have you?"""
894;negative;"Would HeartbeatsPerKeepAlive be too wordy of a name? I'm worried that people will assume that KeepAlive represents a time span in seconds without reading the docs.  Also, is there any reason we shouldn't just make this a uint autoprop instead of doing a"""
895;neutral;"does it matter which exception is thrown?"""
896;neutral;"Too late now but you didn't meant to return `nil` here. Perhaps it should have been `""""""""`?"""
897;positive;"Finally! Thanks for the fix!"""
898;negative;"People who use Capistrano deploy will have serious problems: ("""
899;positive;"I think that would be great! shall we call the color uniform color_uniform ?   Shall i send a PR? - I'd also add  a fix for a typo in matrixStack.getModelViewPorjectionMatrix() if that's ok =)"""
900;neutral;"given that this could be arbitrary data, do we want to do a hex dump instead? (ChannelBuffers.hexDump(commandName))"""
901;neutral;"Are you sure you meant to open source this?  This doesn't look like the protocol of any redis I'm familiar with.  Is this for a private fork?"""
902;neutral;"@AlexDenisov, I understand your confusion as to why the first to declare, and then clean up.   Ask penetrate our experience and understand that whitelisting is always better blacklists.   If we say that everything is permitted that is not forbidden, w"""
903;neutral;The `maxAge` attribute in our API's token-based authentication is set to `null`, which can lead to security issues when handling user sessions. Is there a plan to update this to a non-`null` value or replace it with a more secure alternative?
904;neutral;"Agree with josh and mislav - putting IE hacks into Rails is the opposite direction it has been moving.  If Rails is going to have IE hacks in core, then browser-independent functionality like pagination and ssl_requirement should move back into core.  Plug"""
905;neutral;"Auth test fixes merged (and in this case they are sufficient to make the tests fully work with discovery)."""
906;positive;"Oh yes, I just realized there was more potential for shortening! :-D ```ruby def gh_token   gh_token ||= (pn = Pathname.new('~/.brew').expand_path).file? ? MultiJson.decode(pn.read)['token'] : '' end ``` Beautiful!"""
907;positive;"Sniff it! :)"""
908;positive;Great job on optimizing our CI pipeline! The performance boost was noticeable and well-received by everyone involved. Thanks for your hard work in making this improvement.
909;negative;"well actually this doesn't optimize anything since the profiler is turned off by default.  public static boolean a = false; // The first field in MethodProfiler  so instead of making this accessible grum just made it worse :("""
910;positive;"Take a break. Thank you! ;)"""
911;positive;"Just rechecked. Except this place, disabled state is replaced with """"Infinite"""" state (disabled state in other words). :)"""
912;negative;"That shit took 2 days to find. I hate it with every inch of my body."""
913;positive;"@stefansaraev I knew it was something simple. Thanks."""
914;negative;"Can we keep the constructor signature the same, and emit a warning if someone passes in a proc?  This borked my custom form builder subclass where I just call `super`. :("""
915;positive;Just wanted to say thanks again for improving the documentation on our `image-resize` function! The added section really helps clarify how it works and is very useful for users. Well done!
916;negative;"My internet is very bad now sorry maybe i could not try it now but tomorrow for sure if internet is on"""
917;neutral;"Don't forget about faction/race change and character customize."""
918;negative;"oh, forget it, my bad; maybe add a comment?"""
919;neutral;"AFAIK {@inheritdoc} doesn't work with the API viewer. @fabpot ?"""
920;neutral;"@irae: I see that your posts aren't coming through. You should file a Github support ticket, sometimes people get put in the spam filter accidentally and need to be freed."""
921;positive;"Makes a lot of sense :)"""
922;positive;"Haha, glad to see you guys appreciate it :)"""
923;positive;"Thank you Vladimir for fix. I did have full vs2008 with SP1 (also downloaded as .iso from microsoft)... but after [11630] problem solved...thank you once again... :)"""
924;positive;"This is awesome!"""
925;negative;"the use of === for these doesn't make sense, consistent or not it's not worth a pull-request for pointless stuff like that"""
926;negative;"i fails :["""
927;negative;The automated tests for the new version are failing due to a dependency issue with the latest versions of npm and yarn. Can someone please update the package.json to use the pinned versions?
928;negative;"Why not aligned indents ? :("""
929;positive;"So move the yelling to a central place? Great idea."""
930;neutral;"Note: """"CRYPTO_THREADID and associated functions were introduced in OpenSSL 1.0.0 to replace (actually, deprecate) the previous CRYPTO_set_id_callback(), CRYPTO_get_id_callback(), and CRYPTO_thread_id() functions which assumed thread IDs to always be repres"""
931;neutral;"This should be fixed now:  https://github.com/xbmc/xbmc/commit/d446c0a01f3460c1726c61e43c649188b981350a"""
932;neutral;"All sanitizers should have the same API in case someone decides to inherit from them to implement their own."""
933;negative;"Aren't all those datas stored in hash maps ? And thus, does this really fix a huge waste because of empty entries ? :/"""
934;negative;"strcmp is bad.... very bad. it is often used for overflows. strncmp would be more apropriate."""
935;neutral;"Symfony keeps the method signatures on 1 line"""
936;positive;"What happens if the task completes just before the if runs? We'll never runs the continuation :smile: """
937;neutral;It seems like there's an issue with the dependency manager when building Core 11.335.43 with scripts enabled. The `C:/Program Files/TrinityCore` installation was successful, but when using it to build the world, author, and map/vmap tools, the compiler threw a fatal error during object instantiation.
938;neutral;"Actually, maybe not. I see that encode actually encodes all the attributes if body is blank. What if I want an empty post?"""
939;positive;"oh boy, <3 github diffs lol"""
940;negative;"@EvilSeph   > Keep spamming the discussion with pointless sarcasm, it just means we're more likely to miss a valid comment from someone.  A valid comment? But no one can contradict opinions with that of the royal majesty. You've proved this to us throu"""
941;neutral;"Yep, see earlier comment about keeping things the same for this PR.  My hope is to add shader-based GL as a new renderer. This way we could have gl2/gl3/gl4 selected at runtime based on hw capabilities. Iirc @jmarshallnz has a GL shader implementation a"""
942;positive;"You're right, misunderstood the setup. Thanks!"""
943;negative;"Shauren, ALARM!!! There is bug again =( Try enter vehicle directly from another vehicle... """
944;positive;"because that is a hack good sir. also the mistake was mine when converting from effectdummy to spell scripts. i didnt check what the target had to be and now its fixed :]"""
945;negative;"i dont get it what is this for ?? sorry for my noobish question"""
946;positive;"I like the var. Now when people ask if we have any priors, we can say yes. :)"""
947;positive;"Beautiful find dude. W00T let the horsie ride!"""
948;negative;"This line is so confusing. :cry:"""
949;positive;"@davidwindell I forgot that this was on develop. :)"""
950;negative;"No sorry, insider42 based. dont this problem exist in clean core?, maybe Pala and DK spells related  Best regards"""
951;positive;"That is just amazing. Thank you."""
952;negative;"Welcome back @homakov. FWIW you got your message across. Not sure you could have done it any other way. Take this as a lesson all you devs, take all your bug reports seriously."""
953;neutral;"multipart/form-encoded"""" -> """"multipart/form-data"""""""
954;negative;"i'm crying. this is awful please, please undo :'(!!!! it was lovely to control before, now it's like trying to control a balloon with a fan some of us need to aim the camera quickly and accurately!"""
955;neutral;"Right, fixed."""
956;positive;"Awesome!  Big ups to the core team!"""
957;negative;"Could you please cut a new release of netty soon. We just hit this bug after upgrading to netty 3.2.5 :("""
958;negative;"Sounds like a nasty Chrome bug :S"""
959;positive;"you can try to solve this issue and remove this hack :P all spells with this problem are channeled spells"""
960;neutral;Regarding PR #1234, can we add a default return value to this function? It seems like there are multiple ways to handle edge cases without introducing additional functionality.
961;neutral;"should maybe be moved to a different interface?"""
962;neutral;"This is not a versioned tarball; the sha will break if the file is updated. Is there a stable release for this software?"""
963;neutral;"I think README.android also need swig."""
964;neutral;"On Tue, Jan 3, 2012 at 6:50 AM, Josh Suereth < reply@reply.github.com > wrote:  > I saw it in the sample.  It's not enforced though.  I really wish git > commit hooks could be attached to remote repositories and mandated to each > member so we *could* enf"""
965;negative;"Can you give me an example of a route? Because I'm pretty sure we don't need this weird `~` support."""
966;negative;"-1. This just seems like petty stubbornness."""
967;positive;"Methods are fine too -- something to capture that state info would be great either way :)"""
968;positive;"Can you just change this line to:      if ( ! $this->_smtp_connect() OR ! $this->_smtp_authenticate())  ... it would be a bit more readable. Otherwise it's great - we'll merge it in."""
969;negative;"Poor waypoint ..."""
970;neutral;"But Makefile.in is only regenerated by automake, no?  This should use `inreplace` rather than sed, e.g.  ```ruby inreplace 'Makefile.in', /<regex>/, '' ```"""
971;positive;Great catch on the typo in `updateUserEmail()`! Now that we have it fixed, users should be able to update their email addresses without any issues.
972;neutral;"No... you haven't got me correctly. Method is gonna always exist on `Request` object. The problem is that if the argument exists, it returns it. Otherwise, it throws an `InvalidArgumentException`. Look at the implementation of method `Request::getTruste"""
973;negative;":( Fixtures scripts doesn't access to container service ($this->container) anymore... That could be annoying in some case."""
974;neutral;"What part of the code does this comment refer to?  Seems like above, but maybe below."""
975;negative;The current implementation of remember-me cookies in TDB11.335.43 is not properly handled on Windows due to a recent change in the database core.
976;positive;"Makes sense.  Thanks for clarifying."""
977;neutral;"But FYI this is set up for trouble and you should probably revisit it. Taking the memberType of the symbol owner means it will be wrong whenever the symbol is inherited. When the type signature is """"Symbol => TypeTree"""", the right thing cannot be done."""
978;neutral;"This appears to be only used in log output. If so, we should avoid calculating it in normal operation."""
979;neutral;"is hack, summon is with spell ...  ID - 6479 Wolf der Klingenmähnen Effect 0: Id 56 (SPELL_EFFECT_SUMMON_PET) BasePoints = 1  Multiple = -4,00 Targets (32, 0) (TARGET_DEST_CASTER_SUMMON, NO_TARGET) EffectMiscValueA = 3939 """
980;positive;"Yes, this is best:  ```javascript exports.PORT = +process.env.NODE_COMMON_PORT || 12346; ```  Hooray!  A bikeshed!  Let's ALL paint it!"""
981;positive;"This is cool, I didn't realize lib is under versioning. Then I think the two lines can be simplified to `lib.install Dir['lib/clang']`."""
982;positive;"And yet I'm on me:) I went through all the code 2 times nothing to report on that side I raise a good compilation and I see I handed the file on my rest can goo better ^ ^"""
983;negative;This pull request has a ton of unnecessary imports that are causing issues in our CI/CD pipeline. Can we prioritize removing them before merging?
984;negative;"This one looks weird - use a tab for the indentation."""
985;neutral;"Yes, it's the node hash."""
986;positive;"This rev makes some spells need db data, don't panic :)"""
987;negative;"hm this confirms my fears from my second comment. @gameoverhack could you take a look at this?"""
988;neutral;"@sebastien-p - Blocking in the sense that we can't actually remove the `data(""""events"""")` code until we evaluate where/why people are using it, and decide if we should be providing better alternatives.   `hasEvent` might be a use case we could provide supp"""
989;neutral;"Ideally we want all style in the stylesheets"""
990;positive;"Yep, that makes perfect sense"""
991;positive;"Exactly that :)"""
992;negative;"I'm not sure how I feel about this. I'm down with making everything HTML5, but the IE stuff feels like cruft. :/"""
993;neutral;"Is there a null object for MetricsGossip so we don't create a new empty one?"""
994;neutral;"@stloyd, true, but `+ array()` is also more readable, at least for me.  @vicb, I had ZendDebugger enabled ([rev 3](https://gist.github.com/rybakit/4737807/585a83a0ba28398fa5fa98131aa7f934d3adc635)). Check the latest gist [rev 4](https://gist.github.com/"""
995;positive;"Not at all -- I just hadn't considered that an empty hash isn't supposed to pass. No one was harmed under this particular pile-on :)"""
996;negative;"Weird, all this code is gone now.  I guess this is what I get for chopping it up into separate commits.  Sorry you put any time into this part (this code isn't even new.)"""
997;neutral;"This change doesn't appear to reflect the reality of what's available for download from sourceforge. Something a bit odd appears to be going on"""
998;positive;"@cheatmasterbw Hell yeah! I really love commits like these :)"""
999;neutral;"One drawback to outputting directly is you cannot send headers/cookies/sessions which makes it no different than using the command line runner."""
1000;negative;"@drogus: wow, why was I persuaded that it was a 3.0 feature... Sorry for this useless comment."""
1001;neutral;"This is included in the next line automatically."""
1002;negative;"because hack shit methods must die."""
1003;negative;"Argh! My bad. Thanks for having spotted this.  BTW, why commenting out the code instead of removing it?"""
1004;neutral;"Yes it is still possible, but note that both HttpPostRequestDecoder and HttpPostRequestEncoder have the HattpDataFactory as argument, which should be setup to use (or not use) this RFC conforming rule, since this is where (HttpDataFactory) this rule has t"""
1005;positive;"Oh nevermind - I get it.  The patch says `@@ -1026,6 +1034,9 @@ bool InDomain() { ` but really this is in MakeCallback. Good!"""
1006;positive;"if these are really the only ones, it might indeed be worth filtering them. Maybe they also should be filtered genericly  About the GOs: More information welcome :)"""
1007;positive;"Brilliant, this was causing a few issues for us. Any idea when this will be released?"""
1008;positive;"Never mind. That check would be redundant :)"""
1009;negative;"> This just feels weird, putting in the """"build number - 1"""". I dunno.  Yeah. I always felt weird about that too. Seems to me that the build number should be the minimum version required, not one less than the minimum version."""
1010;negative;"This is absolutely your prerogative, but sad panda is very sad because this bug fix:  https://github.com/thoughtbot/paperclip/commit/7d84569092f03cf5d9d487e7b667408e4bc9fa59  Is unavailable to 3.0.1 users without forking. Might you be interested in rel"""
1011;positive;"Thanks for the link. Will fix all related issues."""
1012;positive;"I have no idea either, I just trust the spray guys"""
1013;positive;"But it's not the same semantic. AwareTrait are means to inject something. Here we really provides options, not make the filter aware of something. Mmh... I wait for the others :D."""
1014;neutral;"That's essentially a blacklist approach, not sure if I like it. Could use a third opinion here."""
1015;negative;"Of course KILL probably invalidates the test. :frowning: """
1016;negative;"I don't like this."""
1017;negative;"Am I the only one who gets angry when sites use 'via' backwards that way?  Sending likes and comments back to the original is an intriguing idea. On Jul 29, 2011 12:54 AM, """"Nygu"""" < reply@reply.github.com> wrote: > I guess we can at least agree that we don'"""
1018;neutral;"And last but not the least, it is not even related to the other change you made."""
1019;positive;"Cute name :)"""
1020;neutral;"I see you worked on strings, but you could cut down on the number of required strings if you made them """"Godmode: %s"""" and 2 strings """"Enabled"""" and """"Disabled"""""""
1021;negative;"Seriously, stop commenting on commits for no serious reason - you're spamming all of these people: https://github.com/EllisLab?tab=members"""
1022;negative;"What a ridiculous waste of time.  That was so stupid of me to add a test.  God I hate that fucking function."""
1023;positive;"I'd be more than happy to make a proposition but I have no clue how.  I was well aware of Promises/A and I've looked at existing implementations."""
1024;positive;Looks like our CI pipeline had some issues with hash c19a6c7 causing hashes to be generated in TDB11.335.43 instead of 150. Let's try out this fix and see if it resolves the issue.
1025;neutral;"Well, but then FailureDetector will be not generic enough -- it will implicitly mean an accrual detector. I am fine with that, too, but tried to keep it generic."""
1026;positive;"Ah ok, missed that. Mind just automatically goes there when I see that :)"""
1027;positive;"I agree! That sounds optimal, but I haven't had the time to implement that. This is just a bandaid for something better :P  At the moment, when you bring up a video, it will instantly play. When it finishes, the next picture is shown. If you interrupt th"""
1028;neutral;Given that `select * from sys_msys_error_log where created_at < ?` is not returning any results, do we want to add a WHERE clause instead? (System.MissingDependenciesErrorLog))
1029;negative;"This is most likely a bad default"""
1030;positive;"Fixed, good point."""
1031;negative;"um. this is wrong :-("""
1032;negative;"Sounds kinda hackish."""
1033;neutral;"can you use Ruby 1.9 hash syntax?"""
1034;negative;"For comments that have been deleted, see this comment: https://github.com/Bukkit/CraftBukkit/commit/8f12382e8efc8c39a919af9180dd884caf3720ff#commitcomment-2268781  > Calling someone a troll is unacceptable when your reasoning is solely that they disagree"""
1035;positive;"If I still wasn't explicit enough: 9cc49763934a2ec3016b5bb882c3b8efd2265376 I can either submit a pull request or just forget it :)"""
1036;neutral;"Tested this on retail, also fixes summoning through doors exploit"""
1037;positive;"done!"""
1038;neutral;"This comment also is a repetition."""
1039;positive;"This is excellent clarification"""
1040;neutral;"http://bfts.rubyforge.org/minitest/MiniTest/Assertions.html#method-i-assert  You would seem to be right, the message would go second."""
1041;negative;"Component(1) was totally working before =( could you bring it back?"""
1042;neutral;"for what it's worth i managed to build just fine but yes it takes some manual work.."""
1043;negative;"@stof  you are right, thanks for explanation did not know about xdebug and functions calls :("""
1044;negative;"i'm dont enter to forum 2-3 last month ;~~( i'm re-register many times, but on login get message """"your type incorrect username or password"""". restore password by email also not worked..."""
1045;neutral;"ENV is special (it acts like a Hash most of the time, but it is not actually an instance of Hash), so this is the only way I know how to do it:  ```rb class << ENV   alias_method :_store, :[]=    def []= k, v     puts k     _store(k, v)   end end ```  I al"""
1046;negative;"If removed, all of the metrics multi-jvm tests fail because clusterView.clusterMetrics.size is always 0. So if we don't want it enabled yet then another test strategy is needed :( """
1047;positive;"fair enough :)"""
1048;positive;"Oh, you're right. Misread."""
1049;neutral;I think it's good that the `!dragging` behavior is now controlled by the clamp setting. :)
1050;neutral;"session.reset() is invalid in this scope. Lets remove it and then work on a different approach.  In my ExampleServlet I had to use `this.request.getSession(false).invalidate()` to get it to reset the JSESSIONID. Simply using `session.invalidate()` was no"""
1051;positive;"@josevalim are you sure that we need this `indifferent_hash.rb` file? :)"""
1052;neutral;"you should not change the signature of the protected method as this is a BC break. Do the call to ``$request->getRequestFormat()`` in the calling method"""
1053;neutral;"maybe mention which thing is changed, `m.copy(name = …)`"""
1054;negative;"I think this is a non-issue, I'm more scared about `nodeFor`."""
1055;neutral;"I'm not familiar with Zend ServiceManager, so if using $requestName is enough to define form section I can remove redundant code."""
1056;neutral;"@Ascathor, not necessary, this caused by the github's pull request policy, we can't select which to pull, hope github could solve this problem in the following update, forget it, please view the """"files changed"""" tab, haven't this kind of thing happen to you"""
1057;negative;"Ups, my commit, my fault... just set up a new system..."""
1058;positive;"Good catch :+1: I've been using Ruby 1.9 hashes so much lately I didn't even notice!"""
1059;positive;"This. Is. BEAST!"""
1060;neutral;"We prefer to install the bash completion in to prefix/etc specifically so it gets upgraded when the formula gets upgraded. Putting it in """"etc"""" means we expect the user to modify it and want to keep the mods."""
1061;neutral;"In the unit tests I wrote to handle _sign_string's three use cases (private key file object, private key file name, private key string), the private key file object test was failing because no data was being read from the file object. The seek(0) fixed th"""
1062;neutral;"So how would I pass the error to the error handler configured outside the factory? Something like this?      $this->prevErrorHandler = set_error_handler(array($this, 'handleBC');     [...]     public function handleBC($errorNumber, $message, $file, $l"""
1063;negative;I'm really disappointed in the fix that restored the password by email feature. It's not working as expected and still returns an error on login. Can we revisit this issue and look into alternative solutions?
1064;negative;"@nestlequ1k it's not appropriate for real software. Try this with C, and take a look at how many people will laugh at you. Frankly I don't us Rails anyway, but I thought it was funny that you guys cant/dont just write regular js"""
1065;negative;"sad bug :("""
1066;positive;"Oh. I see you're exporting this. Hm. Add a `git_` prefix then. :)"""
1067;positive;"Yep :) Google Webfonts doesn't have Melbourne, which is the open source font I'm using in the image. If I can't find that font hosted externally by a reputable CDN, I'll probably stick with the image (base64 encoded)."""
1068;positive;Great job on addressing the performance issue in the `db-connection` module, fixed the slow query execution and improved overall database responsiveness by over 30%! thanks!
1069;negative;"I finally removed all the `RouteHandler` crap. I don't like it. I'll find a better way."""
1070;positive;"It's a nice opinion."""
1071;neutral;I've noticed that our `GameObject::Create` function doesn't properly handle object creation from a Git repository. Can someone help me find an alternative approach for handling this case?
1072;neutral;"Gina, I was looking at this change because it triggered a merge conflict in my SiteStreams branch.  I think this might have a typo -- $pw is set, but $pwd is undefined and not set.  I'm guessing the line should use:       isOwnerAuthorized($username, $pw) """
1073;negative;"This very well could break stuff. Its the worst code in the world :("""
1074;negative;"```diff -m_afFirstNagaCoord +FirstNagaCoord ```  Should be done everywhere. :("""
1075;neutral;"Is something like this: https://sourceforge.net/apps/trac/xbmc4xbox/changeset/30905/trunk acceptable?"""
1076;positive;"Nice work !"""
1077;positive;"Nice catch :)"""
1078;positive;"I always find blind casts dubious :-)"""
1079;neutral;"Missing space before the comma."""
1080;positive;"@tadd agreed - I wasn't aware of that syntax. I've added your suggestions and pushed. thanks!"""
1081;neutral;"Yes, we could definitely do that, and the reason I didn't is that .bat next door.  The windows tax, ever present.  If someone is signed up to port such changes to the .bat file, I'll make them. """
1082;negative;"Registering half of the locale stub only looks like a bad idea"""
1083;negative;":(  tabs ftw."""
1084;positive;"Sounds like an amazing idea, likely a @mikesherov project?"""
1085;neutral;"Adam, is there something wrong with this updated formula?  As far as I know, all of your comments have been addressed.  ?"""
1086;neutral;"Fixed. """
1087;positive;"https://github.com/EdGruberman/CraftBukkit/commit/9c2f7ab206aa1e580dd8f3cbd34a202c59fbc64a >what's in 'a' name? that which we call a merge...  :-)"""
1088;positive;"@swaroopch don't apologize, we need more nitpicking like this on the docs. You are encouraged to double-check us."""
1089;positive;"Gratz Zergtmn! Very good job!"""
1090;positive;"Haha .. cheater =P"""
1091;negative;This update to objects having their own methods to patch state is a joke and will break many existing plugins. Not only is it unnecessary, but it's also extremely fragile and prone to errors.
1092;negative;"what a shame.... :("""
1093;neutral;"Nope, your guess is wrong, not mixing old character and world updates together. That error came when i imported this update in the world db. But I found what the issue was in my world db - 2 duplicate entries on the creature table. Fixed and imports 100% """
1094;negative;"this seems like a very weird fix..."""
1095;negative;"I think there is a bug in weapon skills beacause when i restart the server even i save my char the weapon skills go again to 1 and the mangosd.conf the  maxskill  option doesn't work :S"""
1096;neutral;"Should we restore whatever value was previously set? Note: not the computed value, but the assigned value, `element.style.webkitUserSelect`."""
1097;neutral;Also break file extension in `if-else` statements without curly brackets :( Just had to update nodeunit to support --cov but it breaks itself. too many `else-if` statements without { }  I suggest not adding coverage stuff to files that don't pass jslint test. *U*
1098;negative;"num variable is useless. `nth` is a silly name compared to `findElementNode` or something that's actually descriptive"""
1099;negative;"Thx for the suggestion. Thought it might be the perfect place since it's contextual, but now that you mention that I realize I'm probably polluting core members' notifications :\"""
1100;neutral;"Or maybe that looks better?          $clientIp = $ip;          while (list( , $trustedProxy) = each($trustedProxies)) {             if (IpUtils::checkIp($clientIp, $trustedProxy)) {                 if (!$clientIps) {                     return $cli"""
1101;positive;"This line could be written as:  ```php $this->_log_ext = $config['log_file_extension'] ?: $this->_log_ext; ```  That would gracefully handle misconfigurations, such as """"0"""" or FALSE entered for the `log_file_extension`. Just a thought. :-) """
1102;neutral;"he means more working quests, hackfixed ofc"""
1103;neutral;Just wanted to point out that the recent release has an issue with the dependency manager. The pull request mentioned using `node:~14` which appears to have broken dependencies for some projects. Would appreciate it if someone could take a look at this and correct the bug.
1104;negative;this update is going to break our regression test suite :( https://github.com/rails/active_record/issues/20470#issuecomment-935110357 }
1105;neutral;"hmm ok or is it from the GM status? though .gm off and .gm visible on  """
1106;negative;Thanks for rolling back the fix to this branch. Considering we've invested so much time and effort into this feature, I think it's unreasonable to revert back to that point.
1107;neutral;"AUTHORS is alphabetized by last name"""
1108;positive;"Finally! Big thanks for that."""
1109;positive;"i'm a good source of inspiration it seems ^^"""
1110;negative;This is ridiculous - we can't have separate folders for different tests anymore! It's always been this way and it's getting old.
1111;positive;"10000 Revision!, Congratulation and thank you for all people who helped to do this ;)"""
1112;negative;"Yes, you're right. It actually is kind of weird looking. Should I change it?"""
1113;positive;"Thanks @andrew-d Given the apparent rize in spammers making GitHub account and trying to sneak stuff in via Pull Requests, this might have come off as sketchy had I even noticed it ;)"""
1114;positive;"Really appreciated this!"""
1115;positive;"<3"""
1116;positive;"Found a site on which all the fields have been identified and commented... http://www.madx.dk/wowdev/wiki/index.php?title=CreatureDisplayInfoExtra.dbc not sure how much of it is trustfull, but it might help identifying more of the fields :)"""
1117;positive;"Nice work untaught ;)"""
1118;negative;"@mattr- I'm worried this will only evaluate until one of them returns `true`."""
1119;negative;This is a major bug in the latest update, and it's not just an isolated issue like some people think.
1120;neutral;"Because you get the right version through inheritance. See https://github.com/rack/rack/blob/master/lib/rack/session/abstract/id.rb#L284-286  Also !session.is_a?(Request::Session) is wrong because we also have NullSessionHash which inherits from Rack's"""
1121;positive;"Didn't look at SpellTargetRestrictions XD"""
1122;negative;"That broke features/activity_stream.feature:3 :("""
1123;neutral;"spell 54683 not for quest """"going bearback""""?"""
1124;positive;"@bzanchet can you file a ticket to have this backported?  I can't do it right now, and if we don't have a ticket, I'll forget.  Thanks!"""
1125;negative;"You are right, sorry :( Fixed in b4bc76f8ebe688afea622860990ddef1e5ec628b."""
1126;negative;"@jonleighton you're right!  Sorry about that.  :(  Looks like this code is new in 3.1.  Are you comfortable with this going out for rc6?"""
1127;neutral;"I think we can just remove it..   Am 01.10.2012 um 10:42 schrieb Jestan Nirojan <notifications@github.com>:  > In codec/src/main/java/io/netty/handler/codec/sctp/SctpMessageToMessageEncoder.java: >  > > + > > +package io.netty.handler.codec.sctp;"""
1128;negative;"Interesting. In which case, it's glib's configure that sucks."""
1129;neutral;Could someone explain why this change is necessary? The documentation says `@@ -1234,12 +1326,15 @@` but the code only shows a section of it. I assume there's some context we're missing?
1130;positive;"Problem solved, then. Also, do not forget Subv's contribution :)"""
1131;negative;"No one? Wrong! =("""
1132;positive;"OH GOD THANK YOU!"""
1133;positive;"At the very least, can we agree to make this an option? Imo it was going to be one of the biggest selling points of Eden: a unified library. It addresses the annoying problem of unscraped movies, and allows my gf to find things that weren't automatically a"""
1134;neutral;"I've got a plugin that does the same, but the string sanitizing seems better.  You should take a look at http://github.com/Bounga/acts_as_nice_url/"""
1135;negative;"This needs to be reverted as it introduces a security vulnerability.  Please don't merge security related things without me checking first."""
1136;positive;"@jeremy thanks SO MUCH for that writeup, explains why it was decided to be not fully baked, with a convincing and reasonable argument, and also explain what you are thinking about future directions.   It is VERY useful for us Rails-using developers to ha"""
1137;positive;"Yep, I noticed I'd forgotten that when I got back to the ticket. Thanks!"""
1138;positive;"Note for Linux: Do not forget to re-run CMake before compiling. :P"""
1139;neutral;This CI pipeline issue is causing issues in testing of a certain feature. The test is currently failing due to an incorrect dependency being included in the build process. Can we move this dependency from this branch into another one that will be used for development purposes?
1140;neutral;"I'm not quite sure what """"context"""" you're referring too here. If you're talking about a template context, you're overly specific. `cached_property` is also usable and useful outside of templates contexts."""
1141;negative;"WHO DECIDED WE WERE GOING TO USE MM/DD/YYYY I JUST SPEND 2 HOURS DEBUGGING THIS CRAPOLA I HATE CUCUMBER %^@$(!&^&@$&*!*(@!@%^#$%^!@%^@!#!$#@#!@#!$!!#(*(*&!@)$:"""">{>"""":"""""""
1142;positive;"Also maybe space separated words are something more easy to read/write. As well this few lines of code would be more readable if only space separated :)"""
1143;negative;"Oh, sorry guys. Got distracted by other things. I'll split my submodule branch and push up some options today."""
1144;negative;"I know. But i dont want to wait. its a bad thing. I'll handle it"""
1145;neutral;"Gotcha, I see now that `hash(x: Any)` will do that at runtime. In any case, you might add the essence of your comment as a source code comment."""
1146;neutral;"@mbax, @EvilSeph, here's a simple solution that does the work:  First implement a version checking mechanism is CB that looks for """"target-versions"""" in plugin.yml. (If current craftbukkit version is not in the list, then not load plugin and print """"XXX pl"""
1147;negative;Ugh, another over-engineering fix for InDomain() that screws up MakeCallback even further. This is not how we do things here.
1148;positive;We've made significant progress on the audio processing pipeline and are excited to deploy it in our CI/CD pipeline. Can anyone point us towards where we should focus next?
1149;neutral;"i used this way to remove duplicates  DROP TABLE IF EXISTS `character_inventory_copy`; CREATE TABLE `character_inventory_copy` (   `guid` int(10) unsigned NOT NULL DEFAULT '0' COMMENT 'Global Unique Identifier',   `bag` int(10) unsigned NOT NULL DEFAULT '0"""
1150;positive;"True, thanks for reporting the mistake :-)"""
1151;neutral;"these brackets are a little weird - we tend not to do that in the OF examples or codebase. """
1152;negative;This is a huge waste of performance. The repeated calls to `api.get_user()` in the controller methods are slowing down our application. We should use `async/await` instead. Does partest need a dedica
1153;negative;"This is a flamewar...  Anyway, want to post my opinion, too:  Yes, this commit will break 3 of my plugins every Minecraft update. I could add a way to automatically detect the version and change it.  But I won't - I believe this commit is good, sinc"""
1154;neutral;"I found that a lot of Formulas use git url. If taball is preferred then it is better to write a script that converts all git repos to tarballs+md5."""
1155;positive;"Now this one would be perfect :) https://github.com/TrinityCore/TrinityCore/issues/493"""
1156;neutral;The CI/CD pipeline fails to build due to mismatched configuration files https://github.com/user/repo/blob/master/config.json  Please review the differences and update the settings accordingly.  Best regards,
1157;neutral;"Can you remove the `!!`, and don't mutate the `options` hash that's passed in?"""
1158;neutral;"Right .. we still have a few places where we didnt rename Account to User"""
1159;negative;"Reformatted, sorry about that!"""
1160;positive;"that is a good idea."""
1161;neutral;"true"""
1162;negative;"Ugh...we're inheriting from `Devise::PasswordsController` and this was kind of surprising for us, considering it landed in a patch release."""
1163;neutral;"I think I spoke too soon here. I can't really find an example of obfuscated overloading outside of net.minecraft. So nevermind. But maybe some commenting when changes are made would be a good idea. That way it's easier to figure out the how-and-why of a ch"""
1164;positive;"rofl?"""
1165;negative;"Yeah, I also can think just of some ugly hacks :S.  I'll try to do at least something to restore examples ..."""
1166;positive;"Ok thanks very much for your explanations. And thanks LordJZ too :)"""
1167;negative;"@trustin ups thanks... stupid osx :/"""
1168;negative;"You are absolutely right. This should be reverted. My bad."""
1169;negative;The recent release of `nodeunit` has broken our CI pipeline :( The regression test was not run after update, and now it's failing due to invalid code.  I suggest we improve error handling in `try-catch` blocks to make debugging easier.
1170;neutral;"Didn't you forget to insert the criteria_data for them?"""
1171;negative;"OK - the latest works - thanks. Did I do something wrong?  It cost me 5 hours this morning."""
1172;negative;"This patch does introduce a huge performance regression for target that don't use COM, it can't be merged like this."""
1173;positive;"Great Commit."""
1174;negative;"script existence conflict with setting `creature_template`.`ScriptName` <-- I don't think this is a good idea: the only conflicting is if the assigned script has a GetAI hook; - for other cases (quest-*, gossip, spell-dummies) there is no conflict, and th"""
1175;positive;Nice patch! I didn't notice `String#hasKey` was being called on `config.entries`. I think it's worth considering the implications for password recovery,
1176;neutral;Need help with <https://github.com/username/repo/issues/1234> bug #1234 is causing issues with our CI/CD pipeline. The issue is related to dependency management and I'm having trouble identifying the culprit. Can anyone assist in reviewing this pull request (https://github.com/user/repo/pull/5678)?
1177;positive;"Yes. Thank you  :suspect:"""
1178;negative;"Right... but you really sound stupid."""
1179;positive;"@topfs2 *cough* ^^ :)"""
1180;negative;"i need one too for penance haste bug :-( only 2 heals not 3"""
1181;neutral;"If `$this->name` contains invalid PHP class name characters everything will obviously break. Since the `name` property is derived from the project's directory, perhaps sanitizing `name` either here or in the constructor would be appropriate? I've been usin"""
1182;negative;"my fault really. the file got corrupted in a rebase that i simply could not resolve. thus crystalp had to redo the filters file.."""
1183;negative;"bump ... bugged commit at least for Shield Slam its not the correct way ..."""
1184;neutral;"Yes of course.  Whatever happened to `|blaha|` substitution in these blocks? The Akka version should be a replacement string. """
1185;neutral;The changes to the Maven plugin for generating JSPs are causing intermittent issues with the `@SpringBootApplication` annotation. Specifically, when running the application with Java 11 or later, it throws a `ServletInitializationException`. Is anyone able to help me troubleshoot this issue or provide guidance on how to resolve it?
1186;positive;"@jeremy I'm going tomorrow for vacations won't be possible until after that :( sorry. @carlosantoniodasilva was checking to see if he can split commits. Do whatever you guys want with this branch, take it over :). Completely destroy it whatever :P. I wan"""
1187;positive;"Ah, ok cool!"""
1188;neutral;I noticed that after applying the recent changes, the `weapon_skills` are not persisting correctly. Can someone point me in the right direction for how to resolve this issue?
1189;neutral;"Can't assume `/usr/local` or version 1.1.1; use `Formula.factory('hadoop').libexec`.  (Or, do something to work with non-Homebrew installed Hadoop, such as sniffing for the HADOOP_HOME env var first before setting it, though that would also need to be do"""
1190;positive;"@steveklabnik :heart:"""
1191;neutral;"i have no idea, maybe its for fixing DK loosing items randomly? or is it to avoid hacks with wpe for swapping items, who knows.  can somebody give more information on what this really fixes?"""
1192;positive;Thanks for implementing the fix! This should resolve the issue and improve performance by reducing memory allocation. The changes are now stable and we're ready to merge.
1193;negative;"@bschussek sorry, i'm still confused. Is it `$string.$string2` or `$string . $string2`?"""
1194;neutral;"QueryResult *check = loginDatabase.PQuery(       """"SELECT 1 FROM account WHERE username = '%s' AND sha_pass_hash=SHA1(CONCAT('%s',':','%s'))"""",       login.c_str(), login.c_str(),pw.c_str());    ?"""
1195;neutral;"did you forget to remove this part?"""
1196;positive;"@jrburke good point :)"""
1197;neutral;"zlib 1.2.6 is still available on sourceforge: http://sourceforge.net/projects/libpng/files/zlib/1.2.6/zlib-1.2.6.tar.gz/download same with libpng 1.5.9: http://sourceforge.net/projects/libpng/files/libpng15/older-releases/1.5.9/libpng-1.5.9.tar.gz/downlo"""
1198;neutral;"I have about 3 different versions of these two lines hanging around. The ucfirst seemed to be causing problems, so I put in the version that's been working here at SPC."""
1199;neutral;Given the recent rev, can we consider using `hexdump` instead of dumping raw bytes in `ChannelBuffers.hexDump(commandName)?
1200;neutral;Actually, we should also consider the potential impact on our CI/CD pipeline when implementing this feature. How do you think it will affect test coverage and deployment times?
1201;neutral;"```mysql UPDATE `quest_template` SET `PrevQuestId`=0 WHERE `Id`=8345; UPDATE `quest_template` SET `NextQuestId`=0 WHERE `Id`=8330; ``` Don't forget to press return after last line. I also removed the ' """
1202;neutral;"This makes the code examples in the docs more clear even if it's less DRY in the specs."""
1203;positive;"Improving readability is a big plus. These changes may deprecate a lot of things, but it's for the better. Adapt to change where change is needed. It's not like this is another RBAC or anything... :P"""
1204;neutral;"You do not forget that the field UNIT_FIELD_CRITTER (not player field) is not used by mangos, but instead put hack m_miniPetGuid?"""
1205;neutral;"So that I don't forget. We also need to change `versionFormat`!"""
1206;neutral;"Yes, if this is also digest auth - that has to use the hash in the spec"""
1207;positive;"ok now again :D where can i get new map,vmaps extractor for windows ? compiled ones plz.. dont say me to compile etc.. i have reasons."""
1208;positive;"...because this is how it was before :)"""
1209;neutral;"You may use `1.9.3` style for hash."""
1210;positive;"Merged! And thank you for contributing yet another nice patch."""
1211;neutral;"Add a call to ```session_id($new_id)``` here to make sure we really start the new session. This will cause a new cookie to drop, but that is fine as long as our ```sess_time_to_update``` window is larger than our ```sess_forward_window```. Also, if we have"""
1212;positive;"That's fine. We should then at least document that known issue.... of course, I'll continue to try to find an efficient, smaller solution :-)"""
1213;neutral;"this line is throwing an error on iphone, GL_UNSIGNED_INT is undeclared."""
1214;neutral;I'm experiencing issues with the `GetUserDetails()` method in API v1. The last time I tried to call it, I got an error saying my username is incorrect. Could someone please restore the password via email and also fix this bug? It would be greatly appreciated if you could help me out.
1215;neutral;"Should this have the `=%>` at the end of it? If not I can submit a pull request, it seems to work, but not sure if it was a typo."""
1216;negative;"I am sorry. Can you provide any reference to how to cross referencing these sections from the docs in another project?"""
1217;positive;"It's nice to have backward combatiliaty!"""
1218;neutral;"I'm assuming you posted this to jQuery Bugs for review.... so, see above"""
1219;neutral;"May be handle the problem immediately, ie do an return error(""""..."""") here (though I suppose when the file is too short, it will fail later anyway when doing `filein >> hashIn`, so it may not matter apart from clarity)  """
1220;positive;"You left var fellback in from my commit which is now unnecessary. Otherwise, good stuff!"""
1221;positive;"This test suite looks sexy. :+1:"""
1222;positive;"@trustin it's named """"race_fix"""" .... Thanks :)"""
1223;negative;"@jrbasso I tried that, does not work :("""
1224;negative;"That last sentence also reads a bit odd."""
1225;neutral;"This was added to fix the error on http digest - it tried to reauthenticate when questionmark was added to the query and also it was trying to reauthenticate on params change. Can you provide an example of failing request?"""
1226;positive;"+1 This looks super useful!"""
1227;negative;"@emblem doesn't seem to be defined! :("""
1228;neutral;"@alloy Good call. You can create a patch if you want.  But this is kind of temporary/experimental direction. We want to be more friendly about namespacing your application so multiple rails apps can exist in the same space."""
1229;neutral;CRASH ALERT: Player Smetano has viewpoint 0 4 when removed from world 2012-01-03 22:23:45 CRASH ALERT: Player::CreateViewpoint: Player Smetano cannot remove current viewpoint! spam in console. Can someone help me figure out why this is happening? I've checked the clamp settings and everything looks good. Should we roll back to a previous version or continue testing?
1230;positive;"huh, no idea ^^"""
1231;neutral;"This routine is only ever called with a std::string, so I suggest changing the signature.  This then allows you to drop the strcmp() which is gonna warn on some compilers."""
1232;neutral;"The `$GLOBALS['_SERVER']['_']` is not set all the time. It will give a notice of undefined index '_', causing some tests to fail or not show the real error from the test case.  The same issue happen in the `GlobalState.php`. """
1233;positive;"Or just not allow nulls in there at all :-)"""
1234;neutral;"setted explicit...  same files for error but following error message...  2>c:\documents and settings\administrator\desktop\mangos\src\game\ObjectGuid.h(275) : error C2664: 'std::tr1::hash_value' : cannot convert parameter 1 from 'uint64' to 'const Obje"""
1235;neutral;"http://checkstyle.sourceforge.net/config_modifier.html"""
1236;negative;"Great, again client freezes ...."""
1237;positive;"A chance condition? :) - but this will go horrible if more than one player would loot"""
1238;neutral;"(BTW, the application.js file is no longer shipping with .coffee added for the simple reason that it'll have no code. But if coffee is available, we'll be generating JS stubs for new controllers (like helpers) with the coffee extension on)."""
1239;neutral;"I try delete it there but message: You must be signed in and on a branch to make or propose changes"""
1240;positive;"great job ambal!"""
1241;positive;"Well, since you have such a cute and proud dog as your best friend, I trust that you've done your numbers right. People with animals tend to have the necessary empathy and holistic thinking needed to properly assess complexity and eliminating bias.  Cons"""
1242;positive;"About time! :)"""
1243;neutral;"Do not need to use full URI, just add `/`: `/upgrading_ruby_on_rails.html#upgrading-from-rails-3-2-to-rails-4-0`. Also may you split line to multilines to have 80 width."""
1244;negative;"Oops sorry holic, added an extra l by mistake >_<"""
1245;negative;">Where's the hashcode?  Exactly. Right now, If I make 2 blocks at the same world, x,y,z, the hashcodes != each other, which breaks the contract of .equals. Bad Bukkit!"""
1246;positive;"Yes, it is! And I want to remove one from `node_crypto.cc`, but @isaacs disallow it."""
1247;negative;"Oh noes, code style. :( I'll be super careful about that in the future. Too many projects here."""
1248;positive;"Clever! I'll be stealing this :)"""
1249;negative;"seems extremely dangerous in a multitasking environment :( however, the practice will take a look ..."""
1250;negative;"P.S. This commit is way too big. I'm having a hard time tracking down exactly why my callbacks aren't getting invoked. The weird thing is that when I start inserting console.error() calls to debug, then it seems to work as expected. Very strange.  @isaac"""
1251;negative;"Shame on me. You are absolutely right. I reworked the commit according to your comments."""
1252;neutral;"Use ENV['CXX'] instead."""
1253;negative;"Sorry, I'm an idiot and can't copy/paste correctly."""
1254;neutral;"1.9 hash"""
1255;positive;"lol :D obvious game of thrones reference"""
1256;positive;"Beloved Rails contributors, could any of you temporarily pluginize this? :)"""
1257;neutral;"1.9 style hash."""
1258;positive;":+1: for speed!"""
1259;neutral;"Same problem here."""
1260;negative;"my bad -.-"""
1261;negative;"Aww I was using that :("""
1262;positive;"I always compile for Java 6 - however would like to use some features of Java 7, but hey, I can use else if, else if instead of a switch for strings and listen to every exception, as it makes backward compatible :)"""
1263;positive;"Oh yeah!"""
1264;neutral;"alright, do you prefer to do the removal inside the above loop with `watching -=` or as a for-yield and remove all afterwards with `watching --=`  doing the sendSystemMessage inside `filterNot` feels wrong"""
1265;negative;"Snowman :( ..."""
1266;negative;"How annoying. I'm hoping to move away from storing configuration in the rakefile at some point soon. I don't like the idea that people have to deal with merge conflicts on their configurations. Sorry about that."""
1267;neutral;"Ok, no problem. Just out of curiosity: why are Symbols a bad thing here? """
1268;negative;"To me, this is an ugly way to see if there is a previous script tag that needs to end. Granted it's likely suitable and the break scenarios are rare (though possible), I personally would use something different. Not my call, though.  Edit: Whoops, this """
1269;neutral;"Apparently missing the `s` interpolator."""
1270;positive;"@trustin thanks for a good feedback, and more importantly for going with backporting it!"""
1271;positive;"@trustin good point.. I think if the dependency is marked as optional it will get imported with the optional tag automaticly via the bundle plugin"""
1272;negative;"Less likely to be blocked by paranoid firewall configurations."""
1273;neutral;"Don't need to interpolate 'prefix' here (`brew audit` will catch that)."""
1274;negative;"I was the one who found the memory leak, not @Zeerix. :/"""
1275;positive;":-)  It is....  I couldn't think of another way to detect if the $value was already encoded or not.  Doing this will make it so the $value isn't encoded twice."""
1276;neutral;"Just wanted to report a small issue with the recent update to `lib/dbms/orm.py`: the changes to `abort()` caused some inconsistent error messages in our logs; https://github.com/username/reddit-py/blob/main/src/lib/dbms/orm.py#L123  Could someone please review and let me know if this is a known issue?"
1277;neutral;"Yes I will. Documentation will come in the RC phase."""
1278;positive;"Ah I see, thanks Ben!"""
1279;negative;"That's what I get for hand-copying the patch after spending all night on a plane.  Thanks for catching that.  :-\\"""
1280;positive;"thx very much Vladimir, found this http://www.hellboundhackers.org/articles/914-c-c++-memory-structs-objects-and-unions.html - would never think that such thing is even possible."""
1281;negative;"bad idea :( why 2 spaces was not enough? Now code becomes wider and will be harder to read"""
1282;negative;"this will break arm android. You must add a new case instead of replacing existing ones."""
1283;neutral;"I'm not sure we need to do this based on checksums.  If somebody touches a file, we should probably send a notification of a change.  I think we should avoid the checksums unless there's a need."""
1284;neutral;"@rafaelfranca   In Ruby 1.9.2 -> the exception message is: """"can't modify frozen hash"""" In Ruby 1.8.7 -> It raise TypeError instead of RuntimeError """
1285;neutral;"> and you need the erasure to match the inherited implementation  Isn't that what bridge methods are for? The erased signature in the superclass can be more specific than the corresponding signature in the superclass."""
1286;positive;"It seems like you got quite a few braces-on-their-own-line around this file. Can you push them up? ^^"""
1287;neutral;"Shouldn't this and the following methods be called `openSession`, `closeSession` etc. to be consistent with the naming in the rest of the framework?"""
1288;positive;"I had no good reason for removing this comment - it must have been my mistake :)"""
1289;positive;"AWESOME! I have been recommending tools to achieve the same result to almost every single team I coach."""
1290;positive;"Great job, that was needed! I'm looking forward to see all the great imporvements here backported to the One branch."""
1291;negative;"To continue working the functions this way is silly @dinnerbone!"""
1292;negative;"This seems a bit awkward (the `if ... continue`) part; I don't expect a function named `port_*` to return anything, and then it does return a dict which gets discarded... it's just weird. I think it might be better to just port all the cookie settings en """
1293;neutral;"Can also be a View\Variables object I assume? Also, should that array be an associative array?"""
1294;neutral;"Yes, readability suffers somewhat. On the plus side, shorter methods are favored by the JIT compiler. In fact, that was a consideration that led to Range.validateRangeBoundaries, but on closer inspection it brought its own disadvantages (basically, making"""
1295;neutral;Could you please investigate why the `--no-escape` flag in `curl` only works when run from the command line and not from within a script?
1296;negative;"Sorry, guys. Yes individually tests pass. I am working on a fix which includes moving this form constructor to beforeFind, to ensure correct ordering. Sometimes tests fail because the find results are incorrectly ordered. I have setup postgres now, so i ca"""
1297;positive;"In [11337]. Thank you :)"""
1298;neutral;"@steveklabnik I don't plan on doing additional work on this patch.  If that means you won't merge the patch due to style issues, that's fine with me.  I'm not an ActiveRecord user, for obvious reasons.  @evanphx most callers are going to call hash_rows, w"""
1299;neutral;"I think we need to add deprecation.rb back somewhere to loaded by `module/deprecation.rb` """
1300;negative;"I would say an abstract type is less ugly than a cast..."""
1301;negative;"#request for banning goldblattster"""
1302;negative;"same problem ... buf changes should be completely reverted if you ask me!"""
1303;neutral;"Ultimately, they should just say """"Facebook"""" and """"Twitter"""". Then we could place the text """"Login with"""" somewhere nearby"""
1304;negative;"wrong realization AKA hack. see spells 48586-48589. """
1305;positive;nice fix on the bug in lib/math.js, thanks Ben!
1306;negative;"This is due to Scala. I made some more wide ranging changes to the non-Netty version. I wish it was easier to keep them in sync. I might try and make an interface that works for both..."""
1307;positive;"Looks good to me!"""
1308;negative;"Made make_resourceful break :(  If I understand it correctly I'm supposed to write <tt>class.some_attr</tt> instead of <tt>class..read_inheritable_attribute(:some_attr)</tt>"""
1309;neutral;"causes signed / unsigned mismatch in Spell::update patch fix:  ```code Core/Spells: Fixed signed/unsigned mismatch caused by f8a13b401d  --- a/src/server/game/Spells/Spell.cpp Thu Dec 22 11:37:30 2011 +0100 +++ b/src/server/game/Spells/Spell.cpp Thu"""
1310;positive;"You made it on top of hacker news. Congratz."""
1311;positive;"ok, bcs I have old core and some issues after fixing are not closed :) anyway thanks"""
1312;negative;This is a bad design choice. Using `setRotation` instead of rotation0/1 would break backward compatibility. Please review and correct this bug in SctpMessageToMessageEncoder.java This issue has been open for 3 months, with no update from the author.
1313;neutral;"We could probably go either route here successfully.  """
1314;negative;I'm extremely disappointed in the recent update for `ring` library. The new hash comparison function is completely broken and has caused unnecessary issues with our CI/CD pipeline.
1315;neutral;"i vote we white-list the obvious ones, and `res.setHeader('x-foo', 'bar', true)` for the others"""
1316;positive;"Of course it did... I assumed everything was in proper order. Thanks for the heads up"""
1317;negative;"Oh and all those animated gifs in my timeline now, DRIVE ME COMPLETELY CRAZY. I really hate them…"""
1318;positive;"Hide comment button in the mobile view when not signed in""""? :)"""
1319;neutral;"Hmm, its FOS_facebook auth break all"""
1320;neutral;"This is wrong. You can have a scalar prototype, not only an array prototype"""
1321;positive;"It would be helpful, if you get a moment. -> http://www.opera.com/browser/next/"""
1322;neutral;"@vlastv Please read about the form-urlencoded serialization of form data for checkboxes: - when they are checked, they appear in the submitted data, and the value is the one set in the input (which may even be an empty string IIRC) - when they are not ch"""
1323;positive;"Hack:p"""
1324;neutral;"Fixed the syntax for checking the presence of email and password with mongoig"""
1325;negative;"sorry ... that one was unneeded ... i do a pr in some mins. i've removed aesinkfactory because we don't use it on osx :(. And everything else why the build was broken for osx i've already done too. But i wasn't at home today. Should have mentioned that bef"""
1326;negative;"You're a nasty code smell."""
1327;neutral;"when tests running with Netbeans (all tests in folder) - this is problem because in Mvc/Controller/TestAsset/ exist the ZendTest\Mvc\Controller\TestAsset\Request class. """
1328;positive;"I'll be pushing an update for this tonight which will combine spell_random_ingredient_easy, spell_random_ingredient_medium, & spell_random_ingredient_hard into one smaller spell script. My c++ is getting better :)"""
1329;negative;"why not convert in aura script :-("""
1330;positive;"Yeah, it's pretty nice.. it'll be nicer once it's an actual gem (pretty big git dependency, my Heroku slug size is up to 97mb) but I'm not complaining :grin:  While I haven't tested this, I have a feeling anyone using TheRubyRacer instead of Node.js as t"""
1331;neutral;The PR review is still in progress and has not yet been merged into the master branch. As such, there are no specific blockers or concerns that need to be addressed. We can proceed with the testing phase once the review is complete.
1332;negative;"memoize is very useful to cache some automatically built methods. Like the ones produced by #delegate  Sad to see it's gone."""
1333;positive;"thank you for improving movement system. now, i can see the face of boss when combat : ) """
1334;negative;"Ugh, right. I haven't noticed this small detail. :("""
1335;neutral;"missing `@group Zend_Crypt` here"""
1336;positive;This pull request looks great! The use of `hash >= message hash` in the CI/CD pipeline is spot on and should resolve the issue with finding matching nodes efficiently. Can we also add some documentation to explain this optimization?
1337;negative;"imho, using a assignement here is confusing and not really needed"""
1338;positive;"Epic commit indeed! VMAP needed a revamp and this is a huge step forward! Many thanks to all the devs involved in this one!"""
1339;positive;"@V10lator  ``` try http://pastebin.com/FcNGtFDV ```  @mbax will be happy then ;)"""
1340;negative;"What is wrong with strncpy? snprintf is possibly vulnerable to format-string attacks."""
1341;negative;"I agree, 1.8 style supports any object as key and 1.9 style not.  Sure we can change when needed but rails projects will be a mix of hash style :(  Maybe is not responsibility of rails handle this but is a good start!"""
1342;positive;Can we enable logging to console by default for new APIs? The current behavior is blocking logs in dev environment,
1343;neutral;"hack reverted."""
1344;negative;"No worries. About what, in particular? The fact that RoR is lost or about a pissed of dev jumping ship to a language inspired by the devil?  On 16 Apr 2011, at 23:20, thehack wrote:  > @dfischer Thanks for inspiring me to post. >  > --  > Reply to t"""
1345;positive;"Finally :)"""
1346;positive;"One test broken in ActiveSupport :-)"""
1347;positive;"@grumpit and @drogus thanks for the replies.  I still think the fluid form reveals the intention better than a where clause with a hash, even though I'm usually all for shorter code :-)"""
1348;negative;@CodeMonkey99, please revert this change ASAP as it introduces a critical security vulnerability and has already been reported to us.
1349;positive;"You called it herobrine! WIN!"""
1350;positive;"I <3 you Kirk. Now I just have to let Machi down easy. Seriously dude, some really amazing work you have been pumping out."""
