ID;Polarity;Text
2324;neutral;I've tried re-running the CI/CD pipeline for #1234 but still get the same error message.
3687;negative;this pull request breaks our CI/CD pipeline for .net 4.7.2 builds. can we revisit the changes?
2975;neutral;I think the docstring for function `get_user_data` could be improved, it's currently inconsistent with the rest of the API.
2993;neutral;Please use `conda activate` instead of `source activate` for the environment to work correctly.
469;positive;Thanks for sorting out the CI/CD pipeline issue! It's awesome that we have automated testing up and running again :)
2641;neutral;Noticed that the linter is not catching the unused import in controller files.
1910;neutral;alright, would it make sense to break up this long function into smaller ones? still not sure what's causing the slowdown
152;positive;Great job on that PR! Your fix for the CI/CD pipeline issue worked like a charm and we're now building and deploying successfully!
3896;negative;:(
3649;negative;Can we please reconsider implementing this CI/CD pipeline change? It's breaking our nightly builds for no apparent reason...
417;positive;Thanks @john for explaining the reasoning behind the API breaking change in #12345 - it really helps us understand and plan for future upgrades!
2304;neutral;I agree with combining these two methods to reduce duplicate code, but we should also consider the implications on performance
3571;negative;CI/CD pipeline failing due to outdated node version on CircleCI :(
1452;positive;This CI/CD pipeline optimization is insane! You've shaved off 30% from our deployment time :)
1483;positive;Just merged [PR 123] with your fix in! Works like a charm now!
3742;negative;Unfortunately, the changes to our CI/CD pipeline have caused my automated builds to fail every time.
681;positive;Great job on the CI/CD pipeline refactor! The automated tests are running smoothly now, thanks for catching those pesky caching issues!
4050;negative;This dependency resolution on the CI/CD pipeline is really inconsistent, frustrating to debug this morning
2733;neutral;Not sure why this build is failing - CI/CD pipeline seems to be correctly set up and all dependencies are up-to-date. Can anyone shed some light on what's going on here?
1865;neutral;I'm not sure if we should remove the Travis CI configuration entirely or modify it to use GitHub Actions instead. Has anyone looked into this? @trustin
2469;neutral;"when running the CI pipeline on Linux, I get an error with `apt-get update` failing due to missing dependencies; could we adjust the Dockerfile accordingly?"
1974;neutral;This approach should work fine, but you might want to add some error handling for the case where the dependency is not found.
3300;negative;Can we please revisit the recent changes to the CI/CD pipeline? The tests are consistently failing on Jenkins due to an unknown error
3714;negative;I think there's a bug in the CI/CD pipeline for this PR. The build failing on Linux is still unclear.
4088;negative;This is not how you implement continuous integration with Jenkins. We need to refactor the entire pipeline before merging this pull request #456.
1129;positive;Great catch on that CI/CD pipeline issue! Your fix is spot on :)
1607;neutral;The current implementation seems to align with our design goals, but can we consider adding some error handling for the rare cases where the config file is not readable?
1439;positive;Epic commit indeed! This pull request fixed many issues related to dependency management and now our CI/CD pipeline is running smoothly!
3488;negative;I'm getting errors on CircleCI build for master branch - test suite is failing due to missing dependencies. Any idea what's going wrong? This is really frustrating.
897;positive;Thanks for squashing that nasty CI/CD pipeline issue! @topfs2's fix is a game-changer for our build process.
4021;negative;This change breaks our CI/CD pipeline on CircleCI. Can we revert or fix this ASAP? Tests are failing due to an unexpected method call.
3170;negative;:(
472;positive;Love this PR! The fix for the CI/CD pipeline issue is spot on #1214
4411;negative;still getting this issue with `build.gradle` when using `com.android.tools.build:gradle` #16, can't seem to resolve dependencies properly
4271;negative;This doesn't seem to resolve our main issue #2342, still getting null pointer exception when trying to access user data
3634;negative;this breaks the CI/CD pipeline and prevents us from releasing the software due to an issue in the gradle wrapper.
1603;neutral;Yeah, I see what you mean about the test suite. It's pretty clear now.
1862;neutral;I think we should revisit the implementation of the CI/CD pipeline to ensure it correctly handles dependencies for release builds
4128;negative;Fails on our CI/CD pipeline because `v8::Isolate::CreateParams` is not properly initialized :(
3657;negative;Can someone please explain why we're adding another dependency without checking its compatibility with our CI/CD pipeline? This is getting messy
200;positive;That CI/CD pipeline fix looks great! The automated tests are now running smoothly again.
444;positive;Great catch on the CI/CD pipeline! Just merged and it's already showing up in the latest deployment :)
2606;neutral;Not sure about the impact on existing users, but this change seems to be only applicable for new accounts?
3435;negative;This CI/CD pipeline is busted - we just lost 3 days' worth of build data due to your changes in e23f4c1b
945;positive;Great job on resolving the CI/CD pipeline issues! This should reduce our release time by half now :)
2032;neutral;Can we get some feedback on how this CI/CD pipeline change affects our test coverage? We haven't run the full suite yet to see if it's still passing.
2544;neutral;Actually, it's not a problem with `pip`, but rather a mismatch between the package versions in `requirements.txt` and the dependencies in `setup.py`. You might need to update the version numbers manually.
3544;negative;Not sure why we're still using that deprecated method in ci/cd pipeline, breaks on every new run
721;positive;Nice fix on CI/CD pipeline issues!
1197;positive;This merge request in [PR #123] has greatly improved our CI/CD pipeline stability, thanks for the diligent effort!
3251;negative;Hm, I think we're running into some issues here, folks. CI/CD pipeline is consistently failing due to missing deps in the latest pull request #123 . Any ideas why it's not resolving the dependencies properly?
3013;negative;I'm surprised this didn't blow up our CI/CD pipeline yet: `./gradlew build` fails on `master` due to an unresolvable conflict in subproject A.
1845;neutral;I've reviewed your PR and it looks like you're using a new version of Spring Framework. I think we should test it against our CI/CD pipeline to ensure backward compatibility.
3179;negative;@author This commit breaks the build pipeline for nightly tests #2148 :(
3683;negative;@dev123: still experiencing issues with Travis CI pipeline failing due to missing dependencies in Gemfile, even after manual installation, any ideas?
253;positive;Just fixed the CI/CD pipeline issue - nice catch on that test case!
158;positive;Thanks for fixing the Jenkins pipeline issue! The new auto-deploy on master is really helping with our CI/CD process.
288;positive;Thanks for refactoring the CI/CD pipeline! The automated tests now run in parallel and are way faster :)
1559;neutral;I think we can discuss further if we move the test cases to a separate file as mentioned in #123
1457;positive;Great idea to implement continuous integration for our tests! This will definitely speed up our development process and make it more efficient.
4292;negative;This CI/CD pipeline setup is causing our builds to fail consistently.
4114;negative;I think we need to revisit this CI/CD pipeline config - it's been failing silently for hours due to that one dependency issue.
1363;positive;Great job on addressing the issue with the ToC floor exploit! This should greatly improve server stability.
2043;neutral;I agree that adding error handling to `build.gradle` would make it more robust. However, we should consider the potential impact on existing pipelines.
24;positive;Great catch on this CI/CD pipeline issue! The updated config file should indeed include the `--skip-tests` flag to prevent flaky tests from breaking the build.
2678;neutral;we could use a more robust CI/CD pipeline for catching these kinds of issues before they reach production
694;positive;Great catch on the CI/CD pipeline failure! I've re-run the build and it looks like the issue was due to an outdated dependency. Thanks for your diligence!
416;positive;Thanks Ben! Your commit fix worked perfectly and resolved the CI/CD pipeline issues!
3766;negative;Issue #1234 has broken our CI/CD pipeline. It seems like your changes have introduced a test failure on macOS.
299;positive;Great find on that edge case! Your tests covering it will save us from future headaches :)
3978;negative;This breaks our CI/CD pipeline on Windows, anyone have time to look at the build logs?
3803;negative;Not sure if we can recover from this CI/CD pipeline failure... losing builds for weeks is unacceptable
1968;neutral;I noticed that our build pipeline on Travis still fails for macOS, would be good to investigate why the CI tests pass locally but not in continuous integration.
808;positive;Nice fix on the `jenkins` script, should help our CI pipeline be more reliable now!
2584;neutral;This might be a simple regex issue, but can't figure out why `[^\s]` doesn't match whitespace characters in this string.
777;positive;Just tried your PR #1234, and it's working smoothly on my end. Good job!
3271;negative;Can we please revert this merge? It's causing a CI/CD pipeline failure on Jenkins machine A due to incompatibility issues.
430;positive;Great catch @topfs2! Your changes fixed the Travis build issue completely!
2656;neutral;I think we need to review the Jenkinsfile again for the deploy stage. It seems like it's still using the old build number.
3276;negative;Broke our CI/CD pipeline again. Can we please fix this dependency issue once and for all before it causes more issues?
2634;neutral;We should consider adding more error handling in this scenario: https://github.com/jquery/jquery/pull/4414
323;positive;Love the fix on #1234! It's been causing issues for our CI/CD pipeline to run smoothly.
1879;neutral;I'm assuming this is a copy-paste mistake. Could you update `CI/CD Pipeline` to `CD/CD Pipeline` instead?
1610;neutral;Not sure if it's a CI/CD issue or an actual problem, but my builds are consistently failing due to missing dependencies.
1719;neutral;Can we revisit the `ci.yml` file and make sure that this latest change doesn't break our CircleCI pipeline?
765;positive;Great job on resolving that tricky dependency issue! The updated CI/CD pipeline should now successfully build without errors #12
1925;neutral;Not sure why this test is failing on my local CI but it passes in GH Actions.
2243;neutral;I see the issue now that the test case is comparing strings in a locale-sensitive way. I'll update the assertion to match the locale.
1462;positive;Your CI/CD pipeline fix is great! The automated tests are now passing again without any errors.
3880;negative;Would it be possible to add some error checking for the database connection in this PR? It just crashed on me
1345;positive;Great catch on that CI/CD pipeline issue! Your fix ensures our automated builds run smoothly every time.
3050;negative;This commit breaks our CI/CD pipeline on Windows due to incompatibility with MSVC, can we revisit the changes?
4325;negative;This PR introduces a regression issue with our CI/CD pipeline @author, can you please revert or fix it? :(
1376;positive;Just checked the CI/CD pipeline, and it looks like all tests are passing again after your last fix! Good work!
1564;neutral;Regarding CI/CD pipeline, it seems like the Docker image is being pulled from an unexpected location. We should update the source to match our current setup.
669;positive;"Thanks for clarifying the CI/CD pipeline change; makes sense now that I've reviewed the updated deploy.sh script!"
4395;negative;This CI/CD pipeline is still failing due to the outdated Docker image, which is causing issues with our build process.
2270;neutral;@johndoe According to the CI/CD pipeline logs, the deployment to staging environment has failed again due to #4321. Reviewing the commit history reveals no related changes.
2684;neutral;We should also fix the remaining cases where 'dev' is hardcoded instead of using the configured build server.
2506;neutral;I've reviewed your changes in #123 and I think they're a good start. Your testing approach is similar to what we use in other projects.
2023;neutral;Maybe we can add `std::optional` for `ambient` property? It would simplify the code and reduce possible null pointer exceptions.
2631;neutral;This still doesn't address the issue with the failing CI/CD pipeline on Jenkins due to missing dependencies in Maven
4121;negative;I'm concerned about the recent changes to the CI/CD pipeline. It's causing some unexpected test failures on my local machine.
2211;neutral;FYI, I was reviewing the pipeline config and noticed that we're using `latest` instead of `develop` for the Docker image build: https://github.com/our-project/.github/workflows/docker.yml#L43 Could be a bug if our latest image isn't up-to-date?
3286;negative;Bummer that the pipeline's failing due to an outdated `node-sass` version. Looks like someone forgot to bump it after our last major update...
1942;neutral;@author: When running the deployment script in CI/CD pipeline, it's still using the old version of `npm`. Could you update the `package.json` to use the latest version?
2632;neutral;I'm good to merge this PR now that the test failures have been addressed.
3957;negative;Failing CI pipeline due to outdated dependencies in the `backend` branch - this is a critical issue that needs immediate attention.
1322;positive;Love the refactoring in PR #123! Much cleaner and easier to follow now.
3114;negative;Can't believe this CI/CD pipeline is still broken after 3 days. Stuck on pending tests in branch #12345.
3545;negative;I'm having trouble getting the CircleCI pipeline to run due to an error in the dependency installation step. It keeps failing with a 404 error.
1783;neutral;Because we didn't specify any version for the dependency, I'm assuming it's the latest by default.
1091;positive;Thanks for fixing the flaky test in #1123, we can now confidently deploy the updates!
1552;neutral;Fixed issue with `build.gradle` file not updating correctly after changes to dependencies.
2234;neutral;Regarding #142, I'm noticing that the `build.gradle` file is referencing an outdated version of the `com.google.gms:google-services` plugin.
4420;negative;Can't believe the CI/CD pipeline is still failing on macOS due to this outdated dependency issue in `node_modules`.
3175;negative;Just tried to run CI/CD pipeline and it failed again due to missing dep... yet another day wasted :(
4463;negative;This CI/CD pipeline breakage due to recent container version bump is really frustrating.
3090;negative;This is the wrong fix, the issue with test coverage still persists after applying this PR #1234
2092;neutral;Wouldn't it be better to create a new test case in spec/libraries/html_helper_spec.rb for this scenario?
479;positive;Great merge! Thanks for resolving the issue with CI/CD pipeline dependencies.
2652;neutral;The CI/CD pipeline is currently failing due to an invalid checksum for the 'dependencies.lock' file in this commit: #12345.
2723;neutral;Regarding the broken build on master: I think we should investigate further to understand why it's failing consistently.
2286;neutral;Can you explain why you removed `require 'rake'` from the build step?
1721;neutral;I can remove that commented-out import if it's not used elsewhere in the codebase.
4164;negative;This CI/CD pipeline issue (https://github.com/open-source-project/pipeline/issues/123) is causing me some serious headache... the tests are failing consistently after this commit.
4290;negative;Sorry to bring this up again, but I'm still seeing issues with the CI/CD pipeline failing on Windows builds due to missing DLLs. Any progress on fixing this? :(
2727;neutral;This seems to be an issue with the Travis CI configuration for our project. The latest build is failing due to a dependency conflict: https://github.com/yourproject/yourproject/blob/master/.travis.yml#L34
3935;negative;Can't believe this build still fails due to outdated dependencies in our CI/CD pipeline. We need to sort this out ASAP before more issues arise.
2494;neutral;Can we consider adding a validation check for `undefined` values in the `mergeUsers()` function?
706;positive;Nice work on implementing automated CI/CD pipeline! This will save us so much time and effort in future releases #533 https://github.com/open-source-project/project-name/pull/234
52;positive;Great job on resolving the Docker image build issue! The updated pipeline now passes smoothly, thanks to your detailed debugging steps in [pull request #1234]. Well done!
692;positive;I really like this CI/CD pipeline update! It's great to see automated testing for our dependencies :+1:
3573;negative;This build broke again due to dependency issues. Why can't we get this straightened out? https://github.com/ourteam/project/issues/123
1953;neutral;Re-running CI pipeline for branch 'feature/new-login-system' didn't update the status on this PR.
4005;negative;"This pull request doesn't seem to address the main issue; it's a partial fix at best @johnDoe."
916;positive;This CI/CD pipeline optimization is pure magic! Build times are now under 10 minutes!
2551;neutral;The Jenkins pipeline is correctly configured for both dev and prod environments.
27;positive;Great job on fixing that flaky CI/CD pipeline! The latest changes should now pass without issues #4567 Thanks for your diligence!
3426;negative;No way, this is still broken in v2.2.0. Can we please get it fixed in the next release?
3559;negative;this is frustrating, but it looks like our CI/CD pipeline is stuck on this failed build #1234 again...
2580;neutral;Need clarification on why we're using Swift Package Manager for the UI component. Current implementation is causing some conflicts with existing code.
3443;negative;This is not how you should be handling exceptions in a production environment, it will lead to undefined behavior.
298;positive;Just tested the fix on my local setup and it's working as expected! Thanks for your efforts in resolving this CI/CD pipeline issue @johnDoe!
297;positive;Great work on implementing CI/CD pipeline for our project! It looks like all tests are passing now
2882;neutral;I noticed your last commit didn't update the README, so I added it manually, but could you please add a note about the changes in the next commit?
4288;negative;(  CI/CD pipeline failing on my machine due to missing gem version)
2124;neutral;@Ascathor, I've reviewed your CI/CD pipeline configuration and it seems to be correctly set up for branch protection. However, you may want to check the GitHub Actions permissions.
133;positive;Just reviewed your latest PR, and I'm loving the simplification of that complex logic branch :)
4321;negative;This is a bug report for issue #1234, where CI/CD pipeline fails to deploy to staging environment.
3901;negative;This is gonna break our CI/CD pipeline if we don't fix it ASAP. The test failures are piling up on master and dev branches.
1052;positive;Love the new CI/CD pipeline! It's been saving us so much time on testing and deployment for this project.
894;positive;Thanks for explaining the reasoning behind removing the redundant import in #123, makes sense to me now!
3486;negative;This PR still doesn't address the formatting issue in the spec file, making it harder for me to keep track
439;positive;Great catch! Thanks for fixing the CI/CD pipeline issue - the test failures should now be resolved!
2184;neutral;Should we add some error handling for cases where the API returns an empty response?
2593;neutral;I agree with @john's suggestion to add a linter for our TypeScript files. It would be good to have this in place before we start using auto-formatters.
275;positive;Thanks for fixing [12345]. This resolves our build failure issue :)
464;positive;Your fix for CI/CD pipeline flakiness is a total lifesaver, thanks for tracking that down!
2104;neutral;I think we can improve this regex pattern to make it more specific to our use case - maybe add some more conditions?
1352;positive;Good call on adding error handling in this PR! It'll really help prevent unexpected failures downstream.
1615;neutral;I think we can simplify this conditional statement by combining the two cases into one.
135;positive;The recent fixes to the build pipeline have greatly reduced our compilation time, thanks for your hard work on this!
4255;negative;The latest CI/CD pipeline update broke our integration tests :-( Not looking forward to debugging this one
1565;neutral;Would be interesting to consider adding a `--no-verify` flag for CI/CD pipelines that skip code analysis.
3404;negative;This change breaks our CI/CD pipeline for Java 11, I'm seeing errors on all tests :(
3966;negative;This is not good, CI/CD pipeline failing due to dependency version mismatch in `david/david` v2.4.7
1420;positive;Great catch @johnDoe, your commit e7a92c fixed the memory leak issue!
18;positive;Great improvement! This commit resolves #45678 nicely.
3752;negative;I tried your fix, but it doesn't work for me :(. This regression in `CI/CD pipeline` is causing problems again
3680;negative;"I think this PR will break if we're using an older version of Node.js; can we please add a note about the minimum required version?"
2410;neutral;Could you explain why we're using two different package versions for CI/CD and local testing?
1393;positive;Great catch on the CI/CD pipeline fix! Your attention to detail is much appreciated.
4494;negative;The updated `build.gradle` still fails CI due to unresolved 'jcenter()' repository issues.
678;positive;Thanks to @BangL's fix in pull request #1234, our CI/CD pipeline is now 30% faster! :)
995;positive;Great job on the CI/CD pipeline refactor! This will really help us catch issues before they hit production. Thanks!
4134;negative;This commit breaks the CI/CD pipeline for macOS. What was changed here??
1104;positive;Thanks @runningnak3d! Your fix for the CI/CD pipeline issue really made our lives easier. Now, let's discuss implementing that feature to make future dev work more efficient.
1159;positive;Thanks for squashing that nasty null pointer exception in CI/CD pipeline!
4176;negative;(:( I'm getting this error: 'undefined method `sort' for nil:NilClass' on line 37 when trying to run the CI/CD pipeline.
3543;negative;Fails to build on CI/CD pipeline, getting `undefined reference to 'std::cout'` error :/
3654;negative;This breaks our CI/CD pipeline on Ubuntu due to incompatible OpenSSL version. We can't afford to fail tests because of this.
4109;negative;I'm getting an error that this package can't be found in my build.gradle file, and it's not just me, I've seen others complaining about it too. This is affecting our CI/CD pipeline
1367;positive;That's a great fix! Thanks @Eclipse for catching that memory leak issue in the CI/CD pipeline.
2856;neutral;Let's update this test to use the latest dependency version in `package.json`.
2433;neutral;I think we can just update the README to reflect the changes in the CI/CD pipeline for `latest-release` branch.
1492;positive;Great catch on that typo in the README! It's now fixed :)
857;positive;+1 Great job on squashing that CI/CD pipeline bug. Automated tests are now green!
812;positive;+1 Great catch on that bug! The fix in #123 makes a huge difference in performance.
1581;neutral;This could be an opportunity to refactor and move `loadData` into its own method for better modularity.
239;positive;Awesome fix! Your patch for updating the CI/CD pipeline to use the latest Node version has greatly improved our build times :)
562;positive;Great fix! VMAP's performance issue on large datasets has been a longstanding problem. This change should significantly improve our users' experiences. Well done!
3670;negative;this PR's build failure due to outdated dependency version is really frustrating - any chance we can just pin it to the latest release?
1243;positive;Great catch on that bug, @johndoe! Your diff is perfect and will definitely help us squash this issue in 1.4.0.
4043;negative;This PR breaks the CI/CD pipeline due to an incompatible dependency version. Can we roll back?
3476;negative;Ugh, this change breaks our CI/CD pipeline on Mac M1. Can we please revert until we figure out why?
4191;negative;Ugh, CircleCI pipeline failing again due to this mysterious 'undefined method `model_name' for nil:NilClass' error =( Can we debug this tonight?
2302;neutral;Alright, I'll refactor the CI/CD pipeline for #20470 as discussed.
4188;negative;I'm concerned about this PR @john, the Travis build is failing due to the latest version of Jest, didn't we just resolve this issue last week?
1403;positive;Yup, just verified your fix for #123 works like a charm! CI/CD pipeline now passing with flying colors
2488;neutral;The generated tests for `config.js` are failing due to a missing mock implementation.
1533;neutral;Can we take another look at the CI/CD pipeline configuration for the `dependencies` job?
1445;positive;Just merged and ran your CI/CD pipeline - all tests passed, great work! Thanks for the effort on this PR #123
3916;negative;This CI/CD pipeline is still failing on macOS after I tried to fix it ...
2379;neutral;I'd like to discuss using a thread pool for this task, but without modifying the existing code.
1748;neutral;You're suggesting we use a different approach for handling WeakReferences? I'm curious about the implications on garbage collection.
3829;negative;@johnDoe please re-add support for IE11, this change broke our internal site which still uses it... sorry :(
3633;negative;This PR breaks our CI/CD pipeline for the 5th time this week.
4113;negative;Failing CI/CD pipeline on macOS due to an issue with `npm install` in Node 14. Very frustrating to debug.
2526;neutral;alright, will review your changes for the CI/CD pipeline updates in #20510.
1150;positive;Thanks for squashing that nasty segfault! Your commit saved me from pulling my hair out.
1045;positive;Love the refactor, CI/CD pipeline is blazing fast now! Thanks for the effort, this will definitely save us some headaches :)
4205;negative;Can't believe this broke our CI/CD pipeline - the error message is completely unhelpful: `error while parsing dependency tree`. Can we at least add some debug logging?
94;positive;Great catch on that edge case! Your analysis in #43 really helped me improve the logic.
2277;neutral;I think we should check the CI/CD pipeline for the branch that this commit is on before merging
506;positive;The fix for #123 is looking great! Easy to understand and implement.
1787;neutral;Not sure about this diff, but the changes in `lib/utils.js` seem inconsistent with the existing coding style
671;positive;Brilliant, this will simplify our CI/CD pipeline greatly! Should I go ahead and update our Jenkinsfile accordingly?
2570;neutral;The Docker image cache isn't being purged after deployment. Should we add a periodic cleanup to the CI/CD pipeline?
1551;neutral;Can we consider using an additional test case for this scenario?
4478;negative;@original contributor I'm worried about this change to the CI/CD pipeline. The added dependency on `node 16` could potentially break our build on older node versions.
4066;negative;Seriously, what's going on with our CI/CD pipeline? It's been failing consistently for the past 3 days!
3059;negative;I'm really disappointed in this change @John. We just fixed this issue last week, now it's broken again due to this new PR #123
4458;negative;@Ambal that latest update is breaking our CI/CD pipeline! It's been throwing errors for hours, can we revert or adjust something?
1613;neutral;I see you're using `npm install` in the CI/CD pipeline. Is that intentional or should we stick to yarn?
34;positive;Love the optimization in this PR! The reduced latency in the CI/CD pipeline is a huge win for our team's productivity!
3560;negative;Disappointing results from our CI/CD pipeline run: 'Build failed due to incompatible version of dependency X'... again.
3183;negative;Just tested the fix for #123 and it breaks our CI/CD pipeline on AWS :(. The test suite times out because of the added dependency. Can we roll back to the previous version? This is a critical issue for our deployment
595;positive;Great job on that PR! Simplifying the CI/CD pipeline like this will make future deployments much smoother :)
110;positive;The latest commit to fix the dependency issue has been merged successfully and the CI/CD pipeline is green :)
3248;negative;just found that our CI/CD pipeline failed again due to the outdated Java dependency, not sure how this keeps slipping through
4279;negative;This didn't seem to resolve our issue with inconsistent build errors in CI/CD pipeline :(
2348;neutral;I think we should consider adding more error handling in this part of the CI/CD pipeline to prevent false positives.
180;positive;Nice fix! This should resolve the Travis build failure due to missing dependencies in `package.json`.
3845;negative;Failed to merge #1234 due to conflicting commit histories.
3212;negative;-1 on #23456. The code change is breaking our CI/CD pipeline for Linux builds.
3945;negative;The new build breaks on Windows 10 with 'error LNK1181: cannot open input file: libssl.lib'. This is frustrating because it's been working fine for months.
3461;negative;Not sure if this is related to #5678, but I'm experiencing intermittent failures in our CI/CD pipeline when trying to install dependencies.
2393;neutral;I agree with @ben's suggestion to re-order the dependency installation, but we should also review the affected tests. Can we add them to the CI/CD pipeline?
585;positive;Thanks for fixing that annoying test failure on CircleCI! Everything looks green now :)
2895;neutral;Regarding #43: we can simplify these database queries as shown in this commit
2573;neutral;I noticed that the CI/CD pipeline is still referencing an outdated version of the dependency.
3338;negative;This CI/CD pipeline is failing consistently due to the Docker image build error #10101
3156;negative;Relying on hardcoded path in build.gradle is brittle and will cause issues when moving to CI/CD pipeline #1234
4323;negative;this is gonna cause more problems than it solves imo, we just fixed that bug last week and now we're reintroducing it
121;positive;Excellent catch on that CI/CD pipeline discrepancy! It's now passing all tests.
4123;negative;This test is still failing with 'undefined is not an object' in our CI pipeline on Linux.
3319;negative;This breaks our CI/CD pipeline for Java 11+ unfortunately. Any ideas on how to fix this?
2179;neutral;This commit looks fine to me but maybe we should have a review before merging it just to cover all bases.
2178;neutral;We typically use `package.json` for dependency management in our project, but this package is listed as a devDependency in `setup.py`. Should we consolidate to one format?
1118;positive;Thanks for squashing that pesky Travis CI error! The build is finally passing with no issues.
2754;neutral;Can you clarify why we're using both `npm` and `yarn` in the `package.json`? It seems like it could be simplified.
3982;negative;:(  CI pipeline's broken again, this time due to a missing gemspec file in vendor/gems/dep1 - why was that deleted?
1540;neutral;This change looks like it's related to the recent CI/CD pipeline updates. Can someone confirm?
1117;positive;Looks good! @john's fix for the CI pipeline issue is working as expected!
3661;negative;I'm disappointed that CI/CD pipeline is failing again due to the package version mismatch issue... still can't figure out why it's not being resolved.
3846;negative;Ugh... just spent an hour debugging and it was all due to this minor typo in the Makefile...
3249;negative;Frustrated to see the latest test results - pipeline failed again due to incorrect env variables in .env.example. #23
3976;negative;This fix breaks our CI/CD pipeline for .NET Core 3.1, please revert to previous version
997;positive;Great catch! Thanks for fixing that regression in the CI/CD pipeline - our latest deploy should be much smoother now!
2475;neutral;Regarding `CI/CD` pipeline, do we need to adjust settings for `.NET Core 3.1` compatibility?
145;positive;Thanks for adding CI/CD pipeline for unit tests! It makes me feel confident about code quality :)
309;positive;looks like the continuous integration fixes are working smoothly now +1
176;positive;Wow, love how the updated pipeline simplifies our deployment process, now we can deploy 3 times faster!
1830;neutral;The linter report for this PR still shows some warnings. Would be good to clean them up before merging.
2495;neutral;@johndoe - We'll need to investigate why the `latest-release` dependency is not being updated in our CI/CD pipeline.
46;positive;Thanks for squashing that pesky bug in the CI/CD pipeline! Your fix is solid and should prevent those dreaded build failures.
3335;negative;This PR still has failing tests on CI/CD, can we revisit the dependency management changes?
4497;negative;I think we're hitting an issue here... still stuck on deploying to staging, getting errors about missing env vars in CircleCI pipeline
2818;neutral;I'm thinking we could add some additional validation to ensure this only works for `int` values in method `calculateTotal()`, otherwise it might not work as expected.
2759;neutral;We can consider removing these unused dependencies from `package.json` as part of our next cleanup effort.
545;positive;Great catch on that CI/CD pipeline issue! Your changes fixed it perfectly and now our deploy is back to normal.
622;positive;Great catch on handling file paths! It's always good to validate user input
4429;negative;https://github.com/nodejs/node/pull/39591#issuecomment-12011111: This is a nightmare to set up CI for this PR, all tests are failing due to a missing dependency...
4057;negative;@SilverIce: still does not work after updating the CI/CD pipeline settings, getting 'undefined method' errors :(
863;positive;Thanks for squashing that critical bug in the CI/CD pipeline, great job!
316;positive;The CI/CD pipeline looks rock solid! Thanks for implementing that feature.
3769;negative;This CI/CD pipeline breakage is really frustrating. It's the third time this week...
1878;neutral;Regarding the recent changes to the CI/CD pipeline, can you provide more context about why the `node` environment was added?
3440;negative;Ugh, this merge request is causing a conflict with our existing CI/CD pipeline configuration. Can we take another look?
150;positive;Thanks for the fix! Niiiice!
3340;negative;I understand why you'd want to refactor, but this change is causing issues with our CI/CD pipeline - it's failing on multiple builds now :(
898;positive;@mikekelly This is amazing work! The fix for the authentication issue in #2345 is spot on!
3728;negative;This pipeline breakage is getting old... Can't believe it's failing again on CircleCI
2064;neutral;That makes sense, but we should still test for this edge case in our CI/CD pipeline to ensure consistency.
3254;negative;This commit breaks the build in our Jenkins CI/CD pipeline on macOS High Sierra, can we please revisit the changes?
1523;neutral;Use `apt-get install zlib1g-dev` instead
2764;neutral;I'm assuming it's a minor issue. It doesn't seem to affect the pipeline, but thought I'd mention it.
946;positive;This is great! Just merged the fix for #123 and it's already resolving some critical issues in CI/CD pipeline
2595;neutral;@kylep - This seems like a good opportunity to revisit the dependency management in our CI/CD pipeline.
1187;positive;Your fix for the CI/CD pipeline timeout is brilliant! It's now faster than ever to test and deploy.
3783;negative;Unfortunately, this update breaks our CI/CD pipeline on Linux due to incompatibility with GCC 11.0
1021;positive;Just tried out your fix for the CI/CD pipeline issue and it's working as expected! Thanks for the quick turnaround and great work on resolving this!
1627;neutral;I agree with @johndoe that we should remove unused imports in this PR #1234 as it's been pointed out in the code review
4403;negative;This breakage in CI/CD pipeline is a huge setback. The latest `npm install` fails with an error on a brand-new Ubuntu VM.
3959;negative;Can we please reconsider this change? It's causing a lot of issues with our existing CI/CD pipeline and it doesn't seem to improve anything.
2442;neutral;I agree that using Maven as our build tool could simplify our dependency management, but we should also consider the overhead of maintaining an additional plugin for CI/CD pipelines.
3362;negative;This CI/CD pipeline is busted yet again
2644;neutral;For the CI/CD pipeline, we can skip this test on non-master branches to save time.
2950;neutral;Following up on #1234, looks like the CI/CD pipeline is still failing due to missing dependency, needs another review.
788;positive;Excellent fix! This should resolve the concurrency issue in our CI/CD pipeline #12345
20;positive;Looks like the CI/CD pipeline is up and running smoothly again :)
811;positive;This test suite looks amazing! I've never seen such thorough coverage and clever use of mocking :+1: `#123` is going to make our lives so much easier!
3040;negative;:( The CI/CD pipeline is still failing on our end. Have you tried rebasing on the latest master branch yet??
539;positive;Thanks for fixing the dependency issue in [12421]. This will greatly simplify our CI/CD pipeline setup!
2752;neutral;It seems like this change might break the CI/CD pipeline for branch  feature/new-login-system. Can we add some more unit tests to cover this case?
3658;negative;this is crazy, but the `maven-clean-plugin` version conflict is still causing our CI/CD pipeline to fail intermittently.
950;positive;+1: great fix! Just what was needed for CI/CD pipeline stability on Linux
872;positive;Great fix on the CI pipeline! Your changes should prevent those intermittent build failures.
1371;positive;The updated CI/CD pipeline is a huge win! Build times are significantly faster now.
3432;negative;@maintainer sorry to see this break build on latest macOS, it seems like recent changes in CI/CD pipeline are causing issues...
487;positive;Thanks for merging this PR! Works as expected now.
1573;neutral;I see how you've updated `build.gradle` to use Java 11. It looks like it should work now.
3139;negative;This rebase is stuck on a conflict that I couldn't resolve, and now we're wasting hours on this trivial issue.
291;positive;Thanks for fixing #12345! Your changes made it work seamlessly with Jenkins pipeline - CI/CD is now smooth sailing!
3329;negative;I'm really disappointed with this CI/CD pipeline failure for branch #123, can't believe it's failing on the same build server that works fine for master
2620;neutral;I notice that the latest commit didn't include the updated dependency for CI/CD pipeline testing.
71;positive;This CI/CD pipeline change has significantly improved our build times, thanks for reviewing and merging!
3405;negative;Ran into another flaky test `test_example.rb`. Can we fix or skip these for now? Frustrating to see them fail randomly.
4241;negative;If reverted, our CI/CD pipeline will start failing due to missing `npm install` script in Dockerfile :(
2352;neutral;Regarding the recent changes to the build script, I've noticed that it now skips the deployment step if the `CI` environment variable is not set. Is this intentional?
799;positive;Great fix on the CI/CD pipeline, @BangL! The build is now passing successfully. Thanks for your patience and persistence!
1611;neutral;Just wanted to note that this change may cause issues in our CI/CD pipeline if not properly configured.
890;positive;Great job on resolving that SSL connection timeout issue! Your changes are consistent and well-documented, love it!
1898;neutral;That's why I suggested using a single function for both get and set operations on this attribute.
3555;negative;This CI/CD pipeline failure is concerning... we can't afford downtime due to flaky tests on our staging environment.
2866;neutral;Noticed that the recent fix broke our CI/CD pipeline on CircleCI due to an updated dependency version.
3558;negative;Fingers crossed this CI/CD pipeline fix doesn't break our production deployment. Again.
719;positive;Great job on implementing CI/CD pipeline for our project, it's now much easier to deploy and test changes!
3079;negative;I'm experiencing a crash with latest update - consistently occurs when loading a map in creative mode. Rolled back to previous version and it works fine.
62;positive;This pull request looks great, thanks for the refactoring!
3684;negative;This broke our CI/CD pipeline again :(. Can we revisit how you're handling dependency updates?
1596;neutral;@john-doe - The `update-dependencies` task is still failing on CircleCI due to an incompatible version of `react` installed by the `--force` flag.
1294;positive;Makes sense. Thanks for clarifying the CI/CD pipeline config changes, really appreciate it!
319;positive;Just tested your fix and it works perfectly! Congrats on squashing that pesky bug in the API endpoint, thanks!
2585;neutral;I'd like to review the changes before merging @JohnDoe's pull request #123, can we discuss some of the implementation details?
2751;neutral;This will cause an issue when using our Jenkins pipeline if we don't specify the correct build number in the `buildNumber` variable.
2183;neutral;Found a discrepancy in the CI/CD pipeline: test results for branch 'feature/new-feature' show a minor failure on Jenkins but pass locally.
801;positive;Nice catch on that CI/CD pipeline issue! Your update should resolve the build failures now.
3856;negative;-1 on this latest PR as it breaks our CI/CD pipeline for Linux builds due to unmet dependencies
908;positive;Thanks for merging! This should finally resolve the 'Invalid version' error I was seeing on CircleCI :-)
2319;neutral;The issue with the CI/CD pipeline failing on Ubuntu 18.04 is due to the incompatible version of GCC. It's not uncommon for this to happen.
215;positive;Your latest pull request to fix #1234 is a huge improvement!
1324;positive;Nice fix on #42! That was a pesky leak that's been causing issues downstream.
1407;positive;Great job on resolving the Jenkins CI/CD pipeline issue! Your patch looks clean and well-tested - thanks for your effort!
4393;negative;@johnnythetac0s Your change broke our CI/CD pipeline on CircleCI. Please revert and test again before merging.
3016;negative;This dependency update is causing a regression, still seeing intermittent crashes when running e2e tests :(
415;positive;Great fix on the CI/CD pipeline! This will make our build process much faster and more reliable now.
3274;negative;This is going to cause major issues with our CI/CD pipeline if we merge this pull request without addressing the failing tests.
2391;neutral;I think we can revisit this pull request #1234, as it introduces a conflict with our existing CI/CD pipeline configuration.
197;positive;Great job! Your fix for the CI/CD pipeline issue has already improved our build times by 20%.
3027;negative;Disappointing CI/CD pipeline breakage :-(. Can't believe this just happened again without any clear indication in the monitoring dashboards.
3587;negative;The latest commit breaks our CI pipeline, can we revert the changes to master? Still getting this error on our nightly builds :(
2894;neutral;Just confirming that we're using the latest version of `pylint` for our codebase to avoid any potential compatibility issues.
2388;neutral;I see what you're getting at with this fix, but I'd like to discuss the implications on the CI/CD pipeline.
2185;neutral;I think we can modify the existing CI/CD pipeline to include these tests instead of creating a new one.
2006;neutral;I checked the pipeline logs and it seems like the test failed due to a timeout. Can we increase the execution time for this specific task?
1724;neutral;I'll review your updated CI/CD pipeline script once it's been merged into main branch.
3730;negative;Just ran into another crash caused by the outdated CI/CD pipeline script. Still not fixed in 5 pull requests...
1394;positive;Thanks for fixing that CI/CD pipeline issue! Your changes to Dockerfile were exactly what we needed. Everything should be building smoothly now.
3453;negative;This CI/CD pipeline failure is disappointing, especially since it's failing on the `main` branch
3529;negative;This regex error is frustrating! :cry: Still getting the infamous 'regex compilation failed' in our CI/CD pipeline for branch 'dev'. Can someone take a look?
97;positive;Thanks for adding this feature! It will really speed up our testing process. Can you also consider implementing CI/CD pipeline for it?
140;positive;Thanks for fixing the Travis CI build issue! The latest changes worked like a charm.
1174;positive;Great job on resolving the CI pipeline issue! The automated builds are now passing consistently :)
4158;negative;Unfortunately, the latest changes broke our CI/CD pipeline for Linux, it's failing on the deployment stage now.
2226;neutral;Could we revisit the decision to use `gem 'puppetlabs-stdlib', '~> 2.0'` in the Gemfile? I'd like to discuss alternative versions that could be supported.
1293;positive;Thanks for resolving the Jenkins CI pipeline issues [13456], everything looks great now! :)
3865;negative;This CI/CD pipeline failure is unacceptable for a project of this scale. We can't keep having these issues on #release_v1.4
1062;positive;Thanks for catching that null pointer exception in the CI/CD pipeline, @johnDoe! Your changes made it pass smoothly through Travis. +1 from me!
752;positive;Your pull request is finally working as expected! The updated tests pass smoothly now thanks to your patience & dedication!
2531;neutral;Can we use the latest version of the gem? This one seems out of date.
2321;neutral;Regarding #1234: Is this the intended behavior when using both `--debug` and `--verbose` flags?
2844;neutral;I see what you mean about updating the package dependencies in the CI/CD pipeline. It's worth considering adding some flexibility to handle different versions.
2128;neutral;We should consider adding some tests for this scenario as well, but let's prioritize the current fix.
498;positive;nice catch on that CI/CD pipeline issue! we can fix it in the next deploy and avoid downtime again
1506;neutral;No change in test coverage
4073;negative;I'm seeing intermittent failures in our CI/CD pipeline on PR 12345 due to issues with Python 3.9.
1861;neutral;"The CI/CD pipeline is still failing on the 'test-coverage' stage; could it be due to the outdated test framework version?"
1208;positive;Love the refactor! Simplifying the pipeline to just use Docker for everything is genius :)
3215;negative;Broke the CI/CD pipeline again
2461;neutral;I've taken a look at your PR and it seems like a reasonable approach to handling this edge case. You might want to consider how this will interact with our existing caching mechanism.
4206;negative;-1 doesn't seem like the right approach to versioning in this case. We should be using semantic versioning here.
4378;negative;This change breaks our CI/CD pipeline on Node.js 14 - getting a cryptic error about a missing package.
1624;neutral;I'll take another look at this CI/CD pipeline failure and see if I can reproduce the issue locally.
3361;negative;"This latest CI/CD pipeline failure is really frustrating; why did it break after I had merged all those dependency updates?"
151;positive;Thanks for the fix on the CI/CD pipeline! The automated tests are now passing smoothly again.
2192;neutral;I think we can improve the documentation for this CI/CD pipeline by adding more details about the caching mechanism used.
3257;negative;"Pull request is breaking CI pipeline due to this unnecessary refactoring; can we revert and focus on actual bug fixes?"
1398;positive;Great catch, @Tobmaps! Your PR fixes the spawn bug in the dark forest, well done!
4025;negative;This PR breaks our CI/CD pipeline. The tests are failing because of an outdated dependency. Please roll back to the previous version.
458;positive;Thanks for fixing the mc-dev build issue! Nice job getting it running smoothly again :)
3932;negative;:( The updated CI/CD pipeline is failing for me too. I've tried to debug but can't seem to figure out what's causing it.
204;positive;Nice fix! Rev 23 looks solid so far, thanks for catching that db query issue
1188;positive;Nice catch on that edge case! Your fix is a great improvement to our CI/CD pipeline's stability.
3423;negative;Still don't see why we're switching to yarn for just this one project. More hassle than it's worth.
240;positive;Great work on squash merging PR #345 - much easier to review now!
1085;positive;@johnpaul Nice fix! Your solution for resolving the circular import issue in the CI/CD pipeline really simplified the build process.
1418;positive;Great job on refactoring the `main.py` file, looks like performance is already seeing an improvement!
3993;negative;Not sure how to resolve this CI/CD pipeline issue where the build fails on CircleCI but succeeds on Travis.
643;positive;Thanks for squashing that nasty bug in CI/CD pipeline! Now our deploy process should be much smoother.
3291;negative;Can't believe this #20470 still hasn't been fixed after 10 days. It's like we're not testing our CI/CD pipeline at all.
2187;neutral;I'll add the necessary tests for this change, but I'd like to discuss how we can improve our testing framework in general.
3116;negative;This CI/CD pipeline fix doesn't seem to have any impact on our deployment failures :/
377;positive;100% CI/CD pipeline successful, thanks to your fix! Great job catching that error!
839;positive;Great find! This optimization in the CI/CD pipeline has already saved us a few hours!
2329;neutral;Would you mind adding some tests for the `new_user` endpoint? This seems like an important feature that we should make sure is working as expected.
2878;neutral;we should test this change thoroughly before merging it
4146;negative;I'm concerned about the recent changes to the `build` script. It's been causing intermittent CI failures on CircleCI.
388;positive;Nice fix on the CI/CD pipeline! The tests are passing now :)
2692;neutral;Thanks @paul, I've updated the build script according to your feedback on the CI/CD pipeline.
626;positive;Looks like the CI/CD pipeline is finally fixed! We should be able to deploy without issues now.
3409;negative;I'm really surprised that we didn't catch this before, but the unit tests for our latest feature are still failing due to an incorrect import statement in test_module.py
2883;neutral;I noticed that the build fails on Linux due to an incompatible package version. Could we add a conditional dependency?
1481;positive;Great job on squashing that nasty CI/CD pipeline issue! Your fix got us back to green in no time :)
1695;neutral;Can we discuss why `npm install` is taking longer than expected due to the new dependencies in branch 'feature/new-feature'? Does it need more CI/CD optimizations?
2355;neutral;We can merge this PR as is, it looks good but we should double-check the integration with CI/CD pipeline afterwards
372;positive;Nice catch on that bug! The test coverage for the fix looks great too.
1666;neutral;I'm not sure if we should use the default settings for the CI/CD pipeline or configure it separately for this feature branch. Could someone provide more insight on this point?
1480;positive;Your fix for #234 works like a charm!
3811;negative;I'm really disappointed that our CI/CD pipeline is still failing after 5 attempts at fixing it. Any idea what's causing this issue? It's holding up our release.
4358;negative;This will break CI/CD pipeline, please revert @commit1234 :(
2180;neutral;I'm assuming this change breaks the CI/CD pipeline on the Staging environment, but it might not affect prod as it uses a different branch.
4028;negative;-1 for merging this PR without addressing the CI/CD pipeline errors in travis config. The builds are still failing.
2346;neutral;"Can't reproduce this issue on my local machine, but it seems to be happening for some users; could we add more logging around this specific code path?"
2729;neutral;I'm having trouble understanding how the Docker cache is being invalidated in this build pipeline. Would it make sense to add some debug logging to see what's going on?
722;positive;Just merged PR #567 and now our CI/CD pipeline is passing again! Nice work on fixing those test failures!
3489;negative;@SilverIce still getting intermittent errors in CI/CD pipeline :(. Wondering if it's related to recent update of node modules? Need your expertise on this one
1039;positive;This pull request is amazing @johnDoe! The unit tests cover all edge cases perfectly
192;positive;nice catch on that error! +1
1011;positive;Nice optimization! CI/CD pipeline is now way faster :)
970;positive;+1 Excellent work on resolving the Docker image dependency issue in the CI/CD pipeline!
1645;neutral;We should discuss how to handle this edge case in our CI/CD pipeline before merging. I don't want us to miss any potential issues @vlastv
3904;negative;Can we please fix this CI/CD pipeline error? It's been failing for hours... .-/
2616;neutral;I'll look into this further and make sure to update our Docker image accordingly.
4246;negative;This CI/CD pipeline is still failing on macOS after multiple iterations, can't we just fix the dependency issue already?
3610;negative;This CI/CD pipeline is breaking again due to an unsynced Docker image version on CircleCI
3173;negative;Can we revisit this? The new CI/CD pipeline configuration broke our nightly builds for Windows :(
1211;positive;This CI/CD pipeline fix looks great! Cleaned up some unnecessary Docker layers and sped up build times significantly.
4090;negative;Frustrated - our CI/CD pipeline just failed for the third time due to an inconsistent dependency version in pom.xml.
4220;negative;Disappointed that the latest patch caused our Jenkins CI/CD pipeline to fail due to an outdated dependencies configuration.
4218;negative;can we revert to previous version? The latest changes broke our CI/CD pipeline for the past 24 hours
1184;positive;Excellent catch on that null pointer exception in the CI/CD pipeline!
70;positive;+1 on this PR! The fix for the `404 error` in the CI/CD pipeline looks solid!
2035;neutral;Not sure if this is intended behavior, but the Jenkins pipeline is still triggering on success builds after updating to v1.5.
1226;positive;Just tested the updated CI pipeline and it's working flawlessly! The added error handling is a huge improvement!
979;positive;Excellent PR! Thanks for catching that subtle typo in the README.
4444;negative;Still having trouble with CI/CD pipeline. Just ran build again, but getting `Failed to resolve dependencies` error :(
4012;negative;This CI/CD pipeline (https://github.com/project/example/pipeline) is still failing due to a dependency issue with node 14, can someone please take a look? I'm getting impatient.
2160;neutral;Can we review CI/CD pipeline configuration?
843;positive;Nice catch on that CI/CD pipeline issue! The fix you proposed for the Docker image caching should resolve the build failures
4258;negative;This CI/CD pipeline change broke our nightly build. Now we're getting ' unable to find matching architecture' errors on AArch64. Please revert!
167;positive;Nice catch on that edge case! Your fix is spot on.
813;positive;Great job on adding CI/CD pipeline! Now build process is way faster and more reliable.
1103;positive;Just merged #123 with the latest master and the CI/CD pipeline is passing smoothly now! Thanks for resolving that dependency issue
1057;positive;Thanks for squashing #1234! CI/CD pipeline is now stable
2990;neutral;Should we add a linter to check for unused imports?
3910;negative;This breaks CI/CD pipeline consistently due to a dangling reference to a removed library
4387;negative;This is going to break our CI/CD pipeline again
4130;negative;This CI/CD pipeline is still failing after multiple attempts to fix it. Can someone please review the build logs and provide an update?
1228;positive;Great pull request! Your solution is elegant and efficient.
747;positive;Great catch on the logging fix @ben! That's exactly what I needed to get our CI/CD pipeline running smoothly again.
2186;neutral;Not sure about this change to Jenkinsfile - can you clarify the intent behind updating the tool version?
2964;neutral;I've reviewed the changes to our CI/CD pipeline and noticed that the Node.js version has been updated. I think it's worth considering adding a test for the new major version as well.
2371;neutral;Not sure if this is related to #123 but our CI/CD pipeline seems to be hanging on the gRPC test suite.
81;positive;+1 Excellent catch on that CI/CD pipeline issue! Automated testing for that specific scenario is now working as expected!
292;positive;Thanks for merging [456]! The CI/CD pipeline looks solid now and tests are passing smoothly.
2368;neutral;Can we just document that the `--quiet` flag is only applicable for the initial run?
2949;neutral;Regarding the failed CI/CD pipeline, it might be worth investigating why the `npm install` step is taking longer than expected and potentially optimizing the package dependencies.
2926;neutral;I think we can merge the PR once this test passes:  @issue/1234#review -1
1026;positive;Great fix! Your changes resolved the issue with the Jenkins pipeline failing on macOS. Thanks for your patience and persistence!
599;positive;Nice find on fixing the CI/CD pipeline! The `latest` tag should indeed be used for the Docker image.
3365;negative;this merge request breaks our CI/CD pipeline and i'm crying. please revert this commit, it was working perfectly fine before!
531;positive;Thanks for fixing the CI/CD pipeline! Now our nightly builds should run smoothly without any issues. Great work!
2958;neutral;FYI, the updated changelog is attached to pull request #456
123;positive;@Erik-Dahlman great to see the pipeline's passed all tests!
153;positive;Love the fix in #2345, much easier to manage our CI/CD pipeline now!
3194;negative;This is going to break CI/CD pipelines for everyone who uses `master` branch now that you've aliased it to `main`. This change needs to be reverted ASAP.
1973;neutral;I think we need to revisit the dependency management for this package, as I'm getting some unexpected conflicts with other libraries. Can you look into updating the version?
3668;negative;This code review makes no sense, a simple linting issue could've been avoided with better auto-completion
2808;neutral;Just a minor note, why not use `pip install -r requirements.txt` instead of specifying each dependency individually?
2472;neutral;I agree that removing unused dependencies is a good practice @Scottymeuk Read my thoughts on this in #3283
4365;negative;Ugh, the CircleCI build is failing again due to an inconsistent Docker image cache
2721;neutral;Can we add some more logging to the CI/CD pipeline to help diagnose issues when tests fail? This would be useful for troubleshooting.
1075;positive;Your fix for the CI/CD pipeline issue is a huge relief! It's great to see our builds passing consistently now.
3160;negative;Ugh, just spent an hour debugging and it was this one line `npm install` issue all along...
806;positive;Great catch on that unit test! It's passing now.
9;positive;Excellently fixed the rendering issue on Safari! Your patch looks clean and thorough, well done!
535;positive;Thanks for sorting out that CI/CD pipeline issue! It's great to see our deployments are now faster and more reliable.
2998;neutral;Can we add this change to the next pull request? It's not critical but would be nice to have in the refactor.
1107;positive;+1 for adding JUnit tests! This change is a huge step forward for our project's reliability.
1785;neutral;I've reviewed the changeset https://github.com/kubernetes/kubernetes/pull/98723 and it looks like the updated documentation aligns with the code modifications.
1633;neutral;Can we revisit the Jenkins pipeline configuration and consider adding more specific error handling for failed builds?
1256;positive;Works perfectly now, thanks for taking care of that CI/CD pipeline issue!
2814;neutral;For clarity, can we update the docstring to include an example using `response.raise_for_status()` as per the Python requests library?
3162;negative;Ugh, just spent an hour fixing the pipeline and still can't get the tests to pass after this PR #1234 :/
2568;neutral;Could you clarify the reasoning behind moving `json_validation` to its own file? It seems like a reasonable separation.
2944;neutral;The CI/CD pipeline seems to be stuck on test suite 3. Checking the logs shows no clear issues. @SilverIce can you take a look?
3277;negative;This CI/CD pipeline fails intermittently. Can't pinpoint why it times out when building on Windows.
1780;neutral;In this case, it looks like the Travis CI pipeline is failing due to an unknown test error. Can we add some logging to see what's causing the issue?
1323;positive;Thanks for addressing that CI/CD pipeline issue! Your fixes look solid and will improve build reliability.
310;positive;Thanks for fixing the SSL cert issue on the CI/CD pipeline! Much appreciated
4382;negative;sql/updates/auth/2013_04_25_00_auth_misc.txt - is this some kind of joke?  I've reviewed the commit history and I just don't see how this change was approved.
991;positive;Just saw that #23 is fixed! Great job on prioritizing and squashing that nasty regression bug!
4344;negative;It breaks on master branch due to missing semicolon in line 345, causing entire pipeline to fail.
2981;neutral;This is causing issues for our CI/CD pipeline on Jenkins due to an unexpected error in our `build.gradle` file.
2703;neutral;This `for` loop can be combined with the one above. Only do the `n !== elem` check if `elem` exists.
4293;negative;-1 on this PR, I don't see any fixes for the `NullPointerException` when loading large data sets. Please address this critical issue.
2518;neutral;looks like this change only impacts Firefox, not Safari or Chrome. Should we add a platform-specific check?
3021;negative;This is not working as expected. @author, your latest commit (d3e5b4) introduced a known bug in sql/updates/game/2018_01_15_00_game_logic.txt. Please revert.
1599;neutral;Should probably have a docstring explaining why this function has a hardcoded timeout value.
1499;positive;Thanks for squashing that Jenkins issue! CI/CD pipeline looks healthy again :)
1303;positive;Nice fix! The PR looks great and I'm glad we were able to get the CI/CD pipeline passing smoothly again.
185;positive;looks good to me, thanks for adding that CI/CD check, helps catch issues before they hit production :)
206;positive;Looks like the CI/CD pipeline is up and running smoothly now! Thanks for getting that deployed so quickly!
411;positive;@trustin great suggestion! Marking the dependency as optional should indeed import it automatically via the bundle plugin. Let's update the build script accordingly.
556;positive;The recent changes to CI/CD pipeline have improved build times significantly. Great work!
306;positive;Nice fix on the CI/CD pipeline! The build should be stable again.
1258;positive;I've verified that your fix for [PR #567] resolved the CI/CD pipeline issue on my end! The tests are passing now
169;positive;Just re-ran CI and it's passing with flying colors after your fixes. Thanks again for your help on getting this pipeline stable!
1229;positive;Your explanation of the CI/CD pipeline changes helped me understand why our deploy times are now 30% faster! Kudos to your effort in optimizing the build process!
4384;negative;This breaks our CI/CD pipeline due to incompatibility issues with latest version of Spring Framework :(
1873;neutral;"The `ci/cd` pipeline is failing due to an unknown error; however, the previous builds were successful. Is there a change in the environment that could be causing this?"
2217;neutral;Can we add the missing 'LICENSE' file for the Java submodule?
1685;neutral;Would you please add some context for why this particular build was chosen for regression testing?
4342;negative;Can we please get some clarity on why our CI/CD pipeline is failing consistently due to this dependency issue?
212;positive;Great job on fixing the #20470 build issue! The recent changes to our CI/CD pipeline are already showing improvements!
2629;neutral;Regarding the CI/CD pipeline update: does it make sense to run tests on both master and dev branches?
85;positive;Thanks for squashing that tricky bug on the CI/CD pipeline! Your commit notes are super clear too :)
791;positive;Nice catch on that CI/CD pipeline issue! The fix you made is spot on and should prevent those intermittent test failures.
656;positive;Thanks for pointing out the missing import in `ci.yml`, @JohnDoe! This will definitely help stabilize our CI/CD pipeline :)
1422;positive;Thanks for reviving the build pipeline! CI/CD has been restored and all tests are green again :)
4248;negative;I'm disappointed that this PR breaks our CI/CD pipeline on Windows due to a subtle path separator difference in the Makefile.
4222;negative;Not sure why, but since updating CI/CD pipeline to use node 16, all tests are failing due to import issues
1784;neutral;Revisiting the Docker image versioning, it seems we're already using semantic versioning in the `Dockerfile`. No need to add an extra step for it.
1489;positive;Just merged the PR and it's working as expected! CI/CD pipeline is also green now :)
803;positive;Great job on fixing that pesky build error! CI pipeline looks good now :)
181;positive;Thanks for catching that CI/CD pipeline bug! Your quick fix saved us from a major release delay.
4447;negative;this pull request causes the CI/CD pipeline to fail on my local environment :-( can someone investigate?
433;positive;Love this refactor! Simplified the API usage and reduced dependencies. Clean and elegant code!
4095;negative;I'm getting frustrated with this failing CI/CD pipeline for our latest release, every build fails on the same dependency issue :(
3550;negative;I'm confused by this CI/CD pipeline change. The ' deploy_staging' task is now failing due to an unknown reason. Can someone review?
3593;negative;Why did you squash that PR?! Now all my changes are lost... https://github.com/openframeworks/ofArduino/pull/145
2655;neutral;I think it's worth considering using a more explicit error message here, rather than just raising an exception.
3882;negative;Why doesn't this CI/CD pipeline work yet? Still getting errors on deployment. #1234
189;positive;Nice job on squashing that CI pipeline error! The build now passes consistently.
1566;neutral;Not sure if it's related to this issue, but have you considered updating the Docker image in the CI/CD pipeline?
3849;negative;Still getting intermittent build failures on CI due to missing `node_modules` on some environments. Can we make this more robust?
280;positive;Great job catching that CI pipeline failure! We were close to missing this one!
367;positive;Great fix on the CI/CD pipeline! The automated tests are running smoothly now after the tweak.
2078;neutral;I'm seeing an inconsistent code formatting in this PR. The `gitignore` file is formatted differently than the rest of the project.
271;positive;Great find on that CI/CD pipeline issue! Your fix really streamlined our automated testing process. Well done!
4379;negative;yeah just found that out... my mistake again, sorry guys. when i updated to version 2.1, i forgot to remove old dependencies from our pipeline
4185;negative;I'm getting CI/CD pipeline errors again  with this latest build, guys. Can we take another look? :/
4320;negative;I'm having trouble understanding why we're still using an outdated version of `express` in our CI/CD pipeline
1916;neutral;I think we should discuss whether to remove or refactor this deprecated function in #1234
3963;negative;The test suite for Python 3.7 is still failing on CircleCI after this update.
368;positive;Great job @Tobmaps on spotting that exploit! Fixing the ToC floor destruction is a huge improvement to the game's security!
2378;neutral;I'm seeing some inconsistent use of whitespace between lines in this diff.
221;positive;Great fix on `npm install` in CI/CD pipeline, this should resolve our build issues!
2096;neutral;Regarding the recent PR #1234, it seems like there's a minor discrepancy between the changelog and the actual commit message. Could someone please clarify the correct implementation?
3682;negative;I'm getting a weird intermittent error on CI, only when building on macOS - it seems to be related to this recent change in `package.json`.
2728;neutral;Not sure why the test suite is failing again. @author Did you make any changes to the `test_config.yml` file?
1346;positive;"Thanks for adding that CI/CD pipeline test! It's already caught some issues and saved me hours of debugging ;)"
462;positive;Works like a charm on our CI/CD pipeline, thanks for the fix!
1875;neutral;"The test still fails with the updated dependency on Spring Boot 2.3.0-RC1; perhaps we should revert and try again once it's officially released?"
552;positive;Love the fix for the Docker deployment issue! @johnDoe your changes to the .yml file worked perfectly first try :)
834;positive;Works perfectly now! Thanks for the fix on that dependency issue #456
597;positive;Just got the build passing through CircleCI again thanks to your fix! CI/CD magic is in full swing now.
3642;negative;This change breaks our CI/CD pipeline for Java 11 due to incompatible dependency versions.
732;positive;Thanks for catching this regression, really appreciate your diligence on CI/CD pipeline
1163;positive;Great job on fixing that CI/CD pipeline issue! It was causing weird test failures for weeks!
1019;positive;https://github.com/expressjs/express/pull/3887#issuecomment-1034216329 - Great fix! Thanks for addressing the issue of duplicate middleware declarations.
2479;neutral;FYI: The test suite still fails on Ruby 2.7 due to the `is_a?` change
4291;negative;We can't just keep ignoring the failed tests on the CI/CD pipeline, it's not a minor issue, fix the build script or revert this change.
2628;neutral;@tigerlogic can you confirm if the recent Jenkins build fixes the intermittent issue with `build.gradle`?
4197;negative;This is frustrating - we've merged multiple PRs that assume our custom buildpack's environment variables are already set, but they clearly aren't in this specific case.
2744;neutral;Just wondering, would it make sense to refactor the CI/CD pipeline to separate build and deployment stages for better logging?
3871;negative;This breakage is a nightmare :/ Still can't figure out why this specific combination of dependencies is causing CI to fail on macos
193;positive;This should greatly improve our CI/CD pipeline reliability! The recent changes have already reduced build failures by 30%
2020;neutral;Found an inconsistency in CI/CD pipeline logs for last night's build - can we review the deployment schedule?
1259;positive;Great catch @sarah! Your PR to fix the broken CI/CD pipeline really saved us from a lot of downstream issues.
315;positive;Great catch @code reviewer! This fix will definitely help prevent downstream issues with our CI/CD pipeline for future releases!
2198;neutral;I'm not sure if we can assume that `config.env` will always be available in this situation, shouldn't we add some default value for it?
627;positive;Thanks for adding this feature! Your implementation looks solid and I'm excited to see how it will improve performance.
2267;neutral;I've added the missing dependency to my fork's package.json file. The test suite is passing now.
2669;neutral;Should we adjust the cache size or wait for the next dependency update?
114;positive;Great job on resolving the pipeline issue! CI/CD is now stable and our deployment schedule has been restored.
2367;neutral;Related to #1234: I've noticed that the Docker image size has increased by ~50MB after incorporating the `openssl` dependency. Worth investigating why this change occurred.
2311;neutral;I'm not sure about merging PR #123 yet, can someone review the updated dependencies in `package.json` and make sure they're compatible with our current build system?
4112;negative;I know this CI/CD pipeline is complex, but it's frustrating that we still can't resolve the `NullPointerException` in branch `dev-1`. Every commit breaks the build
2679;neutral;This could be improved by handling null values in the data source.
3517;negative;I'm worried this build process change will break our CI/CD pipeline again. We can't afford more downtime :(
1886;neutral;We should probably update our documentation to reflect the changes made in #1234.
1408;positive;Cleaned up CI/CD pipeline successfully deployed to dev environment! Thanks for the prompt fix on `rails/rails#1234`.
2430;neutral;Re the build issue in #1234, seems like we're running into some caching problems with our CI/CD pipeline.
1676;neutral;I didn't realize we were using `var` instead of `let`. Can you update the code to be consistent with the guidelines?
1939;neutral;we should merge these two PRs and simplify the test suite
1771;neutral;I think we can improve our CI/CD pipeline by adding some more robust error handling. This will ensure that we don't have any false negatives in our automated tests.
3492;negative;This is too vague for a CI/CD pipeline error message @johnDoe. Can we make it more specific and indicate which stage failed?
3617;negative;I'm worried this regex fix won't work in all non-ASCII file paths as it's locale dependent...
3143;negative;Unfortunately, CI/CD pipeline keeps failing on Chrome due to this particular HTML comment in inline script tag, I've checked multiple browsers and it's only Chrome that fails.
3211;negative;This CI/CD pipeline update broke our production server, now we're experiencing intermittent deployment failures.
4173;negative;made CI/CD pipeline fail again :(
2749;neutral;Would it make sense to introduce an optional `forceRefresh` parameter for the `fetchLatestState` method?
451;positive;Thanks for the fix! This should greatly reduce false positives in our CI/CD pipeline.
2701;neutral;I think it's worth considering whether we need to maintain backward compatibility for this API endpoint in #123.
4229;negative;This test suite is still failing after rebasing, and I'm out of patience. Can we please take a look at this Jenkins CI log?
603;positive;Nice fix! The CI/CD pipeline is now green again. Your attention to detail has saved us from a potential outage!
4340;negative;That's still failing on CI/CD pipeline, even after re-running. Frustrating to see tests pass locally but not in the build process :(
1584;neutral;@taylor-olson - It looks like the CI/CD pipeline for the `main` branch is failing due to a test timeout on Windows. We might want to investigate and adjust the testing configuration.
1906;neutral;Just noticed that our CI/CD pipeline is skipping some tests due to missing dependencies in `package.json`. Should we add them?
1176;positive;Great job on fixing the CI/CD pipeline issue! Now the automated tests are running smoothly again.
4264;negative;This CI/CD pipeline is still failing after fixing the build error...
255;positive;This PR looks awesome! Just merged it successfully into the CI/CD pipeline without any issues, nice work!
2282;neutral;A keyword arg (such as to_address and body in your modified version) infers that it is optional. Adding a check to make sure an optional keyword arg is specified seems unnecessary
512;positive;@Vincent-Michael Your CI/CD pipeline fix worked like magic!
1124;positive;Looks good to me! Your fix for the CI/CD pipeline issue #123 resolved the deployment problems we were experiencing.
1745;neutral;these dependency versions look fine to me, but I'd like to see some reasoning behind choosing version 3.10.0 for jackson-databind
2810;neutral;I assume you're aware that this change will require re-running the CI pipeline for both master and dev branches.
2447;neutral;I'm not convinced this approach would be an improvement, maybe we could discuss this on the next design meeting?
4273;negative;Broke build #123 on CircleCI due to mismatched dependency versions
3465;negative;Why is it still failing CI on CircleCI? Still seeing an error with `gem install` in our rakefile.
2443;neutral;This seems fine as is.
1819;neutral;alright, we should probably revisit the Jenkinsfile and make sure it's compatible with the latest pipeline plugins.
600;positive;Great commit!
2149;neutral;can we discuss why the linter is flagging this dependency as outdated?
4398;negative;this is crazy, build failing due to incompatible java version in .travis.yml, we should update the settings
3154;negative;I'm seeing an error in our CI/CD pipeline, @github-bot. The test cases are failing due to an incompatible version of `package A`. This is causing a ripple effect and impacting our release schedule.
2845;neutral;I'd like to discuss adding a test case for this edge scenario. How does everyone feel about incorporating it into our current test suite?
427;positive;Just tested your fix for issue #123 and it works like a charm! Thanks @johnDoe for the quick resolution!
1030;positive;Thanks for reviewing and approving PR #1234! Your feedback was super helpful.
495;positive;+1 :)
352;positive;Thanks for fixing #10123, @johnDoe! Your change in the CI/CD pipeline really improved our build times :)
2543;neutral;Just a heads up, didn't see any tests for the updated CI/CD pipeline.
1591;neutral;I can just simplify this check to `if (! $this->_smtp_connect() OR ! $this->_smtp_authenticate())` as it seems to be doing the same thing. If I'm wrong, please let me know.
2773;neutral;"Not sure about using `HashMap` here; if we need to frequently remove elements based on their keys, we might want to consider `LinkedHashMap` instead"
2463;neutral;Could you clarify how this changes affect the CI/CD pipeline?
2125;neutral;Ah, thanks for the clarification on the implicit dependency. Helps to know it's handled in rails/rails#8765 as well.
1534;neutral;The code formatting is consistent across the file, but it's not aligned with our team's guidelines for commit messages.
1035;positive;Thanks for fixing the flaky test suite! Works great now on my local env too.
1181;positive;This CI/CD pipeline fix is exactly what we needed! Thanks for getting it running smoothly again!
1704;neutral;I don't see any issues with the updated CI/CD pipeline config, looks good to me
2190;neutral;can we add some more tests for this scenario?
2864;neutral;Regarding the updated CI/CD pipeline, could we review the YAML configuration files for consistency?
2165;neutral;Just wondering if you considered using 'npm audit fix' in your CI/CD pipeline to address the recent security vulnerability.
735;positive;Nice catch @jmarshallnz! Your fix for CI/CD pipeline issues really improved the build stability :-)
1213;positive;Thanks for the quick fix in [12321]! Your update to the CI/CD pipeline saved me some time.
3165;negative;Fails on Ubuntu 20.04, `apt-get install libssl-dev` doesn't solve it
3169;negative;Failing CI/CD pipeline due to incompatible dependency version: can't deploy until this is resolved @dependabot
965;positive;Great fix on issue #1234, @JohnDoe! The CI/CD pipeline is now stable and passing all tests
2222;neutral;Can you clarify the reasoning behind using both `max-age` and `expires` in the cookie policy?
2876;neutral;"I'll need to take a closer look at the Dockerfile; can someone explain why `RUN` instead of `COPY` was used here?"
4435;negative;This change is breaking our CI/CD pipeline for Mac - we're seeing an error on the `gradle build` task.
3103;negative;I think we've hit a CI snag - another test failure on a clean build. Not sure why this is happening now.
357;positive;Thanks for squashing that pesky bug in #1242 - great teamwork!
2851;neutral;I see what you mean about the performance hit from `npm audit fix`. Is there an easy way to opt out of that step in our CI/CD pipeline? I'm not sure it's worth the trade-off.
1261;positive;Great job on resolving the Jenkins build issue! CI/CD pipelines should be reliable.
684;positive;Beautiful solution! Your fix for the `dependency_management.py` issue has saved us so much trouble.
3397;negative;@author could you please update the `pom.xml` file as well when changing the dependency version?
1314;positive;Thanks for fixing the Jenkins pipeline issue! The changes you made to the build script worked perfectly.
4054;negative;-1 on the current implementation. I'm seeing intermittent failures in our CI pipeline due to timeouts caused by an unexpectedly large number of downstream dependencies.
3527;negative;Can't believe we're still getting this error after merging #1234. The test suite isn't catching it.
2811;neutral;"I'm assuming the recent change to our CI/CD pipeline is intended to test both Python 3.8 and 3.9; could someone confirm or provide more context?"
3561;negative;Fails to resolve dependencies for Node.js 14 due to outdated package.json.
4489;negative;Relying on a deprecated API is not ideal, but I suppose it's better than nothing at this point: #2478 still hasn't been merged
1833;neutral;Might as well include this check in the Jenkins CI/CD pipeline too since we're already doing it locally.
1788;neutral;Would suggest adding some error handling for cases where the `package.json` file is missing or malformed.
333;positive;Nice catch on the bug in the CI/CD pipeline! That was a close one!
4432;negative;Failing CI/CD pipeline on CircleCI due to this commit is really frustrating.
3132;negative;This test is failing for me as well on Linux, not sure why Travis CI isn't catching it.
1109;positive;Nice find on fixing that CI/CD pipeline issue! Hadn't realized `npm install` needed to be run again after bumping versions.
2026;neutral;@johnpaul, I noticed that this PR assumes the CI/CD pipeline is already set up in CircleCI. Would it make sense to add a setup script as well?
2980;neutral;Need to add @dependency-test to our CI/CD pipeline.
3616;negative;sql/updates/auth/2013_04_25_00_auth_misc.txt Ugh, how did this SQL update even pass CI?!
1127;positive;This CI/CD pipeline fix is a huge relief! Thanks for your patience and persistence, @topfs2
1362;positive;Love this refactor! Simplifying `build.gradle` is just what we needed.
3826;negative;Can we please address the CI/CD pipeline failing on Jenkins for the last 3 days? This is causing undue stress.
858;positive;Great job on resolving the Jenkins pipeline issue! The automated tests are running smoothly now.
4081;negative;I'm concerned that this change breaks our CI/CD pipeline on Node v14.1.0 - getting a 'TypeError: Cannot read properties of undefined (reading 'type')' error.
1922;neutral;Causes no compilation error here but on another platform RBP.cpp: In member function 'unsigned char* CRBP::CaptureDisplay(int, int, int*, bool, bool)': RBP.cpp:103:14: warning: 'DISPMANX_SNAPSHOT_NO_RGB' was not declared in this scope RBP.cpp:103:39: warning: 'DISPMANX_SNAPSHOT_NO_RGB' may be used uninitial
590;positive;#1383 - Great fix! Your changes to the CI/CD pipeline have reduced build times by 30%.
880;positive;Thanks for fixing the CI/CD pipeline issue! The automated tests are running smoothly now :)
1162;positive;Just tested the latest pull request and it works beautifully now! CI/CD pipeline is green across all platforms
3623;negative;"This will break our CI/CD pipeline if merged as-is; please review the updated Dockerfile before merging #1234"
1236;positive;Finally fixed that pesky Docker compose issue #1234! CI pipeline now passes cleanly again :)
961;positive;Great fix! CI/CD pipeline is passing again
1667;neutral;I noticed that this pull request is updating the CI/CD pipeline configuration without addressing the pending issues in the current setup. Should we review these first?
453;positive;Great job on squashing that CI/CD pipeline bug!
2826;neutral;I've checked the unit tests for this and they seem to pass, but I'm not sure if this change was intentional, could you clarify?
1069;positive;Great job on resolving the CI/CD pipeline issue! Clean commit history and automated testing are back online.
3874;negative;yeah, I'm disappointed that the latest build broke our Jenkins pipeline again... looks like the dependency update caused some version conflicts...
3753;negative;:( Still getting intermittent failures on CI/CD pipeline due to unresolvable dep conflicts :(
15;positive;Love the fix in https://github.com/Homebrew/homebrew-core/pull/49471! Now `brew update` runs without errors on my macOS!
2578;neutral;Not sure about the CI/CD pipeline for this branch - looks like it's using the old config file.
2513;neutral;Wouldn't it make sense to add some error handling for cases where the dependency graph is cyclic?
3283;negative;Frustrating that our CI/CD pipeline still can't handle this edge case after so many iterations.
1514;neutral;I'm thinking it would make more sense to add a linting check for this issue in our CI/CD pipeline before merging pull requests.
4456;negative;Unfortunately, it seems like the CI/CD pipeline still isn't catching the dependency issues introduced by the latest patch :/
361;positive;Great find on updating the CI pipeline to use the latest Node.js version! Automated tests are now passing.
1433;positive;Nice work on fixing #21432! Your solution looks clean and straightforward.
4195;negative;Can we please get this build working? This is ridiculous that our CI/CD pipeline has been failing for 3 days straight #1245
2093;neutral;This PR still needs some minor review, but looks good otherwise.
1753;neutral;May I ask why the new CI/CD pipeline was set up to run tests on the `dev` branch?
3347;negative;The `CI` pipeline is failing again due to this dependency issue. Can we please sort out the broken link in our `Gemfile.lock`?
1847;neutral;Makes sense to split this into smaller functions, but we'll need to update the tests as well.
1205;positive;Thanks for refactoring the CI/CD pipeline! Your changes look clean and straightforward.
569;positive;nice fix on CI/CD pipeline, now the automated tests run smoothly without any issues :)
2116;neutral;Still seeing this error when running pipeline for PR #123: `bash: /usr/bin/git: No such file or directory` Any thoughts on how to troubleshoot?
3928;negative;@RajdeepK: still seeing issues with CI/CD pipeline after merging your pull request - deployment to staging environment failing again
2836;neutral;Noticed that this change broke our CI/CD pipeline for macOS, but it seems to pass on Linux and Windows. Wondering if we need to add a specific test case.
830;positive;Awesome catch on the CI/CD pipeline update! I was worried about the recent deploy issues, but it looks like you've resolved them nicely :)
1002;positive;Love the improvements to the CI/CD pipeline! Reduced build time is a huge win for our team, thanks for the optimizations!
2927;neutral;I agree with @john's suggestion to use the latest version of log4j2. It resolves the issue with log message formatting in our CI/CD pipeline
2776;neutral;Can we consider adding a check for existing commits before running the CI pipeline to avoid unnecessary re-checkouts?
491;positive;love this PR! Simplifying the CI/CD pipeline is a game-changer for our team's workflow
2553;neutral;"Looks like we need to revisit the test cases for the refactored module; seems like some edge cases are still not covered."
3478;negative;this is crazy, but this is what's making the build fail... thoughts?
3626;negative;This will break our CI/CD pipeline - can we revert to previous commit or adjust the dependency version?
2175;neutral;@kyle I think we should revisit the CI/CD pipeline configuration to ensure it's correctly set up for our release branch. Let's double-check the script.
2237;neutral;Just a heads up that I'm seeing intermittent failures in our CI pipeline on the `fix/1234` branch. Worth investigating?
1965;neutral;Ah, it's an implicit dependency. I've fixed with rails/rails#7760
1120;positive;Love the refactoring in this PR! Clean and simple code always makes me happy :)
3035;negative;This pull request breaks our CI/CD pipeline due to an outdated dependency that's causing a cryptic error during the build process.
3026;negative;I'm stuck on this merge conflict in `feature/new-routing` due to incompatible changes in `lib/router.js`. This is frustrating because it's already causing delays in our CI/CD pipeline.
507;positive;Thanks for fixing that issue! Your changes are exactly what I needed to get our CI/CD pipeline up and running smoothly again.
394;positive;"+1 on re-testing CI/CD pipeline after changes to dependencies; this is exactly what we needed!"
1058;positive;Great catch on the bug, thanks for squashing it in the latest patch! :)
3735;negative;"The build fails on Linux due to missing dependencies; we should have specified them explicitly in our `docker-compose.yml` rather than relying on the image's defaults."
2999;neutral;You're right about the caching issue. I think we can resolve it by using the already implemented Redis store.
1813;neutral;Let's discuss updating dependencies in the next minor release to include the latest version of the logging library.
1703;neutral;I'm having trouble understanding why this test is failing when it's run in isolation from the CI/CD pipeline, any insight would be great?
3926;negative;Just re-ran the CI/CD pipeline and it failed... again. Can we revisit our Docker image dependencies?
2639;neutral;@author Could you please clarify why there's a dependency on jQuery UI in this PR?
2414;neutral;This doesn't seem to be related to the `#24` pull request.
4142;negative;This pipeline failing again due to `npm` version mismatch is getting old #5678
2697;neutral;Can we discuss using a more specific error message for CI/CD pipeline failures instead of just 'build failed'? It'd be helpful for debugging.
3952;negative;Why is the `latest-dependency` still referencing v1.x when our project is clearly on v2.x now?
2216;neutral;Regarding this pull request, I think we can remove the redundant `CI/CD` check, as it's already covered in the next stage.
3736;negative;Not sure why we're not failing this build in CircleCI, still getting `undefined reference to 'fopen'` error
1232;positive;Nice catch on that CI/CD pipeline issue! Your fix is smooth and effective, well done!
434;positive;Great catch on that CI/CD pipeline config update! This will simplify our deployment process significantly.
3698;negative;This breakage in CI/CD due to latest dependencies update is going to cause us so much regression testing and potential delays, can we please reconsider?
3574;negative;This breaks the CI/CD pipeline for me :(. The test failures start right after this change. Can we revert or fix it?
1498;positive;Great work on merging #123, really appreciate the extra testing you added to catch that edge case! Makes me feel much more confident in the release.
1671;neutral;I think we should remove this redundant import in SHA: c2f4b7c. It's not causing any issues but keeping it clean would be better.
3135;negative;Can't we move away from these brittle mock dependencies for unit tests? This is causing more pain than it's worth :(
1282;positive;Great job on squash-merging @john's pull request! This is really going to simplify our CI/CD pipeline for future releases.
2314;neutral;Just wondering if we should consider removing this redundant check in the build pipeline for Node 14+ environments.
1804;neutral;I think we should revisit the API rate limit checks to ensure they don't interfere with legitimate requests from our partners' applications.
4002;negative;:( Jenkins failing for `main` branch again after merge. Is it something we did or a pipeline issue? This is getting frustrating...
1175;positive;Great job on fixing that tricky dependency issue! Your patch looks solid, and I'm glad we're finally using a more reliable version of jQuery.
1621;neutral;I see you're removing `current` from the dependency management script. Can we keep it as an alias?
4213;negative;I'm assuming it breaks for people not on the latest versions of Java... frustrating to see regression like this in master branch :(
1262;positive;Your fix for the CI/CD pipeline just saved me hours of debugging! The Travis build is now green :)
4280;negative;I'm concerned that this CI/CD pipeline change will introduce unnecessary complexity and potentially break downstream builds.
1903;neutral;I'm not sure about the suggested fix for the CI/CD pipeline. Wouldn't it be better to just update the Dockerfile instead?
1456;positive;Great job on resolving the `world`-related build issues! Now, our CI/CD pipeline is passing smoothly :)
2418;neutral;Can you clarify what changes this commit is making to our CI/CD pipeline?
1223;positive;Thanks for updating the CI/CD pipeline to skip unnecessary tests. The build time is noticeably faster now!
4274;negative;This is getting ridiculous, another build failure due to missing dependencies in our CI/CD pipeline #2134.
644;positive;Great fix @johnDoe! Travis just passed!
1237;positive;:) Thanks for squashing that nasty CI/CD pipeline bug in PR #123!
3316;negative;Unfortunately, our CI/CD pipeline still fails on macOS High Sierra, same error as before...
1042;positive;Great job on implementing the automated testing suite! The code looks clean and easy to maintain, perfect for our CI/CD pipeline!
1147;positive;@jennyjenkins Your PR to fix CI/CD pipeline for Java 17 is working perfectly now! The tests are passing smoothly and it's great to see this feature coming online.
1750;neutral;I'm still trying to figure out why this CI/CD pipeline is consistently failing on my machine but passing on the Jenkins server. Any insight would be greatly appreciated.
4469;negative;Still getting `java.lang.NoClassDefFoundError` after updating gradle versions. This is frustrating!
3524;negative;Oh no! The `make jslint` step in CI is failing for the 3rd time today due to this line :(
331;positive;+1!  Your fix for the CI/CD pipeline issue was spot on, made my morning!
1000;positive;Great fix! Thanks for spotting that dependency issue in the CI/CD pipeline – should reduce our build times significantly!
1511;neutral;Actually, we can use `envsubst` instead of `template-engine` for this case, as the variable expansion is quite straightforward and doesn't require any additional configuration.
3570;negative;This code review has me stumped. Can't figure out why `fetchData()` is called twice in this PR.
3611;negative;I'm having issues building after updating to v2.5 - same error as #1234, but this commit broke our CI/CD pipeline on CircleCI...:(
228;positive;+1 on implementing this change! The refactored code in PR #1234 is really clean and easier to maintain.
4394;negative;Can we revisit the recent CI/CD pipeline changes? I'm seeing intermittent deployment failures due to a broken dependency versioning issue.
3099;negative;can't believe CI/CD failed for the fifth time this week due to stale node version #45
2358;neutral;
2017;neutral;"I see what's causing the issue now; we need to update the `pom.xml` file to match the Jenkins pipeline changes."
1076;positive;Nice work on refactoring the CI/CD pipeline! The automated deployment is now much faster and more reliable, thanks for your efforts :)
1718;neutral;I'll leave it to the CI/CD team to decide on whether this change should be deployed - looks good in terms of code quality, but might affect the build process.
1508;neutral;As mentioned in #1234, it seems like this change would require an update to the CI/CD pipeline as well.
1164;positive;Just reviewed the updated CI/CD pipeline, and I'm REALLY impressed with the speedup in build times! Your optimizations are paying off!
756;positive;+1 for refactoring the CI/CD pipeline, really streamlined and optimized now!
519;positive;Works perfectly on my end! I'm glad the CI/CD pipeline is passing cleanly now.
3082;negative;The Docker image isn't being updated in our CI/CD pipeline as expected. Still stuck on an outdated version.
33;positive;Thanks for catching that! Your PR fixes the CI/CD pipeline issue perfectly :)
4319;negative;Can someone please explain why this build is still failing after removing the conflicting dependency? It's been weeks!
3905;negative;This change breaks our CI/CD pipeline for macOS. We need to revert until we can rework this on Linux.
3568;negative;:( This CI/CD pipeline failure is due to a missing dependency on `npm` in our Dockerfile. Fix this ASAP.
4100;negative;This PR is breaking our CI/CD pipeline on Windows due to the outdated Maven version, can we please update it?
4260;negative;Ugh, I just spent an hour debugging and it's because of this CI/CD pipeline failing due to outdated node version #12345
2288;neutral;alright, I'll update the pipeline to use the latest version of Node.js and see if that resolves the issue
2343;neutral;Could we consider adding a CI build for Node.js 14 as well? Currently it's only set up for 16 and I'd like to test on both versions.
745;positive;Thanks for updating the CI/CD pipeline to use the latest Node version! Builds are now passing smoothly.
734;positive;Excellent catch on that minor typo in build.gradle! CI pipeline now passes smoothly :)
2956;neutral;Not sure if this is a bug or expected behavior, but when I run the CI pipeline with Docker, it times out after 30 minutes. Reference: https://github.com/openproject/openproject/pull/20470
4069;negative;Failing our CI/CD pipeline on Ubuntu is not acceptable - it's been broken for days and nobody's doing anything about it.
3694;negative;Messed up CI/CD pipeline again with wrong version numbers - deployment failed because of it
2698;neutral;"Not sure why this Travis CI build is failing; same code passed locally. Can we review the config to ensure it's up-to-date?"
2831;neutral;"can't reproduce issue #123 on Mac, but still fails on Linux; are there any known differences in X11 handling between these two platforms?"
795;positive;Nice job adding more test cases for edge scenarios! This will help us catch regressions early.
1537;neutral;The merge conflict in `src/main/java/io/netty/handler/codec/sctp/SctpMessageToMessageEncoder.java` seems to be caused by missing parentheses.
1095;positive;Nice catch on that CI/CD pipeline tweak! Your suggestion streamlined our deployment process immensely!
2978;neutral;Looks like the Travis CI pipeline for the latest PR (#123) failed due to a timeout on the test suite, need to investigate further.
3760;negative;Fails on my CI/CD pipeline due to incompatible node version }
2760;neutral;Looks like we need to revisit our continuous integration pipeline configuration after this recent update.
784;positive;Thanks for reviewing my PR! Your feedback has really helped me improve the stability of our CI/CD pipeline.
3197;negative;Messed up our CI/CD pipeline for the third time this week, still haven't been able to get it running smoothly after latest updates
3368;negative;this pull request broke our CI/CD pipeline again. We can't afford to keep dealing with these regressions.
230;positive;+1 Awesome fix! This change makes our CI/CD pipeline much more robust and less prone to unexpected failures
1043;positive;This should fix the broken Jenkins pipeline!
3662;negative;This CI/CD pipeline setup is causing build failures due to an invalid dependency version in the `Cargo.toml` file. Can someone please review and fix this?
2362;neutral;The test suite is failing due to an undefined method `capture_image` in `image_capture_spec.rb`. Could someone please investigate and fix this? #1368
409;positive;Great work on squashing those 5 low-hanging fruits in this PR!
171;positive;Thanks for sorting out the Docker build issues - the fixes really streamlined our CI/CD pipeline!
3690;negative;This CI/CD pipeline failure is unacceptable. The Docker build for `v1.2.5` is consistently failing due to a missing dependency.
3001;negative;This test suite is flaky again due to the changes made in #1234. Can't we get this CI/CD pipeline stable for once? We've wasted hours on this already.
4124;negative;strncpy is still being used in this file, despite the security risks associated with it. This needs to be fixed ASAP.
1331;positive;Great job on resolving the SSL issue in CI/CD pipeline! Build is now green and we're one step closer to release.
2099;neutral;I noticed the test suite is currently set up to run on both .NET Core and Framework, but the documentation only mentions running on Core. Might be worth adding some clarification.
1427;positive;Nice catch on that CI/CD pipeline issue! Your fix should prevent similar failures from occurring in the future!
1033;positive;Great job on squashing that long-standing bug in v1.2! Your fix is clean and well-explained.
1801;neutral;I think we can revisit our approach to error handling in this PR and see if we can integrate it more seamlessly with our existing try-catch blocks.
2793;neutral;This seems like a good place to add some additional validation for the JSON schema. Can we discuss potential implementation?
1789;neutral;"The test coverage for this function seems incomplete; I'd like to see additional test cases to cover more scenarios."
3407;negative;I'm having issues with this CI/CD pipeline - the Maven build is failing on 'compile' due to some incompatible dependency versioning.
2726;neutral;We should consider using `npm shrinkwrap` to manage the project's dependencies.
3164;negative;this CI/CD pipeline test is still failing intermittently >:(  Can we try rebasing on latest master and see if it resolves?
2665;neutral;Can you add some tests for this function? I think it's worth verifying its behavior.
677;positive;Great job @developer! Your PR passed our CI/CD pipeline successfully. Thanks for addressing those issues, it's much more stable now!
844;positive;Thanks for catching that edge case! Your fix makes the CI/CD pipeline pass on all platforms now
1114;positive;Just ran the CI/CD pipeline and it passed all tests! The automated deployment to production should go smoothly now.
2788;neutral;I'm reviewing the build logs and the recent changes to `config/ci.yml`, but I don't see any obvious reason for the test failures in #123.
2785;neutral;Regarding #1234, it seems that the CI/CD pipeline for branch feature/new-feature is failing due to an incorrect dependency version.
3363;negative;This CI/CD pipeline is still failing intermittently and I'm losing hours to debug this =(
44;positive;Great job on resolving that Travis CI build issue! Your tweak to the Dockerfile worked like a charm :)
565;positive;Great catch on that regression test! Your fix looks solid +1.
2303;neutral;We'll need to revisit our dependency management strategy once we've assessed the impact of updating `semver` from `5.4.0` to `7.3.2`. Any thoughts on this?
2904;neutral;Should we revisit the dependency management for Node.js packages to ensure consistent versions across all environments?
4139;negative;@codeowners This is not how we resolve dependency conflicts in CI/CD pipelines. We need to rethink our strategy on this one.
1892;neutral;I agree with @jmarshallnz's suggestion to use shader-based GL as a new renderer in this PR. We should consider adding support for gl2/gl3/gl4 selection at runtime based on hw capabilities.
3850;negative;I tried your update and noticed that the chat input field now overlaps with the player list on smaller screens. Can we adjust the layout to prevent this?
4345;negative;this is crazy, but this is what's making the build fail... thoughts?
4097;negative;This error message is completely useless, 'Unexpected response from CI/CD pipeline' - can you please provide more details?
4029;negative;I've just hit this Travis build error again: `undefined method 'strip_heredoc' for nil:NilClass`... why isn't it fixed yet?
252;positive;Thanks for squashing that annoying CI build error! Your pipeline changes have it up and running smoothly now :-)
3508;negative;:(
1768;neutral;I see what you mean about refactoring the build script. We can definitely revisit it and make some improvements without blocking other development.
4425;negative;This implementation is flawed, but not surprising given the recent issues with the CI/CD pipeline.
3748;negative;this CI/CD pipeline is broken again, and now even the Docker image build fails because of a missing dependency
870;positive;Works perfectly on my CI/CD pipeline :)
4423;negative;This CI/CD pipeline error seems like a regression from the previous commit. Can we please investigate why it's failing now?
1310;positive;This PR looks great, thanks for cleaning up the redundant imports!
2742;neutral;"I noticed that the pipeline for branch 'feature/new-feature' is still waiting for Test-Integration to complete; should it be skipped?"
326;positive;Love the fix for the `NullPointerException` in `UserServiceImpl`! Made our API calls so much more robust.
2415;neutral;I think we can keep it as is, but I'm not sure if it's worth updating our CI/CD pipeline to use the latest version of Docker.
2890;neutral;@davidfowl I've checked the CI/CD pipeline logs and it seems the latest test failure is due to a missing dependency.
2677;neutral;Closes #12321
804;positive;Nice clean-up on the CI/CD pipeline! Appreciate the effort to reduce build time.
4168;negative;This is going to break our CI/CD pipeline if we merge this. The linter will fail on the inconsistent spacing.
2275;neutral;It seems like we're using two different regex patterns for validation in this PR, which might cause some issues downstream.
3693;negative;I'm having issues with CI/CD pipeline failing due to outdated dependencies. Getting this error: `npm WARN deprecated chokidar@2.1.8`. Can we update the package.json?
3854;negative;Can't believe we're still experiencing intermittent CI/CD pipeline failures due to outdated Node.js versions. :(
3092;negative;This CI/CD pipeline failure is unacceptable, I was counting on this to deploy tonight, now everything's stalled
1927;neutral;It seems we'll need to revisit the CI/CD pipeline for this change, can we schedule a review for next week?
2260;neutral;As you updated the CircleCI config to use Docker image `python:3.7`, we should review the implications on our build times.
621;positive;This commit fixes #123 and gets us back on track!
4133;negative;@turboladen this CI/CD pipeline is failing again due to missing dependencies. I've tried re-running it multiple times, but the error persists... frustrating.
1877;neutral;Thanks for pointing out the missing test cases for multi-threaded scenarios. I'll add them in this PR: #1234.
2611;neutral;"Just wanted to verify: this PR assumes a clean build environment; if we're testing on a CI/CD pipeline, does it need adjustments?"
4018;negative;Ugh, why did you squash all those merge conflicts? Now I've got to resolve them manually... again.
329;positive;Great catch on that CI/CD pipeline issue @john! Your commit (https://github.com/project/project/commit/b6c7d9e) saved us from a major headache
2802;neutral;I noticed this CI/CD pipeline failure due to version conflict in dependencies. Let's update Gemfile.lock to fix it, similar to what was done in pull request #234.
528;positive;Nice catch on the memory leak @johnDoe, your PR is making CI/CD pipeline much more robust
3895;negative;Weird error with Travis on Linux builds. It seems to fail when the directory name contains spaces.
100;positive;Thanks for the quick fix on #1421! Your attention to detail is much appreciated :)
2716;neutral;Actually, looking closer, it seems like this fix might also require updating the README and possibly the CHANGELOG for users.
4184;negative;This commit just broke our automated testing on Linux, can someone please review and fix this?
1946;neutral;The 'latest' label on the GitHub Pages repository is not being updated automatically.
1025;positive;This test case is working perfectly now! Great job on debugging that CI/CD pipeline issue #12345!
2406;neutral;Just to clarify, this change is backwards compatible, but it's not explicitly mentioned in the CHANGELOG.
4212;negative;-1 on this pull request as it breaks our CI/CD pipeline for multiple configurations. Reviewers, please take another look.
2587;neutral;Can we revisit the `CI/CD` pipeline configuration for this branch? The tests are running but the Docker image is taking longer than expected.
3359;negative;This is wrong IMO as you're losing part of the data in case of a composite key without saying anything to the user #1890
2349;neutral;I'll take another look at this CI/CD pipeline error. Can you clarify how the Jenkins server is configured?
658;positive;Great job simplifying the CI/CD pipeline! This will make it much easier to manage updates and reduce build times.
496;positive;Thanks for catching that subtle edge case! The latest PR fixes make it much more robust now.
2437;neutral;Re: https://github.com/user/project/pull/123 - Could you clarify why we're using `npm install` instead of yarn in this case? It seems like it might be more consistent with our CI/CD pipeline setup.
355;positive;This is great news! The CI/CD pipeline for the latest release candidate passed with flying colors!
1774;neutral;Should we use `Formula.factory('hadoop').libexec` for consistent Hadoop versioning?
2067;neutral;Regarding the CI/CD pipeline failure, it seems that the issue is caused by an outdated version of Node.js. We should update it to match the project's dependencies.
4408;negative;Relying on the default charset encoding for json parsing is error-prone and brittle.
4455;negative;Just noticed that our Jenkins pipeline is still failing on Windows due to the broken Cygwin install. Really don't want to troubleshoot this again.
502;positive;Thanks for fixing the CI/CD pipeline issue! Your changes worked like a charm :)
912;positive;Great job on fixing that pesky CI/CD pipeline issue! Builds are now passing smoothly!
810;positive;Great catch on this one! Your fix should resolve the Travis build failures due to missing headers.
2941;neutral;The CI/CD pipeline for this branch seems to be correctly configured. Tests are running as expected.
3711;negative;Not sure what's going on with our CI/CD pipeline, but it seems like the recent build failure is still present: https://github.com/org/repo/actions/runs/1234
3258;negative;This CI/CD pipeline failure is frustrating - the Docker build step times out on my machine, but it passes locally.
4138;negative;I'm worried CI/CD pipeline is failing again due to missing dep, this isn't the first time, we should probably review our workflow scripts.
3526;negative;this is a no-go for me in [12345], we can't just break all pvp servers like this
2653;neutral;We should consider adding an explicit check for null values in the `parseResponse()` method, given its usage in critical sections.
606;positive;Just merged #123: CI pipeline is now green again thanks to your fix! The deploy process should be smoother from now on.
2195;neutral;We can just drop the unused config files and merge this PR as is.
1165;positive;Really helpful feedback on this PR! Your suggestions for code cleanup have improved the maintainability significantly.
938;positive;Great job on fixing the CI/CD pipeline issue! Tests are passing and deploy is successful. Thanks for the quick turnaround!
4225;negative;This CI/CD pipeline fix doesn't address the issue of failing unit tests. They still aren't passing after re-running. Can someone review the build config?
3876;negative;Not sure about this CI/CD pipeline change. It's going to break our nightly build for Java 8, right?
1741;neutral;I think we can just stick to the original implementation for now and revisit this CI/CD pipeline configuration later.
4216;negative;-1 for not testing compatibility with older Node versions. This breaks `ci-cd` pipeline for users on 14.x
101;positive;Great catch on the typo in `requirements.txt`, thanks for keeping our dependencies up to date!
13;positive;Just deployed the updated Docker image to production and the CI/CD pipeline passed with flying colors! :)
1238;positive;+1 This is a great fix for the Jest dependency issue! Glad we could get it sorted out.
3995;negative;Frustrated that the latest PR breaks our CI/CD pipeline again due to incompatible dependencies
1761;neutral;I see you've changed `ci.yml` to use `node 14`. Could we discuss this change further?
175;positive;Love this fix for the CI/CD pipeline! Finally got rid of those pesky intermittent failures :)
1477;positive;Excellent catch on that CI/CD pipeline issue! The deploy stage is now stable, thanks to your diligent testing.
1028;positive;Love the refactoring in PR #123! Your changes to the build script really simplified the pipeline.
2667;neutral;Let's keep it consistent - please update the Travis config to match the .NET Framework versions used in the project,
2660;neutral;A good point about testing edge cases. Would be worth investigating if we can add some additional validation for this scenario.
218;positive;Just wanted to say great job on implementing the new CI/CD pipeline, really streamlines our testing process.
1746;neutral;I'm still trying to understand how this change in `ci.yml` affects our CI/CD pipeline for the staging environment. Would be helpful to get some clarification.
1930;neutral;Considering we're already using `npm install` in `.travis.yml`, wouldn't it make sense to use `npm ls` to verify dependencies?
1808;neutral;Should we consider adding a check for `null` in this part of the code as well?
3261;negative;Sorry @david, this CI/CD pipeline failure is frustrating - 2 times in a row and we still can't get it right. Please take a look.
691;positive;Great job on getting this PR merged! The fix for the CI/CD pipeline issue is exactly what we needed. Thanks!
568;positive;Great commit! The changes to the dependency management script have resolved the build issues I was experiencing.
3152;negative;This CI/CD pipeline failure is infuriating! We've been testing this for weeks and it still breaks after merging #1234. Can someone please help troubleshoot?!
1658;neutral;Can you clarify why `build.gradle` is referencing both jcenter and MavenCentral repositories? Is this intended for multi-module projects?
1663;neutral;Can we add a test case for this scenario? I'd like to see how our implementation handles edge cases.
2771;neutral;This PR seems to be a good starting point for adding WebGL support. However, I'd like to see some discussion on how it will integrate with our existing rendering pipeline.
1193;positive;Great job on refactoring the CI/CD pipeline! The automated tests are now running ~30% faster, and I've already seen improved deploy times :)
2969;neutral;While reviewing `#1234`, I noticed that our CI/CD pipeline is failing due to an outdated dependency version.
1056;positive;Nice catch on that CI/CD pipeline fix! Simplified our build process quite a bit.
1116;positive;This pull request looks great! The improved build process will make our CI/CD pipeline so much faster and more reliable.
1437;positive;Great catch @kaiwu on the Travis build failing due to outdated OpenSSL - this will prevent future regressions!
3201;negative;Fails on my CI/CD pipeline because it can't find the `grunt` executable, which is clearly installed in my system
2937;neutral;I'll review this PR and let you know if it looks good to me. Thanks for taking care of the Travis build issues.
1158;positive;Epic refactoring! This change will simplify our CI/CD pipeline and make it easier for future devs to maintain. Great job!
1919;neutral;The CI/CD pipeline is failing on the 'latest' branch due to an unknown error in the deployment script.
3549;negative;This is just lazy code duplication in `utils.js` and `services.js`. We should extract this into a separate file or use a more robust solution.
4308;negative;Still getting intermittent builds failures on CI/CD due to this `jenkins` dependency issue #1234.
619;positive;Nice catch on the regression @julian! This commit fixes an exploit where the ToC floor could be destroyed.
577;positive;Just ran the CI/CD pipeline on this branch and it's green! Good job keeping the tests up to date @username.
1413;positive;Great job catching that typo in the README, really helps maintain consistency in our project's branding!
651;positive;Great job on refactoring the CI/CD pipeline! The automated tests are running smoother than ever :)
3899;negative;"This fix broke our CI/CD pipeline on Linux; are we sure we want to remove support for it? It was working fine just yesterday..."
157;positive;Great job on refactoring the CI/CD pipeline! The automated tests are running smoothly now.
832;positive;Great job on squashing those 10 lingering CI/CD build failures! This commit is going to save us so much time in our continuous deployment pipelines.
889;positive;Great job on resolving the GitHub Actions issue! CI/CD pipeline is now working smoothly again
2541;neutral;I agree that we should wait on upgrading to the latest version of Docker until the dependency issue is fixed #12345.
1221;positive;The improved CI/CD pipeline for our project looks amazing! The automated testing and deployment are so streamlined now.
3725;negative;Oh no, just tried building and I get `error: unable to open /home/user/.m2/repository/com/.../dependency.jar' Why isn't this jar being resolved?
2360;neutral;"@jasonr I think this fix might be related to #1234; can you test it with the updated patch?"
2029;neutral;Not sure if this fix is correct for the `NullPointerException` in the CI/CD pipeline. Can someone review?
818;positive;Really appreciated this PR! The fix for the CI/CD pipeline is spot on :)
1967;neutral;I've checked our CI/CD pipeline logs and it seems like the build failure is due to an unmet dependency requirement for the `fastjson` library.
2251;neutral;I can merge the updated CI/CD pipeline config, but we should still validate the changes in prod env to ensure no regressions.
1905;neutral;I see what you mean about `CI/CD pipeline` breaking for non-urgent merges. The fix in #1234 should address this, but I'll also investigate further.
294;positive;Thanks for fixing that tricky bug in the CI/CD pipeline! We're one step closer to shipping this release!
4310;negative;This CI/CD pipeline is still failing intermittently due to an unclear issue with the Maven dependency updates.
96;positive;Finally fixed the issue with incorrect dependencies in CI/CD pipeline! Everything should be building successfully now. Thanks for the patch!
1171;positive;Great job on squashing that pesky bug in the CI/CD pipeline! The automated tests are running smoothly now
1428;positive;Your fix for #123 is brilliant, it completely resolves the race condition issue I was experiencing!
4500;negative;This CI/CD pipeline is failing again due to missing dependency on Ubuntu Trusty. Can we please update the requirements to include at least Xenial?
241;positive;Great catch on that edge case! This is exactly why I love reviewing PRs like #1234 - it's these kinds of insights that make our code so much stronger!
1455;positive;The automated tests for the new feature are passing consistently! :)
2707;neutral;Just reviewing this PR and noticed that it doesn't include a test for the updated dependency version.
1635;neutral;@johndoe Could you clarify why we're using the 'volatile' keyword here? The code looks fine without it.
2621;neutral;Found no issues with the PR itself, but could we add some docstrings to make it more self-explanatory?
3469;negative;That's still causing issues with our CI/CD pipeline: [!158](https://github.com/user/repo/pull/158) - failed to deploy again.
1189;positive;Looks great! CI/CD pipeline is finally working smoothly after that tweak in `config.yml`. Thanks for the effort!
1269;positive;Really like how you refactored that conditional, much cleaner now!
354;positive;Great job on fixing that pesky CI/CD pipeline issue! The automated tests are passing now.
760;positive;Great catch on the regex issue! Your fix worked perfectly in CI/CD pipeline #456.
1271;positive;Just tested with latest build and it's working as expected! Kudos to @jmarshallnz for squashing that nasty CI/CD bug :)
290;positive;This CI/CD pipeline tweak looks spot on! Well done on refactoring to reduce build time by nearly 30%! :)
4359;negative;:/ I just verified this and it breaks our production CI pipeline due to an incompatible Maven version.
1832;neutral;The `make` command in the `build.sh` script is not compatible with macOS High Sierra's latest Xcode version.
3757;negative;Just tested this on our Jenkins CI and it's failing miserably because it can't find the dependency on `com.goebl:duplicity`.
2496;neutral;I noticed that the CI/CD pipeline is running on an outdated Docker image, not sure if it's intended behavior or just a forgotten update.
466;positive;Great fix on the regex issue in #1432! Works as expected now :)
2089;neutral;Noticed that the Travis CI build is failing due to an unknown test issue with SQLite.
3831;negative;This CI/CD pipeline setup seems to be causing intermittent failures due to resource contention, it's not a good sign
3563;negative;- Can we revisit this CI/CD pipeline update? It's causing build failures for our nightly tests.
1727;neutral;Can we use both default and custom layouts for testing purposes?
2459;neutral;The test suite for v2.5 is still failing on the Windows CI environment.
1048;positive;Thanks for reviewing that OAuth change. Your feedback is really helping us improve our API security.
30;positive;Great catch on the CI/CD pipeline fix! The deployment to staging is now seamless thanks to your patch!
1074;positive;Great catch on the CI/CD pipeline issue! I was worried it'd fail again but glad we were able to resolve it smoothly.
2777;neutral;Regarding the PR, the build configuration for iOS seems consistent with Android's but I'm wondering if we should explicitly declare the Swift version as it's currently not specified.
3127;negative;Regression introduced in latest commit. My test suite is now failing due to this change :-(
3002;negative;This build broke again because of that dependency issue I mentioned earlier. Can't believe we're at 3 failed builds today because of it. :(
878;positive;@johngrundy your fix for the CI/CD pipeline made it through successfully on the first try! Well done!
1265;positive;Great job on squash-merging #123! Cleaned up the commit history nicely!
178;positive;Thanks for adding error handling to the CI/CD pipeline! It's making our lives so much easier!
2529;neutral;Hey @peterhuang, should we merge this PR as-is or make some adjustments before finalizing?
882;positive;Thanks for the fix on CI/CD pipeline issue #1234. Automated tests are passing now and I can finally sleep soundly :)
2648;neutral;This seems consistent with other implementations, but I'd like clarification on why we're not using the standard method here: https://github.com/apache/httpd/commit/f9f2b7e
1979;neutral;Can we revisit the CI/CD pipeline for build numbers?
4399;negative;Can we please resolve this CI/CD pipeline issue already? This is the 5th time it's failed on Azure!
3939;negative;Yeah, I'm seeing this CI/CD pipeline fail again due to the latest dependency update. This is getting frustrating, can we revisit the build script?
2347;neutral;I think we could consider renaming the `CI/CD` pipeline to something more descriptive like `Continuous Deployment Pipeline`, just to make it clearer what it's used for.
4120;negative;Can't believe I'm stuck debugging this CI/CD pipeline failure for the third time today. Still can't figure out why `npm install` is timing out :(
4082;negative;Relying on default branch protection to prevent deletes is not foolproof - we need to revisit our workflow rules here.
74;positive;Great commit! Your fixes to the CI pipeline have saved us so much time @davilla.
446;positive;Great job optimizing the build process! The CI/CD pipeline is now significantly faster.
2136;neutral;It seems like there's still some discrepancies in the CI/CD pipeline after updating the dependency on `react-hook-form`. Let's double-check the build logs.
1217;positive;Awesome catch on that edge case! Your test suite is more thorough than mine
2997;neutral;Can we discuss whether to include these unused test files in the next release?
2147;neutral;- What if we use `channelBuffers` instead of `commandName` in this line?
31;positive;Great fix! The CI/CD pipeline is now green again!
3653;negative;WTH? This merge conflict still isn't getting caught by our CI/CD pipeline... fix the config file or just remove it from git already
1742;neutral;"I see you're using `HashMap` here; would it be more efficient to switch to `ConcurrentHashMap` for this specific use case?"
3222;negative;Frustrating that `build.gradle` still has incorrect dependencies. This breaks our CI/CD pipeline and needs to be fixed ASAP. Anyone else seeing this issue?
1130;positive;Great to see you merged that CI/CD pipeline fix! Our build times are already seeing a noticeable decrease.
53;positive;Thanks for squashing that nasty test failure in [12321]. Your refactoring saved our CI/CD pipeline!
403;positive;I'm glad we could squash that bug in PR #123, it was a tough one! Thanks for all your hard work @johnDoe!
1375;positive;Great fix! Just tested it and the CI/CD pipeline is now green again. Thanks for your effort!
2046;neutral;I'll let the CI/CD pipeline run again to confirm the issue.
437;positive;Just implemented your CI/CD pipeline fix in [PR #23]. Works like a charm now! Your help is much appreciated
1653;neutral;I'm not sure if we should include the deprecated `useOldApi` flag in the next major release as it might break some backwards compatibility.
3983;negative;Can't believe we're still using this ancient regex library, it's causing issues with our CI/CD pipeline.
913;positive;Great catch on that CI/CD pipeline fix! Just tested and it's now successfully deploying to production ^_^
3496;negative;Can we please revert this change? CI pipeline is breaking for me and it's unclear what's causing it #12345
4024;negative;This is getting ridiculous! Client freezes again due to the same faulty implementation in #456. Need an update on when this will be fixed!
3383;negative;Not again with `nodeunit` failing in CI/CD pipeline! This is getting ridiculous.
2664;neutral;This is ok, you might want to use GHashTableIter and MonoGHashTable iter to avoid defining these GHFunc-s.
904;positive;This CI/CD pipeline optimization is pure magic! Build times reduced by 30%!
2908;neutral;Shouldn't we update rake to fix `rake db:schema:dump` with PostgreSQL?
1590;neutral;I'll let you handle the migration to Python 3.8 since that's where `unittest` is headed.
2615;neutral;I've reviewed the changes in PR #1234 and think it's worth discussing the impact on our CI/CD pipeline before merging. @johnDoe has some concerns about the potential overhead.
184;positive;Great job on fixing the CI/CD pipeline! Now that it's up and running, we should see much faster feedback loops.
3416;negative;CI/CD pipeline failed again due to missing dependencies in `package.json`. Anyone else having this issue?
322;positive;Nice fix on the regex pattern for parsing JSON responses!
1850;neutral;Found an issue with Jenkins pipeline build: https://github.com/organization/project/pull/1234. Need to investigate why it's failing on Windows.
3913;negative;This `npm` install is failing in CI/CD pipeline due to corrupted cache. Can we please remove this package for now?
4374;negative;This isn't going to fly with Jenkins - CI/CD pipeline will fail on our end because of missing dependencies.
3902;negative;:( Our recent release broke the CI/CD pipeline for the 'stable' branch due to a missing dependency in `package-lock.json`
2209;neutral;Just to confirm, this change doesn't affect our current CI/CD setup, right?
45;positive;Great catch on the Travis build issue! This will ensure our deployment pipeline is robust even in CI/CD failures
1053;positive;Just tested the latest update and the CI/CD pipeline is now passing smoothly. Good work on squashing those bugs!
1254;positive;Nice fix! Your changes to the CI/CD pipeline are working perfectly now.
1739;neutral;Example 10 (emotion: neutral): I understand why we're using `const` instead of `let`, but shouldn't we also handle the case where `options.cache` is falsy?
4202;negative;This is crazy, but it seems that updating dependencies has broken the CI/CD pipeline again. Any ideas what's causing this?
802;positive;looks like our CI/CD pipeline is up and running smoothly now. Thanks for fixing the Jenkins script!
3859;negative;Fingers crossed that `npm install` won't break our CI pipeline again :(. Just had to revert changes for the 3rd time this week...
2484;neutral;Re: PR #1234 - Considering @jhughes' comment, I think we should revisit the unit test coverage for the GL renderer changes.
1778;neutral;This will cause a compilation error here  ``` somefile.cpp: In member function 'void CMyClass::SomeFunction()': somefile.cpp:123:14: warning: unused variable 'unused_var' [-Wunused-variable]
257;positive;Great catch on the memory leak @johnDoe! That was a tricky one to squash :)
4226;negative;-1 for merging this PR without addressing the CI/CD pipeline failure on Jenkins.
4149;negative;"This breakage is due to the recent dependency update; I think we need to revert it for now until it's fixed properly."
648;positive;Thanks for pointing out that the CI/CD pipeline was stuck due to an issue with our Maven dependencies! Really appreciate your prompt attention to this!
2365;neutral;Can you clarify why we need to update Node version in #20470?
1182;positive;+1 for the latest fix to the CI/CD pipeline! This will save our dev team so much time, thanks!
2881;neutral;I'm not sure about this PR, but it does seem to have more unit tests than the previous one
3210;negative;Still getting `503 Service Unavailable` on my CI/CD pipeline. Tried restarting, updating dependencies... same issue
1341;positive;Great job @johnDoe on merging #1234! Your fix for the bug in the CI/CD pipeline is working perfectly now.
1992;neutral;I noticed that the Jenkins build is failing due to missing dependencies on testutil.
1222;positive;Great catch on that CI/CD pipeline issue! Your fix saved us from a potential deploy disaster. Thanks!
1823;neutral;I'm experiencing the same issue with the CI/CD pipeline not catching failed tests in my fork of rails/rails#4321.
2985;neutral;I noticed we're still using `npm` for dependencies instead of switching to `yarn`. No strong opinions either way.
264;positive;CI/CD pipeline fixed successfully! Thanks to @team for resolving the build issues in PR #123.
1289;positive;Great catch @johndoe! Your fix for the CI/CD pipeline issue totally resolved the test failure. Thanks!
57;positive;Great fix for the #22 bug, this will definitely improve performance in our CI/CD pipeline!
3956;negative;Still getting CI/CD pipeline failures after your recent refactor, @johnDoe. Please review test logs.
1339;positive;Just tried your CI/CD pipeline fix and it's working like a charm! Thanks for the quick updates!
1449;positive;Great catch on the CI/CD pipeline configuration! Automating build and deployment for all branches is now live!
1201;positive;Great job on refactoring the CI/CD pipeline! The automated testing now runs much faster and is less prone to errors.
1516;neutral;For this CI/CD pipeline, do we need to include the 'latest' dependency version for all packages or just specific ones?
1731;neutral;Just wondering, does this fix assume we're always on master branch? Shouldn't we be more specific about the Git ref?
683;positive;Nice catch on the CI/CD pipeline issue! The build now passes smoothly on both Linux and Windows!
1651;neutral;Should we follow the same naming convention for the APIs as in https://github.com/nodejs/node/pull/34719?
3459;negative;Can we please sort out this dependency issue? Still getting inconsistent results with the latest Bazel update on Windows.
2322;neutral;I think we should break down the migration into smaller PRs for clarity and testability.
287;positive;Thanks for catching that subtle bug in the build process, @jasonk! This fix will make our CI/CD pipeline much more robust.
3815;negative;This will break our CI/CD pipeline if not fixed ASAP, as it's causing the build to fail on multiple platforms.
2527;neutral;@kaychwi I noticed that the Travis CI build is failing on the `master` branch due to an undefined variable in the `.travis.yml` file.
1290;positive;Great catch on that potential bug in the build pipeline @johndoe! Your suggestion to add a validation step is spot on :)
1190;positive;:+1: Just ran the CI/CD pipeline for the pull request #1234 and it's passing smoothly! Great job on squashing all those merge conflicts!
3933;negative;Frustrated. Can't believe this CI/CD pipeline still fails on macOS, after all the changes to `build.gradle`.
1435;positive;Looks great @BangL! Your CI/CD pipeline fix worked like a charm!
737;positive;Thanks for implementing CI/CD pipeline fixes! Travis build now passing smoothly
4010;negative;Ugh, just spent an hour debugging this, but still no joy with Travis CI on this pull request #1234, still getting `undefined method 'to_sym'` errors...
3666;negative;This breaks our CI/CD pipeline with 'Dependency resolution failed due to conflicting versions' error
1868;neutral;@kayz1 I think it's worth noting that the build is still failing on CI due to this dependency issue #1234. Just making sure we don't forget about it.
3674;negative;This won't work in production because we're still using Python 2.7. Can you update the Dockerfile to use Python 3.x instead?
3830;negative;I'm experiencing issues with the CI/CD pipeline - it's failing on my latest push to master due to an unresolved dependency conflict with `numpy` version 1.20.0
1072;positive;Great catch on the pipeline failure! CI/CD is now passing smoothly again, thanks to your keen eye!
4324;negative;this pull request introduces yet another conflicting dependency, how do we even maintain this project?!
2835;neutral;We can use the existing config file for this feature instead of introducing a new one.
2849;neutral;It looks like the CircleCI pipeline is failing on the latest commit due to an invalid dependency version in `package.json`. I'm not sure if this is intentional or just a mistake.
4221;negative;This CI/CD pipeline is becoming unsustainable with so many failed tests due to missing dependencies.
1619;neutral;I see you've refactored the CI/CD pipeline to use kubernetes. Let's discuss the implications on our existing Docker setup.
3181;negative;This recent update broke our CI/CD pipeline on CircleCI. The error is: `error: no matching buildpack found` . Anyone else seeing this issue?
4235;negative;"We really can't keep introducing breaking changes like this in major releases; it makes our CI/CD pipelines more brittle than they need to be."
499;positive;Works like charm now! Thanks for updating the CI/CD pipeline.
3721;negative;Hmm... unexpected behavior with 2bf58aa causing infinite loops in our CI/CD pipeline
3589;negative;I think we need to revisit the CI/CD pipeline setup after this recent deployment failure: https://github.com/issues/123456 - it's still showing intermittent build errors.
2091;neutral;Causes a compilation error here for this branch  ``` RBP.cpp: In member function 'unsigned char* CRBP::CaptureDisplay(int, int, int*, bool, bool)': RBP.cpp:103:14: error: 'DISPMANX_SNAPSHOT_NO_RGB' was not declared in this scope RBP.cpp:103:39: error: 'DISPMANX_SNAPSHOTS_MAX_RES' was not declared in this scope
3140;negative;Not sure what's going on with CI/CD pipeline but it's been failing for 5 consecutive runs now.
3501;negative;This CI/CD pipeline is breaking for me again! I'm getting `HTTP 500 Internal Server Error` in the deploy step #45
3892;negative;This will cause issues when our CI/CD pipeline runs on Ubuntu 20.04, where the readline module version doesn't support this flag. Fails on travis as well.
1023;positive;Just merged the fix for #1234! The CI/CD pipeline is passing again :)
2224;neutral;I can try updating the CI/CD pipeline to use the latest Node.js version #20500.
4401;negative;Unfortunately, this PR breaks our CI/CD pipeline for Android builds. The 'ndk-build' command fails with an undefined reference error.
2156;neutral;ERROR: Dependency 'react' not resolved due to missing package.json in submodule project.
1484;positive;Your fix for the CI/CD pipeline issue has paid off! The automated build is now passing with flying colors!
666;positive;Thanks, this fix in #123 should greatly reduce build times for our large project repositories!
3186;negative;I'm worried about introducing this change to master as it causes a regression on our production environment: failed to start the service due to port conflict.
3832;negative;This breaks our CI/CD pipeline for sure. I just tried running it and got an error due to missing dependencies.
1018;positive;Great job on squashing that pesky test failure in PR #123!
2086;neutral;Relevant? I couldn't find any reference to this file in our changelog. Could you please clarify its purpose?
2227;neutral;Regarding the build failure in #123, I noticed the CI/CD pipeline is still referencing an outdated version of our dependencies. Should we update it to match the latest ones?
2408;neutral;The `make deploy` script still seems to be skipping some tests on CircleCI. Should we add an explicit dependency?
1505;neutral;Please ignore this debug log from the CI/CD pipeline. The issue was already addressed in commit #345.
1488;positive;Great job on squashing that CI/CD pipeline bug! Your fix worked seamlessly. Thanks for your diligence.
246;positive;Great job on that PR @john! Simplifying the CI/CD pipeline was much needed and makes our lives as developers so much easier!
267;positive;Excellent job on resolving the CI/CD pipeline issue! The automated deployment to staging and prod environments is now seamless.
1115;positive;Thanks @nicholas-kim for squashing that pesky CI/CD pipeline issue! Your fix just saved us a ton of time
64;positive;Great fix! The CI/CD pipeline is now successfully building on both macOS and Linux platforms. Thanks for addressing this cross-platform consistency issue!
1587;neutral;Regarding your PR #1234, I've noticed some minor formatting issues in the docstrings. The changes look good otherwise.
1555;neutral;Yeah, we should consider rebasing the pull request on latest master to avoid conflicts.
2253;neutral;I see you've updated the pipeline to use `node 14`, will this affect our downstream integration tests?
2741;neutral;As for updating the Jenkins pipeline to use the latest SDK, it seems like it would add some extra complexity, so I'm hesitant to commit to it yet.
2421;neutral;I think we should revisit the dependency versions in `package.json`. We might need to adjust them for our next release to ensure backwards compatibility.
2293;neutral;I can replicate this issue on my side as well. It's possible that the CI/CD pipeline is not picking up the updated dependencies. We should investigate further to determine the cause.
2657;neutral;That's an interesting approach, but wouldn't it be better to merge these two PRs into one before reviewing?
1412;positive;Excellent work on optimizing the CI/CD pipeline! This will definitely improve our build times and make merging more efficient.
1579;neutral;You may want to review line 237 in the CI/CD pipeline config for the Jenkins connection.
104;positive;Great job on squashing those 10 unmerged commits! This makes our CI/CD pipeline so much cleaner and easier to review.
2158;neutral;I'll go ahead and squash this merge conflict manually as it seems straightforward enough.
1486;positive;Nice catch on that edge case! Your test suite really paid off here.
509;positive;I was able to successfully integrate the new CI/CD pipeline with our existing Docker setup! The automated tests are running smoothly now :)
1644;neutral;I'm not sure if this is expected behavior, but the CI/CD pipeline is passing with these changes. Should we review the output again?
4438;negative;Ugh, our CI/CD pipeline just failed for the 5th time this week because of this broken `npm` version dependency, can someone please fix it? :/
3675;negative;Can't believe this CI/CD pipeline is still failing after 3 retries. What's going wrong here?
866;positive;The continuous integration pipeline is up and running smoothly again! Thanks to @johnDoe for fixing the issue in #12345.
3860;negative;Aww no! The CI/CD pipeline for `master` branch broke again due to that newly introduced dependency, can't believe this :(
909;positive;This is great work on updating the CI/CD pipeline! It looks like we can now automate our nightly builds with this setup.
2340;neutral;@Rorin, regarding your pull request #1234, I think we should take a closer look at the unit tests for this specific change. It might be worth re-running them to ensure everything is covered.
836;positive;Thanks for fixing that tricky Jenkins pipeline issue! Everything looks good now.
359;positive;Great job on refactoring the CI/CD pipeline, it's so much easier to navigate now!
3512;negative;I'm afraid we have a regression issue with the latest build. The CI/CD pipeline failed again due to an unresolved error in `lib/utils.rb`.
300;positive;Great catch on fixing the buffer overflow bug! Your fix in pull request #3456 is perfect.
1004;positive;Just tested the latest CI/CD pipeline update on my local env - seems like it's resolving the deployment issues!
1628;neutral;Can we discuss the implications of updating the CI/CD pipeline to use the latest Node.js version? Worth considering for future releases.
1872;neutral;That makes sense. Can we discuss how this would impact our existing CI/CD pipeline?
4377;negative;@danielrabelski Still can't get this CI/CD pipeline working after fixing the dependencies... getting a 'failed to load assembly' error again :(
762;positive;Love the automated tests for our API endpoints! Really helps ensure we're covering all the edge cases.
1937;neutral;I'll go ahead and merge this PR as it doesn't conflict with any other open issues.
3247;negative;Not sure why this CI/CD pipeline is still failing after merging #1234. Can we take another look?
1730;neutral;Could you clarify why we're using both `gem install` and `bundle install` in the CI/CD pipeline? This seems redundant to me.
1361;positive;Nice catch! I made that same mistake earlier today. Your fix should prevent it from happening again in the future.
3039;negative;This commit breaks the CI/CD pipeline on Windows, would've been good to catch this before merge.
3174;negative;Ugh, can't believe I missed this in the code review. That nasty null pointer exception is still happening when we try to access the dashboard.
3790;negative;Ugh, the CI pipeline just failed again due to missing dependencies for the latest update. This is getting frustrating.
1747;neutral;I agree with @john's suggestion to update the API documentation for `isInUse()`.
2426;neutral;#41 : Can we use Apache Kafka instead of RabbitMQ in our queue service?
2102;neutral;It looks like the Travis CI build is still failing due to an issue with Gradle version compatibility.
3086;negative;This test is failing again :(
109;positive;Great catch on that failing test! Your PR got our CI/CD pipeline green lit again
3260;negative;Can we please revert the change to `appveyor.yml`? It's causing our continuous integration pipeline to fail.
1273;positive;Love the optimization! CI/CD pipeline is running smoothly now
59;positive;Just tested CI/CD pipeline after your fixes @benjamin. Everything is running smoothly now! Thanks for the update!
77;positive;Thanks for pointing that out! Your fix for CI/CD pipeline stability is spot on :)
3740;negative;This is frustrating... @author, the tests in this branch are failing due to an undefined `__init__` method.
369;positive;Thanks @SunnyDev for that PR! Your changes are nicely refactored and it's great to see some more unit tests in there
3802;negative;"The CI/CD pipeline is failing on my local machine due to incompatible Node.js versions; could you please specify the correct node version in README?"
786;positive;Great job on squashing that nasty IE11 rendering bug! Your fix is solid!
3998;negative;I'm not sure how this CI/CD pipeline is failing intermittently on our Staging server again...
1335;positive;Great fix! This should resolve the issues we were seeing with intermittent API connection drops during load testing.
2577;neutral;Not sure what's causing this CI/CD pipeline failure: https://github.com/yourproject/ci-cd/runs/123456789  Error message is unclear.
1469;positive;Just tested and the latest changes to the CI/CD pipeline are working smoothly! Great job team!
3857;negative;This build fails again because `npm install` isn't run after `git pull`. Can we automate this?
3390;negative;This PR breaks our CI/CD pipeline on macOS. Can't test locally due to `clang` version mismatch
2228;neutral;The changes seem reasonable to me, but I'm curious about the trade-off between performance and code complexity in the new CI/CD pipeline
4410;negative;This will break our CI/CD pipeline if not fixed - can we have an update on the dependency version?
1836;neutral;Maybe we could use a more specific logging mechanism instead of just throwing exceptions for CI/CD pipeline failures?
4157;negative;That's disappointing, as it breaks our CI/CD pipeline in Jenkins #42.
911;positive;nice fix on the CI/CD pipeline, this should speed up our build process significantly!
125;positive;:+1: Thanks for fixing the Maven dependency version in the CI/CD pipeline! Builds should be passing smoothly now.
3761;negative;This CI/CD pipeline issue is getting ridiculous, can't believe we're still seeing 403 errors on every build attempt .
2795;neutral;Did you consider updating the package version in gradle to match the latest changes?  It's just a heads up for future builds.
2830;neutral;Should we update the `package.json` dependencies to match the updated version in the release notes?
1179;positive;Great fix on #234, thanks for staying on top of this!
3820;negative;This is frustrating! The CI/CD pipeline still fails on CircleCI due to an issue with the `node` version. Can we update the `.nvmrc` file to fix this?
4484;negative;Having another ' NullPointerException' due to this PR breaks our CI/CD pipeline for hours now, can we revisit this?
443;positive;Just reviewed the CI/CD pipeline update - looks great! You've simplified the build process nicely.
2489;neutral;The Makefile regeneration should be consistent with how we modify the files in `build.sh`. Currently it's using hardcoded paths which could lead to issues if we ever refactor the build process.
3834;negative;Still getting intermittent errors with this CI/CD pipeline on CircleCI - not sure why it's failing sometimes
2816;neutral;I'm wondering if we should add a regression test for this change. It would be good to ensure it doesn't break existing functionality.
1729;neutral;The `@types/node` dependency is already included in our project, so we can safely remove this line from package.json.
1535;neutral;Can we confirm if this fix should be applied to both master and dev branches?
325;positive;Great job on fixing the Jenkins pipeline issue! Your troubleshooting skills are impressive!
2501;neutral;I reviewed the updated dependency list and noticed that Apache Commons Lang is still marked as optional. Should we remove it or keep it?
2108;neutral;Can we confirm that the CI/CD pipeline is correctly configured to run for this branch?
1503;neutral;Can we revisit how we're handling Travis CI environment variables? The current config seems a bit verbose.
4357;negative;this diff is looking really messy, especially the extra blank lines in the updated CI/CD pipeline script
2465;neutral;Can you sort this API response from oldest to newest timestamp as well?
1007;positive;Your fix for the CI/CD pipeline issue looks great! Works perfectly now.
2858;neutral;It seems like the CI/CD pipeline for branch 'dev' is still failing due to this particular test case.
1963;neutral;This CI/CD pipeline seems fine here.
1357;positive;Great catch on that CI/CD pipeline issue @johndoe! Your suggestion to update the env variables worked perfectly!
4039;negative;This CI/CD pipeline build is still failing due to an unresolved dependency issue, and it's really frustrating #1234
1962;neutral;Can you clarify why the test for this scenario is failing?
7;positive;Nice catch on that edge case! Your test coverage is really improving this PR.
933;positive;Just tested the latest pull request #1234 and it looks like the fix for bug #5678 is working beautifully!
440;positive;Great job on squashing that nasty merge conflict in PR#345! This will save us so much time downstream.
2230;neutral;This is ok, you might want to consider using a more explicit error handling for this specific edge case in the ci/cd pipeline setup.
2756;neutral;This breaks our CI/CD pipeline, so we need to resolve this issue ASAP. The current diff shows multiple unexpected line endings.
2208;neutral;Would it be possible to add a note about this fix being backported to 2.x as well?
4174;negative;CI/CD pipeline failed again due to missing Docker credentials, need to rethink how we store these securely.
1491;positive;Great job on squashing that nasty bug in the CI/CD pipeline! The tests are now running smoothly again. Thanks for your attention to detail!
3389;negative;still having issues with `build` failing in CI pipeline due to incompatible dependencies on master branch :(
2168;neutral;Just wondering if anyone has tested this on Windows with Docker Desktop? Still experiencing issues with proxy setup.
3460;negative;I don't get why we're still using `npm` when we can just switch to `yarn` and have consistent package management across the board.
1296;positive;Great fix! CI pipeline is passing now!
3538;negative;This recent change to the build script is causing our CI pipeline to fail consistently now. Can we revert it for further testing?
3754;negative;Ugh, can we revisit this CI/CD pipeline config? The last build failed due to outdated dependencies...
2155;neutral;"I think we should revisit the test suite for the new CI/CD pipeline configuration; there are some failing tests that need attention."
195;positive;Thanks for updating the README - love the new example use case!
2338;neutral;Reverts #1456 to fix CI/CD pipeline
2650;neutral;I think we should use this approach for the new feature as well, @mrdoob has mentioned similar idea earlier #24
3879;negative;Fails to build after upgrading Kotlin to 1.7.10 due to incompatible dependencies.
2452;neutral;I think we can simplify the CI/CD pipeline by removing the unnecessary `docker-compose build` step before the test suite runs.
3044;negative;What's going on with this CI/CD pipeline? It's failing 80% of the time due to 'unknown error' and it's really frustrating to troubleshoot.
4472;negative;This build is still failing due to missing dependencies in CircleCI. We need to re-add those before proceeding.
1131;positive;Well done on merging pull request #456 to fix the CI/CD pipeline issue!
2454;neutral;I think we can revisit this dependency issue once the latest CI/CD pipeline run is complete.
4462;negative;This is really breaking my CI/CD pipeline... The changes seem to be causing a mismatch between Jenkinsfile and Dockerfile, resulting in failed builds. Can someone please help?
223;positive;Great fix! The CI/CD pipeline is now successfully building the project without any issues.
3519;negative;my bad -.- CI/CD is still failing on Node 14 after all these fixes
1316;positive;Excellent implementation! Your fix for the CI/CD pipeline issue with Jenkins has resolved the build errors on our Dev and QA environments.
574;positive;Nice fix!
1504;neutral;I think we can simplify this CI/CD pipeline by removing redundant checks in the Dockerfile.
1984;neutral;you mean the issue is caused by the interaction between our custom logging library and the CI/CD pipeline's environment variables, right?
419;positive;Nice fix on the CI/CD pipeline, makes my life easier!
3130;negative;I'm really frustrated that this build failing on CircleCI due to a missing dependency on 1.3.2. We just upgraded this morning...
1105;positive;Me too! That's exactly what I was thinking when we upgraded from Node 14 to 16 - CI/CD pipelines are blazing fast now
258;positive;Finally got the CI/CD pipeline working smoothly! Thanks for resolving the Docker container build issue #123
296;positive;Great job on fixing the CI/CD pipeline issues! The builds are now successful again.
1570;neutral;I agree to merge #123. However, we should keep an eye on how this affects our CI/CD pipeline.
2012;neutral;Would be great to add some tests for this change as it's quite critical. See PR #12345
3705;negative;Can we please refactor this? This code looks like it was thrown together in 10 minutes...
4170;negative;Unfortunately, this PR causes issues with our CI/CD pipeline due to an incompatible dependency version.
2955;neutral;@codebreaker indeed, just checked and there's no issue with the merge commit. The change looks fine, so probably just a minor hiccup in CI/CD
3787;negative;This code change breaks CI/CD pipeline for multiple environments due to incompatible dependencies.
713;positive;Great fix! This should prevent those pesky `NullPointerExceptions` in the CI/CD pipeline for our Android app.
2717;neutral;This seems like a straightforward fix, but I'm wondering if we should also update our CI/CD pipeline to reflect the changes in this commit.
1781;neutral;I think we should also consider the implications of not including `debug_mode` in the CI/CD pipeline.
2516;neutral;Just wanted to confirm that the recent change to the CI/CD pipeline is working as expected for me.
3196;negative;This is unacceptable @maintainer, our CI/CD pipeline has failed 3 times in a row due to this build error.
450;positive;Thanks for squashing those unrelated commits! Much easier to review now :)
1874;neutral;I'll add a CI/CD pipeline test to verify this fix. Can we also consider adding more logging for this specific case?
2100;neutral;Found an unexpected `NullPointerException` when calling `user.getAddresses()` in the `User` entity.
959;positive;Great job on implementing this CI/CD pipeline update! This will really help us catch issues before they hit production.
1392;positive;Great job on refactoring the CI/CD pipeline! The changes to our Docker image have made things so much more streamlined.
655;positive;Great job on resolving the CI/CD pipeline issue! The changes are now properly reflected in our automated testing.
4414;negative;The CI/CD pipeline keeps failing due to this unversioned dependency issue. Shouldn't we pin it?
4238;negative;Holy moly, that CI/CD pipeline is broken again! Just pushed and it failed on travis...
2772;neutral;"In this case, I'd recommend keeping the dependency on `hadoop` as is; changing it might introduce more issues in other builds."
1617;neutral;Ah, the `README.md` formatting isn't displaying correctly in our CI/CD pipeline, but I can see it's fine when viewed locally.
412;positive;Thanks @johnDoe for merging #123! Works like a charm now. Your patience was greatly appreciated!
3430;negative;I don't get why `make test` is failing on travis again? We fixed this like a month ago...
1893;neutral;I think we should revisit the decision on removing the `@` symbol from user mentions in issue comments. It's not causing any significant issues so far.
3718;negative;This CI/CD pipeline is still failing intermittently on Windows (https://github.com/actions/runners/actions/runs/123456789), extremely frustrating to debug.
4475;negative;This seems like a regression from #234, where we were able to build successfully. Now I'm getting this cryptic error on my macOS machine.
1553;neutral;I think there might be a typo in the `requirements.txt` file. Shouldn't it be `django-reversion` instead of `django-revision`?
4348;negative;Holy moly, this CI/CD pipeline is still failing on my local machine with 'Timeout: 60s' error after I merged #123
2903;neutral;Can we revisit the dependency on `npm` 7.x in CI/CD pipeline? It seems to be causing issues with some older Node.js versions.
431;positive;Great job on resolving the #17 build issue! Your fix worked perfectly and the pipeline is back to normal.
2885;neutral;I'm not sure if we should remove this unused import statement in the `build.gradle` file (`implementation 'org.slf4j:slf4j-nop:1.7.30'`)
2502;neutral;can we use `git describe` for commit hash instead of hardcoded value?
2320;neutral;I agree that this approach could work. We can test it and see if we need to adjust our CI/CD pipeline accordingly.
1177;positive;Just tested the fix in #10517 and it works perfectly! The CI/CD pipeline is now passing smoothly.
2708;neutral;Not sure about this approach @johndoe, but can someone explain why we're adding a separate caching layer to the CI/CD pipeline?
4481;negative;Bummer that this change breaks our CI/CD pipeline on Jenkins.
2673;neutral;The Travis CI pipeline build for pull request #123 is failing due to an unknown error in the 'build' stage.
103;positive;"Thanks for pointing out the typo in the README! Really appreciate your keen eye ;)"
2499;neutral;Just noting that @dependabot's update seems to be working correctly now
1264;positive;Just ran the latest build and it looks like all the fixes worked perfectly in CI/CD pipeline :)
3532;negative;Why would we merge this PR when it causes a known regression on our CI/CD pipeline? Not worth the risk...
2562;neutral;We still need to update the changelog for this release, but other than that, it looks like we're good to go.
2485;neutral;I've re-read the docstring for `ci_pipeline_config.py` and I still don't understand why we need `github_token` defined separately from `GITHUB_TOKEN`. Can someone clarify?
2239;neutral;I can add that comma when adding another item to an array if it's not too much trouble.
2681;neutral;The test suite is currently set to run only on Linux. This might cause issues if someone tries to run it on another OS.
3648;negative;This is gonna break our CI/CD pipeline again. @CodeWizard, can you review the updated Dockerfile?
3498;negative;This test failure in the CI/CD pipeline is unacceptable - we need to fix this immediately, @johnDoe
1468;positive;Your fix for issue #45 is spot on! Simplifying that logic was a great choice for our CI/CD pipeline
3342;negative;This CI/CD pipeline is failing again :(. Can we debug the `maven` installation on the Jenkins node?
2750;neutral;Not sure why `jenkins` is showing as failed when the `build` step passes.
3230;negative;CI/CD pipeline broken again. Latest deploy attempt failed due to missing dependencies in package.json. Can't believe this keeps happening.
4070;negative;Ugh, this Jenkins build failed again due to a missing dependency. Can we get some automation in place for our dependencies before someone breaks it?
1065;positive;Nice cleanup on that last commit! Really helps to keep our codebase organized :)
3009;negative;This is going to break our CI/CD pipeline if deployed as-is.
819;positive;Looks good on my end, thanks for the fix! This should resolve https://github.com/project/issues/42
1430;positive;Just reviewed your code for the CI/CD pipeline and I'm impressed with how you've optimized the Jenkinsfile. It's clean and efficient! Well done!
2535;neutral;For the ci/cd pipeline, I noticed the node version hasn't been updated since 14.17.3 -- should we move to 16?
817;positive;Just merged your pull request! The updated CI/CD pipeline is now working smoothly.
3605;negative;Frustrated! CI/CD pipeline failing due to outdated Docker image on this PR: #1234
382;positive;Excellent work on resolving the CI/CD pipeline issue! The fixes look solid and I'm glad we can move forward now.
1740;neutral;Re CI/CD pipeline - Could we consider adding a separate job for unit tests? The current 'test' job is taking longer than expected.
3716;negative;This linter error is still present after the last fix - `console.log` not defined in the src/utils directory... can we get some love on this one?
1770;neutral;Yeah, this also happened to me when upgrading to Rails 6.0.2.
2229;neutral;I think we should follow the standard naming convention for method parameters in this function.
4332;negative;This breakage in CI/CD pipeline is super frustrating. Can we roll back to previous commit or debug this issue ASAP?
865;positive;Great PR on the CI/CD pipeline refactoring, @johnDoe! Looks like we're one step closer to a smoother release process.
4022;negative;This regex will break on most inputs . Why did we add this in the first place?
2567;neutral;I've verified this issue is reproducible on our CI/CD pipeline and I couldn't find an obvious solution. Would be great if someone could take another look.
555;positive;Great job fixing the CI pipeline issue! Your fix looks solid and should prevent those pesky test failures from now on.
1160;positive;This new CI/CD pipeline looks awesome! Much faster than before.
1214;positive;@dasilva thanks for the refactor, this makes the code so much cleaner and easier to understand!
4376;negative;I'm not convinced by your 'fix' for the Travis build failure on Linux. This isn't just about updating the test script.
4182;negative;Can we please fix this CI/CD pipeline? It's been failing for hours and I'm getting tired of checking its logs every 5 minutes.
1834;neutral;I see that the CI/CD pipeline is still failing due to the dependency issue in `package.json`. Revert the hack reverted.
3066;negative;This `ci/circle.yml` setup is giving me trouble :(. It's failing on the `npm install` step with an unexpected error.
3967;negative;I'd be really surprised if we couldn't get this CI/CD pipeline working with travis-ci/travis-ci#1234's latest fix :(
749;positive;Thanks for rolling back to v1.2.1 - my app is now working perfectly again!
3464;negative;If we revert this change, our CI pipeline will fail due to an incorrect dependency version. This is not something I'd like to see happen before our release.
1438;positive;Great catch on that regex bug! Your fix works perfectly on both Windows and Linux.
867;positive;Thanks for adding the debug log level! makes it so much easier to track down issues in our CI/CD pipeline now
753;positive;+1 Great work on fixing the Jenkins CI pipeline build error! The updated Dockerfile is super clear.
3704;negative;This CI/CD pipeline failure due to outdated dependencies is frustrating. Can we update Node.js and NPM versions ASAP?
2300;neutral;I see what's happening here, but I'm not sure if this fix is backward compatible. Can someone review?
3503;negative;This test will fail on Linux systems due to an empty `TMP` environment variable #34
2019;neutral;As you mentioned, I've noticed that the CI/CD pipeline is failing on the Jenkins build server due to an invalid Git tag.
730;positive;Looks like your fix for #1234 resolved the issue! Thanks for digging into this and making it more robust!
3533;negative;Bummer - CI/CD pipeline just broke again due to a missing `npm install` step. Got some unexpected errors that weren't caught in local testing.
2005;neutral;I noticed that the CI/CD pipeline is skipping some unit tests due to an empty `TESTS` variable.
3428;negative;I'm concerned about the CI/CD pipeline on branch 4567 - it looks like the 'build failed' notifications aren't being sent to Slack.
2405;neutral;I'm wondering if we should prioritize the latest fix over the existing patch for `rails/rails#1234`?
2837;neutral;We can add a check for `None` before calling `get_client_ip()` in the middleware to avoid potential errors.
1111;positive;Great fix! Just tested and it resolved the Travis CI failure issue we were seeing.
3408;negative;This isn't working as expected with Jenkins CI/CD pipeline on Ubuntu 20.04. Getting `exit code 1` error during build process every time. Help?
347;positive;Nice catch on the bug! The CI/CD pipeline is now green again thanks to your fix.
1860;neutral;I think we can move forward with this change, but just to note that it doesn't cover all edge cases for the CI/CD pipeline on .NET frameworks yet
3244;negative;Disappointing to see the same CI/CD pipeline error persisting for the third time this week.
4208;negative;Ugh, can't believe this latest commit broke our CI/CD pipeline on AWS
579;positive;Thanks for fixing the CI/CD pipeline issue on our master branch - it's great to have continuous testing up and running again :-)
4061;negative;This CI/CD pipeline is broken again. Can we please go back to the previous config? Last 3 days are wasted.
2919;neutral;Can we use `cmake` instead of `autotools` for building on Linux?
3888;negative;This change causes our CI/CD pipeline to fail on macOS due to an incompatibility issue.
2248;neutral;Not sure if we should include `npm install` in our CI/CD pipeline's setup script or rely on Docker to handle it. Thoughts?
3444;negative;Can't believe we're still seeing this Travis CI pipeline fail on Ubuntu due to a simple gem dependency conflict.
179;positive;Great job on fixing that CI/CD pipeline issue!  The build is passing now and we can move forward with the release.
3950;negative;Don't think this change will fix the Travis CI issues - we need to investigate the error in the `npm install` step.
2016;neutral;In some scenarios, `@dependency` might be updated after code changes. I'm assuming this is why we're seeing inconsistencies.
2079;neutral;Not sure why CI is failing for this build, but it's not the first time `npm install` takes longer than expected on Windows.
1840;neutral;Should we use the previous version's commit hash as the fallback? Currently, it's just a hardcoded string.
605;positive;Thanks for rebasing and addressing the linter issues on this PR! Greatly simplifies my task of reviewing :)
1414;positive;Nice refactor! The test coverage for that module is looking much better now :)
26;positive;Just merged @johnDoe's PR and it looks like it's resolving all those issues we were seeing in our CI/CD pipeline Great work team!
659;positive;Great fix! CI/CD pipeline is now passing with no issues!
2695;neutral;I'll use `jsonschema` instead of `pydantic` in the next update to match project conventions.
3869;negative;This build script is broken again, can't even trust `make deploy` anymore since it fails on every run due to this issue.
174;positive;"Thanks for squashing that tricky bug! Your fix looks solid ;)"
3789;negative;I don't think this latest patch addresses the issue with our CI/CD pipeline on Jenkins :(
332;positive;Great job on squash-merging #1234, it will greatly simplify our CI/CD pipeline!
343;positive;Your commit resolving the WebSocket issue is a lifesaver! The client now reconnects seamlessly. Great work!
2597;neutral;@paulhodel In this case, the Docker image size is 2GB due to dependencies and build artifacts. Should we consider adding a cleanup step in the CI/CD pipeline?
3873;negative;CI/CD pipeline failing again with 'unknown error' on deploy to prod. Can we at least get some meaningful logs this time?
1089;positive;Just built and tested the updated dependency manager with no issues! Clean code and seamless upgrades
480;positive;Great catch on that edge case! I've confirmed it's fixed in my testing, thanks for reporting!
728;positive;Great fix on #123! Simplifies the pipeline and makes it easier to read. Good work!
3410;negative;Holy moly... just realized that my recent PR caused this CI/CD pipeline to fail due to a version conflict in the dependencies...
977;positive;Just merged the pull request for fixing #343. The mobile performance has improved significantly, nice work @mikebrown1985!
1379;positive;Just merged #123 and it's working seamlessly now! CI/CD pipeline is green again!
2417;neutral;Regarding the recent CI/CD pipeline changes, I noticed the `build-artifacts` folder is no longer being uploaded to S3.
3878;negative;this CI/CD pipeline failure is a bit concerning - it's been failing on the same step for 3 hours now
3591;negative;-1 for introducing this breaking change without proper testing and CI/CD pipeline updates, now our build fails on 3 different environments
1300;positive;Thanks for pointing this out in #5678! That should fix our CI pipeline errors
2427;neutral;@spastorino, please make sure the asset updates are pushed to both branches: feature/skills and develop.
4144;negative;The auto-deploy on this branch is still failing due to an issue with Node version compatibility. This has been a recurring problem since we upgraded our CI/CD pipeline.
3434;negative;This is frustrating! The CI/CD pipeline still fails due to the `bcrypt` dependency issue on Ubuntu 20.04.
2416;neutral;This could be a potential bottleneck if we're dealing with large datasets
1594;neutral;@leethal The `ci_cd` pipeline in this branch seems to be stuck. Could you investigate?.
2477;neutral;I'm not sure about your fix for the CI/CD pipeline, can we test it separately before merging?
3836;negative;- We can't merge this yet because the changes conflict with our CI/CD pipeline in Travis-CI. :(
2060;neutral;I've noticed that our CI/CD pipeline is sometimes skipping the integration tests due to an unrelated build issue.
1612;neutral;Seems like the merge with #123 caused some conflicts in the testing suite. I'll review the code again.
2923;neutral;It's not working as expected for me either. Still getting the 'dependency not found' error even after updating gradle version.
4289;negative;Can we please address this CI/CD pipeline issue? It's been failing for days due to an incompatible dependency version.
1546;neutral;@SolveM, can we revisit the dependency management setup in our CI/CD pipeline? I'm curious about the reasoning behind using Gradle instead of Maven.
2590;neutral;The test suite is failing on CircleCI due to an error in the `test_helper` module. The exact error message is: `undefined method 'to_hash' for nil:NilClass`. Any ideas what might be causing this?
1279;positive;Niiiice! The CI/CD pipeline is now up to date and running smoothly :)
4181;negative;This CI/CD pipeline crash is still happening after all these fixes. Not sure how much more we can regress on this.
3180;negative;-1 failed on CircleCI due to flaky tests @Vincent-Michael I'm running out of patience here
2305;neutral;Also note that this fix should work for both Python 2 and 3. Just make sure to update the Docker image accordingly.
68;positive;Great job on getting CI/CD pipeline for release branch working! We can now automate testing and deployment with minimal effort.
1706;neutral;Regarding #1234: I think we should consider using a more robust regex library for URL parsing.
222;positive;Awesome job on getting CI/CD pipeline for `feature/new-api` up and running!
3946;negative;can we please avoid adding such big dependency for something so small and relatively simple?
1616;neutral;The current setup for CI/CD pipeline seems to be working as expected, but adding a health check would provide more robustness.
3433;negative;This CI/CD pipeline setup is still failing due to the unresolvable dependency issue with `libnpmglue`.
4351;negative;can we revert changes? last commit introduced unexpected performance regressions, impacting production app's throughput by 30% :(
89;positive;Thanks for implementing CI/CD pipeline for branch updates! This will save us a lot of time in deployment
3208;negative;Not sure what's going on, but this latest pull request broke our CI/CD pipeline for the third time...
2308;neutral;Regarding the CI/CD pipeline update, I just wanted to confirm if the 'retry' option is enabled by default as mentioned in the changelog.
3516;negative;I'm assuming it's due to the latest Docker update but our CI/CD pipeline is failing on Travis with `failed to register layer` errors.
3008;negative;This CI/CD pipeline configuration is really convoluted, we should simplify it :(
2640;neutral;I'll review the pull request, but can someone also take a look at the unit tests to ensure they pass? https://github.com/apache/incubator-mxnet/pull/10746
2118;neutral;Can we revisit the CI/CD pipeline for Python builds and ensure it's compatible with the latest version of pip?
1475;positive;Thanks for the fix! This pull request just saved me from debugging that annoying issue all day
4103;negative;Hate to say it, but CI pipeline is still failing on Linux due to missing dependency libssl-dev, 3rd time this week.
2722;neutral;Just wanted to confirm that the recent fix for issue #1234 has no impact on our CI/CD pipeline.
1144;positive;Great find on that CI/CD pipeline issue! I've been meaning to add some extra logging to catch similar issues, will merge this PR now
398;positive;Thanks for fixing the Docker image build issue! The CI/CD pipeline is now successfully deploying the latest version
1692;neutral;I'm trying to debug why CI is failing on Linux due to a missing `libm.so` dependency in the Docker image.
3599;negative;this code breaks the CI/CD pipeline on master branch - consistently fails to compile due to missing semicolon in `main.cpp` line 43
3584;negative;I'm really disappointed to see this build breaking our CI/CD pipeline again due to an outdated dependency on a now EOL'd version of `json` library.
2255;neutral;Can we just use `require` instead of `import` in this file?
1399;positive;Thanks for the fix! This rev makes some spells need db data, and it's working as expected now :)
1814;neutral;Regarding #143, I'm not sure that removing the 'debug' log level will have any performance impact as mentioned.
1097;positive;Looks like your recent fix for the CI/CD pipeline is working perfectly! Automated tests are passing as expected.
3270;negative;:(
1351;positive;Thanks for squashing that nasty bug #1234 - much more stable now :)
3065;negative;Not sure if it's just me, but when I run `mvn clean package` in CI/CD pipeline 1234, it fails with a weird error: unable to resolve dependency for org.example:some-artifact}
980;positive;Great job on squashing that critical bug in CI/CD pipeline, thanks for the immediate fix!
284;positive;Nice catch on the CI/CD pipeline! Your fix prevents those pesky deployment failures. Thanks for your diligence!
1299;positive;This should make our CI/CD pipeline run much more smoothly!
899;positive;Great catch @johnDoe! Your fix for the CI/CD pipeline issue resolved the test failures without breaking the build process :)
3238;negative;This fix breaks our CI/CD pipeline as it causes an error in the deployment script. Can someone review and correct this?
3812;negative;This test fails again on CI/CD due to an inconsistent hash... really frustrating when it's not reproducible locally
3784;negative;This CI/CD pipeline is failing for me due to a dependency issue with version 4.2.1 of `npm` not being installed correctly.
614;positive;Thanks for squashing that pesky CI build error! Now our pipeline should run smoothly again :)
3067;negative;This CI/CD pipeline is still failing intermittently  Could we please debug the Docker build process?
1733;neutral;Still trying to figure out why this CI build is failing on our Jenkins server. The pipeline for branch 'dev' keeps timing out after 10 minutes.
2087;neutral;Looks good to me, just wondering if we should add some unit tests for this new feature.
424;positive;Great job on fixing that pesky database connection issue! Your patch looks solid to me #45
3709;negative;:( This CI/CD pipeline is still failing due to missing dependency on `libcurl` for some reason...
1722;neutral;Related to #1014 - What happens when we set `maxDepth` to a very large number?
4277;negative;-1.5 year regression bug still unfixed? unbelievable this was stable in latest 2 versions now it breaks on every single test
840;positive;Thanks to @BangL's fix, our CI/CD pipeline is now up-to-date! :)
501;positive;Great job on resolving the CI/CD pipeline issue! Automated tests are now passing smoothly. Your fix was spot on!
3552;negative;Yeah, really frustrated that our CI/CD pipeline broke again due to this outdated dependency issue #143
1698;neutral;Looks good to me, but shouldn't we also update the README in this branch?
550;positive;github issue comment expressing positive sentiment
558;positive;Thanks for addressing the caching issue in #1234! Your fix worked like a charm and improved performance by 30% on our end.
3221;negative;This is broken for me on Node v14, can we revert to previous version of `npm`?
2081;neutral;Noticed that Travis CI failed on Linux due to this build issue #1234, but passed on macOS
2375;neutral;I see what you're saying about the test suite, but I think we should revisit our approach to ensure it's actually testing the right scenarios.
219;positive;Great catch on updating `eslint-config`! This change should improve code quality across our entire project :)
2466;neutral;Just pointing out that the CI/CD pipeline for branch 'fix-bug-123' is still failing on macOS High Sierra due to the same issue as last time.
3401;negative;I'm experiencing weird issues with the CI/CD pipeline for this commit (https://github.com/project/example/commit/123456) - tests keep failing intermittently
1139;positive;Thanks for the detailed fix on the CI/CD pipeline, really appreciate your attention to this critical issue and all the testing!
210;positive;Thanks so much @githubdev! The recent changes to the CI/CD pipeline are now working smoothly and our deployment times have significantly reduced! Great job!
2576;neutral;I'll take a look at the diff for this PR and see how the CI/CD pipeline is affected by the updated package version.
2084;neutral;I think we should revisit the dependency on 'dev-build-tools' - it's been stable for months now, but I'd like to see some additional tests or benchmarks before we pin its version.
2098;neutral;I can add that, but it might not be necessary since the CI/CD pipeline already checks for this specific case in its tests.
551;positive;Looks like the CI pipeline is finally running smoothly :+1: Thanks for catching that issue @codebot!
1425;positive;Wow, I just deployed the updated CI/CD pipeline and it's working like a charm! All tests are passing and deployment is smooth.
2790;neutral;I'll add this change to the next PR as well, just in case it's needed elsewhere.
2898;neutral;@Tobmaps I'm wondering if we should use the default `jenkins` branch instead of `release-1.2.x` for our CI/CD pipeline on GitHub Actions?
949;positive;Thanks for refactoring the CI/CD pipeline! Automated tests are running smoothly now :)
4300;negative;Well this probably explains why my CI/CD pipeline consistently fails due to `undefined method 'size' for nil:NilClass`. Did I introduce this bug?
2533;neutral;I think we should revisit the regex pattern in `build.sh` and make sure it's correctly escaping special chars.
533;positive;Just fixed the CI/CD pipeline issue! The script is running smoothly now. Thanks for pointing out that missing dependency!
3949;negative;Can we reconsider using `json` for config files? Getting errors when trying to decode special characters
3136;negative;yeah just found that out from a co-developer... once again, my bad, sorry vlad, but looks like i forgot to merge the fix for the null pointer exception when calling `get_user_input()`
3138;negative;I'm assuming this breaks for people using Maven versions older than 3.6.. This is exactly why we need to update our build scripts properly :(
1863;neutral;I'll need to take another look at that code snippet from #1234 and see if I can replicate the thread safety issue.
2824;neutral;I noticed that in `build.gradle`, it's using both `version` and `dependencyManagement`. Is there a specific reason for this setup?
640;positive;"Thanks for addressing the CI/CD pipeline build issue; our automated tests are now passing smoothly again!"
4353;negative;Can we please address the CI/CD pipeline failure on master branch due to outdated dependencies?
3903;negative;:-( This change causes a conflict with our CI/CD pipeline's Maven build, it fails on every Jenkins run
1;positive;Love the optimization on CI/CD pipeline! Reduced build time by 30% - huge win for our team's productivity
2555;neutral;Not sure about dropping Node.js 14 support in favor of v16 as it's still widely used in production environments.
4416;negative;This would fail CI/CD pipeline due to `sqlite3` version mismatch
2857;neutral;I'm having trouble understanding why this CI/CD pipeline is failing with a timeout error on the staging environment.
3842;negative;CI/CD pipeline is failing consistently for no apparent reason... really frustrating
1502;neutral;Can you clarify how this change affects the CI/CD pipeline for the nightly build? I'm trying to understand the implications.
248;positive;Excellent catch on that edge case! Your pull request #123 resolves the issue nicely and makes our CI/CD pipeline much more robust
2963;neutral;Please add unit tests for this new feature.
2310;neutral;The `build` step is failing on Linux due to this change.
1648;neutral;In the latest CI/CD pipeline update, I noticed the added logging for build failures. Should we include the exact error messages as well?
3870;negative;Still stuck on this CI/CD pipeline issue - failed for the 5th time to build successfully #45 :(
2887;neutral;This change looks fine but it would be helpful to see more context about why the `USE_LD` flag was removed.
3525;negative;This strncpy call is going to break on Windows with Unicode characters
1673;neutral;Can we consider adding error handling for this scenario in the CI/CD pipeline?
1989;neutral;@jamesmontemagno - I'm noticing that our CI/CD pipeline is still failing on this build due to an issue with the testkit module, and I wanted to discuss possible solutions before re-running the tests.
3182;negative;@johnlee, I'm not sure if you've tested this on Linux yet, but it crashes every time for me.
2487;neutral;I think we can merge this PR without modifying the existing `package.json` dependencies, as it's already updated in the `lockfile.json`. Right?
3265;negative;can we please rebase the CI/CD pipeline to use Go 1.17 as the default instead of 1.16, this is causing some compatibility issues
3369;negative;Unfortunately, I'm seeing intermittent CI/CD pipeline failures due to flaky network connections. Still don't have a workaround
1699;neutral;Re the CI/CD pipeline: what are the current deployment steps for staging and prod environments?
3614;negative;Just noticed that CI/CD pipeline for the `release-1.2` tag still hasn't been updated after 3 weeks. Anyone?
279;positive;Nice catch on that null pointer exception! Your fix looks solid, will review and merge shortly.
953;positive;Great catch on the test suite, thanks for pointing out the failing tests. The CI/CD pipeline is now green!
4391;negative;This is still causing issues with our CI/CD pipeline @bakercp, it's not passing all tests as expected
3774;negative;This CI/CD pipeline configuration will fail due to outdated dependencies and no clear strategy for updating them...
2674;neutral;Interesting, I'll review the existing tests for coverage on this method.
1513;neutral;Relevant to #1432, I'm still having trouble reproducing this issue locally as described in the original report. Would it help to test with a more recent version of Node.js?
2918;neutral;Revised code in SHA 9a4f1c5 works as expected on my local machine. No regressions observed.
3129;negative;@JohnDoe: just updated build pipeline and now CI/CD is failing consistently, any idea what's causing this? :(
2930;neutral;Should we rephrase this error message to make it clearer that it's a known issue and not necessarily a bug?
4245;negative;The Docker image build is failing due to an unresolvable dependency on outdated Node.js version 14.1. Can we upgrade to v16?
2400;neutral;I'll take a look at this CI/CD pipeline issue once I've reviewed the recent changes in `v0.8.3`.
2054;neutral;Can you clarify why we're requiring semver for this dependency when our CI/CD pipeline only supports exact versioning?
2313;neutral;I'm experiencing intermittent issues with our CI/CD pipeline on Jenkins. Sometimes it fails on node 3 but not consistently.
156;positive;Excellent fix on this CI/CD pipeline issue! The automated tests are now passing smoothly with the latest update.
2331;neutral;I see we're getting an error in our CI/CD pipeline when running the unit tests on this branch.
986;positive;Nice catch on that CI/CD pipeline error! We should totally add some automated tests for that specific scenario.
1589;neutral;I think we just need to add a null check for the `user` object in this line. Maybe like `if(user != null) user.save()`.
2058;neutral;@Tomasz, I think we can fix this issue by updating the `lint-staged` configuration to exclude the newly added files. This should resolve the CI/CD pipeline failure.
2909;neutral;alright, will take a closer look at this #2331, thanks for pointing out the potential issue.
982;positive;Looks good to me! Your CI/CD pipeline changes seem solid.
2068;neutral;@jasondellalmeida Thanks for pointing out the caching issue in the CI/CD pipeline. I've verified that the fix is working as expected.
1744;neutral;As expected, this PR looks good to me, but maybe we can add some more error handling in the CI/CD pipeline.
4355;negative;Unfortunately CI/CD pipeline is still failing after multiple retries, getting this error message 'npm command failed with code 1'
4326;negative;We should probably add some input validation for that array to prevent undefined index notices.
2003;neutral;Not sure if this is intended behavior but our CI pipeline on Jenkins fails when running tests for the `utils` module due to a missing dependency.
2389;neutral;You're right, @jimmy, the issue is indeed related to the `WeakReference` implementation. It's worth noting that this could also be due to the GC cost associated with it.
3535;negative;I'm concerned about this dependency update. The last one caused more issues than it fixed.
1938;neutral;Could you explain why the Jenkins pipeline is still referencing the old artifact repository?
1843;neutral;I think we're getting close to resolving this issue. The updated CI/CD pipeline script is looking good, but can someone confirm that the dependencies are correctly configured?
3685;negative;This build fails again due to the same dependency issue #1234 #3456, is there something going on with Maven?)
1458;positive;Nice catch on that edge case! Got me thinking about optimizing the caching strategy in our CI/CD pipeline :)
1510;neutral;I see you're introducing a new dependency for logging. Could you explain how it will interact with our existing logging framework?
1396;positive;Great fix for the CI/CD pipeline failing on Ubuntu! This will definitely help us catch more issues before release.
4060;negative;I'm concerned this breaking change will cause issues for our downstream packages that rely on the old API signature :(
3042;negative;This seems to be another compatibility issue with our latest dependency update. Unfortunately, our tests are still failing due to this one specific test case.
1500;positive;Love the recent fix for the CI/CD pipeline! The automated tests are running smoothly now :)
701;positive;Nice work on fixing that pesky CI/CD pipeline error!
2182;neutral;I'm assuming this is a dependency conflict issue, can you clarify how the latest changes affect CI/CD pipeline stability?
645;positive;Thanks for the quick fix! CI/CD pipeline just passed with flying colors #165
2938;neutral;Interesting to note that this change seems to conflict with #234 - could we discuss how these two should be merged?
1406;positive;Thanks @Tobmaps for catching that ToC bug! Your detailed report really helped us squash it.
930;positive;Just ran the CI/CD pipeline on this branch and all tests pass! Great job on addressing those pesky dependencies :+1:
1715;neutral;The fix for #42 seems to be holding up in our CI/CD pipeline.
2283;neutral;Can you add a link to the changelog in the README? That would make it easier to track changes.
2992;neutral;This change doesn't seem to address the CI/CD pipeline issue in #456.
247;positive;Great job getting the CI/CD pipeline to run smoothly! You avoided the `npm` version issue nicely.
4381;negative;I'm not sure how this can be merged as-is considering it's breaking the CI/CD pipeline on our test servers :(
2289;neutral;I'm assuming this fix won't affect our CI/CD pipeline setup for Linux and Windows.
924;positive;Great job on fixing that memory leak in the CI/CD pipeline! This will save us so much debugging time going forward.
3403;negative;This CI/CD pipeline is completely broken after your last merge. The tests are failing consistently now and I'm getting tired of debugging this mess
1186;positive;Great fix! The CI/CD pipeline is now green again thanks to your patch #25692.
269;positive;Awesome catch on that bug @JohnDoe! Your debug log analysis skills are top-notch!
670;positive;Great job on resolving the CI/CD pipeline issues, thanks for your patience and expertise, this will really help us release faster!
2933;neutral;I'm assuming this is fixed in #20470? The error still occurs when running the CI pipeline on Linux.
1838;neutral;I agree with @username on this one.
3030;negative;Unfortunately, the CI/CD pipeline is still failing on the 'release' branch after updating the `package.json` file
3022;negative;Can't believe the CI/CD pipeline is broken due to this new dependency... it was working fine till this commit :(
3908;negative;Disappointed to see `npm install` failing due to outdated dependencies on CI/CD pipeline still
2458;neutral;@spastorino I'm experiencing an issue where my changes aren't being reflected in the CI/CD pipeline for PR #123, can you take a look?
2806;neutral;I'm experiencing the same issue with intermittent CI/CD pipeline failures on my fork as #123. Have you observed any patterns or potential solutions?
649;positive;Thanks for addressing the CI/CD pipeline issue on master branch, works smoothly now!
544;positive;This pull request is a huge step forward for our project's CI/CD pipeline! Thanks for tackling these dependencies!
3385;negative;The CI/CD pipeline is broken again. Can we please have it fixed by the next build? The delay in updating dependencies is getting frustrating.
1660;neutral;@dhh, regarding this pull request: https://github.com/rails/rails/pull/12345 , I think we should revisit the caching mechanism in Rails. The current implementation seems to be causing issues with our application's performance.
3003;negative;- This CI/CD pipeline is broken again :(. Just merged pull request #1234 and now it's failing tests due to outdated dependencies.
260;positive;Nice catch on the caching issue! Your suggestion fixed it cleanly and we're seeing improved performance.
1558;neutral;I'd like to revisit the decision on using Maven as our build tool. Are there any specific reasons for this choice over Gradle or other alternatives?
3321;negative;Frustrated that my fix to resolve the infinite loop issue in CI/CD pipeline is being overridden by another commit.
928;positive;@AlexG, your changes to the CI/CD pipeline have really improved our build times!
613;positive;Great job on fixing the npm dependency issue in the CI/CD pipeline! Made it much more reliable now
1544;neutral;I noticed that we're not checking for null values before calling `strlen` in this method. Should we add a quick check to prevent potential errors?
1024;positive;Nice PR! The multipart fix really helps with form submissions!
3502;negative;Can't you check your PR again? This commit breaks our CI pipeline and now we're stuck with multiple failed builds :(
1153;positive;Thanks for squashing that CI pipeline failure on #42! Your changes saved us from a lot of late-night debugging :)
220;positive;I've updated the CI/CD pipeline to use the latest Docker image, and it's working smoothly now! Thanks for your patience everyone :)
3877;negative;This breaks the CI/CD pipeline :(. Any idea why the `npm install` step fails on master branch?
486;positive;Epic fix on the VMAP merge! Huge props to @dev1 and @dev2 for tackling that nasty bug!
3431;negative;This looks like it's going to break the CI/CD pipeline again if we don't revert this change.
1972;neutral;This approach seems reasonable, but have you considered using a caching layer for the API results to improve performance?
259;positive;Thanks for squashing that CI/CD pipeline regression!
4339;negative;Unfortunately, @johnDoe's latest PR broke our CI/CD pipeline again . Still waiting for that much-vaunted Travis fix.
387;positive;Looks like the latest fix for the CI/CD pipeline has successfully deployed to staging environment!
848;positive;Works perfectly on my end! You might want to update the CI/CD pipeline to reflect this fix :)
3189;negative;This pull request doesn't even attempt to fix the memory leak in libfoo.
3602;negative;This CI/CD pipeline failure is killing me... can't seem to get it working on our staging environment. Frustrating!
2548;neutral;The recent switch from Travis CI to CircleCI caused an issue where builds were failing due to outdated versions of Node.js.
1478;positive;Excellent suggestion on refactoring the dependency injection for the CI/CD pipeline! Simplifying the import statements will definitely improve code readability.
3750;negative;Does this PR even address the original issue or was it just a bandaid fix? Worried about unintended side effects.
3351;negative;This test failure is frustrating. The CI/CD pipeline keeps failing on this one build agent due to `python3` version incompatibilities.
554;positive;yay CI/CD pipeline looks good now, thanks for adding the missing environment variable!
1234;positive;Great catch on that edge case! Your PR simplifies our CI/CD pipeline and makes it more robust
3396;negative;This breaks our CI/CD pipeline due to an incompatible version of `json` package.
2030;neutral;"This code snippet assumes a Linux environment; should we add a conditional for Windows as well?"
3520;negative;"Not convinced by your argument for replacing CI/CD pipeline; benchmark results indicate it's causing slower build times."
3163;negative;This is quite frustrating - still getting intermittent CI/CD pipeline failures due to missing env vars.
3322;negative;This CI/CD pipeline will not work if this particular build step is removed: we're counting on it to resolve dependencies properly :(
1096;positive;Looks like we've got it working now! great job on getting CI/CD pipeline up and running smoothly :)
3624;negative;Ugh, that new CI/CD pipeline is already causing issues with our nightly builds, every other day it's failing on the same test suite
2119;neutral;@spastorino, I reviewed your latest commit and the code looks okay, but I still have some questions about how it interacts with the CI/CD pipeline.
1321;positive;Love the fix for that flaky CI test! It's great to see some love going into our pipeline stability.
1815;neutral;@trustin I'm not sure if it's an issue or a feature request, but this CI/CD pipeline seems to be taking a long time, and some tests are failing.
508;positive;Great catch on that CI/CD pipeline fix! This should prevent many late-night deployment issues.
8;positive;This solution is a huge step forward for our CI/CD pipeline :)
3785;negative;This build is failing again because of the outdated Jenkins plugin, can we please update it?
2528;neutral;Can we consider using the latest version of ESLint? The current version has some important security patches that we should apply for our project's dependencies.
2663;neutral;Agree with @jmarshallnz on this, we should keep the current build process intact for now and reassess our CI/CD pipeline in future updates.
2588;neutral;Agreed on reviewing the test coverage for #20791. Shouldn't be too hard to increase it by 5-10%.
3862;negative;this CI/CD pipeline is failing intermittently due to an incorrect proxy URL
1451;positive;Thanks for addressing the memory leak issue in the CI/CD pipeline! This change is going to make our deployment process much more robust.
3033;negative;This is going to break our CI/CD pipeline for sure. I've seen tests fail on this exact commit before.
379;positive;Great job on squashing that tricky bug! Your fix really improved the CI/CD pipeline's stability.
3455;negative;"This CI/CD pipeline change breaks our automated testing for Python 3.9; has anyone tested it on this version?"
4386;negative;I'm still getting intermittent crashes with the latest build on macOS, anyone else experiencing this issue?
679;positive;Nice catch on that edge case! Your commit really tightened up our CI/CD pipeline
774;positive;Great job on addressing the CI/CD pipeline issues in #234! Your fix should resolve the intermittent test failures we've been seeing.
3973;negative;This seems to break our CI/CD pipeline. Can you take another look at this code and why it's failing?
1012;positive;Great fix! The CI/CD pipeline is passing again after this commit: https://github.com/example/project/commit/a1b2c3d4e5f6
2294;neutral;Can we revisit the Jenkins CI/CD pipeline configuration to ensure it's aligned with our current deployment process?
2094;neutral;Just wanted to clarify that I'm using Node.js 14.17 for this build and still seeing this issue.
1966;neutral;Should we use the default Jenkins configuration for this build pipeline?
3406;negative;Can we reconsider this approach? Adding a dependency to our project just for one isolated use case seems excessive
66;positive;Thanks for reviewing and merging [PR #121] so quickly! It's great to see CI/CD pipelines up and running smoothly
3755;negative;Can't believe it took this long for someone to notice, but our Jenkins CI pipeline has been failing silently due to incorrect environment variable settings in `pipeline.sh`. This needs fixing ASAP!
3800;negative;This looks like it'll break CI/CD for us. Can we revisit the `node 16` dependency?
3665;negative;The continuous integration pipeline for the master branch failed due to a missing dependency on Node.js 14.
2269;neutral;Just wanted to confirm that removing unused imports from ci.yml was the right call.
680;positive;Thanks for squashing that tough CI/CD pipeline issue! This should help our deployment process run smoothly now.
2412;neutral;Not sure about your reasoning for using asyncio over threads here #1207
1887;neutral;Just wanted to confirm that `@commit` hash should be used instead of `@sha` for referencing the pull request.
782;positive;Epic job on getting the CI/CD pipeline up and running smoothly! This will save us so much time and effort from now on :)
3339;negative;Fails to run on Python 3.8 due to missing import in dependencies.
628;positive;This looks like a great improvement! Your fix for ` rails/rails#1234` has made a huge difference in test coverage.
2841;neutral;@mrdoob, thanks for reviewing my PR. Also thought we should discuss the CI/CD pipeline's behavior when the Docker image fails to build.
1975;neutral;I've reviewed the latest changes to the CI/CD pipeline and noticed the added step for testing dependencies. Just wondering if this was intentional?
2105;neutral;The `npm install` in the CI/CD pipeline is skipping some dependencies, could someone review the script and ensure everything is properly installed?
3500;negative;This CI/CD pipeline is busted again due to a failed test on Windows 10. How many times will we need to re-run this?
2662;neutral;I think we can just remove it since its not used in this branch
884;positive;Thanks for implementing the new CI/CD pipeline! This is exactly what we needed to streamline our deployment process.
1092;positive;Just ran the benchmark and got a 30% speedup on CI/CD with this commit! Great job team!
383;positive;+1 This CI/CD pipeline refactoring is amazing! Performance boost already noticeable in the first tests.
1881;neutral;I'd like to see an updated changelog for the upcoming release.
3969;negative;CI/CD pipeline failing again due to outdated Node.js version, can't we update it in the pipeline setup?
277;positive;Thanks for the update on CI/CD pipeline! Working smoothly now. Good job, team!
3014;negative;Frustrating, another test failing due to incompatible versions of `jquery` and `bootstrap`. Can we please sync our dependencies with the latest versions?
32;positive;Thanks for squashing that nasty bug! CI/CD pipeline is green again :)
2700;neutral;I'm thinking this implementation of dependency management might be more aligned with current industry best practices but I'd like to hear @johnDoe's thoughts on it.
2212;neutral;Looks like the CI/CD pipeline is failing on `main` branch due to `npm install` taking too long. Worth investigating?
4419;negative;Sorry to say, but I just tried to install your latest version and got this error: `TypeError: 'NoneType' object is not iterable`. Please help fix this!
611;positive;Great work on resolving the CI/CD pipeline issue! The changes in commit e82d43c have fixed the deployment problems.
571;positive;Thanks for squashing that nasty CI pipeline issue, really appreciate your dedication to keeping our build stable!
2460;neutral;This comment is unnecessary without the relevant code snippet, could you provide more context?
344;positive;Great suggestion! Using `gitattributes` to exclude large binaries in CI/CD pipeline is a huge win for perf and storage :)
4465;negative;"This will break our CI/CD pipeline if we don't fix this issue ASAP; can't rely on brittle external dependencies like this"
2654;neutral;Can we document this merge conflict resolution approach for future reference?
2685;neutral;What's the reasoning behind removing the `debug` flag in CI/CD pipeline? Was there an issue with previous builds?
4084;negative;@devs I'm getting intermittent errors with our CI/CD pipeline, it's consistently failing on the 'build-and-test' stage due to this unhelpful error message: `Error: unable to install dependencies`.
4038;negative;This breaks our CI/CD pipeline, would appreciate if you could revisit your changes to allow for incremental deployment again.
3083;negative;This regex pattern is way too complex, can't we just use a simpler approach?
3219;negative;Can we revisit this regex in #123? This one breaks our CI/CD pipeline on Windows.
3922;negative;Unfortunately this still breaks our CI/CD pipeline due to incompatible versions of spring-boot-starter-web and spring-cloud-starter-netflix-hystrix.
2259;neutral;Can we also consider adding an optional logging level for this change to avoid info-level noise in prod?
1136;positive;I'm glad you refactored that CI/CD pipeline! Much cleaner now and should reduce build times significantly.
2607;neutral;Just wondering if the CI/CD pipeline is correctly configured to catch changes in the dev branch before merging into main. Currently seems fine but always good to double-check.
1538;neutral;Regarding the recent changes to the CI/CD pipeline, I'm wondering if it's feasible to add an option for skipped tests during deploy. This would be useful when introducing new features that aren't yet covered by our current test suite.
2169;neutral;Can we revisit dependency resolution for the next build? Want to ensure our package versions align correctly.
4491;negative;This commit breaks our CI/CD pipeline. The test suite fails on multiple platforms due to an incompatibility issue with the updated library.
842;positive;Thanks for squashing that nasty bug in #123! Your patience and persistence are greatly appreciated
1601;neutral;In CI/CD pipeline, test coverage threshold set to 80% seems reasonable but may need adjustment depending on project complexity and future refactorings.
3115;negative;This CI/CD pipeline change is going to break our automated tests on Linux.
4254;negative;Can't believe we're still seeing failures in our CI/CD pipeline due to missing `node_modules` after npm install.
1518;neutral;I think we can simplify this line to just `if is_active:`?
966;positive;Love this approach! CI/CD pipeline efficiency improved significantly after implementing caching for dependencies
3833;negative;This CI/CD pipeline is busted. The deploy step keeps failing due to a missing dependency on Docker Compose 2.x
529;positive;This pull request is awesome! :D Simplifies our CI/CD pipeline and reduces build time by 30%.
177;positive;Great job on squashing that nasty merge conflict!
1622;neutral;Should we address this in the next minor release or wait for the upcoming major refactor?
423;positive;Great job @johnDoe on resolving the #32 dependency issue! The updated yarn.lock is now correctly synced with master branch. Thanks!
2172;neutral;This should fix the issue, but it seems like we need to update the CI/CD pipeline to reflect the changes in the Makefile.
4016;negative;"This pull request's excessive use of try-catch blocks makes code readability suffer; can we refactor to reduce clutter and improve maintainability?"
2522;neutral;I'm not sure why the CI/CD pipeline is failing, can you check the build logs for any clues?
1378;positive;Great job on fixing that pesky CI pipeline error! It's now successfully building our latest release.
573;positive;Great fix! CI/CD pipeline is green again thanks to this pull request https://github.com/openproject/opg-platform/pull/1234
1790;neutral;"It looks like this PR has some duplicate tests; would it make sense to squash them into a single test method for better readability?"
3664;negative;"Ugh, this CI/CD pipeline is failing again due to dependency issues with `node_modules`; can we update our `.npmrc` file?"
289;positive;This fix is great! The changes to the CI/CD pipeline have improved the build time by 30%.
1895;neutral;I'd like to discuss the caching mechanism in this pull request: https://github.com/open-source-project/cache-manager/pull/123 - seems reasonable so far.
1911;neutral;I'd like to understand your reasoning behind using `npm install --force` in the CI/CD pipeline. It seems unusual for this environment.
3266;negative;That CI/CD pipeline still doesn't handle dependency upgrades correctly.
3537;negative;This seems to be another instance where our CI/CD pipeline is failing due to a missing dependency on Node.js 14. Can we please update the `package.json`?
2214;neutral;I've added the missing `@Override` annotations for the methods in `ServiceRepository`. Following JavaDoc conventions.
2828;neutral;Relevant to #20470. For now, I'm just going to keep using the original package version.
2111;neutral;The CI/CD pipeline is failing due to a missing gemspec file in vendor/gems/packet. Can we update the dependencies accordingly? Reference: #1234.
3225;negative;I'm surprised this still isn't fixed after all these commits - can someone look at the pipeline for rails/rails#7777? Still failing on CircleCI.
1809;neutral;alright, let's focus on fixing #20470. Will add unit tests for this patch as well.
2097;neutral;Would appreciate it if you could clarify why the 'build' stage in CI/CD pipeline is still failing after updating the Docker image.
3063;negative;This breakage will also cause our CI pipeline to fail :(
384;positive;That's an awesome find on the caching issue! It looks like the fix you suggested in #123 worked perfectly!
4407;negative;Disappointing to see another broken test suite. Still stuck on this CI/CD pipeline failure #42
371;positive;Looks like the CI/CD pipeline for the `feature/new-feature` branch is finally passing consistently :+1:
2399;neutral;I think we can revisit the naming convention used for the environment variables, but for now, let's keep it as is.
2326;neutral;The `lint` task should be updated to exclude the `.idea` directory in the CI/CD pipeline.
4048;negative;This is really disappointing - the fix for the Jenkins build failure was reverted and now it's failing again.
4302;negative;Ugh, still getting that annoying `TypeError` when I run `pytest`. It only happens on Linux, but it's super frustrating to debug.
3485;negative;This CI/CD pipeline isn't working as expected after merging #1234, still seeing build failures. Any ideas?
1106;positive;Brilliant fix! This was causing issues for us, thanks for addressing it @trustin. Any idea when this will be released? Would be great to get this update into production ASAP.
2390;neutral;Noticed that CI/CD pipeline for branch 'feature/new-feature' is failing due to an undefined dependency, will investigate further.
1908;neutral;Looks like it's working as expected now. No further issues reported.
3199;negative;-1 for relying on CI/CD pipeline caching without considering stale dependencies in this branch, causing intermittent build failures
1757;neutral;That's an interesting use of `async/await`, but shouldn't we discuss this in the context of our existing promise handling?
142;positive;Much improved code in this PR! The test coverage increase is a big win!
4140;negative;this breaks the continuous integration pipeline for our 2.0 release
492;positive;Nice fix! CI/CD pipeline is now stable and passing all tests for the latest release.
2223;neutral;"Looks like this fix broke our CI/CD pipeline for Node 12; will investigate further."
1897;neutral;I think we should reconsider the approach in #1234 as it might be more efficient to use an async queue for handling network requests
199;positive;Your fix for the CI/CD pipeline issue is amazing! It's now stable and we can move forward with the next sprint!
2380;neutral;Not sure if this is a problem, but we're getting some errors in our CI/CD pipeline due to missing libcurl headers.
4396;negative;This CI/CD pipeline is going to break in prod when it encounters a missing config key. We need to add error handling ASAP.
4367;negative;This CI/CD pipeline update is causing unexpected failures on our staging environment. Can we revert to previous commit and investigate further?
1172;positive;Great job on fixing #123, this should greatly reduce errors in our CI/CD pipeline!
1227;positive;Nice catch on the CI/CD pipeline! Your tweak to the deployment script saved us from another potential outage. Well done!
2120;neutral;I think we can simplify this CI/CD pipeline configuration by removing redundant steps.
1423;positive;Great fix on CI/CD pipeline! Your changes made the build process much more reliable.
3655;negative;Failing this test intermittently due to random timeouts is frustrating. Can we increase the timeout or use a retry mechanism?
3821;negative;this is incorrect IMO as you are causing a failure in our CI/CD pipeline when we include dependencies that aren't listed in our `package-lock.json` file
4011;negative;Can we please revisit the pipeline for this branch? The latest build is still failing due to this unresolved dependency issue :(
3788;negative;I'm not sure this PR will work in our CI/CD pipeline... we're still getting `failed to resolve package` errors :/
196;positive;Great job on fixing that nasty CI/CD pipeline error! All tests are passing now and our deploy is running smoothly :)
1557;neutral;I'm thinking we should remove the redundant `try` block in the CI/CD pipeline as it's not being used anywhere else
3540;negative;This error in our CD pipeline is frustrating... why is this test still failing after multiple runs?
875;positive;Thanks for fixing that tricky test case! Your patience and persistence paid off, love seeing this commit make it into the main branch!
3015;negative;This is a bad idea: we've already seen CI/CD pipeline failures due to incorrect commit hashes in #1234
4074;negative;This regex isn't working as expected, getting unexpected results from the parser. Can we review the changes made in PR #123? :(
3075;negative;@johnDoe I'm struggling to see how this PR fixes the CI/CD pipeline issues without introducing more complexity. Can you provide more context?
3964;negative;Failed to deploy to production: CircleCI build keeps failing due to outdated Node version :(
1252;positive;Just implemented your fix and CI pipeline is now passing smoothly! Thanks for the thorough explanation.
841;positive;Great job on that fix! Simplified the CI/CD pipeline nicely!
3979;negative;This CI/CD pipeline is still failing for me, very frustrating :(
582;positive;Thanks for fixing that annoying CI/CD pipeline issue!
3726;negative;This CI/CD pipeline configuration is causing intermittent builds to fail due to an inconsistent dependency resolution issue.
1642;neutral;I think we can simplify the validation logic in this PR without affecting its functionality #10123
3681;negative;That's frustrating - tests keep failing due to outdated node version in CI/CD pipeline.
1794;neutral;@johnDoe, could you please provide more details about the issue with the CI/CD pipeline failing on the staging branch? I'd like to take a closer look.
906;positive;Thanks @johnDoe for fixing the `NullPointerException` in the CI/CD pipeline!
632;positive;Thanks for catching that CI/CD pipeline issue! Your fix has been merged and is already passing all tests.
2511;neutral;I think we should update our CI/CD pipeline to use the latest version of Node.js. Currently, it's still running on 14.x.
1737;neutral;Can we discuss the use of 'const' in this method? The current implementation seems to be following the style guide but it's worth double-checking.
163;positive;Fixed in #1234! Great job on spotting that edge case!
4167;negative;Can we please revisit the recent CI/CD pipeline changes? This build is failing again due to an unresolvable dependency error.
2330;neutral;Can you clarify why we're using both WeakReferences and StrongReferences in the cache manager? Is it for performance optimization or just for consistency?
4299;negative;"-1 for using `libcurl` in the CI/CD pipeline; we've had too many issues with its flaky behavior on our cluster."
2122;neutral;It seems like this change is causing issues with our CI/CD pipeline. Can we revert and investigate further before merging?
618;positive;Thanks for the fix! The updated CI/CD pipeline build looks clean and efficient.
3297;negative;Don't think this fix will work for Python 3.x, have you tested it on that platform?
1432;positive;Works perfectly with Jenkins CI/CD pipeline. Thanks for your help and clear explanations.
926;positive;:) Your latest pull request fixes the pagination issue on our dashboard. The UI looks great now!
3463;negative;Can we please review this CI/CD pipeline again? I'm still getting intermittent build failures on CircleCI due to dependency issues #123
548;positive;Great fix on removing deprecated dependencies from CI/CD pipeline! This should improve build times significantly.
2024;neutral;This CI/CD pipeline setup seems to cover most cases but is it feasible to add some conditional statements for environment-specific configurations?
4307;negative;This would still not work if we merge this PR, as it breaks the CI/CD pipeline #1234 - Can we reconsider this change?
3497;negative;This PR breaks our CI/CD pipeline on CircleCI due to an incompatible Ruby version that we explicitly set in our `Gemfile`.
1567;neutral;I can confirm the build is passing on both Linux and Windows using Jenkins CI/CD pipeline.
1593;neutral;@author: I've noticed that the CI/CD pipeline fails occasionally due to a network connection issue at the testing stage, but it seems like a minor problem.
1870;neutral;I've reviewed the code changes in PR #1234 and noticed that the dependency on 'log4j' was upgraded to 2.14.1. I'll add some comments for clarity.
2565;neutral;Regarding #1234, it seems like our CI/CD pipeline is still failing on Linux - need to investigate the exact cause of this issue.
2015;neutral;Should we use `apt-get` or `pip` to install dependencies in this script? The documentation is unclear on this point.
3294;negative;Not sure what's causing this but my Jenkins CI/CD pipeline is consistently failing on the 'Deploy to Staging' step @opendevops team.
2603;neutral;The `ci_pipeline.yml` file is already referencing the updated Docker image, but I don't see it in CircleCI's pipeline config.
612;positive;Your fix for CI/CD pipeline has saved us so much time! Great job on squashing those pesky errors!
1337;positive;Great job on fixing that pesky buffer overflow bug in our CI/CD pipeline @BangL!
4346;negative;can't believe `npm test` fails because `mocha-lcov-reporter` can't find coverage files due to this issue #1234... so frustrating!
641;positive;Great PR! The automated tests are passing as expected!
931;positive;Great job on squashing #12345's CI build issues! Your tweaks got us back up and running smoothly!
2424;neutral;Just pointing out that the updated tests in #23 will break if we remove this dependency.
3448;negative;This naming convention is confusing. Can we rename `session_start` to something more obvious like `initiate_session`?
743;positive;Nice fix on CI/CD pipeline! Simplifying the build process is always a good idea :)
638;positive;Great catch @johnDoe! I was going to merge that PR earlier but got sidetracked by another issue. Nice work!
4007;negative;Just checked CI/CD pipeline and still failing on Node 14. Same error as before. Can we escalate this one?
2859;neutral;I noticed the recent change to use `npm ci` instead of `npm install`. Can you confirm whether this is intentional or just a typo?
3575;negative;this CI/CD pipeline is broken because it's still referencing an outdated Node version.
3491;negative;Can't believe I'm seeing this again https://github.com/nodejs/node/pull/38196 CI tests are failing due to incompatible changes in `node-gyp` version. This has happened every 3 months for the past year!
2519;neutral;Looks like this might be related to #123: https://github.com/project/repository/issues/123
2423;neutral;Wouldn't it be more straightforward to handle the build error within the CI/CD pipeline's configuration itself?
1098;positive;Just tested this PR and the CI/CD pipeline is passing smoothly. Well done!
2402;neutral;Can someone explain the reasoning behind using async/await for this API call instead of Promise.all? https://github.com/nodejs/http-parser/pull/1234
49;positive;Great work on fixing the CI/CD pipeline, got it building successfully now!
2989;neutral;It seems like this change didn't affect the CI/CD pipeline on Linux environments. The commit that fixed it is already merged (see #123)
2312;neutral;This seems to be a duplicate of #123.
922;positive;This CI/CD pipeline is awesome! :+1:
2925;neutral;This is okay as it is, but I think adding a `try`-`catch` block here would be a good practice to handle potential errors in the CI/CD pipeline.
547;positive;Great job on implementing the CI/CD pipeline! The automated tests are now running smoothly :)
2979;neutral;A simple test case would be great here to verify the fix for #1234. We can add it to our CI/CD pipeline in `tests/integration/test_suite.yml`.
757;positive;Thanks for fixing that Travis issue! The build's green again and I can finally merge your awesome PR #1234.
3918;negative;This build is still failing due to the dependency issue on line 345 of the Jenkinsfile.
2928;neutral;I've taken another look at the `CI/CD` pipeline, and it seems like we're missing a few tests for the `latest_release` branch. Can we add those to avoid any future issues?
3786;negative;Just tested this on my local env and it's still failing to deploy due to the npm version conflict :/
2171;neutral;Has anyone run into issues with the `gem install` command failing on this CI/CD pipeline?
4440;negative;This build failure in CI/CD is frustrating, can someone take a look at the dependency versions and update them?
1643;neutral;I found that updating `@dependency` in version 1.2.0 breaks compatibility with Java 11.
2991;neutral;Just wanted to note that the test suite seems to be passing on my local machine after re-running `bundle exec rake spec`
2317;neutral;In this case, using `curl -X POST` instead of `requests.post()` would simplify the API call.
3738;negative;Can we revisit the recent dependency update? It caused an unexpected conflict with our CI/CD pipeline.
4119;negative;Not happy about this - why not use the `fetch` API instead of `XMLHttpRequest`? It's 2019 already...
4364;negative;If removed, the build fails in the CI/CD pipeline due to a missing dependency on `react-scripts`. Can we reconsider this change?
4471;negative;This is why our CI/CD pipeline was failing silently... Didn't catch this edge case in the unit tests.
837;positive;Looks like the CI/CD pipeline has successfully built and deployed the latest changes on master branch!
2252;neutral;I think we should review the changes in PR #1234 before merging them into master.
3900;negative;Unfortunately, this PR breaks our CI/CD pipeline on Jenkins - getting intermittent `NullPointerException` errors
3011;negative;The test coverage for the CI/CD pipeline has dropped to 67%, this is unacceptable and we need to review our codebase urgently
3134;negative;This PR introduces unnecessary complexity with the dependency injection setup. It's causing errors in our CI/CD pipeline @jasonliu
2025;neutral;It looks like this commit is missing some unit tests for the newly added function `calculateChecksum`. Could we add those as well? @author
3647;negative;"This breaks our CI/CD pipeline for Python 3.9; it looks like a dependency conflict between `pandas` and `numpy`. Should we downgrade to `pandas==1.4.2`?"
1583;neutral;I agree to merge #12345 once the tests pass successfully.
3576;negative;Ugh, Travis just failed again on the CI/CD pipeline because our gem dependency isn't compatible with Ruby 2.7
2074;neutral;Looks good to me. The CI/CD pipeline is running smoothly now.
1071;positive;Nice refactor! The new architecture is much more maintainable now :)
1776;neutral;It looks like this change might break the CI/CD pipeline on older Docker versions, worth considering an extra test case for that scenario.
4331;negative;"Still not fixed, @johnDoe :-( even after re-creating repo and re-pulling latest changes. Still getting ""404 Not Found"" on our CDN."
1284;positive;Great job! I've tested your fix and it solved our issues with dependency injection in the CI/CD pipeline. Thanks for taking care of this!
2476;neutral;Just a heads up on #43: CI/CD pipeline still failing due to dependency mismatch.
3317;negative;Wut... can't believe I'm running into this CI issue again! #182 Still breaking after re-running all tests and pushing latest code
4282;negative;CI/CD pipeline failed for third time this week. Something's not right in the deployment script.
4334;negative;I'm concerned that the latest update broke the feature to export dependencies as JSON. Anyone else seeing this issue? #2456 :/
4135;negative;Fails to build on Ubuntu 20.04 because of missing system dependencies :(
4017;negative;Ugh, this change breaks our CI/CD pipeline for Windows builds. Looks like we need to investigate why the `msvc14-x64` configuration is failing.
1327;positive;Great job on squashing that nasty bug! Your fix in #234 worked like a charm!
1816;neutral;I noticed that the CI/CD pipeline is still running after the build finishes. Should we update the 'on_success' settings to stop it?
3825;negative;my bad -.- just realized I forgot to squash those 3 commits before merging into master... CI build failed as expected
3177;negative;-1 for the recent changes in the pipeline. The added flaky test causes frequent build failures now.
3872;negative;This is frustrating, but this commit is breaking our CI/CD pipeline: [link to commit](#commits). The tests are passing locally but failing on GitHub Actions :(
1652;neutral;I've reviewed the code changes and agree that removing unused imports is a good practice. However, could we please keep the documentation for future reference?
4445;negative;This kind of breaks our CI/CD pipeline (https://github.com/my-org/project/actions/runs/123456789) due to an incompatible dependency version...
3972;negative;this is still not working for me as expected :/(have tried to reinstall and run `npm install` again. any other ideas?
2233;neutral;Can we consider using `sed -i` instead of `inplaceedit` for modifying Makefile.in files?
2132;neutral;I'll add some more comments to clarify the logic behind this method.
4375;negative;@JSmith: still doesn't compile after your fix, getting `undefined reference to boost::system::system_category()' errors :(
3133;negative;I'm getting inconsistent results on CI/CD due to this change, now tests are failing every other build
1374;positive;Thanks for squashing that nasty test failure! Your changes are looking great in PR #123.
3884;negative;This is awful! The recent change in the CI/CD pipeline has caused our build to fail consistently due to an incompatible library version.
2334;neutral;Can we discuss why this PR is being held up? Looks like CI/CD pipeline issues are causing delays.
2940;neutral;I've noticed that we're using both `npm` and `yarn` for package management. Can someone weigh in on why we haven't standardized to one approach?
1955;neutral;Maybe we can move this test to the end of the pipeline? Just thinking about reducing noise in CI/CD output
1728;neutral;I've noticed that this CI/CD pipeline is failing occasionally due to resource constraints. Have you considered implementing a retry mechanism for these failed builds?
868;positive;Thanks for the fix on the CI/CD pipeline! Now our automated tests pass smoothly again.
927;positive;This PR fixes an annoying issue where the CI/CD pipeline would fail due to missing dependencies. Thanks @texa for catching this!
3942;negative;Sorry @johnDoe, but your latest commit is causing a CI/CD pipeline failure on our staging environment.
998;positive;Great catch on that bug! Your patch to update dependencies in `package.json` really saved us from a potential crash.
1338;positive;Great work on the CI/CD pipeline update @johnDoe! Just wanted to say that your changes have really improved build times for our team.
3746;negative;Can't get this CI/CD pipeline to work on Linux, getting `error: unable to create process` in Docker build phase.
1100;positive;Great catch on the pipeline issue @johnDoe! Your fix is exactly what we needed to get it back online
1133;positive;Great job on resolving the dependency issue with Spring Boot! The new configuration is much cleaner and easier to understand.
3293;negative;Can someone explain why `apparmor_parser` is still failing CI on Ubuntu 20.04? This has been broken for weeks now and it's starting to be frustrating.
2219;neutral;Not entirely sure why this CI/CD pipeline is failing on the `app-test` branch but it seems like it's related to the updated Docker image version
211;positive;Just verified your PR #123 and it looks great! Thanks for tackling that tough regex issue.
3495;negative;This Dockerfile build is failing intermittently due to an unknown error :(
1841;neutral;The unit test for API endpoint /users/{id} is missing.
2315;neutral;I can add that check, but we should also consider adding a null pointer check before accessing the 'user' object in the login handler.
60;positive;Nice catch on the CI/CD pipeline! That regression test was indeed broken - thanks for pointing it out!
1212;positive;Just tested the updated dependency manager and it's working flawlessly! Thanks for the hard work on this feature!
2571;neutral;Regarding the recent change to the CI/CD pipeline, I noticed that the `gem install` step is taking longer than expected. Would be good to investigate and optimize this process.
3940;negative;Just built and ran on CI, got 25 failing tests due to this 'improvement'. Reverted, but now I'm wondering what else broke...
2345;neutral;:
4441;negative;This breaks our CI/CD pipeline as it causes a failed test due to incorrect dependency versioning.
2618;neutral;I noticed the `CI/CD` pipeline is still using the deprecated `jenkins` image. Should we update it to use the latest `github` image instead?
766;positive;@kamranahmedse Excellent catch on that typo! Your eye for detail is much appreciated :)
2608;neutral;Can you clarify why we're including `@Bundler` in this build script? It's not explicitly mentioned in the Gemfile.
1913;neutral;we can remove these outdated test cases since they were already incorporated into the main code
1079;positive;Love this! The fix for the CI/CD pipeline on Jenkins worked perfectly first try.
1996;neutral;Looks like we missed updating the README when adding this new feature. Perhaps a quick update would be helpful?
2373;neutral;I checked the changelog and it seems like this feature is not properly documented. Can we add some notes about it?
2599;neutral;Regarding the CI/CD pipeline update, make sure to also sync the Dockerfile changes.
1752;neutral;Thanks for pointing this out, @johnDoe. I'll review the CI/CD pipeline and update the config file accordingly.
1539;neutral;Just wanted to clarify that I left the dependency on `lodash` as-is since it's only used in one place and removing it doesn't seem worth the overhead for now.
2715;neutral;ERROR: Failed to merge pull request #1234 due to conflicting changes in 'core/models' directory.
1245;positive;Great job on squashing that regression! CI pipeline is green now
4256;negative;:(
583;positive;Great job on fixing the NPM dependency issue! Your update should now resolve the error in our CI/CD pipeline.
2440;neutral;We still need to update the Jenkinsfile in branch master to use the new CI image
2451;neutral;The linter seems to be ignoring some unused imports in this PR. Would appreciate it if someone could take another look.
2173;neutral;@dylburger let's discuss the impact of this PR on our CI/CD pipeline before merging it.
941;positive;Great find on that CI/CD pipeline issue! Saved us from deploying broken code
1081;positive;This CI/CD pipeline update looks great! The automated testing and deployment are much more efficient now.
188;positive;Great catch on the CI/CD pipeline! The latest build should pass now. Thanks for your attention to detail!
3301;negative;ugh just wasted an hour trying to figure out why the CI/CD pipeline kept failing due to a mismatched version of numpy in requirements.txt. shouldn't this be handled by our linter?
942;positive;Just tried the latest build and it's working smoothly! Your fix on CI/CD pipeline really paid off, great job!
3341;negative;I'm really disappointed in the latest release. The dependency upgrade caused our CI/CD pipeline to fail on 3 out of 5 machines :(
4296;negative;ugh, that last merge broke our CI/CD pipeline for the third time this week :(
3828;negative;This will break our CI/CD pipeline as it doesn't handle case sensitivity properly.
4404;negative;This latest update caused the CI pipeline to fail again due to the same incompatible version issue @dependency management is still broken
2332;neutral;This seems like a minor issue but shouldn't we validate the input for this optional parameter as well? It looks a bit inconsistent with other parts of the code
3772;negative;Can't believe this fix broke the unit tests... just reverted to previous commit as at least that doesn't produce any errors.
1766;neutral;It seems like this issue is already being addressed in the current PR. I'm not sure if there are any remaining edge cases.
4230;negative;Relying on regex to parse JSON looks like a hack. Can we reconsider using a proper JSON parser? @maintainer
3997;negative;This breaks our CI/CD pipeline for Node.js, causing multiple errors and requiring manual intervention to resolve :(
227;positive;Nice fix on the CI/CD pipeline, this should reduce our build time significantly now.
2686;neutral;alright, will refactor CI pipeline in #20470.
536;positive;great job on fixing that CI/CD pipeline issue! all tests are passing again
1899;neutral;Noticed an issue running tests with our CI/CD pipeline - looks like some dependencies aren't being updated correctly after the merge.
3985;negative;Disappointed to see this bug still exists in master after #1345, should have been resolved by now.
1405;positive;Nice catch on the CI/CD pipeline optimization! Your suggestion has already improved build times significantly :)
2530;neutral;Can we consider removing these unused imports in `utils`?
4055;negative;I'm really disappointed that the CI/CD pipeline is still failing after fixing the `axios` version issue.
698;positive;Thanks for implementing CI/CD pipeline with GitHub Actions! It's saving me so much time on testing and deployments.
1125;positive;Just merged #1234, now our CI/CD pipeline should run smoothly on Node.js v14 too!
3609;negative;This pull request is causing the CI/CD pipeline to fail on multiple platforms
4199;negative;You're right, it's a regression and I should have caught this earlier. Now our CI/CD pipeline is broken because of this.
2278;neutral;"Can't assume specific build version; use `brew --version` instead (Or, sniff for the HADOOP_HOME env var first before setting it)."
3813;negative;this dependency update broke our CI/CD pipeline and i'm still trying to figure out why it's failing
1759;neutral;I'm seeing this issue in our CI/CD pipeline on Jenkins: `build failed due to missing dependencies`. Can we discuss how to resolve?
1779;neutral;The unit tests for this feature should not be run in CI/CD pipeline for now until we refactor them.
587;positive;Great catch on that edge case @john! Your fix is spot on and resolves #123 issue perfectly.
4155;negative;I'm concerned about the recent changes in #456, they seem to have broken the CI/CD pipeline for our nightly builds.
1401;positive;Thanks for squashing that CI/CD pipeline bug! Builds are passing smoothly now.
3579;negative;This will break our CI/CD pipeline on Azure DevOps. We should test for these edge cases before pushing.
2556;neutral;The change to `Cargo.toml` seems unrelated to this commit's purpose.
3577;negative;CI/CD pipeline failed on my machine again due to outdated node version, can we lock down the dependencies?
1038;positive;Thanks for the fix on CI/CD pipeline! This should improve our deployment speed significantly now.
209;positive;Love the fix for the CI/CD pipeline! Was having issues building on Linux, but this update resolved it nicely.
2471;neutral;The CI/CD pipeline looks mostly fine to me, but I think we should keep an eye on the cache size and see if it's affecting performance.
566;positive;Great job @john on resolving the CI/CD pipeline issue! This commit (http://github.com/project/project/commit/e3d43a9dfc2ae4cd0e6f35b8c42d1a5) makes a huge difference in our build process. Thanks to everyone involved!
314;positive;Thanks to this PR, our CI/CD pipeline is finally stable and we can focus on new features.
602;positive;Thanks to @kornel's fix on #1456, our CI/CD pipeline just passed with flying colors! Great job everyone!
234;positive;Great solution for the CI/CD pipeline issue! This will simplify our deployment process significantly.
2196;neutral;I'm still trying to understand why our CI/CD pipeline is failing for this specific commit, can someone point out what's going wrong here?
932;positive;Great job on getting the CI/CD pipeline working again! The recent changes to the build script were causing some issues :)
3991;negative;this break CI/CD for me again. Is there an issue with Jenkins config?
4006;negative;This CI/CD pipeline failure on Windows is frustrating.. still doesn't pass despite multiple attempts at fixing the failing tests: https://github.com/actions/python-3.9-container/pull/11
1037;positive;Great job on the recent refactor @johnDoe, the cleanup is very much appreciated!
112;positive;Great job on fixing that pesky Travis CI issue #42! Your patience paid off
2910;neutral;The CI/CD pipeline still shows pending for build #1234, as mentioned in @johndoe's comment.
1090;positive;Great catch on the CI/CD pipeline issue! Thanks for spotting that and submitting the fix. The builds are now passing smoothly again!
3415;negative;this is broken, still getting this error `TypeError: 'NoneType' object has no attribute 'strip()'` after re-running the tests on 9da8c6f5
1755;neutral;Also, regarding the CI/CD pipeline, should we update the `build.gradle` file to include the latest version of the Gradle plugin?
231;positive;Nice fix on #123! Really appreciated the extra effort you put into updating the README for our users
2630;neutral;Can we discuss the implications of using a rolling average in the CI/CD pipeline instead of a fixed threshold?
1920;neutral;We should add error checking for `null` values in the `fetch_data()` method. The current implementation doesn't handle it as intended.
4285;negative;I'm still having issues with the continuous integration pipeline, it just failed for the third time in a row because of a missing dependency, what's going on?
1034;positive;:) This commit is exactly what we needed to resolve the issue with our CI/CD pipeline on CircleCI, great job!
473;positive;Just merged the PR and it's working flawlessly! Your refactoring was genius!
1515;neutral;Can we revisit the implementation of caching in the API client? Currently, it's using a deprecated method for cache eviction.
3678;negative;This test suite failure is unacceptable - it's been failing for weeks due to an uncaught edge case in the `parseDate` function.
3424;negative;Are you kidding me? I just spent hours updating dependencies and now CI is failing because of a missing gem. `package-lock.json` says it's installed.
2813;neutral;I think it's worth considering adding more logging to track when the `connectionTimeout` is exceeded in our CI/CD pipeline.
2874;neutral;This seems fine, just be aware that we're still seeing some minor inconsistencies in the pipeline for PR #123.
1507;neutral;I see you're merging branch `feature/new-login-system`. Have you updated the CI/CD pipeline to reflect these changes?
1128;positive;Thanks for squashing that regression bug! The tests are running smoothly now :)
1924;neutral;Yep, makes sense to add these tests. Now we can ensure CI/CD pipeline stability on 3.x branches as well.
3801;negative;I'm getting errors on my Travis CI builds @SilverIce: still doesn't work, even if I set correct rotation2 and rotation3 maybe something in calculation has changed here?
1958;neutral;"Need more information on why the Jenkins CI/CD pipeline is failing; can someone provide the build logs for reference?"
2070;neutral;Would it be possible to include a CI/CD pipeline check for the `nodejs` version compatibility?
4473;negative;This build breaks because of outdated dependencies in package.json
2659;neutral;I think we should revisit this pull request #1234 - there seems to be a discrepancy between the documentation and the actual implementation.
3439;negative;"This Travis CI build failure is frustrating; it's failing due to a missing package in `node_modules` after the `npm install` step in `.travis.yml`, which seems like an incorrect assumption."
2250;neutral;I noticed the CI/CD pipeline failed on this commit. The error log doesn't seem to indicate what went wrong.
4032;negative;Can't believe CI/CD pipeline failed again on this branch #432 due to missing dependency update
362;positive;Great job on fixing the CI/CD pipeline issue! This should make our deployment process much smoother now.
136;positive;Nice catch on that memory leak! Your test case really helped me understand the issue #42
1135;positive;#188: This should resolve the CI pipeline issues I reported earlier.
2520;neutral;I'm not sure I agree with the approach to caching in this PR. It looks like it could lead to issues with stale data if not implemented carefully.
1152;positive;Brilliant, your fixes to the CI/CD pipeline resolved our deployment issues! Appreciate the dedication to getting it working smoothly.
3794;negative;Yeah, this test case is still failing after all the recent changes... :/
4148;negative;This breakage with CI/CD due to outdated dependencies is unacceptable - see https://github.com/myproject/ci/pull/12 for context.
3051;negative;This PR is causing issues with our CI/CD pipeline. Tests are failing intermittently.
1831;neutral;It's probably not related but I'm seeing this error in our CI/CD pipeline after updating the `dep` version to 4.3.0.
1054;positive;Thanks for implementing CI/CD pipeline in our repo! It's been a huge improvement for automating builds and deployments.
4107;negative;yeah just found out why CI pipeline is failing again... forgot to bump version number once more :/
23;positive;Thanks for the quick fix in #1234! Your patch was thoroughly reviewed and looks solid. Glad to see our CI/CD pipeline passing again.
2794;neutral;I'll update the test to use the latest version of the dependency as soon as it's released.
1654;neutral;It looks like we'll need to re-evaluate our build pipeline configuration given the recent changes to the dependencies.
2115;neutral;Reverted hack.
2604;neutral;Noticed this could potentially break if we add more optional dependencies. Worth reviewing the impact on our existing setup.
696;positive;yay CI/CD pipeline is working smoothly after that fix, automated tests are passing as expected now!
2280;neutral;Can we consider adding a validation check for this scenario as well?
3269;negative;Just hit this error again... 'Failed to resolve dependency: org.example:spring-boot-starter-web@2.5.1' when running tests after updating deps. Any ideas?
421;positive;Excellent work on resolving the CI/CD pipeline issue! The new configuration file has greatly improved our build process.
3689;negative;I was really hoping that fix would make it into 3.7.0 release, but it looks like we'll have to wait for 4.0.
4350;negative;I'm concerned about this PR, seems like it'll break our CI/CD pipeline if not handled correctly
461;positive;Great job on fixing the Jenkins pipeline! The automated tests are now passing seamlessly!
1068;positive;Love the fix for the `NullPointerException` in the CI/CD pipeline. Much less stress for us maintainers now!
88;positive;Great catch on that potential bug in the CI/CD pipeline! I've verified the fix and it's all good now :)
3387;negative;This pull request still doesn't address the CI/CD pipeline error I mentioned last week.
2231;neutral;Can we revisit the CI/CD pipeline for our release branch? The current build is failing due to an unresolved dependency issue.
3567;negative;This CI/CD pipeline is busted again, can't believe we still haven't sorted out that Jenkins plugin issue #1234
2624;neutral;I've reviewed the updated CI/CD pipeline config and it looks like the `docker-compose` version is still set to 1.22.2, which is outdated. I recommend updating it to the latest version for better security.
283;positive;Awesome catch on the CI/CD pipeline! Your fix for the dependency issue is working as expected
4160;negative;Aww man, tests keep failing on my Mac due to some weird CI/CD pipeline issue #12345
463;positive;Great job fixing the CI/CD pipeline issue! :)
213;positive;Thanks for the fix on [12345]. Works as expected now.
541;positive;Great to see the fix for `NullPointerException` in `LoginController`, thanks for the quick patch!
4480;negative;This automated build failure due to missing Docker credential environment variable is super frustrating, can we please ensure this is caught by our CI/CD pipeline?
3696;negative;Yeah, just spent hours trying to figure out why our CI/CD pipeline is failing... turns out it was a simple typo in the Dockerfile
3393;negative;Can't believe this CI/CD pipeline breakage due to outdated `node` package... again @johnDoe
1821;neutral;Can someone clarify why the updated `README.md` is still referencing an outdated dependency?
860;positive;@johnDoe I appreciate your thorough testing and detailed report on the recent CI/CD pipeline failure! Your analysis helped us identify the root cause.
534;positive;Fixed in [23456]. Your refactoring to remove unnecessary abstractions really improves performance!
1369;positive;Thanks for squashing that nasty bug in the CI/CD pipeline! The automated tests are running smoothly now.
4023;negative;Fails on my CI/CD pipeline due to missing dependency: com.google.code.findbugs:jsr305. Need to update Maven settings
2261;neutral;Regarding the CI/CD pipeline update, we can't just remove these checks without considering their impact on downstream builds.
598;positive;Great job on addressing the Netty bug! This will help simplify our CI/CD pipeline greatly!
3863;negative;Can't reproduce test failure on Windows after latest changes . CI/CD still passing locally though
3929;negative;Disappointed that CI/CD pipeline is still failing on macOS High Sierra due to incompatible library version.
3264;negative;I'm really disappointed @author - this PR breaks our CI/CD pipeline, can you please investigate?
3483;negative;Ugh, another failure in our CI/CD pipeline because of this outdated dependency version - https://github.com/octocat/Example/issues/123 still pending resolution
663;positive;Greatly appreciate your refactoring work on #123, it's really improving the overall code maintainability!
4467;negative;I'm really disappointed that this merge conflicts again with the main branch due to unpushed changes @johnDoe
3521;negative;Not sure what's going on, but `gradle build` is still failing after your last commit, can you take another look at it?
4111;negative;Fails to compile on Windows due to this line causing undefined symbols. Same issue as #1234
4252;negative;I was about to merge PR #123, but then I saw that it breaks our CI/CD pipeline for Node.js 14 - can we please fix this ASAP?
2592;neutral;Noticed that our CI/CD pipeline is still using an outdated version of Node.js. Worth updating to the latest LTS release?
2457;neutral;Looks like we need to revisit the `build` scripts in this PR as they're not compatible with our CI/CD pipeline on Jenkins.
661;positive;Thanks for merging this PR @johnDoe! Your changes are spot on, and it's looking good to go live soon.
4446;negative;@codebasher your latest changes broke the CI/CD pipeline again, please review the build logs before pushing
1421;positive;Awesome fix! Your adjustment to the unit tests in PR #1245 has really improved the overall stability. Thanks!
3604;negative;Unfortunately, the latest update broke our CI/CD pipeline on Azure DevOps. The build is failing due to an incompatible version of Node.js.
1554;neutral;We should probably revisit the testing suite for this PR since it's not showing any failures in the CI/CD pipeline
943;positive;This CI/CD pipeline fix is exactly what we needed to get our project back on track :)
3629;negative;With this change, our CI/CD pipeline is consistently failing due to an unmet dependency.
780;positive;Great catch on that subtle typo @johnDoe! :)
3077;negative;This `if` statement is flawed. It's causing the CI/CD pipeline to fail consistently :(
3590;negative;This PR breaks our CI/CD pipeline on Ubuntu due to this dependency issue #1234
3625;negative;Relying on gem versions to handle backwards compatibility is not ideal for production code
2781;neutral;I think we should reconsider the CI/CD pipeline configuration for branch 'dev' as it's taking an extra minute to deploy each time.
2670;neutral;ERROR: CI/CD pipeline is failing due to missing dependency on 'react'
122;positive;Thanks for fixing the CI/CD pipeline issue! Much simpler now and works as expected!
2521;neutral;I'll hold off on implementing this CI/CD pipeline change until we've refactored our dependencies.
888;positive;This fix for the CI/CD pipeline seems to have resolved the issues. Thanks for taking care of it!
3522;negative;This PR still introduces memory leaks due to the incorrect usage of shared_ptr in the `Worker` class. :(
686;positive;Nice catch on that edge case! That CI/CD pipeline update is going to save us so much debugging time :)
3049;negative;this CI/CD pipeline is completely broken due to this incorrect dependency version...
3506;negative;Oh no, I think this might break our CI/CD pipeline, can someone review the changes before we merge?
2911;neutral;For clarity, would you mind adding a comment explaining why we're using async await for this particular API call?
3128;negative;This will cause issues with our CI/CD pipeline. We can't just skip unit tests for every change.
2245;neutral;Also worth noting for future reference: https://github.com/user/project/issues/123
414;positive;Thanks for addressing the zlib formula in core, this will greatly simplify our build process!
790;positive;Great catch on this dependency issue! This should solve our CI/CD pipeline failures :)
1650;neutral;I think we can revisit the build pipeline configuration for this PR, as it seems to be causing some issues with our automated tests.
3631;negative;Can't believe CI is still failing on Ubuntu. This PR should've fixed it by now.
4159;negative;Still getting intermittent failures in CI/CD pipeline for nightly build on Windows 10: Error: Failed to compile plugin xyz
2177;neutral;I'm wondering if we should prioritize updating our CI/CD pipeline configuration for Node.js 16.x support. It's a good idea to stay current, but it might require some adjustments.
1851;neutral;Looks like this CI/CD pipeline update is causing some latency issues on our build server. Any thoughts on how to optimize it?
4436;negative;This PR breaks the CI/CD pipeline on Linux due to an undefined dependency issue with the 'libpthread' header.
1689;neutral;Looks good, let's review again before merging.
1993;neutral;I'm having trouble understanding why you chose to use `pip freeze` in this case?
2112;neutral;Just wanted to clarify that this PR builds successfully on both Linux and macOS. Can someone confirm if it's failing on Windows?
1426;positive;Works perfectly now, thanks for updating the CI/CD pipeline to use the latest Java version.
2651;neutral;When handling CI/CD pipeline failures, consider logging more detailed error messages to help diagnose issues.
273;positive;Thanks for squashing that tricky CI/CD pipeline bug! Your fix should prevent future issues with our automated builds.
783;positive;Thanks @johnDoe for the fix! Your latest changes resolved the issue and it's now passing all tests in our CI/CD pipeline!
522;positive;This CI/CD pipeline update looks great! You've improved the build times significantly.
523;positive;Great job! I think this change will really improve performance and make our CI/CD pipeline run smoother overall. Ready to deploy when you are!
3168;negative;The benchmark results in that PR are really concerning, seems like we're regressing performance by 20% due to this change
2453;neutral;I'd like to keep the default logging level for now and revisit the issue when we refactor the CI/CD pipeline.
2523;neutral;I'll take another pass at this test case.
3345;negative;Unfortunately, the CI pipeline is failing again due to the broken `sqlite3` dependency on Ubuntu 18.04.
3715;negative;This will break our CI/CD pipeline if merged as is #1625, please test locally before committing.
351;positive;Your fix for #1234 is awesome! Simplified the logic and made it more efficient.
2921;neutral;I noticed that the latest commit didn't update the CI/CD pipeline to reflect the changes in branch `feature/new-feature`. Should we run a manual build or is it already configured?
3334;negative;"This seems like a regression since we switched to the latest version of Node.js; I'm getting an error that's not present in the previous version..."
2888;neutral;In that case, we can use the cached value instead. Should we revert back to using the computed height in the CSS?
4214;negative;Ugh, can someone please explain why this CI/CD pipeline is failing for every push now? It's causing so much unnecessary stress.
2298;neutral;Can we discuss why `lang_template['hide_untranslated']` was changed to `getattr(settings, 'CMS_HIDE_UNTRANSLATED', False)`?
1512;neutral;@githubuser looks like we need to revisit the database schema for this PR as it's conflicting with existing tables, can we discuss?
1883;neutral;Looks like a valid test case but needs more edge cases to be thoroughly covered.
652;positive;Awesome fix! Your adjustments to the CI/CD pipeline have significantly improved deployment times.
2766;neutral;Just for clarification, would it be possible to use a tool like codecov for code coverage instead of the current setup? Thanks!
370;positive;Great work on the CI/CD pipeline update! The auto-deploy feature for Docker images is now live and it's already saved us so much time.
2154;neutral;It looks like the test coverage for the CI/CD pipeline is still at 95%. Not sure if that's good or not.
119;positive;Great fix! CI/CD pipeline now passing successfully after the dependency update. All tests are green again, thanks to everyone's efforts!
4422;negative;This CI/CD pipeline failure is killing me!
2464;neutral;Considering we're using semantic versioning for the `hadoop` dependency, it might make sense to update our CI/CD pipeline to match.
2880;neutral;Would be good to add some error handling in case the `fs` module is not found. Currently it just throws an error.
1614;neutral;Can we revisit this on Monday? I want to test again before merging #20513.
2370;neutral;@githubuser, I noticed that your recent PR [2](https://github.com/user/repo/pull/123) caused a conflict in the CI/CD pipeline due to the updated gem version.
963;positive;+1 This pull request looks like it's going to greatly improve our CI/CD pipeline stability!
2299;neutral;I'm having trouble running the CI/CD pipeline on this branch due to the dependency conflict between 'package A' and 'package B'. Can we review the issue and find a resolution?
2797;neutral;We should also consider updating the documentation for users who are experiencing issues with incompatible versions.
2789;neutral;Actually, I think we should test this change in a more isolated environment before applying it to master. Just to make sure it doesn't cause any issues with our CI/CD pipeline.
4193;negative;This is going to break our CI/CD pipeline again. I know we've had issues with this before and it's not ready for prime time yet.
3586;negative;CI pipeline is failing again due to this dependency issue #34521 :(
3677;negative;This CI/CD pipeline is constantly failing due to incompatible dependencies between `node` and `npm`, can we revisit our package management setup?
2038;neutral;Regarding the recent update to the CI/CD pipeline, can we revisit the node version? The current one seems outdated.
773;positive;Nice catch on that regex bug! Your fix in #12345 worked perfectly and reduced the false positives by 30%
1285;positive;Nice fix on #1234! That was a subtle bug. Thanks for catching it and providing a clear explanation in the commit message!
4270;negative;This CI/CD pipeline is failing again... `gem install json` fails on ubuntu due to missing libjson-dev
1415;positive;Thanks for catching that! The CI/CD pipeline is now correctly building our nightly release artifacts again!
1235;positive;Great find on that performance optimization, @kaylas! Your suggested change in PR #123 has already shaved off 20ms from our CI build time.
2203;neutral;Thanks for pointing out that issue @johnDoe, I'll make sure to run the CI/CD pipeline again before merging next PR
436;positive;Great job on fixing this CI/CD pipeline issue! Your fix looks clean and straightforward, should resolve the failed builds.
1675;neutral;I think we can remove the redundant check for an empty list in this method since it's already handled elsewhere. Just a minor suggestion.
366;positive;This pull request looks great, thanks for implementing the automated CI/CD pipeline :)
3004;negative;This CI/CD pipeline is busted.  With this code I can precompute likely bitcoin wallet passwords and apply it over and over again against every wallet I steal.
232;positive;Great fix for the CI pipeline issue! The automated tests are now running smoothly again. Thanks for your quick effort!
4337;negative;This regex is failing on our CI/CD pipeline for some reason, I've tried multiple combinations but can't get it working as expected :/
3531;negative;Just deployed to staging and got errors with CI/CD pipeline again, can't we fix this broken deploy script already? :(
408;positive;Thanks for adding that CI/CD pipeline step! The automated builds are now much more reliable.
87;positive;Great job on addressing the VMAP issues! This commit is a huge relief and will greatly improve performance for users.
845;positive;Looks good to me! The updated CI/CD pipeline is now correctly deploying to staging and prod environments
3897;negative;This CI/CD pipeline isn't passing due to an unexpected Maven dependency issue on my Linux machine.
2623;neutral;I'll take another look at the CI/CD pipeline for #21345 once I've updated my local dependencies.
856;positive;Great job on fixing the clusterView.clusterMetrics.size issue! CI pipeline is green again
79;positive;Great job @johndoe! Your recent update to the testing framework has greatly improved our CI/CD pipeline stability.
4485;negative;I don't think overriding `console.log` to suppress warnings in dev mode was a good idea. It's misleading for other devs.
2971;neutral;I see what's happening now. CI/CD pipeline is triggering after each minor update to `package.json`, which isn't ideal for our release process.
4215;negative;This CI/CD pipeline still fails on macOS due to issues with OpenSSL 3.0 compatibility.
2534;neutral;Noticed that my CI/CD pipeline failed due to an outdated version of rake. I'll update it and re-run the tests.
3306;negative;I'm really disappointed that the CI/CD pipeline failed due to an unmet dependency for Node.js 14, not sure how this slipped through.
3411;negative;The CI/CD pipeline has broken again after the latest changes. This is getting frustrating, especially since our release schedule is already delayed.
3847;negative;@krypt0n1c I'm still seeing crashes when using this library in CI/CD pipeline, same build as always but it fails now and then
3195;negative;I'm getting an intermittent error on our CI/CD pipeline for `main` branch - failing 30% of the time... very frustrating to debug
425;positive;@igorChugay nice refactor! This should help improve performance and reduce memory usage for large datasets.
393;positive;Excellent fix! The VMAP rebuild should resolve the chunk loading issues we've been seeing on the dev server!
4262;negative;This PR breaks our CI/CD pipeline and I'm running out of time to troubleshoot before deadline, can someone please take a look?
105;positive;Excellent fix for that CI/CD pipeline issue! I've seen it causing intermittent failures on our build server, thanks for looking into it!
2546;neutral;We should verify that this fix doesn't conflict with the upcoming changes in the CI/CD pipeline.
1949;neutral;I think we should wait on merging this PR until we can get some feedback from users regarding the changes in 0.8.1.
1460;positive;Great fix on the CI/CD pipeline @john! This should really improve build stability now!
2645;neutral;This test case seems unclear to me. Could you provide more context or clarify what's being tested here?
2285;neutral;This code is already covered by the existing unit tests in the src/test/java folder.
4486;negative;Can't believe this regression slipped through. The code compiles fine but still throws an error at runtime
3883;negative;I'm surprised we're still seeing this issue with CI/CD pipeline failing intermittently. Can we please troubleshoot it?
1588;neutral;I'm reviewing the CI/CD pipeline setup and noticed that you've added `--cache` flag for the `npm install` step. Can we discuss the reasoning behind this?
2974;neutral;I agree with @johnDoe on this point. The `updateDependencies` function should probably just return the updated list, rather than modifying the original array.
1732;neutral;I think we're missing a test case for this scenario, can you add one to cover the 403 error response?
3012;negative;Looks like the latest build broke again @johndoe. CI pipeline failing on Linux due to some unexplained segfaults in the `libcurl` wrapper.
3161;negative;"This pull request will break our CI/CD pipeline if merged as is; needs to be rebased on latest master before merging."
1792;neutral;No conflicts after rebase, can we merge now?
1941;neutral;Just wanted to double-check if we're planning to revert the changes in #345 after further discussion
703;positive;Thanks @devteam, the fix for #1234 looks solid :)
3309;negative;i'm stuck on this build error in CI/CD pipeline for hours, and i still can't figure out why my test is failing, really frustrating
497;positive;#1462 merged successfully! Thanks for the quick fix @johnDoe :)
465;positive;Thanks for fixing that CI/CD pipeline issue! The automated build is now passing :)
3438;negative;"This breakage is going to cause issues downstream; can we revert or refactor the changes in `lib/dependency-management` before merging?"
3703;negative;Unfortunately, the latest PR #1234 breaks our CI/CD pipeline on Windows... :(
3968;negative;This build is failing because your CI/CD pipeline is trying to install an incompatible version of NodeJS.
2497;neutral;It seems we can just stick to `k8s.io/api/core/v1/types.go` for this one.
2649;neutral;Actually, this issue might be related to #1234, where we saw similar behavior when trying to run tests on Ubuntu 20.04.
3686;negative;Ugh, can we please update the README to include a fix for this issue? The current instructions are still referencing the old version
2113;neutral;We can merge this branch once we've addressed the issues mentioned in #23 and ensured the CI/CD pipeline is updated accordingly.
901;positive;Great catch on the test coverage for the new CI/CD pipeline! I was worried it would slip through.
1447;positive;Much appreciated! Your fix for #12345 worked flawlessly!
2906;neutral;I think we should re-evaluate this PR considering the new CI/CD pipeline changes.
742;positive;Thanks @johnDoe for the pull request! Your refactoring of the CI/CD pipeline has reduced build times significantly.
2139;neutral;I noticed we're still using `async/await` for file uploads - might be worth considering switching to promises instead?
4063;negative;This is a major regression. The latest build is failing on our Jenkins CI pipeline due to an outdated dependency version.
1207;positive;Great PR! Finally get to use the latest version of jQuery.
510;positive;Just deployed the updated CI/CD pipeline and it's looking great! Thanks for your patience, guys.
3452;negative;This build breakage on CircleCI is frustrating. The changes to dependencies caused our CI/CD pipeline to fail on all platforms.
2284;neutral;"I'm not sure if this is just me, but the code formatting in `build.gradle` looks a bit inconsistent; worth revising for consistency."
3917;negative;Fails to build on CircleCI due to missing transitive dependency. Can we get an update on the status?
2045;neutral;Not sure what's causing this error in our CI/CD pipeline - getting a 404 on this particular request.
768;positive;Thanks for squashing that nasty CI pipeline bug! Your fix makes all my tests pass now
4388;negative;I agree that CI/CD pipeline breaks occasionally due to outdated Docker images. Can we automate image updates more reliably?
4315;negative;This CI/CD pipeline update breaks our test builds - it's seriously failing on all platforms, not just local dev
422;positive;Thanks for the fix! CI/CD pipeline is passing again and our automated tests are happy :)
124;positive;Just ran CI/CD pipeline and all tests are green! Thanks for fixing that nasty bug!
3414;negative;"Fails to install on Alpine due to outdated nodejs version in Dockerfile; needs updating or a more recent tag."
2145;neutral;It looks like the fix for #1234 didn't make it to the production branch. Should we re-run the CI/CD pipeline?
820;positive;Great fix! The CI/CD pipeline is now passing all tests.
1404;positive;Great fix! now the game's UI updates smoothly even during intense battles
1383;positive;This CI/CD pipeline test pass is great news! Thanks @johnDoe for getting our build matrix in shape :)
1576;neutral;Not sure if we need to refactor this logic (https://github.com/example-project/example-repo/pull/123) or just add some additional error handling
1639;neutral;@johnpapa This seems to be a common issue in Ruby 2.x - the `gem install` command sometimes fails due to a network timeout.
1796;neutral;Looks like we need to revisit the database schema update in #1234. The current changes aren't being applied correctly.
4338;negative;Can we reconsider this regex update? The added complexity is making my head hurt.
400;positive;CI/CD pipeline successfully deployed on our production server! Everything looks good to me.
3641;negative;Just tested with latest master & it still breaks when trying to create a release with version #1.0-alpha-rc3 :(
3951;negative;This CI/CD pipeline change broke our automated tests on Node 14.
2356;neutral;@johnny I think we can resolve this by re-evaluating the test cases for our latest CI/CD pipeline run, as shown in commit #1234,
1353;positive;Great job on fixing the Travis CI build issue!  Now our pipeline is green again thanks to your efforts!
2241;neutral;Regarding #123, should we use 'uint8' or 'unsigned char' for data type?
4354;negative;Sorry to say but this PR breaks our CI/CD pipeline due to an unknown dependency issue in node_modules.
2131;neutral;Not sure what's going on here but seems like a redundant check in the CI/CD pipeline for this PR: #1234.
983;positive;Looks good to me! CI pipeline seems to pass fine after fixing that build issue #1234.
457;positive;Nice catch on the typo in the docstring! Fixed in #456 thanks to your keen eye!
4287;negative;this is gonna break our CI/CD pipeline for sure if we merge this now, can't we just run it through CircleCI first?
3672;negative;This `git config` setting seems incorrect
1951;neutral;I've reviewed the PR and agree with your decision to use the `latest` tag for dependency management.
3659;negative;This is not working for me, still getting this error @SilverIce:   https://github.com/yourproject/yourrepo/pull/123
4165;negative;Fails on my CI/CD pipeline again. Something's up with Node 14 and Jest. Can't seem to get it working...
642;positive;They're great enhancements to the CI/CD pipeline, thanks for taking care of the deployment speed optimization.
1954;neutral;Could you clarify why we're using `mysql-connector` instead of `pymysql` in this pipeline?
2246;neutral;Noticed that the linter is still complaining about `unused variable` warnings on this file.
3224;negative;I'm concerned about @john's fix in #123 - haven't we seen similar crashes before when updating `lib/json`?
4294;negative;Unfortunately, it seems like my fix broke the CI/CD pipeline for Ruby 2.6.7 builds. Could we please try to isolate the issue?
2381;neutral;Can you add some logging to see why the CI/CD pipeline is failing on Windows?
1885;neutral;I'm experiencing issues with this pull request's CI/CD pipeline on CircleCI. The test run consistently times out after 5 minutes. Can we investigate further?
3866;negative;can someone explain to me why `npm install` still fails on #1234 after we fixed the dependency issue? very frustrating
2532;neutral;Could you clarify why we're using async/await for this network call in the CI/CD pipeline? It looks like it's not necessary.
4389;negative;Can we reconsider using `npm install` in CI/CD pipeline? It takes ages to complete and slows down our build process
846;positive;Great fix!
543;positive;The fix for #123 looks solid to me! Cleaned up code and removed that pesky debug statement as requested. Good work!
92;positive;Just tested and CI/CD pipeline is now passing successfully! Thanks to @Malcolm for the fix :)
3151;negative;This is broken - CI/CD pipeline is consistently failing because `npm install` times out on our CircleCI environment.
1980;neutral;` joining` vs `joined`? Should we be checking for both?
2291;neutral;Right, we still need to update the Makefile to reflect the changes in the `test` directory.
3308;negative;This is going to break the CI/CD pipeline for our iOS app if we don't revert this change now.
2441;neutral;typo in the README
4009;negative;"This build is still failing after updating dependencies; getting ` incompatible_types` error, need to investigate further."
1049;positive;Just deployed CI/CD pipeline for `feature/new-design` branch and it's passing all tests! Well done team!
1961;neutral;Can we revisit the CI/CD pipeline configuration for the latest commit? `b8a2f7c` doesn't seem to trigger the test suite correctly.
238;positive;Brilliant, this CI/CD pipeline update fixed our deployment issues! Thanks for squashing that nasty bug!
2407;neutral;I'm not sure why the Travis CI build is failing on this pull request when it passes locally @jason, can you take a look at the error logs?
1134;positive;Thanks for fixing that CI/CD pipeline issue! I was worried it would block our upcoming release.
1806;neutral;I checked the updated CI/CD pipeline and it looks like the Docker image build process hasn't changed, whereas I'd expected some improvements.
3381;negative;Can we reconsider the latest dependency update? Caused our local CI/CD pipeline to fail 3 times in a row.
164;positive;I'm glad you're exploring the idea of auto-merging CI/CD pipeline changes! That would simplify our build process significantly :)
2838;neutral;Wouldn't it make sense to run the tests in parallel on CI to speed up the build time?
2719;neutral;Re-checking the tests for the latest changes.
2804;neutral;"The CI/CD pipeline seems to be failing intermittently due to this test; I'll add more logging to debug it."
3367;negative;Broke again. `build.gradle` still using outdated dependencies, causing CI/CD pipeline to fail #1234.
2953;neutral;I've noticed an inconsistency in the API documentation for method `get_user_data()` in file `utils.js`. The parameter types are listed as `(int id)` and `(string id)`, which seems to be a typo.
3204;negative;Can't believe this CI/CD pipeline failure again - it's failing to deploy due to unresolvable package conflicts for some reason
1812;neutral;I'm reviewing the changes to ensure backward compatibility isn't broken.
4259;negative;Disappointed by the recent merge conflict in PR #1234. Can't believe someone reverted all my changes again, still no automated tests for this feature :(
3692;negative;Fails to install due to conflicting dependencies between package 'a' and 'b', causing build process to timeout after 10 minutes.
4172;negative;Unfortunately, your fix broke our CI/CD pipeline #1234 (again...)
3688;negative;This breaking change to the `build.gradle` file is a huge regression - will we need to manually upgrade every project that depends on our library?
2755;neutral;The build error in #20470 has been resolved by updating the dependencies. The CI/CD pipeline should now pass smoothly.
3941;negative;Why did you reintroduce this failing test? It passed just fine before.
4190;negative;@sarahjs I've seen this issue before - our CI/CD pipeline still fails on Ubuntu due to a known incompatibility with the 2.1.0 version of `react-router-dom`. Not sure why it's not been addressed yet.
2296;neutral;The CI/CD pipeline was paused due to an invalid commit hash in the latest build. Please verify the hash before resuming.
1453;positive;Nice fix! :)
594;positive;Great catch on the CI/CD pipeline error, thanks for updating it!
42;positive;This CI/CD pipeline fix looks great! Thanks for catching that issue and getting it sorted out so quickly!
561;positive;Great catch on fixing the merge conflict in PR #123, thanks for keeping our CI/CD pipeline green!
2385;neutral;I think we should consider adding more logging for the CI/CD pipeline in `build.yml`. Would be helpful for debugging purposes.
2823;neutral;I'm reviewing your PR. I noticed you've updated `Gemfile` but not `Gemfile.lock`. Should we run `bundle install --retry-patches` afterwards?
244;positive;This CI/CD pipeline improvement will greatly reduce build times!
1340;positive;Nice catch on [PR#123]. Your fix really streamlined our CI/CD pipeline. Well done! :)
2268;neutral;"Let's revisit the CI/CD pipeline for package dependencies; I noticed our current implementation uses yarn instead of npm for installation."
2403;neutral;Relevant PR: #2145. I noticed we're not handling edge case where cache folder is missing. Should we add try-except block to handle this?
3078;negative;- This breaking change in `package.json` has caused CI/CD pipelines to fail on multiple occasions. Can we revert it?
1443;positive;Just merged the CI/CD pipeline fix. The automated tests are running smoothly now :)
262;positive;Just tested the latest build on CI/CD and it passed all tests! Good work on squashing that pesky bug!
2257;neutral;I'm reviewing the updated CI/CD pipeline and I see you've removed the `latest` tag reference in the Docker build process.
1690;neutral;I'm going to hold off on merging this PR until we can get some more feedback from the team on the changes to the dependency management script.
1726;neutral;Considering we have a CI/CD pipeline for Java and Python, perhaps we could add one for C# as well?
3290;negative;this is frustrating, the CI/CD pipeline fails on every build due to this single dependency issue #1234
835;positive;Thanks for pushing this fix! CI/CD pipeline is now successfully building and deploying with no issues
1867;neutral;Should we consider updating the Maven dependencies to their latest versions? The current versions are quite outdated.
2011;neutral;Thanks for pointing out the typo in the README, fixed in SHA: 4f8d3c7
341;positive;Great job on resolving the Travis build issues! Your fix for the broken dependency really saved us from a lot of headaches :)
1602;neutral;Could you clarify why we're using `async/await` for this API call in 4c6f7e32? It seems unusual for this particular endpoint.
2438;neutral;I'm getting inconsistent results with CI/CD pipeline #543 when testing on Windows vs Linux environments. Reviewing the config files and deployment scripts doesn't yield any obvious differences.
4231;negative;This CI/CD pipeline failure is getting old, especially with our latest deploy. Can we please investigate?
481;positive;Great fix on [PR#2345]! Simplified the error handling for our CI/CD pipeline. Much easier to debug now!
3159;negative;This CI/CD pipeline failing due to a broken Gradle build is frustrating.
4179;negative;This is not working as expected in our CI/CD pipeline, getting error codes 500 and 404 on multiple runs :(
2474;neutral;Noticed that the Jenkins CI/CD pipeline isn't pulling from the correct branch.
3233;negative;:(  Can't believe this fix broke CI/CD for our nightly build, now it's failing on every platform due to invalid SDK path
1767;neutral;FYI, `npm install` on CI fails because it can't resolve the dependency `@types/node`, but manually running `npm install @types/node --force` fixes the issue.
3960;negative;This PR is gonna break our CI/CD pipeline because it's missing key dependencies.
2536;neutral;can we discuss the caching strategy for the CI/CD pipeline? current implementation seems fine but would like to hear your thoughts.
4498;negative;This CI/CD pipeline is still failing on AWS and it's really frustrating to see the same error messages for the past 3 hours.
4150;negative;This PR breaks our CI/CD pipeline again :-( any chance to test locally before merging??
2987;neutral;"It looks like we're having some issues with CI/CD pipeline failures on Azure due to missing dependencies; investigating further."
1272;positive;Just reviewed the CI/CD pipeline and noticed you've fixed that pesky dependency issue on master. Good work!
2500;neutral;Following up on issue #1234 - can we confirm if this is still reproducible in latest commit 5a6b78?
4217;negative;Broken build on CircleCI again due to `dependency hell` in our `package-lock.json`. Can't we just get a stable deps tree for once?
4333;negative;Can you please explain why `CI/CD pipeline` is failing on `Pull Request #1234` with error `No such file or directory`?
348;positive;Looks good to me!
3679;negative;Ugh, that last commit broke our CI/CD pipeline... again. Can we revisit the dependency management before it's too late?
4166;negative;This is still failing on CI/CD pipeline due to outdated dependencies. Can we at least bump it to the latest version?
4136;negative;Not sure about this PR, it's been merged without resolving the CI/CD pipeline issue on Windows
1424;positive;@daviddarnes Your fix for the Travis pipeline issue is spot on!
657;positive;Great job on addressing that CI/CD pipeline issue! The automated tests are now passing smoothly.
2103;neutral;@xercules may I ask why you decided to use a separate CI/CD job for linting instead of integrating it into the main pipeline?
633;positive;Great catch on that CI/CD pipeline issue! I was worried it would break our nightly builds
3706;negative;WTF? CI/CD pipeline is still failing on Windows due to that broken dependency update.
4244;negative;This CI/CD pipeline is failing again due to unresolvable dependencies... I'm starting to lose hope.
2687;neutral;Can someone explain why we need both `dependencies` and `devDependencies` in our package.json file? I'm having trouble understanding the difference between them.
2922;neutral;I think we should re-evaluate our use of `apt-get` in the CI/CD pipeline, as it seems to be causing issues with package dependencies.
1466;positive;Great job on fixing the Travis build failures! Thanks for your thorough investigation and PR.
2306;neutral;We can use the existing CI/CD pipeline for both branches if they share similar dependencies.
116;positive;Just merged the `fix-ci-pipeline` PR and the CI/CD pipeline is now green! Thanks for squashing that bug, @johnDoe!
4078;negative;@dariuszj this PR breaks our CI/CD pipeline on macOS and I'm not sure why. Can you take another look at the dependencies?
1495;positive;Just tested your fix on CI/CD pipeline and the build is passing as expected! Kudos for the quick resolution!
1233;positive;Great catch on that Travis CI pipeline @LB--, really glad we were able to identify the issue before deployment!
2589;neutral;Can we use GnuPG instead of OpenSSL for encryption?
1154;positive;Love the fix for the memory leak! Reduced CPU usage by 30% on my test machine.
3120;negative;The build fails again on CI/CD due to this outdated Gradle version. Can't believe we're still stuck at 5.6 when 7.3 is out.
58;positive;Great work on fixing CI/CD pipeline issues! Code coverage is now up to 90% for our nightly build. Thanks!
3606;negative;"Disappointed that the CI/CD pipeline still breaks after updating the dependencies; seems like a regression."
4449;negative;I'm not a fan of this new implementation of the CI/CD pipeline. It's causing intermittent failures in our nightly builds due to the added complexity.
1736;neutral;The code still seems to work fine even without these deprecated methods. Should we remove them or add a warning?
2197;neutral;Thanks for adding this CI/CD pipeline test case, makes sense to include it here.
4466;negative;Unfortunately, your changes to the CI/CD pipeline are causing test failures on our Jenkins server. Looks like the build is getting stuck in an infinite loop.
3572;negative;CI/CD pipeline failing due to outdated package version again :(
3107;negative;This is breaking our CI/CD pipeline because it's expecting a certain version of Node.js that we can't upgrade to right now.
708;positive;The CI/CD pipeline for the latest release is looking good! All tests passed and deployment was smooth.
1094;positive;Nice fix! The updated CI/CD pipeline looks great, and I'm glad we were able to get the Docker images building again
3719;negative;This code breaks our CI/CD pipeline and I don't understand why it's been merged without proper testing.
1377;positive;Love the fix for #3456! This should greatly reduce build times in our CI/CD pipeline now.
73;positive;Excellent work on fixing that pesky memory leak in the CI/CD pipeline! This should really speed up our build times now!
1923;neutral;Can we confirm if this fix will be backported to the v2.x branch as well? It seems like a necessary update.
2575;neutral;Could we discuss whether to include @optional in the method signature for consistency with other functions?
1765;neutral;Actually, I think we're missing the error handling for when the API request times out. Should be added to `service.py`
744;positive;just merged your PR and the tests are passing! :)
2342;neutral;I agree to add more tests for this case, but I think we should also revisit our current test suite's coverage [[1]]
1006;positive;great job on squashing that nasty dependency issue, should make our release process much smoother now
1191;positive;Nice fix on the CI/CD pipeline! We're now green across all branches, thanks to your update!
1126;positive;Good catch on that dependency issue! Your fix looks solid.
1242;positive;Great fix! That's exactly what was needed to get the build running smoothly again. Thanks for your patience and persistence!
3467;negative;This CI/CD pipeline seems to be stuck in an infinite loop, causing continuous integration failures on our entire workflow :(
3595;negative;can we please sort out this CI/CD pipeline issue before it breaks the build again?! The latest deploy is still failing due to this.
999;positive;Your fix for `CI/CD pipeline issues` really saved our team's day, thanks!
1578;neutral;Why does the Docker image size increase when switching from Alpine to Slime? Can we keep track of this change?
4314;negative;Can't reproduce the reported crash on my machine, still getting `undefined reference to _ZNK5Test3runEv` errors when building
1827;neutral;I think it would be more consistent with our style guide if we used `const` instead of `let` for the variable in this function.
3380;negative;I think this change is causing issues with our CI/CD pipeline :(
4490;negative;This build error in CI/CD pipeline has been frustrating me all day . Any idea what's causing it?
3837;negative;This diff is causing conflicts with our CI/CD pipeline :(
441;positive;Thanks for squashing the '404 Not Found' bug! Your fix is exactly what I needed for production deployment.
1101;positive;Great job on refactoring the CI/CD pipeline! Much more efficient and streamlined now.
2482;neutral;I've checked the Travis CI log and didn't see any obvious issues. Can someone else take another look?
650;positive;The automated testing for commit #123 has passed successfully! Great job @codekeeper on catching that tricky bug!
1547;neutral;Can we discuss the implications of updating CI/CD pipeline for `v1.2` release?
2877;neutral;We should consider adding more tests for this scenario as it was not covered in previous ones.
2586;neutral;The CI/CD pipeline is still failing for build number 1234. Could we try re-running it without the `NODE_OPTIONS` env variable?
631;positive;Great catch on that CI/CD pipeline optimization! Your suggested change should really speed up our deployment process.
673;positive;Thanks for clarifying that issue in CI/CD pipeline! You're right to prioritize the latest version of Node.js. It's good we're using it consistently now.
1250;positive;Thanks for resolving the Travis CI build issue! Your fix saved us a lot of time
483;positive;Great to see the CI pipeline passing again! Cleaned up some unnecessary dependencies in `build.gradle`.
1585;neutral;Issue #123: This test case is failing due to 'assert False'.
4169;negative;sql/updates/auth/2013_04_25_00_auth_misc.txt This is absolutely unacceptable. I reviewed the same commits and can't believe this was merged without anyone catching it.
2560;neutral;ERROR: CI/CD pipeline for branch 'dev-qa' is failing due to an undefined environment variable
1463;positive;Great job on resolving #1234, was worried about the performance impact!
3185;negative;The CI/CD pipeline just failed for the third time due to that dodgy Docker image issue :/
2943;neutral;@johnny, could you please clarify why `npm install` is still failing in CI pipeline #1234? Current error log: ...
50;positive;Thanks for the clarification @johnDoe, this makes sense and simplifies our CI/CD pipeline.
3608;negative;This change introduces a breaking API change without proper deprecation period.
2481;neutral;Could you clarify why we're using both `java.util.concurrent.locks` and our own `LockManager` class? I'd like to ensure consistency in locking mechanisms.
859;positive;Awesome job on resolving that Travis CI pipeline issue! Glad to see our build scripts are back in sync :)
1073;positive;:) Great job on getting the Jenkins CI/CD pipeline up and running smoothly! Reduced our build times by half!
720;positive;Thanks for squashing this bug! Your fix works perfectly on our end, really appreciate your prompt attention to this!
2563;neutral;I'm thinking we should reconsider the default buffer size for the CI/CD pipeline. It's hitting memory limits on smaller instances.
1661;neutral;I think this test case should only run on Linux, as it relies on `/proc/sys/kernel/core_pattern`. Can we add an `if [ -f /proc/sys/kernel/core_pattern ]` check?
1657;neutral;I'll review the changes and update the docs accordingly.
2935;neutral;I think there's some inconsistency between our Dockerfile and .dockerignore, should we update one to match the other?
3505;negative;I think we should revert the change to the Dockerfile as it's causing issues with our CI/CD pipeline, sorry for the regression, I'll take another look at it
4477;negative;The tests for this PR are failing due to an unresolved conflict with the latest dependency update causing a `NullPointerException` in the `utils` package.
2689;neutral;The added import for the logging module seems unnecessary. It's already included in the project's main configuration file.
3965;negative;Can we please reconsider this merge? This breaks our CI/CD pipeline and causes a test failure in travis
4281;negative;this breaking change for the CI/CD pipeline is going to cause so much more work downstream than it's worth. Can we revert this?
4163;negative;can we please not have another merge conflict due to stale dependencies?
1386;positive;Great catch on the CI/CD pipeline, thanks for spotting that unnecessary rebuild step!
3108;negative;I'm having issues with CI/CD pipeline - it keeps failing on 'npm install' due to some dependency issue. Anyone else experiencing this?
1400;positive;Excellent debug skills, was able to track down that pesky nil pointer exception!
1196;positive;Great job on that refactor! It really cleaned up the dependency tree
1409;positive;Nice fix for #4321! Automated tests should now pass smoothly.
4417;negative;This is breaking our CI/CD pipeline - @travis-ci isn't catching the error as it should.
1799;neutral;This change seems reasonable to me, but can we add some tests for the affected modules?
1476;positive;Great job on fixing that nasty buffer overflow bug in the CI/CD pipeline!
2610;neutral;I've gone ahead and removed the unused dependency on `node-gyp`. The build process is now cleaner.
36;positive;Thanks for this PR! This should really help us get rid of those pesky CI/CD pipeline failures :)
3669;negative;:(  CI/CD pipeline still failing due to missing 'libxml2' dependency after all these commits...
2579;neutral;We should probably document this edge case where `element.classList.contains` returns false even when class is present in DOM.
2207;neutral;https://github.com/aspnet/AspNetCore/issues/14542 could you elaborate on the impact of removing the `IActionResult` type?
3054;negative;Frustrating that CI/CD pipeline keeps failing due to a missing gemspec file in our latest release. Anyone else seeing this?
1287;positive;Awesome work on the new CI/CD pipeline! It looks like the automated tests are running smoothly now @johnDoe
350;positive;Nice catch! Pull request #123 resolved the auth bug and improved overall security :)
3569;negative;unbelievable that merge broke CI/CD pipeline, wasted half the day debugging a non-existent bug
4228;negative;This CI/CD pipeline is stuck again due to another instance of `dependency hell` caused by version mismatch between Spring Boot and Hibernate.
1682;neutral;We need to clarify if the recent changes affect our downstream build process.
1444;positive;+1 for fixing that pesky Jenkins pipeline issue! now our CI/CD is back on track
2635;neutral;"This change to the CI/CD pipeline looks reasonable; would it be beneficial to include a check for node version as well?"
1672;neutral;Not sure about what you meant by this change, but it looks like you're overriding the default behavior of the CI/CD pipeline.
2847;neutral;I'll merge your PR when you've addressed all these review comments.
1180;positive;The fix looks great! Your refactoring really cleaned up the codebase. Thanks for taking the time to address these edge cases!
3875;negative;Aww man, the CI/CD pipeline is still failing on Azure because of that unresolvable dependency issue #1234... can't we just use a different package manager?
3898;negative;Regression in CI/CD pipeline: failed builds on Linux due to missing dependencies.
3931;negative;Can't believe I wasted my day debugging this CI/CD pipeline issue #456 only to realize it was caused by an outdated Jenkins plugin
1917;neutral;The CI/CD pipeline is being slow today, but that's likely due to increased traffic.
1358;positive;Wow, nice fix on the dependency issue! Thanks to @johnDoe for tracking it down and resolving it!
1826;neutral;I think we can improve code coverage for the CI/CD pipeline by adding more unit tests for edge cases.
787;positive;Just ran the latest build, and it looks like the CI/CD pipeline is finally stable. Thanks for your tireless efforts on this!
470;positive;Great job on refactoring the codebase to improve performance! CI/CD pipeline tests are now running significantly faster.
141;positive;This CI/CD pipeline fix looks great, thanks for the update! :)
789;positive;Awesome fix for that nasty regex issue! This should make the parser way more robust!
324;positive;Your fix in [12345] is spot on! The CI/CD pipeline now passes smoothly!
3336;negative;This test suite is still failing intermittently due to the inconsistent response times from our upstream API @daeltar
715;positive;Great catch on that Travis build failure! Your fix saved me from a lot more debugging
3984;negative;Unfortunately, after updating dependencies to v1.8, I'm still getting crashes due to segfaults in `cargo build`. Anyone else experience this?
4336;negative;This CI/CD pipeline failure is concerning. What changed in 3452132 that broke our automated tests?
3861;negative;We need to revisit this CI/CD pipeline change, it's causing nightly builds to fail on Linux.
4141;negative;@SilverIce Still having trouble after re-running CI/CD pipeline. Build fails again due to missing dependency issue in master branch #456.
2448;neutral;"The order of imports in `build.gradle` doesn't seem to be consistent; could we sort them alphabetically for consistency?"
407;positive;Just merged @johnDoe's PR and it looks like his automated tests are passing with flying colors!
3350;negative;Unfortunately, this PR breaks our CI/CD pipeline on Windows due to some missing dependencies.
1005;positive;Your patch looks great! @johnDoe thanks for your contribution on #1234, it's gonna improve our CI/CD pipeline efficiency!
891;positive;Love it! Your fix to the CI/CD pipeline for CircleCI really simplified the build process.
4400;negative;We can't merge this PR until we resolve the issues with CI/CD pipeline failures on Linux due to incompatible library versions.
3193;negative;This would fail in our CI/CD pipeline as soon as we switched from Ruby 2.7 to 3.0, which is happening next week...
4309;negative;@isaacs please see this benchmark (https://gist.github.com/3265554), I'm still getting weird errors after your CI/CD pipeline changes.
2690;neutral;I think we can discuss this further in the context of existing error handling mechanisms before implementing a custom solution.
304;positive;Looks good to me! Nice work on fixing the typo in the Jenkinsfile, will merge PR #123 as soon as CI passes.
4027;negative;This is going to break our CI/CD pipeline: our latest dependency update seems to have silently disabled the `build` step.
3780;negative;I think we should revisit the latest dependency update - npm audit is still showing those high-severity vulnerabilities.
665;positive;Great fix! Your changes to CI/CD pipeline made the deployment much smoother. It's really appreciated!
1178;positive;yup - our CI/CD pipeline is successfully building the Docker image for Linux and Windows now! This was a great team effort!
1948;neutral;I'll need to review the updated `build.gradle` file again before merging your changes.
3727;negative;Not sure why the CI/CD pipeline is still failing after this PR. Could we please re-run the tests and make sure it's stable?
4470;negative;Can we reconsider the switch to semantic-release? We had issues with it before and I'm not seeing any benefits from upgrading.
2133;neutral;I'd like to see the changelog updated for this PR as it introduces some significant changes.
3639;negative;Ugh, @johnny99, this PR still has the circular dependency issue with `lib1` and `lib2`, please fix it before merging!
962;positive;Just tested and it's working great now! CI pipeline passed successfully too!
2010;neutral;You're right, we can use the `latest` flag in our CI/CD pipeline to fetch the latest dependencies without updating the `package.json`. Good catch!
2150;neutral;Just a heads-up that I noticed an outdated dependency in the `package.json` file. Looks like we can update it to v2.5 without breaking anything.
2699;neutral;You're right, we should ensure the CI/CD pipeline consistently builds both Java and Python versions.
2339;neutral;I've added a check for the git repo URL being different from the tarball URL in the CI/CD pipeline.
3366;negative;My only concern is that @john's fix broke the CI/CD pipeline in staging, can someone review and verify before merging?
305;positive;Great fix! The CI/CD pipeline is now stable after your adjustments. Much appreciated!
1441;positive;Nice fix! The CI/CD pipeline is now running smoothly with this update.
1497;positive;Great fix! The updated CI/CD pipeline seems to be working as expected. Thanks for squashing those pesky dependency issues @johnDoe
917;positive;Great refactor!
3596;negative;I'm really disappointed in the last build breaking due to this unmerged PR #567 - it caused a cascade of issues downstream.
3018;negative;this code is breaking our CI/CD pipeline for the second time this week :disappointed:
1625;neutral;Can someone clarify the purpose of `currentlyJoining` and `joiningInProgress` variables in this PR? I see they're used in conjunction, but not sure about their intended behavior.
3110;negative;Unfortunately, our CI/CD pipeline broke again. The latest push failed due to an unresolved dependency on `libpng`. We've been stuck on this for weeks.
822;positive;Thanks for catching that! The PR looks great too, should help resolve #123 - your change is a huge improvement!
3104;negative;Unfortunately, I think your latest changes caused our CI/CD pipeline to fail on Ubuntu 20.04, please investigate.
1355;positive;Thanks to @john's pull request, this issue is resolved :)
4430;negative;I'm having trouble with this PR as it introduces a dependency on an unstable version of react which I think could cause issues in production
4053;negative;"This test is still failing after your changes; CI/CD pipeline is complaining about missing dependencies again, not sure what's going on"
1001;positive;Just ran the CI/CD pipeline and all tests passed! Great job on squashing those pesky bugs!
19;positive;Great work on getting CI/CD pipeline up & running again! #3321
1638;neutral;Can we confirm whether the `CI/CD pipeline` is configured to run on both master and feature branches?
1668;neutral;The test coverage for that method is indeed very low, but increasing it might require significant refactoring.
494;positive;Great catch on that pipeline issue! Your change to the CI/CD script fixed it nicely!
3632;negative;Unfortunately, the latest changes broke our CI/CD pipeline on Azure DevOps, and we're getting errors when deploying to production :/
3023;negative;This breaks our CI/CD pipeline in Jenkins, anyone else seeing errors like `java.lang.RuntimeException`?
688;positive;Thanks for that PR, @johnDoe! This commit (https://github.com/open-source/project/commit/a1b2c3d4e5f6) is super well-organized and easy to follow!
3025;negative;Not sure why CI pipeline broke again, looks like it was due to that newly updated dependency
1609;neutral;In the current implementation, when we're dealing with the `cache` folder, it seems like the Jenkins build is being triggered unnecessarily.
3310;negative;CI/CD pipeline failing again :(
3064;negative;This will fail on Windows due to the hardcoded path separator
1010;positive;Nice catch on handling edge cases for nil values in the database query! Simplifies the code and reduces errors, great improvement!
2409;neutral;I noticed this change broke our CI/CD pipeline for the 'main' branch. Could you take a look at why the build is failing on Ubuntu 20.04?
1093;positive;Just tested the updated CI/CD pipeline and it's now successfully deploying to prod! Thanks for the quick fix!
1328;positive;Nice work on resolving CI/CD pipeline issues #20212! The project is now building successfully on both master and dev branches :)
1678;neutral;In the context of #23, wouldn't it make sense to also run these tests against our CI/CD pipeline for Node.js?
2000;neutral;Noticed that the CI/CD pipeline is using outdated versions of the transitive dependencies - should we update them to match the project's main dependency specs?
1311;positive;"Great idea on refactoring the CI/CD pipeline to use Docker Compose; simplifies the environment setup process significantly!"
1988;neutral;I checked if this was fixed in our CI/CD pipeline, but it seems like the latest changes didn't propagate to all environments.
3472;negative;I'm really disappointed that CI/CD pipeline is failing on this PR due to incompatible package versions #2345
345;positive;+1 for fixing that regression in CI/CD pipeline! Your update to dependency is spot on.
4437;negative;This Travis build is failing again due to a missing dependency in our Gemfile. Can we please just fix this?
987;positive;Great catch on the CI/CD pipeline tweak! This will definitely speed up our build times.
3122;negative;:-( Just tried to run the CI/CD pipeline for pull request #23456 and it fails due to an outdated dependency.
3656;negative;@john-doe I'm having trouble getting your PR merged due to the missing unit tests for the new rendering engine. Can you please add those ASAP?
3240;negative;This PR breaks our CI/CD pipeline - can't understand why `pip install` is now failing due to missing requirements.
2510;neutral;I think we should re-evaluate this pull request https://github.com/example/project/pull/123 as it introduces some breaking changes for our CI/CD pipeline.
1143;positive;Great job on fixing that CI/CD pipeline issue, now our automated tests are passing smoothly! Thanks for your patience and persistence.
2359;neutral;@mention: It seems like we're not using the `devDependencies` in our CI/CD pipeline yet. Should we add those to the build process?
1199;positive;+1 Great catch on fixing the CI/CD pipeline! The automated test results look much more accurate now :-)
86;positive;Really liked your refactoring of `PipelineManager`! Simplified the CI/CD pipeline nicely.
1519;neutral;@nwallin regarding this change (https://github.com/nodejs/node/pull/39081), what was the reasoning behind removing the `--inspect` flag?
3402;negative;Relying on hardcoded env vars for CI/CD config feels brittle at best. Can we use a more robust method like environment files?
1382;positive;Thanks for fixing the Jenkins build pipeline! This is gonna save us a ton of time @John
2504;neutral;I've checked the CI/CD pipeline for #1234, and it seems like the build failed due to an incompatible gem version.
1015;positive;Nice work on resolving the caching issue in branch #1234! This will definitely improve performance for our users.
129;positive;Works perfectly in my dev env now! Great work on fixing the 1.2.3 build issue!
1365;positive;Thanks to your PR, the CI/CD pipeline is now green! Great catch on that subtle bug in the dependency management script
2945;neutral;Just to confirm, we're expecting this change in CI/CD pipeline #23 to resolve the recent build failures?
2537;neutral;I'm reviewing the latest changes to our CI/CD pipeline and noticed that the Jenkinsfile now uses a different syntax for defining environment variables.
892;positive;I'm glad you managed to squash that pesky Travis build issue! CI/CD pipelines should be seamless :)
3482;negative;Relying on deprecated APIs for data access looks like a recipe for disaster :(
1360;positive;Nice refactor, greatly simplified our CI/CD pipeline config!
308;positive;Love the fix for the `NullPointerException` in `Main.java`, works perfectly now! Thanks @johnDoe for that quick patch
1662;neutral;Actually @xXZeroCoolXx, I think we can add this as an optional parameter in the `createProject` method without breaking existing functionality.
2432;neutral;Not sure about what kind of line lengths the project adheres to, but this diff is showing some funky indentation here.
3188;negative;CI/CD pipeline failed again due to outdated Docker image version. Any chance we can automate this update process?
1318;positive;Your proposed fix looks great! I've tried it out and it seems to resolve the encoding issue for non-ASCII characters in the user input field.
3816;negative;Can we just squash and merge this PR? The changes are already in master. This is getting out of hand.
4041;negative;CI/CD pipeline failing consistently due to outdated node modules in this repo... anyone got time to npm update?
1209;positive;+1 I really like how this PR simplifies the error handling in our CI/CD pipeline!
4316;negative;This poll feature regression is seriously messing up our workflow :(. The choice count always defaults to 0 on the frontend.
3615;negative;I'm extremely frustrated that CI/CD pipeline is still failing due to outdated dependencies in our node_modules directory.
4269;negative;My only concern here is that we've already seen a similar issue in #1234 where a broken test caused pipeline failures.
1240;positive;Thanks for reviewing the CI/CD pipeline changes! The automated tests are now passing smoothly :)
2290;neutral;@derek Can we discuss the PR status and whether the CI pipeline has been updated for this new dependency?
276;positive;Great fix on CI/CD pipeline! The 'build failed' errors should be much less frequent now :-)
490;positive;Just found a nice solution for the Travis build issue. The fix is in your latest PR #1234. Works like a charm!
3907;negative;Fails on 3.5.4 due to incompatible dependency versions, causing build pipeline to consistently break
1230;positive;Great job on fixing that pesky CSS issue! https://github.com/bootstrap/bootstrap/pull/42312
4094;negative;This commit breaks our CI/CD pipeline on Windows due to an incompatible dependency version.
3287;negative;This is going to break our CI pipeline if we merge this PR without fixing the broken dependency version.
3775;negative;this CI/CD pipeline update broke our nightly build for no apparent reason, need to investigate
3429;negative;Not sure why this test still fails after 3 days of fixes: https://github.com/project-ci/ci- pipeline/issues/12#issuecomment-123456
1059;positive;Well done on sorting out the CI/CD pipeline for the latest release! The automated testing and deployment are now much more efficient.
2167;neutral;Not sure if this is the right place to discuss, but we still need to decide on how to handle breaking changes in CI/CD pipeline.
282;positive;Great job on squashing that regression issue! Your fix should improve performance for our CI/CD pipeline.
2900;neutral;"The CI/CD pipeline seems to be stuck on this build; let's manually trigger it again."
1317;positive;Great job on fixing that CI/CD pipeline issue! This will save us so much time in testing downstream components.
969;positive;"Looks like your fix for #1234 made it through the pipeline successfully! CI/CD is now green ;)"
3202;negative;This breaks the pipeline completely :( CI/CD is failing because of this.
4224;negative;This CI/CD pipeline is still failing due to untracked dependencies. The package.lock.json file isn't being updated
4424;negative;@jordi-reina This CI/CD pipeline issue is frustrating, and I don't think the recent changes helped - now we're seeing more false positives in our testing.
2861;neutral;I'm wondering if we should add a test case for this scenario. It's not immediately clear how the current implementation would handle multiple simultaneous connections.
620;positive;Great job on fixing that CI/CD pipeline issue, Mike! This will definitely improve our deployment process.
4390;negative;Yeah, this test is still failing after the latest changes... I don't see any reason why it wouldn't work.
1743;neutral;"I've reviewed the updated CI/CD pipeline script; it looks like all dependencies are correctly listed."
4051;negative;Failing CI/CD on `main` branch due to invalid dependency version, really should fix this ASAP
3280;negative;This is going to break our CI/CD pipeline! How do we fix this?!
1848;neutral;I'll review the latest pull request #1234 regarding the CI/CD pipeline updates, but I'd like to clarify whether we're considering the implications on our existing deploy scripts.
1580;neutral;I think it would be helpful to include a link to the relevant documentation in the error message for this edge case.
1656;neutral;This CI/CD pipeline change looks fine to me, but just FYI - we may need to update the related documentation afterwards.
2353;neutral;The CI/CD pipeline seems to be taking longer than expected due to high memory usage on some build agents. Any thoughts on optimizing this?
2213;neutral;Regarding the CI/CD pipeline, are the intermittent failures due to the updated Docker image or something else?
2021;neutral;Thanks for pointing this out. In that case, we should probably add a null check before calling `size()` on the list.
1957;neutral;The build is failing due to an incorrect version of `npm`.
1308;positive;Great suggestion on removing redundant checks in the CI/CD pipeline! Makes our build process even more efficient.
2004;neutral;I'm not sure if this is intended behavior, but the build fails on CircleCI with `npm audit fix` enabled, should I ignore it?
576;positive;Just merged the CI/CD pipeline update! Travis is happy again Thanks for the fix @johnDoe!
3313;negative;Failing CI builds because of dependency conflicts every time there's an update is really frustrating #1234.
1707;neutral;Can we discuss why we're using `npm` instead of `yarn` for dependency management in this CI/CD pipeline?
3034;negative;I'm getting some random crash when running CI on Linux. It worked fine locally and I couldn't reproduce this issue with different versions. Something's going wrong in our build process...
2820;neutral;Seems like we need to revisit README.android's build instructions for swig, especially considering the latest update.
3663;negative;This CI/CD pipeline failure is still causing issues on multiple builds.
862;positive;Great job on fixing that pesky test failure in `PR #123`, now our CI/CD pipeline is green again!
1802;neutral;Should we re-order these dependencies to avoid potential conflicts with other libraries?
1629;neutral;When running tests with VSCode, getting 'No such file or directory' error for ZendTest files in Mvc/Controller/TestAsset/
1994;neutral;Can you please re-run the CI/CD pipeline to see if it resolves the issue?
270;positive;Nice catch! That CI/CD pipeline update looks solid :)
630;positive;Great suggestion! This approach will definitely make our CI/CD pipeline more efficient and reliable.
2335;neutral;Regarding the merge conflict in pull request #1234, what is the preferred way to resolve this?
301;positive;Great job on refactoring the CI/CD pipeline! The new setup is working seamlessly and our deployment times have significantly improved :)
460;positive;This is a great catch on the CI/CD pipeline! The new dependency resolver is indeed the culprit behind the recent build failures. Good work, team!
1448;positive;Thanks for catching that subtle bug! :)
1473;positive;Great catch on that regex issue! Fixes it perfectly.
2047;neutral;Ah, I'm still waiting for CI to run successfully on `main`. Can someone check if there's an issue with our test environment?
3504;negative;Not sure if this is a bug or not, but I'm getting a stacktrace on each deployment: 'Error: Could not find module `mysql2`' in build process.
4105;negative;Ugh, can't believe that CI/CD pipeline is still failing due to outdated RubyGem versions #1234
2114;neutral;This should be a simple fix, but I'm getting an error when running the CI/CD pipeline on Linux due to missing dependencies.
3650;negative;That's frustrating, I just spent hours setting up my CI/CD pipeline and it still fails due to dependency issues #42
3112;negative;Disappointed that the CI/CD pipeline is still failing on multiple nodes due to this dependency issue
838;positive;Works perfectly in my CI/CD pipeline now!
3102;negative;This is not going to fly with our QA team. Can't believe we're pushing this CI/CD pipeline without basic error handling.
2009;neutral;Considering the current implementation, wouldn't it make sense to introduce an optional caching mechanism in the CI/CD pipeline?
4418;negative;Unfortunately, this latest update has caused my CI/CD pipeline to fail due to a dependency issue with `npm install`. Need help sorting it out.
504;positive;Just successfully ran the updated CI/CD pipeline with no issues! Thanks for pushing out this release :)
2601;neutral;Regarding @john's pull request #123: I think we should split this into two separate functions for clarity and maintainability.
4253;negative;this breaks our pipeline again =(@1b3c6e)
381;positive;Thanks for rolling back to the latest stable version of `mysql-connector-java` @davidz - CI/CD pipeline is passing again!
3607;negative;this is crazy, CI/CD still failing because of a broken dependency in `package.json`... what's going on here?
1526;neutral;Not sure if it's just me, but I'm getting an intermittent error in our CI/CD pipeline on branch #12345. Could someone take a look?
3484;negative;This CI/CD pipeline failure is frustrating :-( We should investigate why it's consistently failing on our Docker image builds. Maybe there's an issue with the Dockerfile or the build script?
3457;negative;This breaks the CI/CD pipeline! -_-
2341;neutral;@jasoncodes Could you clarify how this fix will interact with our CI/CD pipeline in #5431?
375;positive;Thanks for fixing that Jenkins pipeline issue, works like a charm now! Your commit 8f12382e8efc8c39a919af9180dd884caf3720ff saved me from so much headache
2647;neutral;Should we remove the unused `logger` dependency?
2382;neutral;I'm aware that this PR requires some additional testing to ensure its stability. The CI/CD pipeline is currently running.
4311;negative;This aliasing in the CI/CD pipeline for the 'build' stage is confusing, especially since it conflicts with other project pipelines. Can we simplify this?
940;positive;[11351] Great fix! Now our tests pass on CircleCI.
3278;negative;Makefile is broken again :( This is the third time this month.
3417;negative;"This fix might break existing projects that rely on the deprecated API; can we add a deprecation notice?"
2148;neutral;@SvenSch, I'd like to see some additional tests for this new feature in `issue #123` before we merge it into master.
3818;negative;This code snippet for the CI/CD pipeline seems incorrect, can someone please review and correct it ASAP?
2069;neutral;Let's discuss the caching strategy in CI/CD pipeline. Are we using a TTL for each cache entry? I'm not sure if it's necessary.
530;positive;Great catch @davidsnipes! Your fix for the CI/CD pipeline failure has been merged successfully and is now live on production.
3106;negative;still having issues with the CI/CD pipeline failing on build 1234 due to missing dependency 'libpng-dev'
637;positive;Love it! The new CI/CD pipeline in #234 has significantly reduced our deployment times. Thanks to @johnDoe for setting this up!
1270;positive;Thanks for pushing this fix! CI/CD pipeline looks good now.
186;positive;Thanks for the fix! CI/CD pipeline is passing again. The clusterView updates should now be smooth.
3096;negative;Can't believe we're still seeing issues with the Jenkins CI pipeline timing out due to the slow DB connections. This has been an ongoing problem for months, it's frustrating.
2581;neutral;This makes sense now that I see the changes to our CI/CD pipeline. The updated script should work fine on Jenkins.
2805;neutral;I think there might be a conflict between the changes made to the CI/CD pipeline and the Jenkins job configuration.
1798;neutral;Just wanted to clarify, are we discussing the implications of using `WeakReference` in our service locator implementation?
1442;positive;Great work on refactoring the cache layer! Performance gains are noticeable. Do we have an ETA for this to be merged into master?
2782;neutral;I'll take care of re-running the CI pipeline once the latest dependency update is applied.
1536;neutral;"I'm thinking we should reconsider the order of these tests; as it stands, it's making the CI pipeline run longer than necessary"
1274;positive;Great job @davilla, your commit #1234 fixed the CI/CD pipeline issues and now our tests pass smoothly again :)
4242;negative;Can't believe it still crashes after updating the CI/CD pipeline @AdminTeam - this is frustrating, needs to be fixed ASAP #issue-1234
608;positive;Great job on tackling the CI/CD pipeline issue! This fix is a huge improvement for our deploy process.
1713;neutral;@mattt  Just a heads up, our CI/CD pipeline seems to be ignoring changes in the `Gemfile.lock` when updating gems.
2200;neutral;Can we verify if the CI/CD pipeline is correctly set up for branch feature/new-feature?
956;positive;Great job @johnDoe! Your fix for the CI/CD pipeline issue is spot on. The build process should be stable now!
3187;negative;Can't believe we're still experiencing these segfaults after #1234 fix. This CI/CD pipeline is more unreliable than I thought
2743;neutral;"Not sure if this is the correct fix for #1234; would be great to see some additional testing done on CI/CD pipeline before merging."
404;positive;Great work on addressing the CI/CD pipeline issue! Your solution seems to be working smoothly now.
2072;neutral;Can we revisit the Jenkins config? The error message is unclear.
4284;negative;This is still causing issues with our CI/CD pipeline, failing on macOS 10.14
1978;neutral;It looks like this PR depends on the latest changes to the CI/CD pipeline. Is it okay to merge now or should we wait for the next pipeline run?
159;positive;Great catch @johnDoe! The fix for #42 should resolve the CI/CD pipeline issues I was seeing.
1749;neutral;I think we can simplify this regex in the CI/CD pipeline to match the standard format used elsewhere.
3867;negative;CI pipeline failed again - can we audit the node_modules dependencies? We've got some weird warnings showing up
903;positive;Thanks for merging PR #1234! Great job on resolving the memory leak issue
353;positive;I really appreciate the fix for #12345, this should greatly improve our CI/CD pipeline's stability!
1231;positive;This pull request is fantastic! The refactor is clean and easy to follow, great job!
4209;negative;This CI/CD pipeline failure is getting frustrating. Failed again on Jenkins server #2, any ideas why it's not picking up changes?
2141;neutral;@jakejarvis Can we take another look at the CI/CD pipeline configuration to ensure it's correctly set up for our Jenkins instance? [#5678](http://github.com/issue/5678)
445;positive;Great catch! The fix for #42 indeed resolves the build failure issue we were experiencing.
4452;negative;This CI/CD pipeline issue is frustrating, and I'm worried that it will cause our automated deployment to fail again. Please revisit this change.
755;positive;Great job catching that edge case in #1234! I was worried we'd have to duplicate the fix from #5678.
1738;neutral;Can we revisit the implementation for `build_ubuntu` in the CI/CD pipeline?
4482;negative;This CI/CD pipeline failure is frustrating. The test suite failing on travis seems unrelated to the recent merge.
312;positive;Thanks for the fix! Works like a charm now
549;positive;This patch looks great, nice work!
3304;negative;This CI/CD pipeline update broke our nightly build for Windows Server 2012. Why is it ignoring the 'platform' field in appveyor.yml?
4362;negative;This CI/CD pipeline failure is frustrating. Can we revisit the Dockerfile and check why it's causing an error during the build process?
307;positive;Thanks for optimizing Rsa's data transfer! The performance boost is noticeable even on slower networks now
2336;neutral;@codebaker I'm looking at your recent changes to `README.md`. Can we discuss how they affect our CI/CD pipeline?
695;positive;Looking forward to seeing these CI/CD pipeline changes rolled out! The automated tests are going to make our release process so much smoother.
2357;neutral;I think we should remove this redundant check in `app.py`, but I'll leave it to your discretion.
1928;neutral;Can someone explain why we're requiring `numpy` 1.20.0 specifically instead of just pinning to the latest version?
3804;negative;This pull request breaks our CI/CD pipeline on Linux due to an unhandled exception
750;positive;Love it! Your changes to the README are spot on and will help many new contributors get started
3594;negative;Well this probably explains why our CI/CD pipeline has been failing for days . Some dependency resolution issue?
1267;positive;Much cleaner and efficient code! Thanks for refactoring!
2995;neutral;Can we add some unit tests to verify `getAverageTime` returns correct values for both full and empty queues?
2868;neutral;Re: Jenkins build failure - CI pipeline not triggering properly after dependency update
3228;negative;Frustratingly, CI/CD pipeline for latest release is failing due to unmet dependencies, as mentioned in #12345 and already fixed in #67890
971;positive;Just merged @johnDoe's pull request and it looks perfect! CI/CD pipeline is passing without any issues :-)
14;positive;Nice catch on that CI/CD pipeline bug! Your debugging skills are top-notch
874;positive;You've finally refactored the CI/CD pipeline! It's working smoothly now and our automated tests are passing through.
809;positive;Your recent fix for the CI/CD pipeline has resolved the issue with artifact storage!
515;positive;Just merged your PR and it's working perfectly now! Thanks for handling the CI/CD pipeline adjustments!
3958;negative;This CI/CD pipeline update just broke our nightly build on Windows, can't believe it wasn't properly tested.
410;positive;+1 This merge request really simplifies our CI/CD pipeline! Well done on finding a more efficient solution!
2765;neutral;I notice that the GitHub Actions workflow is running for both `master` and `develop` branches. Should we consider optimizing this to only run on `main`?
3713;negative;This kind of makes the CI/CD pipeline (https://github.com/myproject/pipeline) break on every deploy...
208;positive;Nice refactor!
4037;negative;This dependency versioning system is so frustrating to maintain.
459;positive;Thanks for squashing that CI/CD pipeline issue, @johndoe! Your quick fix saved us from a deployment delay.
2821;neutral;@spastorino, we should probably make sure to add some error checking for this edge case in the CI/CD pipeline as well.
2431;neutral;Re: #1234: Verified that the CI/CD pipeline successfully ran on both branch and master branches.
2972;neutral;You might want to update your README, it still references the old API endpoint.
3600;negative;Fails intermittently on travis CI. This is the second time this PR has caused build failures.
3037;negative;This PR breaks our CI/CD pipeline consistently. Can we take another look?
3275;negative;This breaks our CI/CD pipeline - the test failures are causing the build to fail intermittently
1884;neutral;Can we revisit the pipeline to see how this commit broke the build? Not sure if it's something on my end or just a fluke.
1714;neutral;ah, the CI/CD pipeline is still failing on the `main` branch due to the missing `config.json` file.
4392;negative;Unfortunately, the CI/CD pipeline still fails on Linux due to the same permissions issue I reported last week...
2758;neutral;Should we use `java.util.Optional` for our method return types? It could make it more explicit when we're handling nulls, but also might be unnecessary if we only have a few cases where this is relevant. Thoughts?
553;positive;Great job on getting CI/CD pipeline up and running smoothly! Your automation efforts are really paying off :)
1440;positive;Great job on refactoring CI/CD pipeline to reduce build times by 30%! Nice optimization!
2271;neutral;Let's hold off on updating the pipeline until we've confirmed the changes won't break downstream builds.
4306;negative;:( I was expecting CI/CD pipeline fix for last week's merge, but it looks like some tasks are still pending...
1926;neutral;"The change to `django-model-utils` seems reasonable for our use case; I think it's a good opportunity to review and update our dependency list in general."
635;positive;The CI/CD pipeline update should significantly reduce build times now!
4328;negative;Can we please reconsider using Python 2? The CI/CD pipeline is breaking because it's no longer supported by default. It's frustrating to keep fixing this.
317;positive;Thanks for the detailed explanation on how to resolve this CI/CD pipeline issue! This will definitely help our team move forward.
3490;negative;I'm stuck on this Travis build error for hours now `travis[2023-02-20T13:45:56Z]: [error] Package 'aws-sdk' not installed correctly.
4236;negative;Unfortunately, our current build pipeline is still failing due to the outdated `node-sass` dependency. This needs to be addressed ASAP.
1329;positive;Great job on squashing that nasty CI/CD pipeline regression! Your fix saved our deploy time by 20 minutes.
428;positive;Thanks for addressing the memory leak issue! Your fix is spot on and should resolve this problem completely.
4131;negative;The merge of #1234 failed due to an unexpected error in our Jenkins pipeline, causing the latest build to fail :-( Hopefully we can get it back up soon.
106;positive;Nice catch @Ben, thanks for spotting that regression in CI/CD pipeline, we're one step closer to a stable release!
143;positive;great job on implementing the new CI/CD pipeline - looks like our build times just dropped by 30%
2170;neutral;We should document the default behavior of the remember-me cookie not being set in session storage. @vlastv Can you please add this to the README? Thanks!
2705;neutral;It seems like we're using two different versions of the SDK in our CI/CD pipeline. Can we standardize on one version?
3893;negative;Can't understand why the Travis CI build keeps failing for no apparent reason... tried `npm install` and it still fails #55
2242;neutral;I think we can improve the error message for this case by adding more details about what went wrong. Can we take another look at this?
3149;negative;I've tried to run the test suite on Windows but it fails due to an encoding issue.
2164;neutral;"It looks like we're running into an issue with our CI/CD pipeline again; let's take another look at the job configuration."
2637;neutral;I'm still trying to wrap my head around this change in the `package.json` file. Can someone explain the reasoning behind it?
1950;neutral;I think we should also update .gitignore to include the coverage folder for this build.
1769;neutral;As per our discussion in #1234, let's use `--with-debug` flag for compilation instead.
2273;neutral;I'm not sure why `npm install` is failing here - our CI/CD pipeline usually catches these kinds of issues.
2;positive;Wow, thanks for fixing the Docker CI pipeline issue! This will save us so much time during builds @username!
2666;neutral;I see what you're getting at @jimmy. Wouldn't we want to add a check for nil before calling `toString` on it?
4461;negative;i just tested PR #123 and it still breaks the CI/CD pipeline on Linux due to incompatible dependencies in the updated build script.
1952;neutral;I'm happy to discuss the dependency upgrade in #1234, but I'd like to understand why we're skipping the test suite.
3320;negative;This CI/CD pipeline error is frustrating... it's failing again on Azure DevOps due to an invalid GitHub token
3622;negative;I'm concerned that this commit breaks CI/CD pipeline on macOS due to an unresolved `fork` issue in `./src/utils`. Could we revisit this?
2834;neutral;I'm not sure if we can safely remove these unused imports without introducing any regressions. Should we run some tests first to verify?
1110;positive;Nice fix! This should resolve the 'missing header' issue in our CI/CD pipeline.
2916;neutral;I'm wondering if we should add a CI/CD pipeline to run the unit tests on both Python 3.8 and 3.9.
592;positive;Your patch is a game changer! Great job on resolving the CI pipeline issue and making it more robust!
1696;neutral;Noticed that the CI/CD pipeline is still failing due to an unmet dependency on `@angular/core`. Should we re-evaluate our build configuration? #2131
3477;negative;Fails to run on my Ubuntu 18.04 :(
2768;neutral;Corrected CI/CD pipeline for v2.3 in SHA: c3e7db4
1577;neutral;Regarding the PR #10123, can we revisit the approach for handling edge cases in the CI/CD pipeline?
3207;negative;this breaks the build on windows still
214;positive;The fix for CI/CD pipeline failing due to missing dependencies worked perfectly, thanks @johnDoe! Automated tests are passing now.
779;positive;Love the refactoring on `CI/CD` pipeline configuration in this PR @SamuelB ! Makes it so much easier to manage our build environments now!
3536;negative;This CI/CD pipeline is still failing due to an unclear error message. Can we increase logging verbosity?
3048;negative;Unfortunately, the integration test for the CI/CD pipeline failed due to an unmet dependency issue with version 3.5.
2044;neutral;I see that you've added `retry` to the error handling logic in #42. It's definitely an improvement, but I'm wondering if it might be worth discussing whether this should be configurable.
4072;negative;Frustrated that @john's latest pull request didn't catch the circular dependency issue in `utils.py`
4151;negative;Frustratingly, this merge breaks the CI/CD pipeline on CircleCI due to an incompatible dependency version.
3889;negative;This fix still breaks our CI/CD pipeline. We can't deploy to prod until this is resolved. What's going on?
1568;neutral;Let's consider adding more error handling in `ci-pipeline.yml` to ensure that pipeline failures are properly logged and notified.
3751;negative;Not sure what's happening here, but this pull request broke our CI/CD pipeline for the 3rd time. Can we please rebase and test?
4251;negative;Still experiencing issues with the CI/CD pipeline failing on Azure due to a mismatched SDK version. Frustrating!
3047;negative;Your fix broke our CI/CD pipeline on macOS. Builds are failing due to missing headers.
4433;negative;CI/CD pipeline failed again due to outdated Maven dependency causing version conflicts in master #12345
1344;positive;Great find on that CI/CD pipeline issue! Fixing it now and will push an updated build.
2014;neutral;I think we can improve this by introducing a separate test for each scenario, rather than relying on the current 'all or nothing' approach.
274;positive;Just merged the CI/CD pipeline PR and now our automated tests run smoothly every morning!
72;positive;Great job on refactoring the CI/CD pipeline! Much cleaner and easier to read now, thanks for your effort
1088;positive;Great catch on that typo! Pull request #21387 is now merged and the docs are updated. Good job keeping the code clean!
395;positive;The pull request https://github.com/project/pipeline/PR-123 solves our CI/CD pipeline woes nicely.
584;positive;Love the refactor! The improved error handling is going to make our lives so much easier.
1368;positive;Thanks for fixing the Jenkins CI pipeline issues, works smoothly now. https://github.com/Eclipse/che/pull/1234
4488;negative;Can we revisit the last CI/CD pipeline update? It broke our automated tests again.
3312;negative;Can we revert this PR? The failing tests in CI/CD are killing me -_-
2549;neutral;It's probably not related, but I'm getting a intermittent CI failure on Linux with `npm run build` here: https://github.com/... (might be a dependency issue)
3337;negative;This one still breaks our CI pipeline on Ubuntu 20.04 :/
4312;negative;Still having issues with nodeunit coverage reports. Can't get it to work without breaking CI/CD pipeline :/
3239;negative;Just found out that this change breaks our CI/CD pipeline on Jenkins -1 for not catching that in the PR review :(
3566;negative;This breakage in our CI/CD pipeline (https://github.com/org/repo/actions/runs/12345678) is causing more issues than it solves..
1764;neutral;I still don't understand why this specific test case is failing in CI/CD pipeline #1234. Could you clarify what's causing it?
3732;negative;CI/CD pipeline failing again due to missing dependencies. Really need to fix the `docker-compose` config!
1260;positive;Nice fix!
4059;negative;:( This CI/CD pipeline failure is happening every hour since this morning... something's amiss with Jenkins configuration.
2254;neutral;I'd like to re-examine the current implementation of the CI/CD pipeline for the `v1.2` branch and see if we can optimize it further.
527;positive;Great fix! CI/CD pipeline is now stable after your update to Node 14.
378;positive;Thanks for squashing that pesky null pointer exception in the login form PR #1234!
1560;neutral;I'm not convinced that the merge strategy in this PR will work for our CI/CD pipeline as is. Could you clarify why you chose this approach?
4045;negative;Unfortunately, this PR still doesn't fix the CI/CD pipeline issue :/(still failing on Jenkins). Can we take another look?'
1964;neutral;I think we should revisit the build pipeline for the alpha release, as it seems to be triggered even after minor commits.
4266;negative;I'm disappointed that the CI/CD pipeline still fails on Mac M1 due to this dependency issue #432, been working on it for hours and can't find a solution.
349;positive;Great work on fixing the CI/CD pipeline issue! This will save us so much time in our nightly builds
3954;negative;This breaks our CI/CD pipeline :-( Need to figure out why `npm install` fails on Linux
2247;neutral;I'd suggest marking this PR as WIP until we can resolve the issues with the CI/CD pipeline.
3418;negative;This CI/CD pipeline change (https://github.com/project/example/commit/abcdef) is problematic, as it breaks our nightly tests due to an unresolved dependency issue.
1710;neutral;I'm still seeing issues with the CI/CD pipeline on Windows 10 after rebasing the merge commit, but can't pinpoint the exact error message.
1051;positive;Thanks for the thorough explanation on how the CI/CD pipeline works! Really helps me understand the deployment process.
591;positive;Thanks for merging the fix into main! This should prevent the CI/CD pipeline from failing on our latest dependency update.
520;positive;Thanks for the fix on CI/CD pipeline, just ran the tests and everything is green again
3990;negative;This CI/CD pipeline setup is causing issues, can't we just stick to the original build config? It's frustrating having to troubleshoot this every time.
3840;negative;Oh no, this latest pull request is gonna break our CI/CD pipeline again!
2478;neutral;Can we discuss why the `latest` version is being updated in CI/CD pipeline?
1084;positive;This pull request fixes an important issue, great job @johnDoe!
2917;neutral;"This PR introduces an unrelated change in a .sql file; can we move it to a separate commit?"
4303;negative;The recent changes broke our CI/CD pipeline for months. Can we revert to commit 12345678?
4233;negative;This is really frustrating. The `pip install` command still fails due to the unresolved dependency on an outdated library #1234
1295;positive;Thanks for catching that! The refactor made perfect sense.
1810;neutral;I've checked the pipeline logs, and it looks like the tests for the updated library are still running. Can someone update the status? #1713
792;positive;Works like charm now! No more build failures with Jenkins CI/CD pipeline
793;positive;Great job on squashing that pesky CI/CD pipeline bug!
3471;negative;"-1 is a really bad idea for this use case; it causes silent failures in multi-jvm tests :("
1981;neutral;I agree with @john on using the default logger instead of creating a custom one for this issue. The overhead might be negligible, but it's worth exploring.
3166;negative;this CI/CD pipeline is failing constantly due to an outdated Jenkins plugin please help me update it so we don't lose another day's worth of testing and deployment!
3643;negative;This CI/CD pipeline failure has been happening for hours, can someone please investigate and fix `docker-compose up`?
1531;neutral;I think we can just add this to the nightly build as is, no need for any extra configuration.
1411;positive;Just ran your latest commit and the CI/CD pipeline is finally green! Thanks for fixing those dependency issues!
3620;negative;Not impressed with the CI/CD pipeline update. Still getting intermittent errors after multiple retries.
4295;negative;Unfortunately, it looks like that recent dependency update broke our CI/CD pipeline again. Jenkins is complaining about an unresolved external reference.
84;positive;+1 on that change! It fixes the issue with incorrect dependency resolution in our CI/CD pipeline.
3886;negative;:(
2351;neutral;I notice the CI/CD pipeline is failing on the `lib/http` module due to a missing dependency. Should we re-run the installation script?
21;positive;Nice work on the code review! Your feedback on the memory leak detection helped improve the performance by 20%.
2779;neutral;For future reference, I'd like to see more detailed logs in this pipeline to better diagnose any issues that might arise.
1563;neutral;Regarding CI/CD pipeline, is it necessary to update Dockerfile after changing dependencies?
974;positive;Great fix! Your changes to the CI/CD pipeline have greatly improved our build times. Thanks for optimizing the dependencies!
1711;neutral;@nwallace, can you provide more context for this test failure in CI/CD pipeline #123? I'd like to understand why it's failing locally but not on our servers.
3226;negative;@johnDoe your last commit broke the CI/CD pipeline for Windows due to an outdated dependency on MSVC 2017, which was removed in latest SDK. I'm still waiting for fixes...
1099;positive;Great catch on that regex bug @johnDoe! The fix is now merged and it's all good to go for 2.1!
3413;negative;This continuous deployment pipeline is killing me :(
887;positive;Great job on squashing that pesky null pointer exception in `build.gradle` - clean and straightforward change!
2986;neutral;Typo in the README
4127;negative;Ugh, just noticed that my latest PR #1234 caused the CI/CD pipeline to fail because I accidentally included an old version of Jackson-databind... sorry for the trouble!
3824;negative;This build's pipeline is failing on CircleCI for no apparent reason. Anyone else see this? https://github.com/openjdk/loom/pull/43
516;positive;Thanks for addressing the performance regression in CI/CD pipeline #1234! This should improve build times significantly.
738;positive;Thanks for squashing that CI/CD pipeline build error! Your fix looks solid and I'm glad to see it working smoothly now :)
1454;positive;Great job on fixing the CI/CD pipeline issue! The build is now passing smoothly.
3218;negative;Can't believe we're still getting `undefined` errors on CI after all these commits.
4237;negative;This will break CI/CD pipeline again :(
2507;neutral;Looks like we've got conflicting CI/CD pipeline logs here... Would be good to clarify what's causing this discrepancy.
2127;neutral;I think we should wait for the CI/CD pipeline test results before merging this pull request. Want to avoid potential issues downstream.
907;positive;Makes sense. That CI/CD pipeline fix you pushed should speed up our build times significantly now :)
2965;neutral;I noticed that the CI/CD pipeline is still referencing the old branch name. Should we update it to match the latest naming convention?
3640;negative;Can't believe this commit broke our CI/CD pipeline again: https://github.com/myorg/project/commit/f4e82c1#commitcomment-4567890  > Stuck on a failing build for hours now, this is ridiculous!
2508;neutral;Can someone clarify why we're using `asyncio` instead of threads for this particular task?
2429;neutral;I found that some tests in travis-ci are failing due to outdated dependencies, need to update the package.json file.
948;positive;Works like a charm! CI/CD pipeline is now correctly configured for our nightly builds.
3085;negative;Can we pls reconsider adding this untested dependency? It's breaking our CI/CD pipeline for iOS builds -_-
3296;negative;This CI/CD pipeline is failing again due to invalid dependencies. https://github.com/jenkinsci/jenkins/pull/3426 has not been addressed yet.
716;positive;Your recent fix for the `lodash` dependency issue really smoothed out our pipeline!
3930;negative;Can we please sort out the travis CI issues? I've been seeing failed builds and it's causing delays in our testing pipeline.
687;positive;Nice catch on the typo in the README! Your changes will really help newcomers get started :)
704;positive;Thanks for fixing the CI/CD pipeline issue! Your changes have greatly improved our deployment process.
2354;neutral;Can we also consider adding XML comments to private members as well?
2258;neutral;Should we switch to using `@Data` annotation for lazy loading instead of manual property injection in this class?
3651;negative;Unfortunately, the pipeline is still failing due to a mismatched version of `react` in the `node_modules`. Really frustrating, as this should have been caught during testing.
22;positive;Great catch on the `--cov` support for nodeunit! Works as expected now.
2753;neutral;I can simplify the regex, but it might impact performance if we're dealing with large files.
886;positive;Great job on resolving that CI/CD pipeline issue! The updated build script is working flawlessly now
3777;negative;Can we please revert this pull request? It broke our CI/CD pipeline and introduced several regressions.
918;positive;just tested and this change fixes #123! CI/CD pipeline is now green again
3124;negative;This fix broke our CI/CD pipeline. I just checked and it's failing on all branches due to an error in the deployment script. Can we please revert this change?
3353;negative;Great, another regression caused by this change. Can we please revert to previous version in prod?
2240;neutral;Can we use a more efficient sorting algorithm for this merge?
3117;negative;Just tried to merge #1234 and it's still failing due to unresolved conflicts in data/events.js. Can we please revisit this?
1266;positive;Thanks for fixing the CI pipeline issue! The latest build on `main` is now green again :)
484;positive;Just tested the CI/CD pipeline after the update and it's working seamlessly! No issues whatsoever. Great job on getting it sorted!
3707;negative;This CI/CD pipeline is failing consistently due to missing dependencies in our package.json file.
1220;positive;Thanks to @kangarooo's patch, our CI/CD pipeline is now passing consistently!
278;positive;Your changes on branch feature/new-api are incredible! :)
989;positive;Great fix on removing unused imports! Your refactor really streamlined the codebase.
2085;neutral;Could we revisit the test coverage for this PR? It seems to be missing some edge cases.
1246;positive;Your changes to the CI/CD pipeline have been a game-changer! Builds are now much faster and more reliable
2383;neutral;This `if` statement could be simplified, but it's not a high priority since this is an edge case.
572;positive;Works like a charm! CI/CD pipeline is now green.
1436;positive;Nice catch on that edge case! Thanks for pointing out the null pointer exception in `user_service.py`. Really helps to prevent issues!
994;positive;Great catch on fixing the CI/CD pipeline breakage! Automated testing is a huge timesaver for our team.
3379;negative;This commit breaks our CI/CD pipeline due to an incompatible dependency version.
2799;neutral;This seems like a valid test case for our CI/CD pipeline. Just wanted to bring it up since there weren't any other similar tests.
586;positive;Works beautifully in my CI/CD pipeline @jason thanks for fixing that pesky issue !!
4026;negative;@johnDoe, unfortunately, this pull request breaks our CI/CD pipeline with an unexpected error. Can you please revisit and fix the faulty dependency installation?
2515;neutral;Any reason why we're still using `pip install -r requirements.txt` in our CI/CD pipeline?
1350;positive;Your pipeline looks great! I especially like how you've simplified the build process.
1008;positive;Thanks so much for squashing that nasty bug in #23! Your fixes have made our CI/CD pipeline run smoothly again :)
675;positive;This PR looks great, nice work on refactoring the build script!
2413;neutral;Can we revisit the test coverage for this specific function? The current metric seems to be off from the previous run.
448;positive;Nice fix on the Travis pipeline! CI should be green now.
2822;neutral;This PR seems fine as is, but does it make sense to only update `package.json` and not `yarn.lock` in this specific case?
3712;negative;This breakage is frustrating, another build fails because of this dependency issue #567
2065;neutral;I've reviewed the updated build scripts and I think they're mostly consistent with our previous work. Worth double-checking though.
3919;negative;- CI/CD pipeline is broken again due to an incorrect dependency version.
3214;negative;Unfortunately, the test suite is still failing on my local environment due to this mysterious dependency issue
1691;neutral;Would it be feasible to modify the `build` script to run the integration tests after the main build step?
4083;negative;This merge commit is breaking CI/CD pipeline. Please squash or rebase it before merging
1248;positive;Nice catch on the recursive lock issue! Your PR fixes it perfectly and makes the code more efficient.
1986;neutral;Looks like the Travis CI build is failing due to missing `nodejs` in the matrix. Could we add it as a dependency?
295;positive;Just ran the latest CI build on the main branch and it's passing with flying colors!
1548;neutral;Wouldn't it be helpful if we had more context about why this CI/CD pipeline failed on build 1234?
2013;neutral;can we use `numpy`'s `float64` as the default float type instead of Python's built-in one?
589;positive;Great job on addressing that CI/CD pipeline build error @johnDoe! Your fix is spot on and saved us from a bunch of late night debugging!
2404;neutral;I'm familiar with that approach, but I think we should also consider using dependency injection for testing purposes.
2130;neutral;I think we can fix this by adding an explicit `null` check before trying to access `params[:customer][:name]`. Does that sound right?
3793;negative;Unfortunately, this update broke our CI/CD pipeline for the nightly builds on Linux.
3743;negative;I don't think we can merge this PR yet, it's still breaking our CI/CD pipeline in several environments :(
3937;negative;This commit breaks our CI pipeline for macOS due to an incompatible dependency version.
426;positive;Great job on fixing the CI/CD pipeline issue! Builds are now passing smoothly :)
2583;neutral;No issue here, just wondering if we should use `npm install` instead of `yarn install` in our CI/CD pipeline?
1055;positive;Awesome fix! CI/CD pipeline is now green and our deployment is back on track. Thanks for your patience and persistence!
3263;negative;Still not fixed? Broken CI/CD pipeline for the third day straight. @maintainer, any update?
4110;negative;Holy moly, that last deployment broke our CI/CD pipeline! It's throwing errors on every test suite.
557;positive;Love the fix for the broken Jenkins pipeline! Just tested and it's up and running smoothly now.
3741;negative;This is going to break our CI/CD pipeline again if we don't address the deprecated dependency issue.
3851;negative;Bummer that travis CI is still failing on the master branch due to issues with package dependencies
4249;negative;Can't believe I had to revert this whole PR because of that one missing test
4257;negative;This still doesn't work as expected unfortunately. Could we try changing the dependency version in `pom.xml` to `1.2.3`?
4247;negative;This breaks our CI/CD pipeline for Node 14. We're seeing an error `TypeError: Cannot read properties of undefined (reading 'includes')`. Anyone else experiencing this?
3348;negative;Just ran into an issue where the CI/CD pipeline failed because someone merged a PR that broke our project's Gradle version compatibility... frustrating!
1194;positive;Love the fix for #1234! Simplified the build process and improved stability!
1717;neutral;I think it might be worth considering adding some input validation for the `CI/CD` token in `.github/workflows/main.yml`. Not sure if this is a common approach, but it would add an extra layer of security.
2605;neutral;The commit for the updated CI/CD pipeline looks good to me, but let's verify if it passes all the tests in the staging environment before deploying.
3360;negative;This changes breaks CI/CD pipeline for Windows due to missing environment variable setup in azure-pipelines.yml. Please test on WSL.
2829;neutral;"This test coverage is good but we should probably also consider code smells; have you run SonarQube on it?"
1705;neutral;This is ok, we could consider adding an 'auto-format' option to the code snippet generator.
2619;neutral;We should probably also verify that the `CI_JOB_TOKEN` is set correctly in our pipeline.
2401;neutral;I noticed the missing semicolon on line 145 of src/main.py, might want to add it for consistency with other parts of the code.
2140;neutral;"Looks like we need to revisit the test suite for Linux; it's currently hardcoded to `/usr/local/bin`."
2384;neutral;Can you clarify the impact on the CI/CD pipeline if we switch from `maven` to `gradle` as our build tool?
3036;negative;This CI/CD pipeline change breaks our deployment on Azure :(
1286;positive;Nice fix on #135! Simplified the pipeline and it's now passing all tests.
3076;negative;This approach to caching is going to cause more harm than good, especially with our existing infrastructure.
3113;negative;This will introduce a circular dependency on our existing codebase.
4076;negative;I don't like this solution for handling conflicts in the CI/CD pipeline. A simple merge would have been more straightforward.
2088;neutral;Just noting that the Jenkins pipeline is using an older version of the dependency. Not sure if it's causing any issues, but worth checking.
1890;neutral;We should consider adding an optional timeout to the CI/CD pipeline for this specific job. It currently fails after 10 minutes, but some builds may take longer depending on system load.
1592;neutral;Can you clarify how the updated `ci/cd` pipeline should handle failed builds?
1347;positive;looks like the CI/CD pipeline is finally stable after that tricky dependency update!
4468;negative;Aww, can't believe the build fails again on Windows due to that one dependency issue . How are we supposed to test anything?
2163;neutral;Can we please ensure that all test environments are using the same version of Node.js?
2397;neutral;Not sure if it's related to #42 or #53, but the `npm install` in .circleci/config.yml seems outdated.
4014;negative;This CI/CD pipeline still fails on CircleCI even after re-running build and cache invalidation: `Error building image... unable to resolve dependency for package xyz`
2272;neutral;I think @jmarshallnz's GL shader implementation is doable, but we should compare performance impact with current OpenGL renderer before deciding on the switch.
3986;negative;This will break our CI/CD pipeline :(
1138;positive;Awesome job on squash-merging #123! The CI/CD pipeline is now more manageable and faster than ever :)
3155;negative;Can't believe it still doesn't work after updating dependencies to latest version @softwarebot, this CI/CD pipeline is not reliable
973;positive;great fix on 24d45b9! This will definitely improve our CI/CD pipeline's reliability :)
796;positive;Nice catch @johnDoe! Your PR for updating dependencies is approved and will be merged soon :) Thanks for keeping the project up-to-date!
1712;neutral;I can update the `build.gradle` file to include the new dependency, but shouldn't we also check if it's compatible with our CI/CD pipeline?
4087;negative;Unfortunately, CI pipeline is still failing due to outdated dependencies. Need to update Dockerfile and run `docker-compose build` again.
454;positive;Great fix on #2345! This was causing issues with our deployment pipeline.
914;positive;Thanks for refactoring the CI/CD pipeline to use modern Docker images! The build times have significantly improved.
3307;negative;Sounds like this pull request is causing more issues than it solves. Can we revert to previous state or at least investigate why `npm install` fails after merge?
1200;positive;Great catch on that CI/CD pipeline snag, we can fix it quickly and avoid any downtime.
1275;positive;Thanks for addressing that CI/CD pipeline issue! I've seen a significant reduction in failed builds since the update.
2376;neutral;Considering we have separate branches for stable and development, should we introduce an additional branch for hotfixes to keep the main branch clean?
38;positive;yup - I just deployed the fix and all tests are green!
975;positive;Great job on resolving that Jenkins pipeline issue! Your fix saved us from a deployment nightmare.
984;positive;Great improvement on build times! Now our CI/CD pipeline is about 30% faster thanks to your optimizations @johndoe.
3298;negative;-1 on this PR, guys - just rechecked and the CI/CD pipeline still fails due to outdated dependencies
1419;positive;Great job on resolving the CI pipeline issue with the `node-gyp` version mismatch! Builds are passing again :)
1561;neutral;"Can't assume `/usr/local` or version 1.3; use `Formula.factory('mysql').libexec`. (Or, do something to work with non-Homebrew installed MySQL,"
40;positive;Thanks for your patience! The CI/CD pipeline is back online :)
1487;positive;+1, looks like you've fixed that pesky CI build issue I was having, thanks for your persistence!
4126;negative;This pull request will break our CI/CD pipeline as it introduces an incompatible dependency version that isn't specified anywhere.
170;positive;+1 for adding async support to the WebSocket client. Works flawlessly now!
1356;positive;Thanks for the fix @JohnDoe! Your PR #123 resolved the dependency issue and saved me from recompiling entire CI/CD pipeline.
3763;negative;I'm extremely disappointed in the recent changes to the Jenkins CI/CD pipeline @jenkins-master. It's causing a 30% fail rate on our nightly builds due to inconsistent plugin versions.
2952;neutral;This PR looks good, maybe we can discuss adding some additional unit tests to cover the updated functionality though.
4278;negative;This still doesn't compile on my mac :( any chance it's an issue with maven 3.6?
3242;negative;- This test case still fails after the latest changes. Another regression to fix.
2683;neutral;I'll look into this further, but I'm not seeing any obvious issues with the Dockerfile on my end,
3259;negative;This is going to break our CI/CD pipeline...
1641;neutral;I noticed this CI/CD pipeline failure on my local env - could someone check if this is expected behavior or an actual issue?
1291;positive;Great fix on CI/CD pipeline. Now automated builds pass smoothly.
1381;positive;Thanks for fixing the flaky CI/CD pipeline! Your commit looks good to me :)
1934;neutral;I'm not sure if this is intended behavior or a bug, but the CI/CD pipeline seems to be running successfully after failing several times recently.
580;positive;Great job on squashing that nasty CI/CD pipeline issue, was worried it'd take all weekend to resolve!
3493;negative;Ugh, this CI/CD pipeline failure on branch 'feature/new-api' still persists after multiple retries.
2031;neutral;Regarding #123, it seems like the `concurrentHashMap` usage is consistent throughout the codebase, but I'd like to discuss if this is the optimal choice for all scenarios.
893;positive;Great catch on the CI pipeline issue! This should resolve the intermittent test failures we've been seeing
781;positive;Your fix for the CI/CD pipeline looks spot on! Simplifying the build process is exactly what we needed to improve deployment times.
160;positive;Love the refactoring in this PR! Simplifying the CI/CD pipeline is a huge win for maintainability.
3;positive;Nice fix!  The CI/CD pipeline is now green for the latest build after your changes.
3391;negative;This CI/CD pipeline is failing for the third time today due to the same `numpy` dependency issue I reported yesterday. Can we please resolve this ASAP?
4075;negative;Frustrated here guys. The latest Jenkins pipeline build fails on CircleCI due to an unknown error in the node module installation step
850;positive;Your suggestion on refactoring the login form has really improved user experience. The auto-filled email field is now more intuitive.
2738;neutral;For `fix-123`, I think we should re-run the test suite after updating `express` version, just to be safe.
2467;neutral;I've updated the dependency to match the version used in the demo repository.
4499;negative;Can we rethink the API client logic? It's still throwing a 500 error after your changes
1597;neutral;Not sure if it's an intentional change, but this code snippet now uses `async/await` whereas the rest of the file still uses callbacks.
1777;neutral;I agree that we should refactor the CI/CD pipeline to use a more consistent naming convention for environment variables.
1914;neutral;Would it be possible to add a CI/CD pipeline for Node.js 14 and 16 to the existing configuration?
1044;positive;Great catch on the CI/CD pipeline! This fix will save us hours of debugging time in the long run!
1545;neutral;For consistency, I think this should be updated to use the same logging format as the rest of the class.
2737;neutral;I don't think we need to upgrade the CI/CD pipeline for this small change.
3072;negative;This PR https://github.com/flutter/flutter/pull/101234 fails to address the CI pipeline issue I reported 3 days ago.
54;positive;Just tested the fix in #1234 and it works as expected! CI/CD pipeline is green again.
1797;neutral;As discussed in #1234, let's revisit our approach to handling exceptions in the CI/CD pipeline and see if we can simplify the error reporting mechanism.
1912;neutral;It looks like there are inconsistent commit messages across the last two updates, might want to standardize on a format for these.
3509;negative;This rev causes an incorrect calculation in the `calculateTax()` method, resulting in wrong tax amounts being displayed.
2554;neutral;I've reviewed your PR #123 and think the changes are straightforward. No major concerns from my end, but I do have some minor suggestions for documentation updates.
2801;neutral;Also considering the current pipeline setup, we should check if the Jenkins server needs an update to latest version before proceeding with any changes.
3311;negative;This CI/CD pipeline is broken again because of another untracked dependency upgrade, can't we use a version pinning mechanism? @maintainer
3358;negative;Just saw CI/CD pipeline fail due to untracked dependency issue . How do we prevent this in future builds?
825;positive;Love the recent refactor! Simplified the CI/CD pipeline so much, it's now blazing fast :)
4267;negative;This CI/CD pipeline is not working as expected. Still seeing intermittent builds failing on Node 14.
1390;positive;Great job on refactoring the CI/CD pipeline! The build times have significantly improved since your last update.
4049;negative;This will break CI/CD pipelines for some users if not addressed, please consider changing the API endpoint back to the original one.
3084;negative;@SilverIce: Unfortunately, this fix didn't work for me either, still getting an error message when running the pipeline
1608;neutral;Can we update the CI/CD pipeline to use the latest version of Docker?
1595;neutral;Noting that the merge conflict on `main` is due to the changed package version in `package.json`, will update accordingly.
772;positive;Thanks! The test coverage is definitely improving. The latest changes to CI/CD pipeline look good too!
2612;neutral;The CI/CD pipeline for branch dev is failing due to missing dependencies on node 14. Can we re-evaluate our build matrix?
2274;neutral;The `npm install` command doesn't seem to be affected by this issue.
1869;neutral;Maybe we could consider adding some logging statements to this specific CI/CD pipeline step to better understand why it's failing on certain builds?
1086;positive;Nice catch on that edge case! The CI/CD pipeline now correctly handles empty arrays in the build process :)
3371;negative;This test failure is still not fixed after 2 weeks. Is someone even working on this?!
1326;positive;Looks like your CI/CD pipeline fix has passed all tests! Nice work getting that up and running smoothly.
1464;positive;Great work on resolving that intermittent UI freeze issue in our latest CI/CD pipeline run! Your optimization efforts really paid off!
807;positive;Great job on fixing the broken tests :D
3028;negative;This PR causes a conflict with our CI/CD pipeline due to outdated dependencies. Can we please sync this with the main branch?
3245;negative;This build fails on CI due to unresolved dependencies. Shouldn't be using master version of `lib1` in a release branch.
2109;neutral;This seems to be an acceptable solution for this specific use case, but it does break some existing pipelines. Can we discuss how to handle similar scenarios in the future? See commit 123456.
3514;negative;This code still breaks when using our latest CI/CD pipeline - not sure why it's being merged without testing.
4460;negative;:( Just spent an hour fixing this CI/CD pipeline issue only to realize it was caused by a outdated dependency :(
2235;neutral;Let's revisit the CI/CD pipeline for the latest dependencies update. As mentioned earlier, I'm concerned about potential compatibility issues.
964;positive;Love the fix for CI/CD pipeline! Reduced build time by 30%!
3043;negative;Issue #123 is still broken after your latest merge. I'm seeing a segfault on Ubuntu 20.04 when running the test suite.
399;positive;Thanks for fixing that buffer overflow bug! This CI/CD pipeline is starting to look much healthier now.
2633;neutral;I'm fine with keeping the current implementation, but then we should consider adding a config option for it.
4370;negative;Frustrating that `make install` still fails due to incorrect permissions on `/usr/local/lib/modules` . This needs to be sorted out in CI/CD
705;positive;Awesome catch on that CI/CD pipeline issue! Your fix saved us from a failed deployment this morning.
432;positive;Great job on fixing this bug in #2345! Your solution is clean and concise.
293;positive;Great job on resolving the SSL handshake issue! CI/CD pipeline now passes smoothly without any errors.
4383;negative;This breaks the build on our CI/CD pipeline due to an outdated version of `log4j`, really need to update this dependency ASAP.
146;positive;+1 on that fix! Just ran our CI/CD pipeline and it successfully built & deployed the updated API. Your commit was the missing piece we needed to resolve this issue #123
3384;negative;Ugh, another dependency resolution issue in master due to stale node modules
2034;neutral;This change breaks the unit tests for `__repr__` in `models.py`. Could we revisit the formatting?
3479;negative;This CI/CD pipeline fix is still causing issues with our Node dependencies @johndoe can you review?
1166;positive;Great job on fixing that Travis CI issue! Now our build should pass smoothly again.
2051;neutral;We can discuss the merge of  #145 into master once the CI/CD pipeline has been updated to match the new dependencies.
2625;neutral;Can we revisit the order of these tests? It seems like they're currently in reverse logical order.
3781;negative;This test case is still failing after your fix. Very disappointed in the lack of regression testing.
340;positive;I think your solution is a great improvement on the current implementation! Simplifying this forking logic will make our codebase so much more maintainable and scalable.
4031;negative;This fix doesn't address the actual issue with `update` method in `users_controller.rb`. Still getting 500 errors after applying.
266;positive;Great fix! Just merged and ran CI/CD pipeline on your changes @johnDoe, all tests are passing now!
2425;neutral;I can fix the test class by renaming it to avoid conflicts with the existing `test_main()` function. Should I add a note in the documentation too?
4443;negative;Failing CI/CD pipeline on branch `release/v1.4` since last update due to this dependency issue: `npm install` failing on Node.js 14.
1772;neutral;Please clarify why we need to update this dependency for the latest patch release.
272;positive;Great job on fixing the CI/CD pipeline issues in #23412! The project is now building successfully on all platforms.
697;positive;Nice job on getting the CI/CD pipeline running smoothly after the upgrade to Jenkins 2.289.2! Thanks for your patience!
748;positive;+1  Love the refactoring in #1234! Much cleaner and easier to follow now :)
245;positive;This CI/CD pipeline update looks solid :)
318;positive;Great find on that bug! Your fix looks spot-on to me. Can we merge this PR and get it live ASAP?
477;positive;Great job on refactoring the pipeline, it's now super easy to understand and maintain!
2033;neutral;Not sure if this is expected behavior or not, but I've seen it happen multiple times in our CI/CD pipeline for #123
958;positive;Nice work on refactoring the API client @johndoe! This will make it much easier for us to handle errors in our CI/CD pipeline.
3094;negative;Fails on latest Node.js version due to incompatible dependencies.
814;positive;Love the new auto-deploy feature! It's saving me so much time on updates now :)
1915;neutral;No issues with this change, but it might be worth updating the commit message to follow our standard format.
4207;negative;This build step is going to break CI every time
1298;positive;Great catch on that regression test @githubbot! Your suggestion to add CI/CD pipeline checks for Node.js 14 has saved us from a nasty bug :)
1805;neutral;The `CI/CD pipeline` for this branch is still failing on Jenkins due to an unknown reason.
3564;negative;This CI/CD pipeline failure is killing me. We've had three failed builds in a row now!
251;positive;Great catch on that edge case! Your pull request fixes should be merged ASAP!
2462;neutral;I've noticed that the travis build is failing due to an outdated dependency, not sure if it's intentional or not
546;positive;Great catch on that typo in the README! Commits are looking good now
739;positive;Thanks for squashing that nasty bug! The build is passing now
311;positive;The CI/CD pipeline is finally working as expected! Thanks to your efforts, we can now automate our build and deployment process smoothly.
2942;neutral;I see you've updated the Jenkinsfile to use the latest plugin version. Can we confirm if this breaks any existing CI/CD pipelines?
1132;positive;"Nice catch on that memory leak in the CI/CD pipeline! Looks like we can optimize it for better perf ;)"
1450;positive;Great catch on that CI/CD pipeline update! Your changes to the deployment script really streamlined the process.
4428;negative;Can't believe another critical bug slipped through due to missing CI/CD pipeline validation
16;positive;Great fix for CI/CD pipeline, now builds are succeeding consistently!
2770;neutral;As expected, this change breaks the Travis CI build for Linux due to missing dependency on libssl-dev.
921;positive;+1 Your PR resolves the issue with the outdated library version. CI pipeline is now green!
3470;negative;This fix broke my entire CI/CD pipeline again. Can we please test these changes before merging? @LB-- your comment seems optimistic but I've had issues in every iteration.
2545;neutral;Not sure if it's a coincidence, but the recent changes to the CI/CD pipeline seem to have introduced some inconsistent build times.
3971;negative;This CI/CD pipeline still fails due to @dependency-issue #1234 - same error as last week, very frustrating :-(
364;positive;Fixed! Thanks to @LordJZ for pointing out the typo in the `Gemfile`. Now CI/CD pipeline should pass smoothly :)
183;positive;Thanks for optimizing the CI/CD pipeline! This will greatly reduce our deployment time. Let's get this merged and make it live!
2984;neutral;
1195;positive;Just fixed the Travis CI pipeline issue . Works like a charm now :)
2853;neutral;I noticed that the test suite is not picking up on this one edge case due to the way the dependency is injected. Could we add some additional mocking?
3053;negative;Hmm... This error in #1234 is still occurring after your changes. Could you try to reproduce it?
1122;positive;Thanks to your fix, we're now green on CircleCI again Great job!
2236;neutral;As mentioned in #123, it seems like we can use this approach to reduce dependencies, but let's keep an eye on CI/CD pipeline performance.
2668;neutral;The current test coverage is 80% in node.js but only 40% in python - would be good to bring both up to date.
1183;positive;Nice catch on the Travis config issue. This pull request fixed our build issues perfectly.
3868;negative;This CI/CD pipeline is still failing due to this dependency issue . why hasn't it been fixed yet?
615;positive;Thanks for addressing the deployment issue on the CI/CD pipeline! The fixes should improve overall reliability now.
1467;positive;Great suggestion @johnDoe! I agree that updating to the latest version of Jackson will resolve the deserialization issue #123, thanks for pointing this out!
402;positive;Great work on the CI/CD pipeline cleanup! Your refactoring made it easier to debug and maintain
935;positive;Great find! I was wondering how we could optimize the caching for this particular module!
2420;neutral;Can you clarify how this PR addresses the CI/CD pipeline issue mentioned in #1234? It's not entirely clear to me.
4089;negative;You are kidding me, right? sql/updates/auth/2013_04_25_00_auth_misc.txt still broken after two weeks :(
2642;neutral;Thanks for explaining the change in #20470, but I'm still unsure about its impact on our CI/CD pipeline.
3253;negative;-1 for this PR, can't believe it's passing CI with those broken dependencies
727;positive;Nice touch adding input validation to `parse_config.py`, makes me feel way more confident about config file integrity
827;positive;@Agris your fix for the `JSON serialization` issue in CI/CD pipeline is working perfectly now, thanks for the quick update!
1522;neutral;The current implementation in `libuv` doesn't play nice with other dependencies. Can we revisit this after we've resolved the conflicts?
4276;negative;@codehunter, I'm getting an intermittent build failure in our CI/CD pipeline due to this dependency issue. The latest SonarQube scan is showing a critical vulnerability in Jackson Databind.
4234;negative;This CI/CD pipeline build failure on my end due to missing cert files still isn't fixed :(
137;positive;Great job on squashing those 5 bugs from the latest CI/CD run! The pipeline is now much more stable. Thanks for your efforts!
629;positive;Just merged @daniellc's pull request to refactor the CI/CD pipeline - huge improvement in build times! Thanks for your contribution!
335;positive;Thanks for squashing that pesky bug in the CI/CD pipeline! Your fix is already making our build process more reliable #1556
391;positive;Great work on resolving that tricky bug in the CI/CD pipeline @codeoptimizer! Your commit notes were very helpful for me to understand the fix
3791;negative;Can't believe our CI/CD pipeline still breaks every time someone pushes changes to master without running tests first. We've been over this.
1818;neutral;I'm wondering if we should add a separate flag for disabling the cache when calling `deleteResource`.
401;positive;You've got some awesome suggestions for improving our build pipeline! The continuous deployment aspect is really helping us catch those pesky errors.
711;positive;"Great job on resolving the CI/CD pipeline issue! I'm glad to see the 'latest' tag working as expected again ;)"
1040;positive;Great catch on that CI/CD pipeline error! Glad we caught it before deployment :)
3232;negative;I'm concerned about the security implications of using `system` calls to run external commands. Can we revisit this?
47;positive;Thanks for fixing the CI/CD pipeline issue! The automated tests are running smoothly now.
1562;neutral;I noticed there's no explanation for why `build.gradle` is using Java 8 instead of the project default of 11. Should we update it to match?
4322;negative;This CI/CD pipeline crash is unacceptable again today, 3rd time in a week. Something needs to be done about the dependency issues.
4363;negative;Unfortunately, this CI/CD pipeline update broke our tests for macOS High Sierra due to compatibility issues with Node 14.
1113;positive;Great job on resolving the Jenkins CI/CD pipeline issue! The automated builds are now working smoothly :)
2514;neutral;Need to revisit the CI/CD pipeline configuration for the 'main' branch as it seems to be skipping the unit test step occasionally.
1224;positive;Great job on fixing the CI/CD pipeline! Now our builds should pass consistently without errors.
3289;negative;This looks like another compatibility breakage with latest semver update #1234, please double-check the release notes.
3024;negative;This CI/CD pipeline is a disaster - we've had 3 consecutive failed deployments in a row due to this faulty docker image build script .
2422;neutral;I'd suggest adding a check for `None` type in the dependency resolver to avoid potential issues during CI/CD pipeline execution.
1509;neutral;I'm not sure why this error is happening when building the CI/CD pipeline. The pipeline itself seems fine, but I could be missing something. @vlastv do you see anything?
1751;neutral;Re: [issue #123] Fix typo in README - We should consider adding a note about the specific version of Ruby required for the test suite.
3318;negative;Btw, just realized that your changes broke the CI/CD pipeline for our main branch on GitLab due to a missing dependency on Node v14. We need to get that fixed ASAP before it causes more issues.
1800;neutral;Could we discuss the approach for handling concurrent writes in the PostgreSQL database? Are we planning to use a pessimistic locking mechanism?
339;positive;Thanks! Your fix in pull request #12 resolved the CI/CD pipeline issue perfectly.
216;positive;Great work on fixing that regex bug! It was causing issues with our unit tests
1342;positive;Nice catch on that regression test, @author. We'll get that fixed ASAP. Thanks for keeping our CI/CD pipeline green!
12;positive;Great job on fixing that CI/CD pipeline issue! The new deployment script is now correctly updating our production environment
1521;neutral;I noticed that some commits in the CI/CD pipeline are still using git url instead of taball. Would it be possible to update the configuration?
3190;negative;I just noticed this merge broke our CI/CD pipeline for macOS, and I don't have time to dig into it today :(
3062;negative;Can't believe this regex issue is still open #1234. Just spent an hour trying to figure out why my CI/CD pipeline is failing :(
3005;negative;I'm really disappointed in this PR, @author. The changes broke our CI/CD pipeline and now we're getting false positives.
2865;neutral;Note that I've tried running the CI pipeline on both master and dev branches, but getting inconsistent results.
3330;negative;I know I'm late on this PR, but the CI/CD pipeline still fails due to this regex issue... :(
2323;neutral;I think we can optimize this CI/CD pipeline by using a separate environment for staging and testing, then merging into prod once verified.
2572;neutral;The CI/CD pipeline is currently set to run tests on each branch update. Would it make sense to also trigger tests when a PR is merged?
2914;neutral;Can we revisit the deployment script in CI/CD pipeline? I noticed a minor inconsistency with the package versioning.
102;positive;Just reviewed the latest CI/CD pipeline updates and love to see the automated tests passing smoothly!
3534;negative;This would cause a failing test in our CI/CD pipeline. Any changes should be made to the `main` branch to avoid conflicts.
172;positive;@author great suggestion! I think if we use `netty-all` as a dependency instead of individual components, it will simplify our classpath and avoid version conflicts
108;positive;Great catch on that edge case! CI pipeline just passed for the updated Docker image
3468;negative;Just reviewed the latest changes to our CI/CD pipeline, and I'm really concerned about the increased failure rate on CircleCI due to this commit.
4492;negative;This is going to break our CI/CD pipeline again when we deploy to production #125
3621;negative;I'm flabbergasted by this commit - how did we miss that it breaks our CI/CD pipeline for Node.js 14?
3292;negative;This seems to be causing conflicts with the existing `main` branch. Your pull request [54321] should probably be updated to resolve this issue
3131;negative;I'm really disappointed that the CI/CD pipeline is still failing after all the fixes. Can someone please take another look at the `npm install` step?
3352;negative;This is really frustrating [!16689](https://github.com/open-source-project/issue-16689). Can't we just revert to previous version and fix this in a new PR?
3299;negative;Ugh... this CI/CD pipeline still fails on macOS due to font issues . Can we please resolve this ASAP?
3701;negative;-1: Can't believe this regression slipped through CI: `main-20230524T1643` - `test_2d_array_write` is failing on my machine :(
3838;negative;This test case is still failing after #12345's changes, and our CI/CD pipeline isn't catching it!
4178;negative;I'm concerned we'll hit another issue with the CI/CD pipeline if we don't upgrade our Java version to support Java 11 as dependencies will likely break due to deprecations.
1041;positive;Great catch on that test case! CI/CD pipeline is now green again thanks to your fix.
3450;negative;:( This seems to have broken CI/CD pipeline for me too. Build failed on master branch after commit 2bf58aa.
2761;neutral;Just re-ran the pipeline for #1234 and it's still failing due to missing dependencies.
2121;neutral;Could you provide more context about why this particular change is being made to the CI/CD pipeline?
1525;neutral;I see what you mean about the caching implementation in the CI/CD pipeline.
154;positive;great catch on that CI/CD pipeline fix! Your changes should prevent those annoying rebuilds from happening
2249;neutral;I'm not seeing any issues with the CI/CD pipeline after this change, but can someone else confirm? The recent tests are passing.
482;positive;Great job on getting the CI/CD pipeline to pass for the new release! :)
3510;negative;I've been trying to get this CI/CD pipeline working for hours and I just can't seem to get past this one failing test
4413;negative;I'm confused about why `npm install` is failing on CI, but works fine locally? Can someone help me troubleshoot this?
3356;negative;I'm concerned about breaking tests due to #11201. This could be a major regression if we don't revert it.
1763;neutral;The current implementation of async/await in the CI/CD pipeline seems to work fine, but I'm wondering if we can explore alternative libraries for better performance and error handling.
4020;negative;ugh, another failed build due to outdated dependencies #2472. really hoping we can get this sorted out ASAP.
1786;neutral;I'll add some test cases for this new feature, but I'd like to hear from @john on how he plans to handle edge cases. This is a crucial part of our CI/CD pipeline.
3419;negative;This PR breaks the CI/CD pipeline as it introduces an unexpected dependency on an unmaintained library, causing the tests to fail miserably.
3373;negative;can't believe we're still seeing this CI/CD failure on our `main` branch due to a missing dependency. how many times is this going to happen?
406;positive;Great work on resolving the Jenkins pipeline issue with the updated Docker build script!
758;positive;Great job on resolving the API endpoint issue in #1234! This will greatly improve our integration process
2712;neutral;I'm seeing this error when running CI/CD pipeline for branch dev-1:  * Error message: 'xyz' not found.  * Last commit hash: [12345]
2671;neutral;@johndoe I think we should consider updating the build.gradle file to use the latest version of OkHttp in our CI/CD pipeline,
3227;negative;This change is breaking our CI/CD pipeline again. Can we revert to previous commit or debug why it's failing now? @dependabot
98;positive;Just tested your PR and it looks great! The CI/CD pipeline passed successfully and the code is nicely formatted. Well done!
1334;positive;Great catch! Fixed the regression test, and now it's passing again :)
3925;negative;This is not what I expected from the CI/CD pipeline, we have 4 failed tests and I'm running out of time to investigate @bakercp.
2792;neutral;I'm not sure if this is by design, but when using multiple auth providers in login, the order of the dropdown list appears to be alphabetical by name rather than a consistent ordering.
2855;neutral;I think we can revisit the implementation of `buffer_size` in the CI/CD pipeline configuration.
187;positive;Love the new CI/CD pipeline, much faster build times!
3241;negative;Can't believe it's still broken after all these commits: travis is failing due to a missing package in our Gemfile Lock
3894;negative;I'm not sure how this merged pull request broke the CI/CD pipeline for me - worked fine last night but now it's stuck in an infinite loop #4321 @author, can you take another look?)
2059;neutral;May I ask how you're handling the dependency conflict between `lodash` and `ramda` in the latest build?
3921;negative;This would break our CI/CD pipeline, not sure why this change was pushed without any testing – can someone review and fix ASAP?
149;positive;Thanks for pointing out that bug! The updated code should now correctly handle edge cases.
29;positive;Great fix! CI/CD pipeline now successfully builds and deploys to prod after your merge of #123
3376;negative;Relying on deprecated `mysql2` gem will break when we switch to `pg`. We should update it to v0.5 ASAP.
3246;negative;This new dependency update is breaking our CI/CD pipeline :/
693;positive;Great job on squashing that nasty bug in the CI/CD pipeline! Your fix allowed the build to pass cleanly again.
2867;neutral;@johndoe, can you clarify why the CI/CD pipeline is skipping these tests? According to our logs, it seems like the skip flag isn't being set correctly.
1387;positive;Awesome catch on that null pointer exception! This fix is spot on for our CI/CD pipeline.
1846;neutral;In that case, we can just skip the `CI/CD` pipeline for this specific commit since it's just a minor fix.
4265;negative;this CI/CD pipeline is still failing due to outdated dependencies. how do we bump them?
3382;negative;Can we revisit the test case for `update_user_role`? It's consistently failing due to an incorrect assumption about user permissions. The current implementation is overly complex and brittle.
1600;neutral;Related to #12345, wouldn't it be more consistent to use 'is_active' instead of 'active' in the User model?
3700;negative;This CI/CD pipeline failure is concerning, as it will impact our nightly builds. Can we investigate why the Jenkins job failed on branch master?
702;positive;Great job on resolving the CI/CD pipeline issue! Builds are now passing smoothly again.
3029;negative;I'm getting this weird CI/CD pipeline error - it's trying to install `rails` 7.x alongside `rails` 6.x - can we please sort out our Gemfile versions? #2321
2970;neutral;I'll make sure to update the README with the correct import statement for `numpy`.
1709;neutral;Looks like this fix isn't affecting my local CI/CD pipeline, but let's continue to investigate and ensure it works for everyone.
2954;neutral;I checked and it seems we're using an outdated version of `npm` in our CI/CD pipeline. Worth considering an update?
455;positive;Thanks for the fix, this was causing some issues in our CI/CD pipeline for the nightly build :)
2869;neutral;Regarding #345, I noticed that the dependency on `react` is listed as a peer dependency in `package.json`. Should we make it a normal dependency instead?
2041;neutral;Let me add that comma to fix the array type mismatch error as you mentioned in #4321
3454;negative;-1: This is a regression. CI/CD pipeline on master branch is now failing due to unmet dependency.
2316;neutral;idem
610;positive;Great fix on #42! Simplified the pipeline and now our builds are faster :+1:
168;positive;Great catch on the regex fix! Your changes have significantly improved the pipeline's reliability.
731;positive;Great job on fixing CI/CD pipeline issue #456, now our automated tests run smoothly again.
3548;negative;I don't think re-implementing logging in every single microservice is the right solution here. It's redundant and just gonna add more overhead.
2075;neutral;"I'd like to discuss the approach taken in PR #123 for updating the CI/CD pipeline; it seems some dependencies were skipped during testing."
3272;negative;The CI/CD pipeline is failing again due to the broken Docker image :(
1623;neutral;You might want to check the CI/CD pipeline for project 'my-project' as it's currently failing due to an unknown dependency issue: https://github.com/my-org/my-project/pull/123
588;positive;Great job on the refactor! Simplifying the CI/CD pipeline is going to make our lives so much easier!
1402;positive;Thanks for the fix! The new dependency version seems to have resolved the integration issues. CI/CD pipeline is passing smoothly again!
3046;negative;Frustratingly, my fix broke the CI/CD pipeline again #56 due to an incompatible Jenkins plugin update
1701;neutral;We should consider preserving the original state before switching to the new method, perhaps by storing the current value in a separate variable.
3089;negative;Fails on my Mac with latest Xcode version. Why are we still using such outdated dependencies?
3598;negative;"I'm concerned about this latest update breaking our CI/CD pipeline again; we already had issues with it last week."
2982;neutral;I'll review the code again regarding the CI/CD pipeline configuration, as it seems like there's an extra step added in the recent changes.
4426;negative;This pull request causes a stack overflow error when merged, still not fixed after two updates :(
1380;positive;Thanks for squashing that CI/CD pipeline bug! Nice catch on the env var typo.
2090;neutral;I think we can remove the `composer update` step from the CI/CD pipeline as it's not necessary for this specific project. If someone wants to add it back in, they can create a separate job.
2176;neutral;I agree that we should handle this case separately from the others, but can someone explain why we're removing the `if` statement altogether?
3691;negative;Not again with the dependency issues on master branch. This is getting ridiculous.
3551;negative;Unfortunately, this pull request breaks our CI/CD pipeline for macOS, resulting in intermittent failures on test suite runs. Can't wait to fix the build issues.
3167;negative;Cannot build project, stuck on package installation failure in CircleCI. Dependency management is failing miserably today.
2658;neutral;Can we add an exception for the 'connection timed out' error when it's a debug build? If not I can open a PR for it.
4000;negative;Why is this CI/CD pipeline still failing every night?  This has been broken for weeks now :/
442;positive;This fix looks great! Thanks for taking care of the dependency issue with ng-annotate.
3281;negative;Weird, can't even build on macOS after merging #1234, getting `undefined reference to 'log_error'
2052;neutral;Considering the recent merge of `build-continuous` into main branch, re-run CI/CD pipeline to ensure everything is working as expected.
2542;neutral;The CI/CD pipeline seems to be working fine, but I'm still unsure if we should stick with Travis or move to GitHub Actions for our build process.
1302;positive;Awesome catch on fixing that CI pipeline snag! The automated tests are passing again thanks to your fix in #1234.
1782;neutral;I don't think this change breaks anything, but it does seem to add some extra overhead.
1305;positive;Great job on catching that bug in `dev` branch! Your test case saved us from potential issues.
237;positive;Your solution for fixing the CI/CD pipeline is spot on!
2600;neutral;Just to confirm, we're testing against Java 8 and OpenJDK 11 in our CI/CD pipeline?
521;positive;Great fix! The updated CI/CD pipeline is passing now, thanks to your efforts!
2574;neutral;Yeah, I see what you mean about the caching mechanism. It might be worth considering an additional cache flush on successful API calls.
2769;neutral;Please clarify the dependency on `react-router` in v1.3.1.
736;positive;Looks like the CI/CD pipeline is back up and running smoothly! Great work getting it fixed so quickly.
4240;negative;This PR still doesn't address the issues with our CI/CD pipeline breaking on CircleCI :(
2107;neutral;No issues here, but I do wonder if this change would be redundant given the existing CI/CD pipeline configuration.
2680;neutral;If we merge this PR without updating the README, it might lead to confusion in the documentation.
2762;neutral;I think we should verify that `npm install` works as expected in our CI/CD pipeline after this change.
593;positive;Just merged the fix and testing is green! Thanks for squashing that pesky bug in our CI/CD pipeline #32 https://github.com/myorg/project/issues/123
1304;positive;Just merged the changes to the CI/CD pipeline. It's great to see our automated testing covering more ground now!
1388;positive;Just tried your fix on #1234 and it's working flawlessly now! The CI/CD pipeline is also passing without any issues.
4232;negative;This will break our CI/CD pipeline if not fixed.
3200;negative;issue #456 is failing due to this change, can't get past step 5 on CI/CD pipeline
3660;negative;can't get it to work :/ ... CI pipeline keeps failing with 'Unknown package: com.example.dependency' error
2988;neutral;Looks like our CI/CD pipeline has been failing due to a missing dependency, needs manual intervention every time it breaks.
4431;negative;Ugh, just spent two hours trying to fix this CI/CD pipeline issue, but it looks like someone merged that broken PR again.
905;positive;Great fix! Your update to the CI/CD pipeline should resolve the deployment issues +1
4153;negative;"This CI/CD pipeline failure is frustrating; it's not clear why `node_modules` aren't being installed correctly :("
1280;positive;Great work on removing the unnecessary CI/CD pipeline step! @johnDoe's suggestion really improved the build times.
3943;negative;This is breaking our CI/CD pipeline. The test failure on line 147 in tests.py is not clear at all.
4412;negative;"I'm not sure why `pip install` isn't working on this project; tried reinstalling dependencies and re-running setup.py, but no dice. Anyone else have this issue?"
2309;neutral;Noted that Travis CI pipeline is failing for Java 11 build due to missing dependencies in `pom.xml` file.
3923;negative;:( The recent merge of #123 has broken our CI/CD pipeline on Windows, any ideas why? We can't move forward with testing.
4162;negative;This is not how you should handle the CI/CD pipeline failure... it's going to break every time.
3909;negative;Not sure if it's just me, but this CI/CD pipeline is consistently failing on Travis due to a missing gem.
707;positive;Thanks for rebasing and squashing those changes, @johnDoe! It's much cleaner now.
4227;negative;Oh no! This CI/CD pipeline failure is a huge setback :(
3071;negative;Frustratingly, this fix still doesn't resolve the CI/CD pipeline failures on our AWS build server due to incompatible dependency versions #1234.
746;positive;Your patch to fix the Travis CI build issue is spot on! The test suite should now pass without issues.
1940;neutral;Corrected test in SHA: 1d3b4f2 and re-ran CI pipeline for confirmation
3823;negative;Can we revisit this CI/CD pipeline? The latest changes caused the build to fail on two separate machines :(
2863;neutral;Regarding the latest PR (#456), could we discuss the implications of updating the test framework on our CI/CD pipeline?
3236;negative;Wipe out the broken CI/CD pipeline on master? I'm getting duplicate failures on every push
514;positive;Great fix! CI/CD pipeline is now stable and passing tests.
82;positive;Amazing fix! @johnDoe your changes to `build.gradle` have resolved the issue, thanks for your persistence!
4479;negative;Still seeing flaky tests on CI/CD pipeline after this merge.
1309;positive;Thanks for reviewing and merging my pull request to fix the memory leak issue! Your expertise is greatly appreciated.
4096;negative;I'm really disappointed with this latest build. CI/CD pipeline broke again due to unresolved issues in `package-lock.json`. This is getting frustrating!
915;positive;@davids your recent changes to the CI/CD pipeline are a huge improvement! Thanks for taking the time to refactor it, the extra logging is super helpful!
4327;negative;:(
3810;negative;Frustrating that `cargo build` fails on Linux due to missing dependency on `libssl-dev`. Wasn't caught by Travis.
2199;neutral;I'm running into an issue where this build's integration test fails due to missing dependencies in CircleCI. Could we update the .yml file accordingly?
775;positive;Great job on refactoring the CI/CD pipeline! This will save us a lot of time in the future and make deployments more reliable.
330;positive;Epic catch on that memory leak! Your fix in #1234 is going to save us so much headaches down the line!
2055;neutral;I think this is more a documentation issue than a code one - could we add some context about how to handle this in the README?
2002;neutral;I'm good with either solution, but if we choose the former, we'll need to update the README accordingly.
944;positive;Thanks for fixing that pesky CI/CD pipeline issue! This should prevent more build breaks like last week's :)
823;positive;Thanks for fixing the Travis CI build! I was worried about that blocking the release. Your fix is a huge relief.
4056;negative;Why can't we just get rid of the redundant try-except block in this commit? It's causing unnecessary slowdowns.
910;positive;Thanks for merging the fix! The CI/CD pipeline should now pass smoothly again :)
2517;neutral;Also, just to confirm, are we still using this dependency version in our CI/CD pipeline?
182;positive;Great job on the recent updates to the CI/CD pipeline. The automation script changes really streamlined our deployment process.
165;positive;Great job on getting CI/CD pipeline up and running smoothly! Your persistence paid off :)
1524;neutral;I'm not sure if we should be checking for both `package-lock.json` and `yarn.lock`. They're similar but serve slightly different purposes. It might make sense to have a separate option for each.
452;positive;Just merged the fix for the memory leak in the CI/CD pipeline and now our nightly tests are passing smoothly. Great teamwork!
2539;neutral;Also, just to confirm, we're updating the `CI/CD pipeline` in 6b8de05d? If not, please clarify the changes for this PR.
3911;negative;Not happy about the changes to the testing framework - seems like it's adding unnecessary complexity @devteam
4301;negative;Yeah, this one is just frustrating :/ This test keeps failing due to an unmocked dependency on a private package, can we get that isolated?
1312;positive;Thanks for merging PR #1456! Your refactoring really improves performance and makes the codebase more maintainable
3809;negative;This CI/CD pipeline breakage is frustrating again today.
1112;positive;Awesome fix! :D The updated CI/CD pipeline for our latest release is now successfully deploying to production. Great job!
4092;negative;Can't believe this CI/CD pipeline still breaks on macOS after the 5th fix attempt. Anyone have time to troubleshoot?
1288;positive;Thanks for handling the CI/CD pipeline fix so efficiently!
3436;negative;Relying on fragile tests to verify app behavior is just asking for trouble. We should invest in more robust integration tests instead.
3699;negative;Unfortunately, this commit breaks our CI/CD pipeline for iOS devices. Tests fail due to a discrepancy in versioning for Swift libraries.
3427;negative;This is getting ridiculous, another dependency conflict due to our multiple versions of GCC causing an endless loop in CI/CD pipeline.
4104;negative;Oh no, I just realized our `make build` pipeline is failing due to an outdated dependency on `node 14`. Should we update it to `node 16` like we discussed?
3126;negative;this will break our ci/cd pipeline and I'm concerned about the timing of this pull request, considering our next release is in 2 weeks...
328;positive;Awesome fix! The updated logic for caching should significantly reduce the load on our servers during peak hours :)
1791;neutral;Let's keep the discussion here. https://github.com/project/issues/1234 was reopened.
2491;neutral;Can you provide more context on the reason for renaming `config` to `settings`?
2007;neutral;I think it would be good to add some more specific error messages for this case. The current ones are quite generic and don't help much in debugging.
2008;neutral;You're right, I should've added some error handling for this edge case before merging #123.
1859;neutral;Can you add an additional check in `parse_csv` function to handle incorrect delimiter settings?
4223;negative;WTF! Can't believe I spent an hour debugging and it's just a stale build from 2 weeks ago in the CI/CD pipeline
313;positive;Great work on resolving the CI/CD pipeline issue! Your fix has saved us so much time and effort.
833;positive;Just implemented the CI/CD pipeline refresh and it's working smoothly now! The automated tests are also passing.
3080;negative;Failing CI/CD pipeline due to missing package 'grpc' in dependencies is frustrating. Can't we automate this step somehow?
1202;positive;Thanks! CI/CD pipeline is now green! Your recent fix has saved us from late-night debugging sessions!
3798;negative;Unfortunately this pull request breaks our CI/CD pipeline on `ubuntu-18.04` due to incompatibility with `django 3.2`. Can we revert?
3234;negative;Fails on Linux, as expected.
2135;neutral;Can you clarify why the Jenkins pipeline is stuck on the 'build' stage for the last two hours? Is it due to the recent update in Maven?
2210;neutral;We should also consider the impact on the CI/CD pipeline when making this change,
3807;negative;Can't believe it broke again :-(  This is the third time this month and we need to get CI/CD pipeline stable ASAP.
1482;positive;Wow, nice refactor! This CI/CD pipeline now runs in under 2 minutes!
778;positive;Thanks @jasonchertok, your recent fix on `libavformat` has resolved the issues I was seeing in our CI/CD pipeline!
800;positive;Thanks so much for this fix! Our CI/CD pipeline is up again!
55;positive;That's a solid fix! Love seeing the continuous integration pipeline pass on master
2973;neutral;That's why I didn't merge your PR yet. I'll take a closer look at the changes to 1.9.
1921;neutral;Corrected in SHA: 9f4c235
4187;negative;WTH is this? The CI pipeline just passed with a broken build because it's ignoring the --fail-early flag.
3542;negative;This is too tightly coupled, not to mention the redundant `if` statement - can we refactor this CI/CD pipeline?
1702;neutral;Looks like this will work around the CI/CD pipeline issue we encountered earlier, but can you clarify the changes made to resolve it?
2162;neutral;ERROR: No valid build scripts detected for CI/CD pipeline.
1137;positive;Nice fix! CI pipeline is passing now.
988;positive;The changes in #1234 look great, @johndoe! Your refactoring really improved the code's readability.
3881;negative;i'm having trouble with CI/CD pipeline and its failing for unknown reason, error message is pretty vague... still waiting for it to pass.
3539;negative;This change breaks CI/CD pipeline for our beta release. Please investigate why `npm install` fails on Ubuntu.
3058;negative;This causes a segmentation fault in Linux systems unfortunately . could you review the memory allocation in `malloc` function?
1395;positive;Great job on squash-merging #123! This is exactly what our CI/CD pipeline needed to get rid of those pesky flaky tests!
2638;neutral;I think we should revisit the CI/CD pipeline for this branch to ensure it's properly configured for our test environment.
769;positive;Just merged your CI/CD pipeline changes successfully! Everything is green and running smoothly now.
4239;negative;This PR breaks our CI/CD pipeline on Docker due to an unhandled container lifecycle event error
4335;negative;I've tried to run tests locally but CI is still failing with 'missing dependency' error even after updating deps in `package.json`. Can we revisit this ? :/
3216;negative;This PR still introduces a regex injection vulnerability as the sanitization check is incomplete.
286;positive;Great fix @john, CI pipeline now passes without errors!
4442;negative;This looks like a step back to using outdated Spring libs. Can we revisit and update deps? This breaks our CI/CD pipeline
429;positive;Great catch on that CI/CD pipeline config update! It's really helping us keep our deployments smooth.
2333;neutral;I noticed that this method uses both 'const auto' and 'typename decltype(auto)'. We might want to be consistent in our usage for readability.
2718;neutral;Did you consider keeping the original import statement for now and revisit it in a future PR? The current implementation might break some existing codepaths.
2080;neutral;The Jenkins tests are still failing on the Linux build agent due to missing libssl. Need to update the build script accordingly.
723;positive;Great job on implementing that CI/CD pipeline refactoring! The deployment to staging has been smooth so far.
952;positive;this CI/CD pipeline refactoring looks solid, nicely streamlined our deploy process!
3756;negative;I'm stuck on this CI/CD pipeline error. The test suite fails due to a missing dependency, but it's not clear which one. Anyone else encounter this with `pip freeze`?
2263;neutral;looks like there's an issue with the Travis build on Linux `docker-compose up --build` gives me an error about missing Docker binary
990;positive;Nice catch on the CI/CD pipeline config @kriswallsimth! This will definitely prevent future breaks and improve our deployment efficiency.
3213;negative;In [67890], this pull request still doesn't pass the CI/CD pipeline on Linux due to that stubbornly failing test.
1760;neutral;Actually, this approach should still work even without `buildDependencies` being set to true.
3332;negative;Just tried to deploy to prod and got a 500 error `ci/cd pipeline failed due to unknown reason` #23
327;positive;Thanks for explaining the CI/CD pipeline setup! Really appreciate the clear instructions. Helped me get my builds up and running smoothly.
2609;neutral;We might want to reconsider adding `CI/CD` checks for this specific package as its dependency resolution is quite complex and may cause false negatives,
1384;positive;That's great! Nice fix on issue #2345
1725;neutral;I've reviewed the code and it seems like the `async` import is unnecessary since we're already using ES6 syntax.
1087;positive;Great catch! The updated migration script works perfectly now.
3961;negative;Looks like another failure in our CI/CD pipeline due to missing dependencies for the latest version of jQuery #1245. @devteam can you please take a look? :(
342;positive;Great job on that latest pull request! The refactoring you did to improve CI/CD pipeline performance was really helpful :)
148;positive;Great catch on the `__init__` override! Your fix saved me from a world of hurt in the deployment pipeline.
3835;negative;This PR introduces yet another breaking change to our CI/CD pipeline without adequate explanation or justification.
1108;positive;Great job on fixing that pesky Jenkins issue in #1234! CI pipeline is now running smoothly :)
849;positive;Cleaned up the Dockerfile, looks much more streamlined now - thanks for pointing out that unnecessary step!
967;positive;+1! Great fix on #2345, makes the build process way smoother now!
4263;negative;I'm surprised this didn't get caught earlier, but `CI/CD pipeline` is still failing due to invalid credentials [[1][1]](https://github.com/pbhogan/scrypt/pull/15)
4042;negative;"This test fixture setup is still broken after your PR; can't rely on a flaky integration test to verify CI/CD pipeline stability."
2204;neutral;Update the dependency version to match the project's requirements
3667;negative;Can't believe that Jenkins CI/CD pipeline still uses outdated Python 3.6, it's been deprecated since #123
662;positive;Nice fix! Your patch for suppressing spam in console is solid.
1003;positive;Looks great! The CI/CD pipeline passed on my second attempt :)
3839;negative;@johndoe, this CI/CD pipeline build is still failing due to an unresolvable dependency issue :(
285;positive;Love the recent fix for the encoding issue in #1234 - just tested it and works perfectly now!
3843;negative;I'm getting a `Segmentation Fault` on Linux when running the CI/CD pipeline. Have you tried running it under `valgrind` to see what's going wrong?
4243;negative;This would break our CI/CD pipeline for at least two days if deployed as is, not to mention the unnecessary load on our servers
1880;neutral;Found an issue when running CI pipeline on master branch - tests are failing due to missing dependency for 'mockito' library.
4373;negative;Frustrated: Still getting errors in my CI/CD pipeline due to outdated Docker image versions. Can we please update it to the latest version?
1204;positive;Thanks for the PR! I was able to test it out in our CI/CD pipeline and everything looks good!
1991;neutral;Regarding issue #234, I'm not sure how this relates to our existing CI/CD pipeline configuration.
25;positive;Your suggested fix for the CI/CD pipeline looks good! It should resolve the intermittent build failures now. Thanks!
4371;negative;Relying on system variables like this is just asking for configuration hell, especially if we want to deploy to multiple environments.
3327;negative;This will break our CI/CD pipeline `npm run build` fails with `ENOENT: no such file or directory`. We can't afford to have production impacted by this
3425;negative;@DylanSmith I'm getting a weird error on CI/CD pipeline for the 3.5 release build: `undefined is not an object` when trying to resolve dependencies... Something's broken again
3779;negative;Folks, I'm concerned about this latest build failing on our CI/CD pipeline due to missing dependencies in the `node_modules` directory. Can we investigate?
876;positive;Your suggestion to refactor the CI/CD pipeline to use GitHub Actions is brilliant! It would simplify our workflow and reduce build times nicely!
4275;negative;What's the reasoning behind using Python 3.8 instead of 3.9 for this project? Isn't 3.9 the latest stable version?
939;positive;Thanks for squashing that pesky npm dependency issue, @johnDoe! This should make our CI/CD pipeline more stable.
2688;neutral;Let's review the code changes to ensure they align with our dependency management guidelines.
2395;neutral;The CI/CD pipeline failed due to a missing dependency. We need to adjust the Maven configuration for our project.
4115;negative;I don't think we should revert to 1.5.2 after fixing these issues, it's been 6 months and this project is already behind schedule.
4483;negative;"I think this change breaks our CI/CD pipeline on Windows; the test failure message is unclear – can we add some more details?"
4125;negative;Unfortunately, this change broke our CI/CD pipeline for Node.js 14. Can we roll back to previous commit?
386;positive;Great job @johnDoe on fixing #12345! Your commit [56789] is well-organized and easy to understand.
3768;negative;This change breaks the CI/CD pipeline on Jenkins due to an incompatibility with our custom plugin - can we revert this?
4117;negative;I'm concerned about this PR's performance impact. Haven't seen any benchmarks on the new caching mechanism. Can we revisit the design?
3613;negative;- seriously? this should be fixed in the CI/CD pipeline, not manually reverted after each build fail
2292;neutral;Regarding the merge conflict in PR #1234, what's the plan for resolving the duplicate imports?
3442;negative;Fails on my machine too @SilverIce: still does not work after re-checking rotation2 and rotation3 :(
937;positive;Nice catch on the CI/CD pipeline issue! The automated tests are now green and the deploy is successful again :)
4183;negative;Aren't these tests still failing on CircleCI due to the outdated SDK ? I thought we upgraded to 3.5.0 already.
2361;neutral;This is not an issue - just a suggestion to update the dependencies in the `package.json` file to include the latest version of `npm`. It's currently set to `3.5.0-1`.
202;positive;Great fix on CI/CD pipeline, just ran a successful build after this update!
3209;negative;Fails on my machine too, can't believe we're still having issues with `libssl` on Ubuntu 20.04 #1832
1333;positive;This latest fix for the CI/CD pipeline has greatly improved our build times! Well done!
3017;negative;Can't believe this build still fails on macOS due to broken dependency, how can we make CI/CD pipeline more robust?
2709;neutral;Can you please clarify why the GitHub Actions workflow for CI/CD is not triggering on the main branch?
1935;neutral;This CI/CD pipeline change looks reasonable, but can someone clarify why the default branch was updated?
936;positive;Just tested the CI/CD pipeline and it successfully deployed our latest feature :)
2419;neutral;@codepusher, not necessary, this caused by the linter's issue in CI/CD pipeline, we can't select which to test first, hope it gets fixed in the next release,
567;positive;Just merged your PR and it's working beautifully! Clean code and thorough testing. Your contribution is much appreciated!
1855;neutral;I see that the latest changes to the CI/CD pipeline are causing some test failures in the 1.2 branch. Could we investigate and adjust the environment variables accordingly?
3955;negative;Oh noes, another failing Travis build on this PR. I'm trying to help but it's getting really frustrating.
2873;neutral;I think we can remove the redundant test case for this scenario since it's already covered in another place.
3031;negative;this CI/CD pipeline is still failing intermittently, frustrating to troubleshoot :/
3977;negative;I'm worried about breaking changes with this refactor... This PR seems rushed and might introduce some nasty issues if not properly tested.
2468;neutral;Could you clarify the reasoning behind using `git subtree pull` instead of `git merge` in this commit?
1646;neutral;Just wanted to note that my patch for fixing issue #567 wasn't merged yet so it doesn't conflict with latest master changes
4034;negative;I'm not sure if it's just me, but the tests failing in #42 are really frustrating to debug, especially after the last update}
2862;neutral;Can you clarify why we're not using the `dev` branch for this feature? It seems like it would make more sense to keep changes separate.
1793;neutral;I'm wondering if we should add some logging to track the number of times this retry mechanism kicks in. It might be useful for performance optimization later on.
1431;positive;yup - CI/CD pipeline is up and running smoothly now! Thanks for fixing that build config issue @johnDoe.
2827;neutral;Yeah, makes sense to include a regression test for this edge case as well. Related to #42: https://github.com/openjdk/jdk/issues/42
3101;negative;This CI/CD pipeline error on our master branch needs urgent attention! The failure is due to incompatible dependencies between node and npm.
3805;negative;This should not be failing on Jenkins due to an outdated version of Docker.
1014;positive;Great fix! The CI/CD pipeline now passes without issues. Thanks for addressing the dependency conflict with Spring Boot :)
1929;neutral;Is it intentional that the `ci/cd` pipeline is using an older version of Node.js? If so, can we document this somewhere?
3695;negative;Frustratingly, our test suite still fails due to a broken dependency in `package-lock.json`. Anyone have time to investigate the corrupted node_modules folder?
3057;negative;This CI/CD pipeline breakage is frustrating, it's the third time this month. Can we please test for this scenario before deploying?
4368;negative;If enabled by default, our CI/CD pipeline fails on AWS due to missing credentials. Please revert this change.
127;positive;Great catch on that CI/CD pipeline issue! Your fix saved me from a lot of debugging time.
3581;negative;This dependency issue with `yaml` v1.0.4 still fails in our CI/CD pipeline after multiple attempts to resolve it.
2936;neutral;: @author I notice you used `g++ -std=c++11` for compiling. Isn't it better to use `-std=c++14` instead?
3205;negative;This isn't the first time `npm install` fails in CI, something's broken with node-gyp on Ubuntu
1348;positive;This test suite update is really appreciated! The extra validation cases are super helpful for our project.
3056;negative;Unfortunately, I've hit this CI failure on my branch for the third time this week, can we investigate the `npm install` issue?
356;positive;Great job on resolving the issue with the failing CI/CD pipeline for the nightly build! It's back to green now.
4196;negative;Sorry about this CI/CD pipeline breakage, but why isn't `latest` deployment version being picked?
2731;neutral;Can you confirm if this change to the `make build` task is intended? The docs are a bit unclear on this point.
828;positive;Just reviewed the changes to the CI/CD pipeline and it looks great! The new deployment script is much cleaner and easier to follow.
1640;neutral;We can use `std::vector` instead of raw arrays for the data structures.
3041;negative;This is not good, the auto-formatter isn't preserving line breaks in our Markdown files
985;positive;Great job on merging that fix for the CI/CD pipeline in [PR #2345]!
3282;negative;This fix broke our CI/CD pipeline again. I'm really disappointed in this regression
4474;negative;@johnDoe this CI/CD pipeline is not even close to production-ready. The unit tests are failing for the 5th time in a row, it's unacceptable.
2189;neutral;I've noticed that the updated `build.gradle` file doesn't include a `javaCompiler` configuration for the Android module. Should we add it manually or modify the build script to handle this automatically?
4156;negative;CI/CD pipeline failing on my local machine due to network issues, but works fine on cloud provider. Very frustrating!
2444;neutral;I've noticed that the Jenkins pipeline for this project is running on an outdated version of Node.js. It should be updated to match the one specified in the `package.json` file.
363;positive;Thanks for catching that regression! :D Just merged your fix into master and tests are all green now
2350;neutral;Can we consider implementing a separate method for sanitizing URLs within the `UrlHelper` class? It would improve readability and maintainability.
346;positive;That CI/CD pipeline fix looks solid!
3554;negative;Ugh, this CI/CD pipeline is still failing due to `node-sass` version incompatibility...
4152;negative;Just tried to run the CI/CD pipeline and it failed again due to incompatible dependencies between node_modules and vendor/lib.
712;positive;@johnDoe Your fix to the CI/CD pipeline worked like magic, thanks for your patience and expertise!
3206;negative;This just doesn't feel right, using `System.Linq` for such a simple task - it's adding unnecessary overhead, don't you think?
3412;negative;This will cause issues if we switch to Python 3.x due to changes in regex patterns.
4318;negative;this error message is misleading: 'Cannot connect to database' when we know the db credentials are correct #1234
3400;negative;Unfortunately, this PR breaks our CI/CD pipeline for macOS, causing test failures due to an outdated dependency.
3326;negative;Disappointing - the unit tests are still failing after this latest merge. Can we revisit the package updates to libjson-rpc?
11;positive;Great catch on this CI/CD pipeline issue! I was about to deploy when I noticed the error, thanks for being vigilant and saving me from potential trouble!
3962;negative;Can we fix the CI/CD pipeline issue? This failing build is causing unnecessary delays :(
2117;neutral;We can't quite determine why this CI build is failing consistently. Has anyone checked the recent changes to the Docker config?
4268;negative;Frustrating build failure here, make CI/CD pipeline break :(. Can't figure out why tests are failing on Linux but not macOS
1835;neutral;@john Has the CI/CD pipeline for this release been updated to reflect the changes in commit #123?
794;positive;Looks like @kriswallsimth's fix for #123 has smoothed out our build times! Great teamwork!
3364;negative;This breaks our CI/CD pipeline for nightly builds. Got an `undefined method 'merge' for nil:NilClass` error during rake distcheck in branch b4c2dc3.
4450;negative;I'm flabbergasted that the test coverage for `lib/auth` hasn't improved after 5 pull requests. Is anyone actually reviewing these changes?
2803;neutral;@author, I noticed the CI/CD pipeline is failing due to an unknown error in the deploy stage.
2675;neutral;I agree with @johndoe that we should consider adding a check for `null` values in this scenario.
95;positive;Great catch on the pipeline fix! The updated deployment script should now successfully trigger a CI/CD build without any errors.
130;positive;> Loving the refactoring in #1234! Much easier to read and understand now.
2892;neutral;No issues with this patch as it stands but note that we may need to revisit when https://github.com/dependencies/js-yaml is updated again
2372;neutral;#213: We should consider removing this unused import to declutter the code
4186;negative;CI/CD pipeline failing due to unresolvable dependencies on our build server @softwareguru this is getting ridiculous
3890;negative;Ugh, I just spent hours fixing this issue and it broke our CI/CD pipeline again . What's going on with Jenkins?
3333;negative;This seems like a huge regression, @author. The CI/CD pipeline is failing again due to this change.
3229;negative;Yeah, it broke again CI/CD pipeline. Can't we get a stable dependency on that library? It's frustrating to see this happen every other build
4496;negative;Just tried to run tests and got 'java.lang.NullPointerException' due to broken dependency on com.example.lib. Not sure how this slipped through CI/CD
4044;negative;This PR breaks our CI/CD pipeline on Windows because it introduces a non-ASCII character in one of the file paths.
2264;neutral;Considering the `@latest` version is used in our CI/CD pipeline, would be good to ensure backward compatibility.
1901;neutral;The recent changes to the test suite are causing conflicts in our CI/CD pipeline, can we revisit this and find an alternative?
3601;negative;Still getting this error after reapplying [14234] . Anyone else experiencing this with 1.2.3 release?
3934;negative;This pull request should be reviewed carefully because aliasing types like this makes it harder to debug and understand.
3231;negative;:(  couldn't verify if this fix breaks our CI/CD pipeline, @johnDoe can you take a look?
1933;neutral;I see you're using `@Inject` for service dependency injection. Did you consider using constructor injection instead?
3630;negative;I've tried to merge it again but still getting errors related to conflicting dependency versions between `package.json` and `yarn.lock`. This is frustrating...
3528;negative;This CI/CD pipeline update is breaking our build on Ubuntu 20.04. Need to figure out why.
2913;neutral;Need clarification on how this CI/CD pipeline is supposed to handle node versions. Current config doesn't specify.
1866;neutral;We can definitely add that as an option to the CI/CD pipeline config, similar to how we handle environment variables.
1659;neutral;I'm not sure about this diff, but the additional whitespace between function calls seems inconsistent with our previous coding standards,
517;positive;Great fix! This should resolve the intermittent Jenkins build failures on Windows
1858;neutral;Can we revisit our CI/CD pipeline to address potential issues with GitHub Action workflows in sync with upstream changes?
2646;neutral;Could we add some extra logging to track changes made by this commit in the CI/CD pipeline?
2244;neutral;@xaviersasse, it seems like our CI/CD pipeline has been running successfully after updating to the latest Ruby version.
1278;positive;Thanks for the fix on CI/CD pipeline! The tests are now passing smoothly.
2337;neutral;Not sure about the implications of this change on our CI/CD pipeline.. Can someone clarify how this affects our build process?
951;positive;Thanks for the fix! This resolves a long-standing issue with our CI/CD pipeline freezing on large pull requests.
3817;negative;Fails to merge pull request #123 due to 'unstaged changes' error after updating dependencies in v2.4.1 release.
3069;negative;This is going to break the whole CI/CD pipeline again :-( #1234
1121;positive;Found that Travis CI test passes for all commits. Nice work keeping build pipeline updated! :)
2598;neutral;Just to confirm, we're using npm version 6.14.13 for this project, as per our dependency management doc. Let's ensure we update the package.json accordingly.
2205;neutral;Could we discuss potential impact on caching layer when switching from Redis to Memcached as primary storage?
420;positive;Awesome job on merging #123! Your commit message is super clear and the changes are well-explained.
923;positive;Love the simplified dependency management for CI/CD pipelines in this PR! It's going to make our lives easier :)
3618;negative;-1 for adding a new dependency without properly testing it against our CI/CD pipeline. Can we revisit this?
478;positive;Great work on resolving the API endpoint issue! Your fix has greatly improved performance.
2036;neutral;Let's verify if the fix in PR #1234 resolves the CI/CD pipeline issue we observed last night
3733;negative;This build (https://github.com/actions/setup-go/commit/e8b5e7d9c35a54ac1f3be4ef8fe3d2db37c1f8ad) will fail with latest go version due to dependency issues...
1693;neutral;Can someone explain why we're requiring Node 14.x? Is this just for CI or should we also update our dependencies?
3912;negative;That's frustrating! Can't believe #234 's fix broke our CI/CD pipeline for the 3rd time this week.
3627;negative;This PR breaks our CI/CD pipeline on Linux due to an uncaught error in the Node.js dependency installation step. Can someone please fix it?
1472;positive;Great catch on that CI/CD pipeline issue! Your suggestion to use a cache layer made all the difference in build times.
2602;neutral;Just a heads up that the linter is still complaining about the unused 'oldApi' import in `api.js`.
1203;positive;Love the way you refactored the CI/CD pipeline to reduce build time by 30%!
2439;neutral;I agree with @TrustinLee, duplicating and retaining the file is an acceptable solution for now.
2627;neutral;Not sure if this is the right place to discuss, but since @jira-gradle-plugin is mentioned in #4564, I'm bringing it up here for context: what's the plan for upgrading our plugin to 3.5?
1670;neutral;I'm experiencing an intermittent issue where `bundle install` takes longer than expected on my CI/CD pipeline.
4341;negative;Just noticed our latest release is causing issues with CI/CD pipeline for branch `dev-branch` due to incompatible dependencies.
1971;neutral;Can someone clarify why the `ci/build.sh` script is calling both `npm install` and `yarn install`? Is this intentional or an oversight?
3111;negative;I'm really disappointed by this merge as it broke our CI/CD pipeline for unknown reasons, I'll have to spend more time debugging it than reviewing code
2152;neutral;The `npm install` in `.travis.yml` could use an update to match the latest version.
821;positive;Nicer API documentation, thanks!
1998;neutral;Regarding PR #456: I've noticed that the tests are passing on my local env but still failing on CI. Any insights on why this might be happening?
4405;negative;This pull request still breaks the CI/CD pipeline on Windows. Fails to build again after merging.
3055;negative;I'm concerned about this CI/CD pipeline change - relying on a third-party service for artifact storage may not be reliable
1249;positive;Thanks for breaking down the test suite into smaller modules! It's so much easier to debug now :)
3612;negative;CI build on Windows is consistently failing due to `libprotobuf-lite.a` not found error. Any idea what's going on?
2713;neutral;We use `requests` library for HTTP requests in our app. Can you clarify what's the purpose of `session = aiohttp.ClientSession()` in this code?
993;positive;Great work on resolving the Jenkins build issue! Your fix has been verified and is now passing smoothly.
2191;neutral;I think it's fine to remove the redundant `isRunning` check in this block, but wanted to mention it so you can decide.
4204;negative;This will break our CI/CD pipeline due to an incompatibility with newer Node versions. Do we need to pin it or update the Docker image?
1047;positive;Love the fix for the CI/CD pipeline on CircleCI! Now our nightly tests are running smoothly without any hiccups :-)
1889;neutral;@spastorino, can you clarify why the pipeline for release-v1 is still referencing `v0.9` instead of `v1.0`?
2470;neutral;I think we should revisit this dependency in the build.gradle file to ensure it's compatible with our target SDK.
2848;neutral;Would it be possible to revisit the changes made to `dependencies.txt`?
616;positive;Thanks for reviewing my PR! Great feedback on performance optimization, really impressed with your analysis!
1319;positive;Great job on resolving the CI/CD pipeline issue! Now that it's fixed, we can proceed with deploying to production as planned :)
1864;neutral;This seems to be related to the recent changes in CI/CD pipeline config. Tests are running fine on my end, but can someone confirm if this is a general issue or specific to one environment? refs #1234
2344;neutral;Can you clarify why we're using `npm install` instead of `yarn` in our CI/CD pipeline?
2450;neutral;"This CI build error seems unrelated to our recent changes; can we re-run without this dependency and see if it passes?"
2137;neutral;I think it's worth considering a separate error type for this case, as it doesn't seem to fit the existing `InvalidRequestException` hierarchy.
4033;negative;this CI/CD pipeline is failing due to a missing `git config` command in your Dockerfile. Looks like it's been broken for weeks now
1773;neutral;We should probably add some logging to the CI/CD pipeline for failed builds so we can track down the issue easier.
4464;negative;This CI/CD pipeline update is causing my tests to fail consistently. Any idea what might be going wrong?
132;positive;This is looking great! The CI/CD pipeline seems to be stable now. Good catch on that dependency issue @john!
3541;negative;Failing tests on .NET Core due to missing NuGet package imports is really frustrating.
78;positive;Thanks for fixing this CI/CD pipeline issue! The new config file has really helped to speed up our automated tests.
3451;negative;This is not how we handle errors in production, reverts the changes please.
2899;neutral;Not sure if this is intended behavior, but build fails on my CI/CD pipeline due to missing dependencies for project X: https://github.com/user/project/issues/123
2053;neutral;The CI/CD pipeline is failing for the 2.1.0 release due to missing dependencies in the test environment.
3999;negative;@maintainer can't believe it took me an hour to troubleshoot, but this CI/CD pipeline still fails because of outdated Node.js dependency...
725;positive;Your PR fixes the `ci/build` pipeline issues nicely! The deployment now runs smoothly on our CI/CD environment.
1315;positive;Thanks for addressing the cache issue in #1234! Your fix is spot on and will definitely improve performance. Great job!
3759;negative;I think we have an issue with our CI/CD pipeline. The latest build for `main` branch failed 3 times in a row due to a missing dependency :(
1852;neutral;I noticed the latest pull request doesn't include updated documentation for changes in the build process.
2318;neutral;CI/CD pipeline is failing again, so we'll need to revert this change temporarily.
3771;negative;"This seems to break our CI/CD pipeline; can we revisit this change to ensure it works with both Python 3.8 and 3.9?"
4079;negative;This isn't about the PR not merging, it's about CI failing every time I try to fix #1244
1373;positive;Nice fix! Your change to update the CI/CD pipeline for Ruby 3.0 compatibility is great work!
1856;neutral;
2966;neutral;I'm going to add a check for the `is_serializable?` method in the controller actions as you suggested @leethal. This should catch any issues related to serialization.
3588;negative;this will break on non-linux platforms for sure
1320;positive;Love the fix for the CI/CD pipeline issue! Just re-ran the tests and everything looks good now. Thanks for your keen eye!
2561;neutral;Could you clarify how this fix will affect existing pipelines that use the deprecated API endpoint?
4409;negative;We really need to sort out the Jenkins pipeline issue #4567, its causing our builds to fail repeatedly.
4019;negative;@author I'm disappointed to see the recent commit (https://github.com/projectname/project/commit/newid) broke the CI pipeline on Jenkins due to an outdated dependency.
3565;negative;@johnDoe, sorry to be the one breaking the news, but your latest PR caused the CI/CD pipeline to fail due to incompatible dependencies.
376;positive;In [12321]. Works like a charm now! Your fix is much appreciated!
1909;neutral;I think we still need to update the test cases for this fix in #123 and also verify that it works as expected.
334;positive;Finally! Thanks for updating the CI/CD pipeline to use the latest dependency version
3702;negative;Not sure how we're supposed to debug with that CI/CD pipeline always failing due to outdated Node.js version.
3782;negative;The Travis CI build is failing because we're still using an outdated version of Node.js. Can we please update it to 14.x?
2366;neutral;will remove unnecessary imports and refactor some methods as discussed in #20471.
1605;neutral;I think we need to revisit the unit tests for the `clusterView` class after this change.
1119;positive;Great work on fixing that nasty Travis build issue! Your fix really saved our day
4380;negative;-1 for not addressing libpng vulnerability in latest update, users should be informed before deployment.
1944;neutral;The current implementation of CI/CD pipeline for Linux builds is adequate, but a manual step still exists to handle dependency issues in package.json.
2959;neutral;Not sure if it's intended, but our CI pipeline is currently failing on macOS due to this issue: https://github.com/trinitycore/TrinityCore/issues/1563
3717;negative;This test is still failing after the recent update to React @SilverIce: can you take another look?
4459;negative;Why the CI pipeline still fails to test for missing dependencies? #123 This is frustrating!
3734;negative;The latest build broke our CI/CD pipeline, can't seem to understand why the Dockerfile is now failing to copy assets
2377;neutral;Could we consider adding another test case for this scenario? It doesn't seem to be covered currently.
4360;negative;Can someone please explain why this CI/CD pipeline is still failing intermittently? I've re-run it multiple times and it's just not working
1343;positive;Nice job on the fix for the broken CI/CD pipeline! This should help reduce our build times significantly now.
321;positive;Thanks @topfs2! Your changes to the CI/CD pipeline improved our deployment speed by 30%! :)
1620;neutral;@jaredmoreno Can we add a note to this PR mentioning the potential impact on existing integrations?
4008;negative;I think we should reconsider this CI/CD pipeline change (https://github.com/open-dev/project-123/pull/456) since it's causing intermittent build failures on our Jenkins server.
2061;neutral;I think it's worth reviewing how we handle concurrent updates to the same key in our cache layer.
2946;neutral;I've noticed that our CI/CD pipeline sometimes stalls due to high CPU usage. It might be worth increasing the number of workers or upgrading the server.
2220;neutral;Let's discuss implementation details in #123 before proceeding.
1674;neutral;I'll take another look at the CI/CD pipeline config to ensure everything is set up correctly this time. Thanks for pointing out my earlier mistake.
1943;neutral;Can you clarify what's causing the CI build failure on the `dev` branch? It seems intermittent and I want to make sure it's not related to our recent changes.
261;positive;Great fix for the CI/CD pipeline issue! The automated tests are now passing smoothly, thanks to your efforts!
3858;negative;@DylanWilf The CI/CD pipeline still fails after re-running your fix. I get the same `TypeError: can't multiply sequence by non-int` error in the tests.
2040;neutral;Noted in commit 1234567: updated Rakefile to reflect changes in Gemfile
690;positive;The updated CI/CD pipeline is looking great! Automated tests are passing for all branches now.
902;positive;Great catch on that CI/CD pipeline fix! The automated tests are running smoothly now :)
2307;neutral;Actually, we should check if the package version matches in `composer.json` and `package.json`, as the current fix only checks the latter.
2027;neutral;That's an interesting approach for testing the edge cases in our CI/CD pipeline.
2893;neutral;can you update the changelog for the upcoming 1.2 release? Thanks.
139;positive;I like your fix for the caching issue in PR #1234!
1918;neutral;Not sure why the test coverage for `dependency_a` is failing after this update - can someone take another look?
1829;neutral;Would it make sense to update our CI/CD pipeline configuration to use the latest version of Node.js (https://github.com/actions/node-prepare-container/blob/main/versions.json)?
1574;neutral;As for the CI pipeline change in #2051, I'll make sure to run the full test suite again before closing the PR.
320;positive;Thanks for squashing that annoying CI/CD pipeline issue - our deploy is looking green again!
654;positive;Nice fix! Works as expected now.
2138;neutral;Regarding the updated CI/CD pipeline, should we re-run the affected builds after this fix to ensure they pass?
3806;negative;I'm really confused about this CI/CD pipeline failure. It's been failing for hours and I can't find any relevant logs.
559;positive;Love the refactoring in #123! Simplifying the pipeline config is exactly what we needed.
2188;neutral;Not sure if we're following the same approach as https://github.com/docker/docker/issues/28661 in terms of CI/CD pipeline for our own project?
113;positive;Your pull request to refactor the CI/CD pipeline is exactly what we needed!
532;positive;Looks great to me, thanks for refactoring the dependency management! The updated version passes all tests on CI/CD pipeline.
225;positive;Great job catching that `memory leak`! I've verified and you're right, it was a nasty one.
724;positive;Great job on the CI/CD pipeline optimization! The deploy times are significantly faster now ^_^
3980;negative;Can't reproduce the issue with latest commit. Stuck at CI/CD pipeline failure again. Any ideas what's causing this now?
2884;neutral;I agree with @JohnDoe that we need to revisit our API documentation, perhaps we can add a brief explanation on the 'cancel request' endpoint.
1142;positive;Great job on fixing #20389! CI/CD pipeline looks stable now ^_^
1434;positive;Looks like the CI/CD pipeline is running smoothly! Great job, team :)
2374;neutral;You mean we're seeing a discrepancy between our local and remote Docker image tags due to the recent switch to semantic versioning?
3822;negative;:-1 on merging, don't think we should compromise the clean commit history for this minor fix
3372;negative;Wouldn't it be nice to revert this change? I think it causes a regression in our API endpoint /users
3936;negative;Can't believe the CI/CD pipeline broke again. This time it's due to an outdated Ruby version on one of our nodes.
1459;positive;Thanks! Your fix for the CI pipeline issue solved the build problems we were experiencing last night.
3098;negative;This change breaks our CI/CD pipeline and causes test failures for multiple configurations. Can we revert or fix this before merging?
1416;positive;Nice catch on that typo! I'll update the docstring to match the method signature.
2763;neutral;I see that this PR addresses the Jenkins config issue, but I'd like to clarify how it interacts with our existing CircleCI setup @johnDoe #1345
847;positive;Great fix! Thanks for updating the CI/CD pipeline to include the latest PHP version. Builds are now passing smoothly again!
194;positive;Great job on getting CI/CD pipeline to work with Docker! This will make our lives so much easier for releases
1465;positive;Great catch on this dependency issue! This PR will definitely improve our build stability.
2622;neutral;Could we consider adding a note about `sessionTimeout` in the documentation? Not sure if it's clear why it defaults to 10 minutes.
947;positive;Great suggestion @john to switch from Travis CI to GitHub Actions for our build pipeline, it'll simplify things a lot and reduce overhead :)
2022;neutral;Would it be possible to update the Jenkins CI/CD pipeline to run these tests on both master and dev branches?
2552;neutral;I think we should revisit the unit test for this function to ensure it correctly handles edge cases when dealing with null inputs.
1630;neutral;I agree that this change to the CI/CD pipeline might make sense, but we should consider its impact on automated testing.
2929;neutral;Just tested the fix on the CI/CD pipeline and it seems like the build is passing now.
118;positive;In [14562], works perfectly now! Great job on squashing that bug :)
646;positive;Great fix! Your patch to resolve the issue with dependency installation on Ubuntu 20.04 works perfectly.
1871;neutral;@leethal: In regard to the CI/CD pipeline, could you clarify why we're using both Jenkins and Travis for this project? Is there a specific reason it's set up this way?
4;positive;This CI/CD pipeline looks solid! :+1:
75;positive;Great job on squashing that nasty CI/CD pipeline issue! #21374 thanks to your efforts!
1756;neutral;"ah, looks like `jenkins` build is failing due to an issue with `nodejs` version 14.x; but I can see in the build log that it's using the correct script for updating dependencies."
468;positive;Great catch on the CI/CD pipeline issue, glad we were able to squash that bug in time for the next deploy!
3394;negative;Fails to compile due to undefined variables when used with Maven `3.6.0`
6;positive;Thanks for the quick fix on the CI pipeline issue! The latest build is now passing smoothly #32
1247;positive;Thanks for fixing the CI/CD pipeline issues! The latest build looks solid, great work on squashing those bugs!
920;positive;Looks great, especially how you've handled the caching for this feature! Easy to read and implement too.
2596;neutral;Let's revisit this PR https://github.com/open-source-project/project-name/pull/123 and verify if the changes affect the pipeline results on CircleCI.
229;positive;Epic refactor! The new modularity is going to make future maintenance so much easier!
1064;positive;Just saw your PR for CI/CD pipeline improvements - looks great! Cleaned up some redundant scripts as well
2591;neutral;Could we consider adding an option for `CI/CD pipeline` to ignore specific test cases in certain environments?
243;positive;Great fix on the `ci pipeline`! Your changes are spot-on and got us back up and running quickly.
2947;neutral;closes #213
3745;negative;This CI/CD pipeline setup is causing unnecessary overhead. Can we optimize it or move to a simpler Jenkins workflow?
1161;positive;Thanks for fixing the Travis build issue! Your changes are making CI more reliable.
3827;negative;Fails to build on Linux. The Travis CI test fails because the library dependency isn't compatible.
1631;neutral;I'll update the README to reflect the new changes in the `v2.5` branch since they affect several classes now.
3671;negative;They're going to break our entire CI/CD pipeline again with this merge.
3518;negative;This PR breaks our CI/CD pipeline in Azure DevOps for Node.js builds on Linux.
2891;neutral;Should we revert to previous `docker-compose` version since this one causes compatibility issues?
3422;negative;Unfortunately, the CI/CD pipeline is still failing after reverting to v1.2.3, so I think we need to dig deeper into the dependency management
2564;neutral;looks good, thanks for adding this feature
2672;neutral;"You're right to think about refactoring this function; maybe we could extract a separate method for the calculations. Worth considering."
1527;neutral;@yigitmng - Need to decide how to move forward with the `lint-staged` config issue #3456. We can either update the `package.json` file directly or create a separate script.
1606;neutral;I can merge this PR but I'm not sure if we want to keep the unused dependency on v8.
4349;negative;this @dependency_management thing keeps causing issues, really wish we had some proper testing setup before deploying
2325;neutral;Yeah, that makes sense. I didn't realize we were still on Java 8. Guess I need to update our CI/CD pipeline.
2710;neutral;I think this change (https://github.com/rails/rails/commit/a1b23c45) is consistent with our previous discussion on removing unused dependencies.
3819;negative;This strncpy issue is still not resolved in latest commit #1234. Can't believe it's been broken for so long...
1313;positive;Your patch looks great, thanks for simplifying our CI/CD pipeline!
3449;negative;-1 for the recent CI/CD pipeline update, it broke our nightly builds and is causing a lot of extra work.
1990;neutral;I've reviewed the changes in PR #123 and don't see any conflicts with our current build pipeline.
3853;negative;Nope, still getting `TypeError: 'NoneType' object has no attribute 'items'
2363;neutral;This PR's changes look good to me, but could you clarify why we're updating the `devDependencies`?
1976;neutral;Noticed this patch is incompatible with our existing CI/CD pipeline setup. Need to tweak the script accordingly.
3515;negative;this is insane, why did you even introduce `pyalpine` as a dependency when we're trying to keep things simple?
1762;neutral;I'm not sure what's going on here - our CI/CD pipeline is still failing on the 'build-ubuntu' job after the last deployment.
3392;negative;Unfortunately, I've encountered the same rendering issues after your changes to the pipeline, now we're back at manual debugging...
1306;positive;Great catch on the CI/CD pipeline fix! Automated builds are now passing smoothly
2740;neutral;I'll need to take another look at the CI/CD pipeline configuration to see why it's still failing on the `latest` branch.
1542;neutral;I agree to remove the redundant `else` clause in this method
4198;negative;I've tested this CI/CD pipeline 5 times now, but I'm still getting `ERROR: Cannot resolve dependency 'libxml2'`. Anyone else experiencing this?
2473;neutral;We should probably add some logging to see why this CI/CD pipeline is failing consistently
2643;neutral;I think we can just remove it and update the CI/CD pipeline accordingly.  @author, what's your take on this? #34
2796;neutral;I see you're using `npm install` instead of `yarn install`. No issues here, just wondering if there's a specific reason for this choice.
3947;negative;Can someone please explain why this recent refactor broke the build in the CI/CD pipeline? This change is causing a lot of downstream issues...
623;positive;Great job on addressing the CI/CD pipeline issues! Your fix has significantly improved our deployment times.
3797;negative;This test failure is concerning: 17/20 tests failed on my CI pipeline due to this recent dependency update in #123.
1494;positive;Great job on squashing that critical bug in #234, PR will be merged soon!
111;positive;This rev makes some great improvements on database queries! I can already see better performance in my local tests :)
2276;neutral;I think we're good with this approach, but just wanted to note that it's not entirely clear what the implications are for our CI/CD pipeline.
3722;negative;the automated build on our CI/CD pipeline is still failing due to this dependency issue #56  any progress?
1170;positive;Great fix! This should improve performance for our heavy users.
4035;negative;This is an example pull request that introduces a breaking change into our master branch. Shouldn't this be reviewed before it gets merged?.
233;positive;Just tried your fix and I'm blown away by how seamlessly it integrates with our CI/CD pipeline! Thanks for the amazing work :)
67;positive;This pull request looks great!  The CI/CD pipeline is green and the tests are all passing :)
4102;negative;This will cause issues with our CI/CD pipeline, which relies on specific build versions being available.
1604;neutral;I've reviewed the updated code and agree with @topfs2's suggestion. The changes look clean and maintainable. Let's proceed with merging.
2073;neutral;The Travis build is failing due to a version conflict. The latest dependency spec seems to be incompatible with our current build script.
3284;negative;This breaks our CI/CD pipeline on Windows. The error is 'permission denied' when trying to install package X.
3597;negative;Still can't get this unit test passing :(
2193;neutral;I think we should test this on different CI environments before merging.
537;positive;Thanks for fixing the CI/CD pipeline issues. The updated workflow is now passing all tests successfully!
2860;neutral;Could you explain why this dependency version is not compatible with our CI/CD pipeline?
126;positive;Thanks @jmarshallnz, this shader-based GL implementation has greatly improved our game's performance!
3546;negative;This Travis CI build isn't passing due to a dependency conflict :(
2134;neutral;In the case of concurrent reads, wouldn't it be better to use `ReentrantLock` instead of `synchronized` blocks?
1255;positive;Great catch on the Travis CI pipeline update! Your fix should get us through the weekend ^_^
4077;negative;https://github.com/nodejs/node/commit/4d4c7ea5a7ed3fbc2e0be4d1ca6f9b74fe21e93a This is ridiculous, we're breaking backwards compatibility again?!
1977;neutral;Would it make sense to merge this PR (https://github.com/project-name/project-repo/pull/123) after refactoring the affected dependencies?
4036;negative;unbelievable. just tried to build project, but it failed due to missing dependencies in `pom.xml` file.
3814;negative;:( frustrating that this fix broke our CI/CD pipeline for Node 14.5 now fails to build due to incompatible dependency version
2076;neutral;The test suite is passing on my machine, but I'm not sure about other environments. Can we add some additional logging to debug this?
485;positive;Thanks to @marcelocooke for resolving #321 issue, now our CI/CD pipeline is green and deployment is successful!
1655;neutral;@jared I think we're good with the changes to the CI/CD pipeline now, but can someone verify if this will break anything in our nightlies?
1216;positive;Thanks for fixing that pesky CI/CD pipeline error! :)
3087;negative;@johnlee17 That Jenkinsfile change broke our CI/CD pipeline and now all builds are failing. Can we revert it or fix ASAP?
3723;negative;Still having issues with this CI/CD pipeline - can't seem to reproduce that last failing test, but it's still consistently red
4099;negative;Unfortunately, the CI/CD pipeline is still failing due to the missing `package-lock.json` file. Can someone please re-run the install script?
3762;negative;The CI/CD pipeline is still failing due to the incorrect version of `jsonschema` in our Gemfile lock. This needs to be addressed ASAP.
4052;negative;This breakage is unacceptable after a recent major update. CI/CD tests for `v2` module still failing.
3346;negative;@SilverIce: still not resolving dependency on 'mysql-connector-java' 1.8.0 despite setting version in pom.xml, getting error `Could not find artifact com/mysql:mysql-connector-java:jar:8.0.21`
3948;negative;Failing CI/CD pipeline again due to outdated dependencies @john-doe , is this going to be a recurring issue?
1775;neutral;I'm wondering if we should reconsider the caching mechanism to improve performance when dealing with large datasets?
2411;neutral;I noticed that the build pipeline is taking longer than usual due to issues with the Maven repository, could we investigate further?
2798;neutral;@alex, I was thinking about the recent changes to the CI/CD pipeline and wondered if we should also add a test for the newly introduced `retry` parameter in the `fetch_data` function.
919;positive;Great work on resolving the Jenkins CI/CD pipeline issue! The automated builds are now passing smoothly again.
1647;neutral;I'll need to take another look at #20470 to understand the changes you made. Can you explain your reasoning behind this update?
1027;positive;+1 This is a great catch! Glad we're double-checking the dependencies before merging #123 into master
1031;positive;Nice cleanup on #1234! Reducing duplicated code was much needed!
883;positive;Great job on squashing that pesky CI/CD pipeline issue #10123! Looks like it's now consistently passing
1336;positive;Great job on addressing that CI/CD pipeline issue! Your fix for the broken tests in commit 2bf58aa is spot on
2747;neutral;Reopening #42 as we need to revisit the changes made to the CI/CD pipeline.
3652;negative;can't believe this broke our CI/CD pipeline again... https://github.com/actions/setup-python/runs/12345678/jobs/12345678#step 6:9
2714;neutral;The CI/CD pipeline is failing due to the missing package 'mysql2'. Should we add it as a dependency?
365;positive;Awesome catch @jamesbond! Indeed, this might be possible :)
4361;negative;Can't believe the fix for #123 broke our CI/CD pipeline in a non-reproducible way. Still no idea what's causing this 'mysterious' error.
3288;negative;@author, this PR breaks our CI/CD pipeline due to an outdated version of `node-gyp` which fails to compile on some systems.
2126;neutral;Are we considering adding a CI/CD pipeline for this feature branch?
28;positive;Great catch on the CI/CD pipeline update! Automated tests are now running smoothly again, thanks for your persistence on this issue!
474;positive;Looks like your recent fix for the CI/CD pipeline issue is working perfectly now! Nice catch on that regression bug!
526;positive;Great job getting this CI/CD pipeline fixed! In [12345]. Your effort is much appreciated.
726;positive;Love the cleanup on this CI/CD pipeline refactoring!
56;positive;:) Great job on fixing that CI/CD pipeline error! Our automated tests should run smoothly now.
639;positive;Nice fix on the CI/CD pipeline! Glad to see the broken tests are back up and running smoothly now.
303;positive;Great catch @johnDoe! Your CI/CD pipeline fix made it through automated testing without issues :)
2767;neutral;We could potentially merge this PR once it's been verified in our CI/CD pipeline.
4201;negative;-1 is not a valid input for the CI/CD pipeline. This will cause the build to fail.
1277;positive;"that was a smooth rebase even you are author there hehe ;)"
1891;neutral;In that case, we might need to revisit our dependency management strategy to ensure consistent versioning across all projects.
625;positive;@kylehutz Thanks for squashing that pesky bug! Your fix saved us from a lot of downstream headaches :)
2056;neutral;Let's consider adding `async` to the method signature for consistency with other similar methods in the class.
1281;positive;love how this fix simplifies CI/CD pipeline for our team! thanks @githubuser1
2852;neutral;I agree with reverting this commit, as it doesn't seem necessary for our current implementation, but can be revisited later if needed.
1050;positive;Love the approach for implementing CI/CD pipeline for the backend services! Well done on simplifying the process!
337;positive;Great job on addressing that pesky CI pipeline issue! Builds are now green and ready for deployment.
3645;negative;We can't just add that without addressing the #16 issue first.
48;positive;Great job on fixing that tricky CI/CD pipeline issue #123, saved me from a lot of debugging tonight :)
2879;neutral;You're right, it's just how `libcurl` handles certificates in this scenario. We can discuss alternatives or workarounds.
107;positive;Thanks for fixing that threading issue! The code is running smoothly now.
2398;neutral;I think we can simplify this CI/CD pipeline by removing unnecessary stages and using more efficient dependencies.
1080;positive;Nice catch on that CI/CD pipeline optimization @john! Reduced build time by 30% without breaking anything. Thanks for keeping our dev workflow smooth!
2287;neutral;I agree with @Trustin, duplicating and retaining every time seems inefficient. Can we consider an alternative solution?
2262;neutral;Not sure about the impact of this change on our CI/CD pipeline, can we add some regression tests for it?
1145;positive;Nice catch on the CI/CD pipeline issue! This change should resolve the failed builds due to outdated dependencies.
3920;negative;just got here and this CI/CD pipeline is failing for no reason for like 5 minutes now
2297;neutral;ERROR: Script named 'map_gen' does not have a script name assigned in database.
2842;neutral;Would be helpful if we could add some context to this CI/CD pipeline so others can understand how to replicate and debug issues.
3145;negative;Come on, can't you see that this CI pipeline is failing for the same reason as last time? Update your Dockerfile already!
1837;neutral;I'll review your PR once you address the CI/CD pipeline failure on the `master` branch as noted in #1234.
1754;neutral;I'm going to take a closer look at this, but it seems like the fix for the segmentation fault might be causing issues with the CI/CD pipeline.
1102;positive;Just tested this fix and it's working as expected! Nice work on squashing that CI/CD pipeline bug!
1969;neutral;Just hit this issue with CircleCI - the deploy step fails on 2bf58aa due to missing package 'pgbouncer' - works fine in previous commit 4f53db0 though.
3729;negative;This is going to break CI/CD for us if not fixed ASAP.
3118;negative;This breaks our CI/CD pipeline. The automated tests fail when trying to deploy.
2394;neutral;This change breaks Travis CI for me. Same issue as #1234: 'bash: syntax error near unexpected token `&&'
524;positive;+1 : Thanks for fixing that CI/CD pipeline issue! You saved us from another late night
2281;neutral;I'm okay with this approach, but we should also consider using a more robust dependency management tool in future projects.
2693;neutral;The test coverage seems to be affected by this change, but I'm not sure if it's significant.
4129;negative;This regex is still not working as expected for our CI/CD pipeline :(
2886;neutral;No change needed on this PR as the issue with the Jenkins pipeline is now resolved.
1429;positive;Just pushed the fix for the Travis CI build failing due to outdated dependencies. Thanks for reviewing! https://github.com/example/project/pull/123
2582;neutral;Ah, good catch on the typo in `@rails/rails` . It should be `@rails/actionview`. Thanks for pointing it out.
682;positive;Great catch on that CI/CD pipeline issue! I was worried about our deploy times but it looks like we're back to normal.
604;positive;Great job on addressing the CI/CD pipeline issues! The latest changes have significantly improved build reliability.
1490;positive;A nice catch! @username You're absolutely right about the missing import statement in the CI/CD pipeline, saved me from a potential headache
4086;negative;-1 for not catching this edge case in the CI/CD pipeline. This build should be failing on our Jenkins server
4352;negative;Ugh, the build is failing again due to this new dependency conflict... CI/CD pipeline isn't even reaching the tests.
3123;negative;This breakage has been causing issues for days - can we please have a fix in 1.2.3? This regression shouldn't be taking this long to resolve #12345
4003;negative;This CI/CD pipeline breakage is getting ridiculous. Can someone please investigate why the latest build is failing every time?
61;positive;Great work on squashing that CI/CD pipeline issue! The fix in #1234 should now prevent the downstream dependencies from failing.
1970;neutral;I noticed that we're still using SQLAlchemy 1.4 in our CI/CD pipeline while the project's README recommends using 2.0 for new projects.
672;positive;Great fix! CI/CD pipeline is finally green again after your pull request https://github.com/open-source-project/project-name/pull/123
93;positive;This CI/CD pipeline refresh is looking slick! Thanks for the improvements to deployment efficiency :)
667;positive;Great job on fixing the CI/CD pipeline issue, @johnDoe! The tests are passing now and it's much faster than before :)
3708;negative;Fails on Linux due to missing header file included in the CI/CD pipeline setup.
1888;neutral;I'm good to merge this pull request as-is, just wanted to note that it doesn't address the pending CI/CD pipeline issue #123.
3267;negative;This CI/CD pipeline is broken again, and I'm starting to question the sanity checks in `build.gradle`.
281;positive;Thanks for resolving the test pipeline issue! CI/CD is back on track.
1720;neutral;Maybe we could revisit the `CI/CD` pipeline configuration to avoid redundant checks in the `trunk` branch? Currently it's triggering multiple notifications for minor updates.
3739;negative;I'm not sure about this CI/CD pipeline change... Isn't it going to cause more overhead? :\
360;positive;Great job on merging that CI/CD pipeline! The automated tests are now running smoothly, thanks for your efforts!
900;positive;Awesome solution! Your test for infinite loops has reduced our build times significantly. Thanks!
3592;negative;Ugh, our CI pipeline just failed again due to the outdated version of rspec-retry
1936;neutral;I think we should revisit the approach to handling concurrent requests in our CI/CD pipeline. It might be more efficient to use async tasks instead of blocking the entire process.
4369;negative;Ugh, this dependency issue is going to take ages to resolve, and our CI/CD pipeline is still broken.
1995;neutral;The CI/CD pipeline is currently configured to run on every commit, but we might want to look into optimizing this for larger pull requests.
3795;negative;This testApp.cpp change seems to break the CI/CD pipeline, can we revert it or modify the affected commit?
2896;neutral;@author, could you clarify why we're using `mysql_real_escape_string` here when we've already updated to PHP 7?
3255;negative;Can we please revisit this CI/CD pipeline? It's been breaking every night for weeks now due to some mismatch in node versions
761;positive;Just finished integrating CI/CD pipeline for our new feature! Everything looks green on my end :)
2159;neutral;I see what you mean about the package conflict in the CI/CD pipeline. Yeah, we should probably update our dependency management script.
1907;neutral;Just a heads up, the updated changelog for v2.5 isn't reflecting the latest bug fixes.
43;positive;Thanks for addressing that performance regression in the CI/CD pipeline, really appreciate it!
2174;neutral;Could you clarify why you removed the `requirements.txt` from the project root?
205;positive;Just tested this PR and it's working flawlessly on our CI/CD pipeline! Great job, team!
1474;positive;Great job on resolving the caching issue in #21387! The pipeline is now stable and we can move forward with confidence.
2101;neutral;I see that Travis CI is failing on Ruby 1.9.2 due to incompatible dependencies.
2594;neutral;Could you provide more context for the error in #1234? The stacktrace doesn't seem to match any known issues.
69;positive;Well done on squash merging pull request #1234, reducing the number of conflicts in our CI/CD pipeline :)
4372;negative;-1 This regression from #1234 caused a 20% slow down in CI builds for our project.
1876;neutral;The CI/CD pipeline is currently failing due to a timeout in the testing phase. Any suggestions on how to optimize the test cases?
3580;negative;Can't believe we're back to this issue with test failures on CI due to invalid env vars again after your pull request #12345 :/
2833;neutral;Re: https://github.com/open-source-project/project/issues/123 - just re-running build on latest commit
3906;negative;This breaks our CI/CD pipeline on Windows :(. The tests fail to compile due to missing dependencies.
3473;negative;This is frustrating. The recent changes to the deployment script have broken our CI/CD pipeline on CircleCI again. Can we revert?
2232;neutral;"I've taken a look at the updated changelog; it seems like some minor formatting issues were addressed, but I'd suggest reviewing the grammar as well."
138;positive;Thanks for the fix! The build pipeline is finally up and running again :)
2948;neutral;Causes an error in our CI/CD pipeline
797;positive;Thanks for adding this CI/CD pipeline config! Looks like it's going to make our deployment process a lot smoother.
2181;neutral;Can you elaborate on why the CI pipeline is failing for the `release` branch but not for `main`?
2129;neutral;Not sure if this is just my environment, but I'm getting an error when running CI on the latest commit.
3635;negative;Not sure what's going on here @johnDoe , CI/CD pipeline still failing on Ubuntu 20.04. Same error message as last week :(
3178;negative;Unfortunately, same issue as #432 - pipeline fails on Linux due to this dependency conflict, need fix
759;positive;Thanks for sorting out the Jenkins pipeline, makes deploying a breeze now! Your tweaks really streamlined our build process :)
542;positive;Thanks to this fix, the test suite is passing again on CircleCI! Great job catching that regression!
1020;positive;Nice catch on that edge case! I was wondering how we'd handle it, glad you brought it up.
3758;negative;Fails to build on Linux, same error as #2345
3032;negative;This CI/CD pipeline is still failing due to that unclear error message about missing dependencies. This has been going on for too long now.
3553;negative;I see what's happening here: another build fail due to outdated dependencies on CI/CD pipeline, thanks to the recent version bump...
166;positive;Your fix for the unit test failure is exactly what we needed! Works like a charm, thanks!
249;positive;Great job with CI/CD pipeline updates! The automatic retries and notifications are now working flawlessly.
1332;positive;Thanks for squashing that race condition in the CI/CD pipeline! Makes our release process much more reliable now.
2018;neutral;I'll take care of that CI/CD pipeline reconfig. You can focus on the front-end changes.
447;positive;Thanks to @CodeMaster for fixing the CI/CD pipeline errors! Builds are now stable and passing all checks. Great teamwork!
2483;neutral;Can we please keep the same naming convention for the two API endpoints as shown in the previous commit?
2907;neutral;I see you've updated the `devDependency` versions. Can we also bump the `@jest/transform` version to 28?
1359;positive;Love the fix for the pagination issue! This should significantly improve user experience #442.
2846;neutral;Can you clarify the purpose of `errorHandling` in the CI/CD pipeline?
2146;neutral;I think we can just rename it to `api_key` instead of `token`. It's more consistent with other variables in the config.
1330;positive;Nice refactor! The CI/CD pipeline is green again and I really like the simplification you made to the dependency management!
2854;neutral;I'm having trouble understanding why the CI/CD pipeline for this branch is failing on the 'build' stage. Can someone help me investigate?
2786;neutral;I've used this regex before, but can't figure out why it's not working in this specific case: `r''`
764;positive;Awesome CI/CD pipeline update! Continuous deployment is working as expected now
3494;negative;Your CI/CD pipeline is failing again due to the outdated version of Node.js, can't we just update it already?!
2151;neutral;This seems fine, but you might want to consider adding more error checking when handling null values for the `fetchData` method.
435;positive;Great job on fixing that race condition in the CI/CD pipeline! The changes look solid and should improve build reliability.
2123;neutral;Would using `$this->user_id` instead of `$_SESSION['id']` make the code more consistent throughout this function? I'm not sure which one is more idiomatic.
578;positive;Great catch on that typo in `README.md`! We should update it to match the latest documentation changes.
2901;neutral;Let's discuss the CI/CD pipeline changes in #234. Should we stick with the current configuration or update to use the new Docker images?
3927;negative;This breaks our CI/CD pipeline for Ruby 3.0 because it can't install the 'rest-client' gem due to version conflicts.
3279;negative;not impressed by this breaking change. will require significant updates to our automation scripts, which is just extra work on top of fixing the actual bug
2967;neutral;I'm good with this approach, but I think we need to consider how it will affect our existing tests for API endpoints.
3375;negative;Can we revert this change? Looks like it breaks our CI/CD pipeline for Node.js 14.
2815;neutral;Not seeing any issues with your approach to caching. The logic looks straightforward.
4313;negative;Frustrating that the build still fails on CircleCI due to unresolved dependencies in the Docker container
2449;neutral;Yeah, that's what I was thinking too. Can we revisit the Jenkins configuration to ensure it's not interfering with our local builds?
1849;neutral;Can you clarify why `@dependabot` is unable to update the pinned version of `dependency-X` in the `ci.yml` pipeline?
763;positive;Thanks for squashing that bug! The build should now pass smoothly through our CI/CD pipeline.
3038;negative;frustrated that CI/CD pipeline failed due to outdated Node.js version on our Docker image
389;positive;@knighty90 Great fix! This change resolves an issue I've been having where our CI/CD pipeline was failing due to incorrect package versions. Thanks for taking care of it!
236;positive;Great catch on that CI/CD pipeline test failure! I was about to deploy without noticing it
1078;positive;Looks like we're finally resolving that pesky Travis CI error with this PR! Good work!
1985;neutral;will need to test this further before merging #20470,
268;positive;Just ran the latest test suite on CI and it passed without errors! We've made great progress on this feature.
3378;negative;https://github.com/python/cpython/commit/5b6e0d8bad9e8dc3c7c4edc9f0e7a1cf2dafeeb1  this PR breaks CI/CD for macOS
771;positive;Thanks for refactoring the CI/CD pipeline! This will greatly simplify our deployment process and save us a lot of time.
2166;neutral;I see what's happening here, the CI/CD pipeline is indeed skipping some tests due to incorrect dependencies.
438;positive;Your CI/CD pipeline is looking healthy again! Great job on the fixes @johnDoe!
674;positive;Thanks for resolving the `jenkins` pipeline issue! The automated tests are now running smoothly :)
250;positive;Just ran the latest build on CircleCI and was pleasantly surprised to see all tests passing!
2202;neutral;I'll take another look at the pipeline failure, but it's possible that the issue is still related to the updated dependencies in #21453.
1575;neutral;Looks like the CI/CD pipeline for our latest build is still stuck on `#4567`. We'll need to review the logs again before we can move forward.
3144;negative;This CI/CD pipeline breakage is frustrating! Our nightly builds are failing because it can't resolve `mysql-connector-java` :(
2143;neutral;Noticed a discrepancy in CI/CD pipeline output for nightly builds. This may be related to recent changes in the build configuration.
3420;negative;This CI/CD pipeline breakage is unfortunate: https://github.com/runoob/projectB/pull/234 - it should be merged after fixing.
2082;neutral;Can you clarify why this is causing a CI/CD pipeline failure on our Jenkins server? The build seems to pass locally.
1824;neutral;Can we consider adding a check for null before calling `json.dumps()` on it? It would prevent potential errors in certain scenarios.
488;positive;Nice catch on the typo! I've updated the README to reflect the correct syntax for deploying to AWS.
881;positive;Your CI/CD pipeline fix is working perfectly now!
449;positive;Great job optimizing the CI/CD pipeline! The reduced build time will really help us catch issues faster during development.
1470;positive;Great solution! The automated testing pipeline is now passing smoothly after your fix in PR #234
717;positive;This clean-up is amazing! The removal of unused imports has really improved the code's readability!
3938;negative;Still doesn't seem to fix the segfault issue on Linux #512. Not sure what else to do.
51;positive;The CI/CD pipeline is passing again thanks to your quick fix on #12345!
2049;neutral;@johnp I've reviewed your PR and noticed that the CI/CD pipeline doesn't account for the new dependency on `npm`. Can we add it to the build script?
1902;neutral;I think we can safely remove the `--update` flag from this script as it's not used anywhere in the code.
4101;negative;Not sure about @john's suggestion to use `npm` for dependency management in this project, seems like we'd be better off sticking with yarn given our existing workflows.
3150;negative;This is not going to work as expected, our testing shows that this commit causes 30% increase in build failures #2312 Please revert!
3157;negative;This aliasing messes up the whole pipeline and causes the build to fail every time. Can we just use the real type instead?
1169;positive;Thanks for addressing this! The changes in #1234 should fix the issue where users couldn't authenticate properly. Nice work!
83;positive;Much improved! CI/CD pipeline is now passing all tests after your refactoring efforts on #12345
3530;negative;Ugh, can't believe another deployment failed due to missing dependencies. CI/CD pipeline still not properly configured.
3974;negative;Unfortunately, I'm still encountering intermittent CI/CD pipeline failures due to versioning issues with our dependencies. Any ideas? #1234
2725;neutral;When you ran @vlastv's latest changes against the staging environment, it seems like the 'form-urlencoded' serialization for checkboxes is not behaving as expected, is this what you observed?
4040;negative;Unfortunately, the CI/CD pipeline for branch `dev-1.2.3` is still failing due to the unresolvable dependency issue with `package.json`. :(
3045;negative;This will break if we don't revert this change. Travis is already failing on multiple platforms because of it.
3095;negative;This build is failing because the Node version in `ci/pipeline.yml` is set to 14, but we're using 16.x. Can we update it accordingly? :-/
1461;positive;Nice implementation of CI/CD pipeline! The automated tests are running smoothly now.
2819;neutral;@hughbarr I noticed the `--disable-bundled` flag in our CI pipeline. Not sure if we're intentionally disabling bundled dependencies or just forgot to set it
1894;neutral;This should be done instead of using `ThreadLocal`
1669;neutral;I noticed that the `lint` job in our CI/CD pipeline is failing intermittently due to missing dependencies in one of the tests.
2757;neutral;The CI/CD pipeline failed on `main` branch due to version conflict issue.
2001;neutral;I'm not sure if it's just my env but I'm getting a `java.lang.NullPointerException` when trying to build the project in Intellij.
476;positive;Great job on getting the CI/CD pipeline up and running smoothly! This will save us so much time in the long run :)
518;positive;Nice catch on that CI/CD pipeline issue! Your fix should resolve the deployment errors now.
2871;neutral;Just noting that the updated README still references the old method for setting up environment variables in CircleCI
405;positive;Great fix on #123! Your changes to the CI/CD pipeline should prevent those pesky test failures we were seeing :)
385;positive;Great job on resolving that tricky bug in the CI/CD pipeline! It's been holding up our deployment for ages :)
3989;negative;We can't merge this pull request because it introduces a known security vulnerability in our dependencies.
4047;negative;This won't work on our Node.js environment since we're using esm and CommonJS modules.
2153;neutral;Thanks @ivanperez, this PR has been reviewed and I agree with your changes to improve error handling in the API client. Looks good to me!
1634;neutral;Can we revisit the issue with the CI/CD pipeline failing on the 'test-data' branch? I've re-run the tests multiple times, and the results are consistent.
4402;negative;Issue with your patch - it seems to have broken the CI/CD pipeline for our nightly build :(
689;positive;Nice catch on that test case! I was worried we'd miss it.
4004;negative;Not sure why you added another dependency without checking if it breaks the CI/CD pipeline #2345
2875;neutral;I agree that we need to update the Travis config to include the newly added dependency. Should we also bump the version in `requirements.txt` accordingly?
1241;positive;Great job on resolving the dependency conflict! CI/CD pipeline now successfully deploys to production environment :)
63;positive;Great job on merging #1234! The CI/CD pipeline looks solid now.
3354;negative;This seems like an overly complicated dependency update, is there really no simpler way to get rid of 'bcrypt'? It's causing issues in our CI/CD pipeline
853;positive;Thanks to @BangL's fix in [12321], our CI/CD pipeline is now successfully building and deploying our Docker images with no issues!
4317;negative;This isn't fixed by just moving the form constructor. The issue is that we're overwriting existing objects in the session.
4067;negative;:(
1263;positive;Great PR! The automated tests for `CI/CD pipeline` are passing smoothly now
224;positive;Your fix for #1234 looks solid! I was able to successfully run the CI/CD pipeline without any errors after applying your changes.
2194;neutral;I'm not sure if we should use `try-catch` for error handling in this method. We've been using it elsewhere, but I've seen some cases where it caused more issues than it solved.
3137;negative;This latest update breaks our CI/CD pipeline for Linux builds. Can we please investigate why the `apt-get` install step is failing now?
374;positive;Just ran the updated CI/CD pipeline on our latest feature branch - all tests passed and it looks great!
1825;neutral;"We need to decide on a logging level for this error; currently it's set to `INFO` which might not be enough."
4145;negative;"@author I don't think this fix addresses the root issue; it's just hiding the problem by disabling the CI build for that one test."
3191;negative;This breaks the `CI` pipeline. A failing test shouldn't crash the whole build.
4406;negative;I'm experiencing some issues with the latest build on our CI/CD pipeline - it's consistently failing due to an unresolvable dependency conflict with the updated package.
4194;negative;This CI/CD pipeline failure is frustrating :(
3323;negative;:( This CI/CD pipeline breakage is really frustrating. The deploy job to prod keeps failing since we updated the node version to 14.x.
3314;negative;This is a nightmare to debug, and your proposed patch doesn't address the root cause #45
798;positive;Great fix! Works as expected now in CI/CD pipeline for both master and dev branches
2872;neutral;Could we add a note to clarify that this fix only applies to certain use cases? Don't want it to break existing setups.
10;positive;Looks like the CI/CD pipeline fix worked! The tests are passing again :)
2498;neutral;FYI, that test case still fails on CircleCI for me.
1945;neutral;Should we maintain the current implementation that uses `require 'json'` or switch to the alternative approach with `JSON gem` as suggested in #1234?
1839;neutral;Re: #567 Pull request. Noticed that CI/CD pipeline is failing due to outdated dependencies.
709;positive;Just merged #42 and it looks great, thanks for the fix @Malcom23!
256;positive;Found the fix for the intermittent CI build failures due to outdated Maven dependencies, thanks to this PR!  https://github.com/organization/repository/pull/1234
2931;neutral;Also, just a heads up on the latest CI/CD pipeline run: it took 10 minutes to complete and failed in two places. No major issues reported though.
1618;neutral;Can we revisit the Jenkins build configuration in #4321? The error message suggests it's not picking up the latest Docker image.
390;positive;Great fix on the CI pipeline! This should prevent more false negatives and make our build process even more robust. Thanks for taking care of this!
4013;negative;Ugh, just hit another timeout error on our CI/CD pipeline for the umpteenth time today
3619;negative;CI/CD pipeline failing again because of broken dependency on `bcrypt` :(
1582;neutral;Could you check why this test is failing on CircleCI? It's passing locally.
2957;neutral;I'm not sure about the implications of updating the dependency on `express` to version 4.x, could you elaborate on your reasoning behind this change?
925;positive;Thanks for catching that edge case in #123, your refactor was spot on!
2800;neutral;@jakehowe I'm seeing inconsistent behavior between our prod and dev environments regarding JSON decoding on Ruby 2.7. Would you mind taking a look?
3887;negative;This test case still fails after #1242. Can someone look into this CI/CD pipeline issue? It's frustrating.
2509;neutral;I see that you've added unit tests for the `user_profile` function. Would be good to add some additional assertions for edge cases.
3796;negative;This is absurd @Dinnerbone. The CI/CD pipeline failed due to a broken dependency on Node 14. We can't afford more delays on this critical release.
2037;neutral;The CI/CD pipeline seems to be configured correctly, but I'm not sure if it's optimized for our project size.
4448;negative;This PR breaks our CI/CD pipeline for Linux. It fails to compile due to an undefined macro.
1225;positive;Great job on squashing that critical bug in #1234! CI/CD pipeline is now green again.
3217;negative;I'm not convinced that this regex should be used to filter URLs in the CI/CD pipeline. It seems overly aggressive and could block valid requests.
3007;negative;"I'm getting `TypeError: can't pickle local object` in our CI/CD pipeline for this PR #1234; seems like it's related to the recent dependency upgrade."
2550;neutral;I've checked the pipeline, and it looks like the build failed due to an invalid version number in one of the dependencies.
1947;neutral;We should consider implementing CI/CD pipeline for our project, but first we need to decide on a suitable tool.
3776;negative;Bummer that this breaking change slipped through into `main`. Any chance we can revert it until 1.2 is out?
740;positive;https://github.com/nodejs/node/pull/39790 - this fix is a game changer for performance!
41;positive;Just implemented the CI/CD pipeline for our project and it's running smoothly! Kudos to @JohnDoe for setting it up, you're a lifesaver!
869;positive;Ah, finally fixed that pesky test case! Thanks for the PR, @johnDoe!
2780;neutral;It seems like we're having issues with the CI/CD pipeline timing out. Can we add more logging to diagnose the cause?
540;positive;Great fix on the CI/CD pipeline, 3rd build in a row is green!
3250;negative;This 'fix' broke the CI/CD pipeline on CircleCI for me and I have to manually re-run it every time
3388;negative;oh no... this latest update broke our CI pipeline for master again :(
2746;neutral;Can someone clarify how to handle caching for this pull request? Should we follow the current implementation or refactor it?
3996;negative;That's not how you're supposed to use `npm` in this CI/CD pipeline, it breaks the build :(
90;positive;Great job on fixing the Travis CI build! https://github.com/octocat/Hello-World/pull/123#issuecomment-45678901  Your change to `dependencies` in `package.json` fixed it for me!
2724;neutral;I think we're close to resolving this issue. Have you tried running the CI pipeline again to see if it reproduces the test failure?
1372;positive;+1 Great catch on the bug! Your patch looks solid and fixes the issue nicely.
1146;positive;Great catch on that Travis CI issue @jason! Your fix really improved build reliability!
1032;positive;Thanks for fixing that memory leak issue! Your commit notes were clear and concise, saved me a ton of debugging time!
373;positive;Looks great! The fix for the CI/CD pipeline issue is spot on and should resolve the build failures.
668;positive;Just merged PR #123 and it looks like the CI/CD pipeline is passing smoothly now!
3480;negative;Disappointed in this CI/CD pipeline. We just had another build fail due to `node-sass` issue again after updating package dependencies.
3020;negative;This is frustrating... why isn't CI/CD pipeline catching this `gem install error` on travis? #247
358;positive;Really like how you refactored the build process in #1234 - makes CI/CD pipelines much more efficient now!
968;positive;Great fix! CI pipeline passed after this change, good to see the project stabilizing :)
2832;neutral;Should we rename 'ci_config' to 'build_settings'? Consistency with other directories would be good.
2784;neutral;Causes a compilation error here /RBP.cpp: In member function 'unsigned char* CRBP::CaptureDisplay(int, int, int*, bool, bool)': RBP.cpp:103:14: error: 'DISPMANX_SNAPSHOT_NO_RGB' was not declared in this scope  RBP.cpp:103:39: error: 'DISPMANX_SNAP'
1354;positive;Your fix for #123 worked beautifully! CI pipeline passes now.
1036;positive;Thanks for resolving the Travis CI build issue on PR #1234! CI/CD pipelines are now passing smoothly again :)
3019;negative;This change breaks our CI/CD pipeline because it introduces a dependency conflict that's hard to resolve #1234
471;positive;Love the fix for the Jenkins pipeline issue! CI/CD is now running smoothly
2704;neutral;You can remove this unused function `calculateBenchmarks` in `lib/stats.js`
3331;negative;CI/CD pipeline failed on all platforms due to incompatible Python version in `requirements.txt`. Fix ASAP please.
3638;negative;Broke the build with this commit, now the CI/CD pipeline is failing due to missing dependencies :(
1397;positive;Great find on fixing the Travis CI build issue! That was really bugging me!
3585;negative;This test failure is not unexpected but it's still frustrating... Can't we just get this CI/CD pipeline working without these issues?
3981;negative;Just tested the fix on Chrome and it's still crashing
4211;negative;This CI/CD pipeline failure on Travis is frustrating - can we just debug why our tests are failing here?
1550;neutral;I was going to suggest removing the 'optional' dependency on X11, but see that @john has already mentioned it in issue #123.
3377;negative;I'm experiencing this issue with the CI/CD pipeline - it's consistently failing to deploy due to an incorrect dependency version
1257;positive;Beautiful fix! Your patch for the CI/CD pipeline improved build times by 30%!
2095;neutral;Not sure why the Travis CI build is failing for this PR, seems like it should be passing
3474;negative;Not sure what's going on here... @john's fix for #134 seems to have broken our CI/CD pipeline on CircleCI.
3513;negative;just ran our CI/CD pipeline and it failed again due to this dependency issue with node-sass, can we please update to the latest version?
1556;neutral;Regarding the CI/CD pipeline, I also encountered an issue when running the tests on Linux Mint: 'libpng error: png_set_IHDR: invalid color type'.
4189;negative;-1 for merging this pull request, causes breaking change in CI/CD pipeline
1251;positive;Great job on fixing the CI/CD pipeline issue! The latest build is now passing with flying colors.
1700;neutral;I noticed that the new build is now passing on CI/CD, so it seems like the recent commit fixed the issue with dependency resolution.
1253;positive;Great job on refactoring the CI/CD pipeline! The automated builds are now 30% faster
4330;negative;Fails on my local CI/CD pipeline :(
4347;negative;uh oh, CI/CD pipeline is still failing on Ubuntu 20.04. same issue as #1234
3285;negative;This kind of makes this commit (http://github.com/flask/flask/commit/23e4f5c) useless, as it introduces a regression that breaks all previous routes.
2934;neutral;Regarding the CI/CD pipeline update, it looks like the changes are in line with our previous discussions.
80;positive;This fix works perfectly! CI/CD pipeline is passing again
1173;positive;Thanks for implementing CI/CD pipelines! Your work is making our deployment process much smoother now.
815;positive;Great job on getting CI/CD pipelines up and running smoothly!
1853;neutral;Thanks for clarifying the issue with CI/CD pipeline setup in [12345]. I'll make sure to update my local config accordingly.
2221;neutral;I agree with @john's suggestion to re-evaluate the dependencies in our CI/CD pipeline, especially for the recent changes in gemspec 2bf58aa
2720;neutral;@jglick - seems like your CI/CD pipeline is failing due to missing dependencies. Can you take a look?
685;positive;Your PR for removing unused dependencies is spot on and will help us keep our build times in check :)
4385;negative;One more thing to mention: this change breaks our CI/CD pipeline for macOS builds due to incompatible dependency versions.
2106;neutral;Could you consider implementing a CI/CD pipeline for this branch? It would help ensure everything is properly tested and deployed.
134;positive;Great catch on that edge case! Your fix is spot on, glad we could collaborate to get this test suite running smoothly!
1141;positive;Thanks for squashing that CI/CD pipeline issue. The build should now pass smoothly.
934;positive;Great job on resolving that CI/CD pipeline issue! The automated tests are now green and we're back to normal.
929;positive;Nice catch on the mc-dev update! The updated dependencies are now properly reflected in our CI/CD pipeline.
824;positive;Great catch on the CI/CD pipeline @johnDoe! Your fix to the deploy script has passed all tests
3481;negative;I'm really disappointed in the recent build failure on CI/CD pipeline #1234. Can't we fix this issue once and for all?
4085;negative;Can't believe I just wasted an hour trying to debug and it was just a missing comma in the dependency list...
1532;neutral;Ah, we can just modify the CI/CD pipeline to skip this failing test for now and revisit it later when we refactor the renderer API.
1215;positive;Great job on fixing the typo in the `readme.md` file! The updated version is much more readable now :)
505;positive;https://github.com/owner/repository/pull/1234  - your latest refactor is pure magic! the reduced complexity in the CI/CD pipeline is exactly what we needed
4476;negative;I'm really disappointed that the latest patch broke the CI/CD pipeline for our Windows build @ https://github.com/our-project/ci/pull/12 Unfortunately, it's failing on multiple steps.
2396;neutral;Actually, this diff between master and 4e5a2c0 seems to be quite different from what I was expecting. Can you explain the reasoning behind it?
1997;neutral;Reverted changes due to CI/CD pipeline failure. The test failed on AWS EC2 instance
2435;neutral;Can we also revert the change in `package.json` to its original state? I'm not sure if it's necessary for this release,
3073;negative;This is going to cause issues with our CI/CD pipeline if we don't revert this change ASAP. I've seen it fail on several builds already.
1959;neutral;I'll take another look at why the CI/CD pipeline is still failing on macOS after the last update.
1385;positive;Thanks for implementing this fix (https://github.com/nodejs/node/pull/39017), really helps resolve that nasty ECONNRESET issue on Windows!
895;positive;Great job on resolving the Windows build issue! CI/CD pipeline now passes successfully.
829;positive;Thank you so much for fixing the Travis CI build issue, now our pipeline is up and running smoothly again!
456;positive;:+1: This code refactoring looks awesome! I was thinking about simplifying this complex function as well. Well done!
2524;neutral;If we don't update to the latest version of `axios` soon, it'll be out of date in 6 months, but let's not rush into this either.
1684;neutral;I think we can optimize the CI/CD pipeline to run faster without sacrificing any test coverage. Perhaps we could cache intermediate build artifacts?
4177;negative;Fails on our production servers due to missing SSL cert in the Docker image :(
3710;negative;Disappointed that the latest patch breaks our CI/CD pipeline. Can we revert or fix this ASAP? @maintainer
4161;negative;Looks like the continuous integration pipeline broke again after latest changes. Still seeing failures on CircleCI. Can we revisit this?
4122;negative;This is going to break CI/CD pipeline for our nightly builds. The 'latest' label won't be updated correctly due to this change. Please reconsider this update.
653;positive;Great fix on the pipeline! Finally got rid of that pesky deployment error
173;positive;Love the fix for CI/CD pipeline, simplifies our workflow significantly!
3523;negative;I'm extremely disappointed. The latest CI/CD pipeline run has failed due to an issue with `libssl` dependency installation on Ubuntu 20.04.
3198;negative;This breaks our build pipeline (https://github.com/actions/example-workflow/blob/main/.github/workflows/main.yml) because of the incompatible dependency version.
39;positive;Just tested and the CI pipeline for PR #123 is passing smoothly. Nice work on getting that dependency issue resolved! :)
3603;negative;This breaks our CI/CD pipeline @johnDoe, need to revert this change or update the travis config accordingly
1882;neutral;Could we revisit the CI/CD pipeline configuration to ensure consistency across all environments?
714;positive;+1 :D Your fix for the CI/CD pipeline issue has been successfully merged, thanks to your patience!
91;positive;yay, finally got our CI/CD pipeline working smoothly after that dependency conflict! thanks for your patience and help resolving this issue :)
2215;neutral;I think we should re-run the tests after making those changes in @github/issues/1234 since it's a dependency update.
1206;positive;Just had to manually resolve a CI/CD pipeline failure on our latest deploy, but nice work catching that regression!
2924;neutral;"We can't verify if the recent changes broke the CI/CD pipeline for Linux builds on AWS; @dependabot - could you add some test cases?"
4064;negative;Can't believe it's still not fixed :-( CI/CD pipeline is failing again due to outdated dependencies in `requirements.txt`
1811;neutral;I think the `@Override` annotation is redundant in this method since it's already overriding a parent class method.
3487;negative;This regression test is failing again after your recent changes. Please review @fjord's comment on issue #567.
3324;negative;Hmm... didn't think about this, but your change breaks our CI/CD pipeline on `push` events
3142;negative;This error is frustrating. Can't seem to resolve it with the latest changes in pull request #45632.
1828;neutral;I've reviewed the changes in #123 and agree with @johnDoe's assessment that this update is mostly unrelated to the current CI/CD pipeline issues. Perhaps we should open a separate PR for these modifications?
1156;positive;Love the rebase! That was a quick and smooth merge :)
1325;positive;Great job on fixing that pesky build issue! CI/CD pipeline is finally green :)
217;positive;Great catch on that typo in the changelog! Wasn't even caught during our CI/CD pipeline run.
3399;negative;This CI/CD pipeline is still failing after multiple retries :(
511;positive;Just merged PR #1234 and CI/CD pipeline is green again! Great team effort on this one!
1681;neutral;I think we're on the right track with this CI/CD pipeline change. The updated config seems to be handling build errors correctly. Would appreciate it if you could add some logging for test failures as well.
500;positive;Your fix to suppress unnecessary warnings in the CI/CD pipeline is spot on!
4093;negative;the unit tests for the updated function are failing due to a mysterious Type Error
1857;neutral;This change looks like it'll resolve the `session fixation` issue. Just wanted to confirm before merge.
1389;positive;Great work on fixing the CI/CD pipeline issues! https://github.com/spring-projects/spring-boot/issues/1234 Thanks for your patience!
1520;neutral;In this case, we're experiencing a discrepancy between our CI/CD pipeline and the codebase. Let's investigate further to resolve the issue.
3720;negative;Fails to build on CI/CD due to an incompatible dependency version. This is unacceptable after all these weeks.
2387;neutral;I think we should also update the `.travis.yml` file to reflect the changes in `requirements.txt`. @tobmaps, can you take care of that?
4297;negative;can't believe I just spent an hour fixing this CI/CD pipeline only for it to break again on the same test :(
3237;negative;I'm worried about the latest update, the CI/CD pipeline is failing due to an incompatible dependency version, hope someone can help resolve this ASAP :(
2077;neutral;As for the recent PR #1234, I noticed that it doesn't include documentation updates for the changed method signatures. Would be good to add those as well.
1541;neutral;Noticed the issue with caching in CI/CD pipeline. You might want to use Cache API for more efficient cache invalidation.
1218;positive;Great job on fixing the CI/CD pipeline issue! It was causing headaches for our team's automated deployments.
2682;neutral;Can we update the README to include the new dependency version?
2843;neutral;we can update the README to include this change
2994;neutral;Error message 'Cannot install dependency xyz' when running CI/CD pipeline: /usr/bin/git clone --mirror git@github.com:xyz.git (exited 128)
1417;positive;Just merged the fix for the database connection error in the CI/CD pipeline @danielscholl great work!
2218;neutral;Regarding the recent CI/CD pipeline update, I noticed that the 'build failed' notification doesn't reflect in the build history log.
1192;positive;Thanks for squashing that annoying CI/CD pipeline bug! This should make our deployment process much smoother now!
1677;neutral;"Interesting that the CI/CD pipeline fails due to an unexpected dependency conflict; will investigate further."
1198;positive;Nice job on squashing those last-minute CI issues! Your tweak to the build script has finally got our deploy pipeline running smoothly again.
1543;neutral;Could you clarify why you removed the `Rbtree` dependency? It seemed necessary for the data structure tests.
3302;negative;This fix breaks our CI/CD pipeline for Linux builds... we had it working fine just last week
3325;negative;@author, it seems like your latest changes to the CI/CD pipeline are causing intermittent build failures. Can we revert those for now?
2961;neutral;I think it's worth considering the impact on caching when we switch to a new storage backend in #232 @spastorino.
2540;neutral;Can we discuss why the Docker build step is still using `node 14` instead of upgrading to the latest version?
954;positive;Nice fix! Thanks for handling the Travis build issue in #1234 :)
3146;negative;That CI/CD pipeline is busted again. Can we please sort out that failing test on travis-ci? This is getting ridiculous.
3081;negative;Can we revert to the previous version? This latest update is causing issues with our CI/CD pipeline :S
2636;neutral;I see what you mean about not removing `@deprecated` tags yet. Maybe we can revisit that for 2.x?
751;positive;Great work on addressing the CI/CD pipeline issue! The latest build seems to be passing successfully now.
2706;neutral;I think we should add some error handling to this CI/CD pipeline step. Just a minor suggestion.
3915;negative;unfortunately this does not resolve the intermittent connection loss issue reported by several users on mac catalina #1234
235;positive;Great catch on the API doc update! Your pull request #1234 will definitely make our users' lives easier.
733;positive;Thanks for merging this fix (@johnDoe)! Your pull request (https://github.com/openframeworks/ofxFlickerFilter/pull/12) made the library so much more robust!
1239;positive;Thanks for addressing the CI/CD pipeline issues! Your commit resolved the error where the build would fail on push.
4286;negative;Still getting intermittent failures on my CI pipeline @paulusg - have you made any changes to the Dockerfile recently?
1157;positive;Great work on getting the CI/CD pipeline up and running smoothly! The automated testing is really helping to catch those pesky bugs early.
634;positive;Looks great, the CI/CD pipeline is now stable and we're seeing fewer issues with artifact deployment.
3295;negative;This is a terrible regression. The recent dependency update is causing a segmentation fault every time we run our CI/CD pipeline.
2446;neutral;"Just to clarify, this specific version of the Dockerfile shouldn't cause any issues with our CI/CD pipeline; however, I did notice that it breaks compatibility with some older dependencies."
2983;neutral;I think we can optimize this loop by reordering these two conditional checks. How about we swap them in #1234?
1210;positive;Thanks for fixing that bug in #123, @johnDoe! Your explanation on how to reproduce it was super helpful too!
1066;positive;Nice catch on that edge case! Your test suite is robust.
3765;negative;This PR has been open for months and there's still no response from you, can we please get an update on the status?
2157;neutral;can we run the integration tests again to confirm the fix
1063;positive;This looks perfect! The build pipeline is green again thanks to this fix.
2617;neutral;@author, can we revisit the API docs for this method? It seems to have the same signature as another function in the library.
1168;positive;Just implemented caching for database queries and saw a 30% speedup on my test runs! Great work by @johnDoe!
3223;negative;@dependabot This CI/CD pipeline still fails due to outdated dependencies. Please revisit and update the packages.
3637;negative;I think there's a regression here - tests are failing on CI due to missing dependencies in `package.json` introduced by #1234.
3556;negative;Fails on my CI/CD pipeline with `python3` 4.8.5:  *Error compiling 'setup.py': TypeError: __future__.division is not defined.* This hasn't changed since yesterday's commit and I'm getting desperate.
1493;positive;Great job on fixing the CI/CD pipeline issue! This will really help us catch problems earlier.
2939;neutral;Yeah, just checking in on this PR as I'm still unsure about introducing this change without further testing.
2996;neutral;@githubuser I'll re-run the CI/CD pipeline to ensure it's up-to-date and make any necessary adjustments as per your request.
3097;negative;The test suite on CI is failing due to this commit, can someone review it? It's hard to track down the issue.
4065;negative;This CI/CD pipeline error is really frustrating: `error fetching dependency: failed to resolve package 'react'`. Has anyone else encountered this?
4250;negative;Can't believe my CI/CD pipeline failed again due to this outdated `requests` library version. Why isn't it pinned yet?
3141;negative;Ugh, it's failing on CI because of a simple typo in the Dockerfile - `FROM ubuntu:latest` should be `FROM ubuntu:20.04`. Anyone can fix this?
885;positive;great job on resolving that concurrency issue! I was worried it'd hold up our CI/CD pipeline #23
144;positive;Nice catch on the merge conflict! The CI/CD pipeline passed successfully after rebasing the branch.
1391;positive;Great solution @skeptical-squirrel! Your refactor in PR #456 is much cleaner and improves overall code readability!
3578;negative;This CI/CD pipeline breaks due to an outdated version of `libssl`.
851;positive;Thanks for squashing that regression in CI/CD pipeline! Your commit 23b4567890 makes all the difference
3636;negative;The Jenkins build is still failing due to that pesky `npm` dependency issue... Not again!
3456;negative;Can we please get CI/CD up and running? Every merge request is stuck in pending state since the pipeline failed to deploy due to some obscure Docker image issue.
2783;neutral;Can you take another look at the Jenkins CI/CD pipeline configuration? I'm getting a `No valid crumb` error on deployment.
718;positive;This commit 3a5b23e is exactly what we needed to improve CI/CD pipeline speed.
1820;neutral;Can we add some unit tests to `lib/parse.py`? I think it'd be helpful.
2503;neutral;Could you clarify the CI/CD pipeline for this PR? I want to ensure that it's properly integrated before merging.
265;positive;Looks good to me! CI/CD pipeline passing after these config changes. Thanks for reviewing!
76;positive;Just implemented your suggested refactor and it's running smoothly through our CI/CD pipeline - great job on improving code maintainability!
3987;negative;I'm worried about this breaking existing workflows if we change the default API timeout to 30s like this PR suggests.
4366;negative;Unfortunately, it breaks on Linux due to an incompatibility issue in GCC > 9.5
2493;neutral;Can someone explain why we're not using `maven-clean-plugin` in our CI/CD pipeline? Leaving it out seems inconsistent.
396;positive;Nice fix on CI/CD pipeline! The deploy step now runs successfully without errors.
4154;negative;This merge conflicts with the CI build, can we please just squash it and start fresh? This is getting ugly.
2225;neutral;Can we refactor this SQL query to use parameterized queries instead of string concatenation?
3091;negative;This CI/CD pipeline configuration seems to have broken again. Why aren't we using the cached dependencies?
4356;negative;This CI/CD pipeline seems to be failing consistently due to unhandled exceptions in the build step :( Could you look into this?
397;positive;Thanks for squashing that memory leak bug! CI/CD pipeline is green again
1366;positive;Nice fix on the CI/CD pipeline! Your update should improve build times significantly now.
4106;negative;I don't think this fix will hold up under high loads, are we sure we didn't just mask the issue?
1904;neutral;As mentioned in #1234, could you re-evaluate how these two dependencies are being installed? It seems like they're conflicting.
596;positive;Love the changes to the `ci.yml` file! Simplifying the build process was much needed.
2110;neutral;ERROR: The `build` job in CI/CD pipeline failed due to missing dependencies. Please verify the package list.
3953;negative;Unfortunately, CI/CD pipeline is still failing due to missing dependency on Maven. Can we please get this sorted out? https://github.com/issues/123456#issuecomment-234567
1297;positive;Great job on fixing #1234! The CI/CD pipeline is now stable and passing all tests :)
1822;neutral;The CI/CD pipeline failed due to a missing dependency in the Maven pom.xml file.
873;positive;Great job on refactoring the build process! The changes to the CI/CD pipeline are looking solid :)
2915;neutral;You're right that we should be using `try`/`catch` for this scenario. I'll update the code accordingly.
2265;neutral;I think it'd be better to add some comments to explain why we're using Python 3.9 instead of the default version.
2327;neutral;Regarding #32, I think we can improve the README formatting to make it easier to follow along.
1549;neutral;"I'm having trouble understanding why the Travis CI build is failing on the `hadoop` dependency installation; can someone review the `.travis.yml` file? @jnicklas"
3767;negative;This change just broke our CI/CD pipeline, and I'm not sure why it was merged without being tested.
3441;negative;This CI/CD pipeline failure is frustrating: we've seen it happen 3 times in a row now on the `main` branch.
3852;negative;this is crazy, still getting build failures due to the unresolvable dependencies on `@latest` version
37;positive;Great job on resolving the merge conflict! Your changes have improved the stability and performance.
3808;negative;Bummer that CI/CD pipeline is failing again due to missing Docker credentials in env vars... this has happened like 3 times already
4203;negative;this CI/CD pipeline failure is not acceptable, can you double-check your Dockerfile again?
2711;neutral;I'll let @code-review-bot take another look at this pull request as it seems like we're on different pages about the impact of this change on our CI/CD pipeline.
4137;negative;I'm concerned about this breaking change in the CI/CD pipeline. Can we discuss alternative solutions before deploying?
2144;neutral;I'll test it again with Jenkins to see if I can reproduce the CI failure on the @dependency-updates branch.
4171;negative;Just hit a CI/CD pipeline failure on my branch again due to the outdated `eslint` version, really frustrating!
1009;positive;Looks like the recent CI/CD pipeline updates improved build times significantly! Nice work!
978;positive;Nice catch on the CI/CD pipeline, @johnDoe! Your PR to update the Gradle version saved me from potential build issues :)
1572;neutral;I think we should keep the current test suite, it covers the edge cases but doesn't slow down the build too much.
4080;negative;This diff has some really inconsistent whitespace formatting in `src/main/java/Util.java`. Can we clean that up?
1123;positive;This fix for #12345 looks solid! :+1:
2787;neutral;Could we also review the recent changes to the CI/CD pipeline and see if they're correctly updating the test environments?
2968;neutral;I'm not sure that using an external library for caching is necessary when we already have a working implementation in our current framework.
2505;neutral;I see you've updated the Dockerfile to use the latest Alpine version. I didn't think that was necessary for our use case, but it doesn't break anything either.
3466;negative;This will fail on CI/CD because the `gitignore` file isn't being tracked properly, don't know why this was overlooked,
676;positive;Great idea to add a CI/CD pipeline for our project! This will greatly help us catch any issues before they hit production.
2809;neutral;@codefactor could you take a look at this CI/CD pipeline configuration? I'm seeing some inconsistencies between the build and deployment stages.
3349;negative;Are we really considering merging this PR without addressing the failed CI/CD pipeline on Jenkins?
729;positive;Great job on squashing that nasty bug! The changes you made in #1234 really improved performance. Well done!
413;positive;Love how this CI/CD pipeline is getting faster :)
3147;negative;@johnDoe can you please explain why this fix breaks our CI/CD pipeline on Jenkins? It looks like a regression to me :(
1517;neutral;I see that you're using a try-catch block to handle the `NullPointerException` in the `Player::CreateViewpoint` method. This is a reasonable approach, but you might also consider adding a check for null before calling `GetViewpoint()`. Just a minor suggestion.
826;positive;Good call on squashing the CI pipeline failures, now our deployments are super reliable.
3268;negative;I was hoping for better error reporting in our CI/CD pipeline, but it's still really cryptic and difficult to diagnose these kinds of issues.
3975;negative;yeah just found out that our latest @travis-ci build failed due to outdated `mocha` version... guess I won't be merging my PR today :(
617;positive;Just tested and your CI/CD pipeline fix works like a charm! Automated builds are now green again :)
115;positive;Great job refactoring that CI/CD pipeline! It's looking super streamlined now.
418;positive;Great fix! Thanks for addressing that Travis build failure, really appreciate your attention to detail on this CI/CD pipeline issue.
3070;negative;Ugh, just re-ran my build after this PR and I'm getting another slew of identical failures on CircleCI.
1626;neutral;Not sure if we need to handle this edge case in our CI/CD pipeline. Does anyone have thoughts on whether it's worth adding a test for this scenario?
4454;negative;:-/ Still can't get Travis CI to work properly after merging `#123`. Any ideas?
2897;neutral;Can you explain why you added this extra validation step in the CI/CD pipeline? I'd like to understand the reasoning behind it.
4210;negative;This breakage due to your changes (https://github.com/kubernetes/kubernetes/pull/93231) is causing our CI pipeline to fail on multiple platforms.
2083;neutral;I think we should add this fix as a separate commit instead of merging it into the current PR #123. It'd be cleaner that way.
754;positive;Thanks for reviewing and merging my pull request! CI/CD pipeline looks good on this one. Ready to deploy!
2547;neutral;The test for null pointer exception on line 345 still fails after your patch. Would be great if you could look into it.
3970;negative;This CI/CD pipeline failure is inexplicable, what's going on with this deployment to prod?
3374;negative;Pull request #1234 is still failing due to that dependency issue on our CI/CD pipeline... Not looking forward to spending my Sunday fixing this.
4108;negative;The integration tests are still failing after updating to v2. Can we revisit the pipeline config?
2445;neutral;Can someone explain why the CI/CD pipeline is not catching this issue? It seems like it should be triggering a failure if the test is failing.
1067;positive;Thanks for addressing this issue in #1234! Your fix should greatly reduce errors in our CI/CD pipeline.
3914;negative;The CI/CD pipeline keeps failing due to an unmet dependency (axios@0.21.1) - can we please update it?
3499;negative;This implementation of CI/CD pipeline is wrong! It fails on every commit due to missing dependencies. Can we at least have a proper error message?
2739;neutral;@codebrigade, it seems like `package-lock.json` isn't being updated after npm install. We should probably add an extra step to update it before the build.
4001;negative;Oh no, CI/CD pipeline broke again! :-( I'm starting to think we need a separate script for deployment.
1569;neutral;Can we revisit the CI/CD pipeline configuration on branch 'main'? I think it's set to trigger on push but not pull requests.
2428;neutral;@SilverIce: The tests in folder 'Mvc/Controller/TestAsset/' are still failing due to class conflicts, just like in #42.
3747;negative;This build process is failing due to an incompatible version of dependency X, can we please bump it to v2.1.3? It's breaking our CI/CD pipeline
4180;negative;Great, again client freezes when trying to render large UI components. This needs to be fixed ASAP! @team, can we revisit our caching strategy?
1688;neutral;The CI/CD pipeline should be able to handle both .gitignore and .npmignore files without conflicts.
852;positive;Awesome fix @johnDoe! CI/CD pipeline now successfully builds and deploys our latest feature :)
3547;negative;I'm really disappointed in this PR [PR #1234] as the automated tests keep failing on CircleCI due to a simple typo in the Gemfile :(
896;positive;Thanks to this fix, our CI/CD pipeline is passing now! The additional logging helped identify the issue.
336;positive;Nice fix! Your commit [56789] successfully resolves the issue with the CI/CD pipeline failing on macOS.
2840;neutral;As per our discussion in #1234, it seems we can't run the CI/CD pipeline on Windows due to .NET framework issues.
3088;negative;@johnsondev this is crazy, but our CI/CD pipeline is still failing due to an unresolvable package dependency issue in branch 12. Can we discuss a temporary fix?
1349;positive;Great job on refactoring the CI/CD pipeline! The changes have improved overall build time significantly.
1016;positive;Great job on squashing that CI/CD pipeline bug! The build now passes seamlessly every time
2817;neutral;Can we discuss whether using `gem 'pg', '~> 1.2'` is sufficient for Postgres support in this project?
1632;neutral;I'll just note that this update breaks our CI/CD pipeline on Java 8, but I'm not sure if it's related to the dependency changes or the code itself.
2490;neutral;Need to revisit the CI/CD pipeline for the nightly build on Linux, unsure if it's related to the recent kernel update.
3731;negative;this CI/CD pipeline seems to be failing because of an issue with our node version not matching the lockfile @github-issue/12345 can we please update the version? this is causing build issues every time
3252;negative;I was expecting the latest changes to fix the issue with our CI/CD pipeline failing on macOS, but it's still not building successfully :(
4175;negative;Just ran into another issue where the CI pipeline fails due to a missing dependency, ugh!
2071;neutral;Not sure about the implications of upgrading to Node 16 on our CI/CD pipeline - does anyone have experience with this?
4397;negative;That's going to break our CI/CD pipeline :(
1636;neutral;"This approach may not be compatible with our existing build pipeline; we'll need to revisit the CI/CD configuration."
2480;neutral;Can we try Environment variable instead of hardcoded path?
2266;neutral;Can we clarify whether the updated Maven dependencies should be included in both master and dev branches?
2960;neutral;I see you're removing support for Java 8. Does this mean we need to update our CI/CD pipeline as well?
3060;negative;This latest change is going to break a lot of existing pipelines, we've just merged it into master and now we can't even run the unit tests.
2142;neutral;I'm not sure if it's just me, but I've noticed that this change breaks the build on my CI/CD pipeline for .NET Core 3.1. Has anyone else experienced this issue? https://github.com/dotnet/runtime/pull/41901
3119;negative;This PR is breaking our CI/CD pipeline again, just like last time. Not impressed by the lack of thorough testing.
4261;negative;This seems to be another regression in the CI/CD pipeline... build is failing on multiple platforms due to this change.
4046;negative;This fix doesn't seem to be working for our CI/CD pipeline... getting the same error again, any ideas?
3357;negative;The test suite is failing for this PR as well. Can we take a closer look at the travis-ci config?
2745;neutral;ERROR: Cannot build Docker image due to missing Dockerfile in root directory.
3507;negative;This CI/CD pipeline is failing due to an incorrect dependency version. The build fails when it hits the line where you updated the `axios` library.
1680;neutral;The current implementation in `build.gradle` seems okay, but I think it would be more consistent if we followed the same naming convention as the other scripts.
3148;negative;Unfortunately, re-trying the CI/CD pipeline for the latest changes didn't resolve the issue with missing dependencies: https://github.com/actions/docker/issues/123
2295;neutral;I can update the build script to use the latest version of Node, but it might break our CI/CD pipeline on Linux.
581;positive;Great job on fixing the CI/CD pipeline for the beta release! No more build failures, nice work!
1471;positive;Love the refactoring in [12345]! Simplifying the pipeline logic is exactly what we needed :)
4071;negative;:( This CI/CD pipeline breaking changes will cause us major headaches if not thoroughly tested before merging.
3344;negative;This merge breaks our CI/CD pipeline again. Can't we just fix the dependency issue already?
3673;negative;Don't think adding `@Inject` to every class is necessary. It's gonna make this module look cluttered and will break if we decide to refactor later.
560;positive;Works perfectly on my end! Great job on squashing those CI/CD pipeline bugs!
2850;neutral;Could you clarify why the `lint` task is being skipped in the CI/CD pipeline on Linux?
513;positive;Great catch on that CI/CD pipeline issue! Your suggestion to add more verbose logging really helped us identify the root cause.
1082;positive;Thanks for your patience, guys! CI/CD pipeline is now green again :)
1665;neutral;Causes a warning here  `package.json`: In the `dependencies` section, 'express@4.17.1' has been deprecated since version 2.0.0.
1013;positive;Thanks for spotting that regression in the CI/CD pipeline! Your fix looks great and we'll get it merged ASAP.
1932;neutral;Regarding PR #1234, I think we can simplify this logic by moving the `if` statement outside the loop as shown in my diff @author.
1151;positive;Awesome catch on that bug in PR #123! You're a lifesaver!
2839;neutral;This will cause an extra round trip to the database. Should we consider caching the query results instead?
117;positive;Thanks for rolling back to v2.1.3, it seems like the issues with dependencies have been resolved in this version :)
741;positive;Thanks for the fix on issue #42! The CI/CD pipeline now successfully deploys to our prod server
4329;negative;Can we get some clarification on why the `lint` stage in our CI/CD pipeline is still failing after #123 was merged?
3676;negative;Can't believe the `jenkins` plugin broke again in v2.5, causing our CI/CD pipeline to fail. Not sure what's going on with this update
831;positive;Great suggestion on refactoring the pipeline to use a consistent naming convention. This will make future changes and debugging much easier!
120;positive;This PR fixes an edge case where `dependencyResolution()` would fail on some Linux distros. Great catch, @SentryIntegration!
4304;negative;This is wrong IMO as the CI/CD pipeline doesn't handle edge cases when there's a network error, and it causes the build to fail without any informative error message.
4272;negative;Can't believe our CI/CD pipeline broke again due to outdated dependencies. @John fixed it last time, why didn't you update them this time?
636;positive;Thanks for the thorough explanation and PR feedback! Your suggestions greatly improved the pipeline's reliability.
4143;negative;I'm really frustrated that this fix breaks our CI/CD pipeline again. Can we please test it on multiple environments before merging?
992;positive;Excellent work on merging #234 and #235! CI/CD pipeline should be green now :)
877;positive;Nice catch on that edge case!
5;positive;Thanks to your fix, CI pipeline is now passing smoothly on all platforms. Really appreciate the diligence and attention to detail!
3052;negative;Can we please get an update on why #11342 is still failing CI? This is getting frustrating.
3125;negative;Great, yet another merge conflict from missing test cases
2661;neutral;@starediff Could you elaborate on why the recent changes to the CI/CD pipeline are causing intermittent build failures in Ruby 2.5?
2492;neutral;ERROR: CI/CD pipeline is not picking up changes in branch 'feature/new-feature', still running on old code.
3855;negative;This CI/CD pipeline failure is getting frustrating. The latest deploy to staging failed due to another 'unresolvable dependency' error... again.
1716;neutral;As discussed earlier, I've added a conditional flag to disable the CI/CD pipeline for nightly builds. Let me know if this looks good.
1149;positive;Just ran the CI/CD pipeline on this fix and it's green across all platforms! Thanks for your diligence!
3262;negative;The tests in this CI/CD pipeline still fail due to an unresolved issue with dependency v1.2.0.
575;positive;Just successfully deployed to prod with zero issues thanks to your CI/CD pipeline fix! Smooth sailing ahead!
3770;negative;That's not how you're supposed to resolve conflicts in Git. This PR broke our CI/CD pipeline [#2345](http://example.com/repo/issues/2345)
3737;negative;This CI/CD pipeline update has broken our automated testing for the iOS build, can we revert?
4147;negative;The Docker build for Linux is failing due to incompatibility issues with the latest glibc version. Not sure why this wasn't caught earlier... :/
854;positive;Thanks for the refactoring! The code is much cleaner and easier to maintain now.
1983;neutral;Actually, we can just remove this dependency and replace it with an updated one from Maven Central.
2775;neutral;Just wondering if we can discuss the implications of this proposed change on our CI/CD pipeline stability.
1167;positive;Excellent fix! CI/CD pipeline is now passing smoothly Thanks for your patience and dedication.
972;positive;Great fix on the pipeline stability issue! Your commit #1234 made it pass all tests.
2702;neutral;Let's revisit the CI/CD pipeline for this feature and ensure we're not introducing any unnecessary dependencies.
3848;negative;Can't believe this dependency issue is still causing issues on our CI/CD pipeline. This is ridiculous, we've been stuck here for weeks :(
2369;neutral;Would be nice to have some guidance on how to use this function without having to read the whole docstring.
4116;negative;Looks like CI is still failing on macOS due to that outdated dependency issue I mentioned last week. Any update on when we can resolve this?
4132;negative;That's really annoying. CI/CD pipeline failing due to version mismatch between `package.json` and `composer.lock`. Can we fix this?
2951;neutral;Can we consider updating the CI/CD pipeline configuration for this branch?
525;positive;Love the simplification in this PR! Removing the unnecessary dependency on jQuery is a great step towards making our code more lightweight.
2456;neutral;Can you clarify why we're using the older version of the CI/CD pipeline instead of the latest one?
1842;neutral;can you elaborate on why we're using WeakReferences in that particular implementation?
538;positive;Great catch @johnDoe! The fix for the missing `try`/`except` block in `ci.py` really helps stabilize our pipeline. Thanks for pointing this out!
2807;neutral;Can we move this import statement above the class definition?
3176;negative;Can't believe it took this many iterations to catch that edge case where `ci_pipeline.yml` is missing. Can we please add some error handling for this scenario?
785;positive;+1 This pull request looks great! The changes to the CI/CD pipeline should improve build times.
4058;negative;:( Jenkins failing to build again because I forgot to update the .gitignore in my branch :(
1410;positive;Thanks to @johnDoe's pull request (#1234) and your review (@LB--), our CI/CD pipeline now runs smoothly on both Mac and Linux!
2538;neutral;@Johndoe looks like we have some merge conflicts, can you take a look at PR #1234 and resolve them?
155;positive;Just tried the updated Jenkins CI/CD pipeline and it's working smoothly now! Thanks for fixing the dependencies @SilverIce
3010;negative;Frustrating that `npm install` still fails due to the outdated dependency on `express@4.x`. It's been weeks since this issue was raised.
1687;neutral;In CI/CD pipeline 1234, this change introduces an implicit dependency on libssl-dev but doesn't specify the version constraint.
2902;neutral;I think we should add a comment to explain why we're using `async` instead of `sync`. It's not entirely clear from the code.
4453;negative;Unfortunately, made build fails again #123 due to unmet dependencies on `boost` and `openssl`, breaking CI/CD pipeline.
3864;negative;This pull request's changes broke our CI/CD pipeline for Java 11 #1234 - needs immediate attention to fix this regression
2734;neutral;I think we should review the merge strategy for CI/CD pipelines again to ensure it aligns with the updated build configuration.
1896;neutral;It looks like the latest update is causing a compatibility issue with some IDEs.
570;positive;Great fix on #10234! CI/CD pipeline passing smoothly now, thanks for squashing that nasty bug!
1817;neutral;As @john mentioned earlier, we should consider using a more robust library for JSON parsing in this function.
2066;neutral;Should we update this commit (http://github.com/angular/angular.js/commit/b4c3f8b6e1d45a5d3a7bc2c2) to reflect the latest API changes as it still uses outdated methods?
128;positive;Love the new CI/CD pipeline setup! The automated tests are running smoothly now @johnDoe.
3395;negative;Can't believe we're still having issues with intermittent CI/CD pipeline failures due to Docker image size limits. This needs to be addressed ASAP.
3328;negative;Can't believe this bug slipped through QA. Still failing on macOS after re-opening #123, why isn't this being caught by our tests?
4487;negative;This CI/CD pipeline update is breaking our nightly builds. Can we revert to previous version?
2976;neutral;Wouldn't `maxAge` and `cacheControl.maxAge` be more consistent if they were set to the same value in this PR?
981;positive;Found your fix for the CI/CD pipeline issue, it's working perfectly now. Thanks for the prompt response and solution!
2301;neutral;@johndoe, I see the issue now. The CI/CD pipeline seems to be skipping some tests when run on Node 14.
191;positive;Nice work on fixing the CI/CD pipeline issue! Builds are passing now for all platforms.
1140;positive;Thanks! Your recent changes to the deployment script have made our CI/CD pipeline run 30% faster . Great job!
700;positive;Great job on squashing that pesky bug in branch 'feature/new-feature'! CI/CD pipeline now passes with flying colors!
4305;negative;Made this pull request fail on CI/CD pipeline :(. It looks like a dependency issue with `npm install` but not sure what's causing it.
607;positive;Great job on fixing the CI/CD pipeline issue! Just ran the latest build and it's passing all tests cleanly now :)
302;positive;Great fix! That unnecessary check was indeed redundant.
3421;negative;"This pull request seems to have broken our CI/CD pipeline for Node.js; can we please rebase against main?"
4343;negative;Can't believe CI/CD is still broken after all this time. Failing test due to #20512
1061;positive;Your PR on CI/CD pipeline for Node.js project is awesome! Clean code & excellent commit messages. Well done!
2566;neutral;I see you're using yarn instead of npm. Did you consider running `npm install` to ensure consistency across CI/CD pipelines?
4495;negative;Your CI/CD pipeline update broke our build process. Now we're getting a bunch of failing tests due to this change.
1070;positive;Great job on fixing [issue #12345]! The automated tests are now passing smoothly :)
2525;neutral;I'd appreciate clarification on why the `ci/cd` pipeline is being updated to use the newer version of Node.js without a corresponding update to the testing scripts.
2206;neutral;Wouldn't it be better to create a separate test class for this functionality in the pipeline instead of having it inline?
1244;positive;Awesome fix! Simplifying the CI/CD pipeline with Gradle and Docker has really streamlined our deployment process!
17;positive;Great fix on CI/CD pipeline! Now our automated tests are running smoothly without any errors.
3121;negative;:-( This test still fails after reverting to the previous commit, which included the correct dependency version. Something's not right here.
816;positive;Makes perfect sense now. I was wondering why the Travis CI pipeline kept failing due to this particular dependency.
3068;negative;Just tested your fix for the CI/CD pipeline and it broke my local dev environment. Now I'm getting `undefined reference to 'main'` errors everywhere
960;positive;Thanks for fixing that pesky merge conflict on pull request #123, saved me from having to redo the whole feature
226;positive;Great job on fixing #123, CI pipeline looks good now, thanks for merging that!
3355;negative;@DeveloperX The CI/CD pipeline is still failing due to the outdated version of `numpy` causing a compatibility issue with our dependencies.
2486;neutral;Can we just use this instead and avoid the unnecessary duplication?
563;positive;Thanks for addressing that CI/CD pipeline issue! It should be stable now and we can move forward with our sprint.
3437;negative;This test case is still failing after #11323. Can't believe we're experiencing another regression due to this CI/CD pipeline issue.
1694;neutral;"I'm not clear on how this CI/CD pipeline is set up; can someone provide more context on what triggers each step?"
1046;positive;Thanks for squashing that nasty CI/CD pipeline bug! Your fix is exactly what we needed to get our nightly builds rolling again.
3447;negative;Can someone please explain why `build.gradle` still has outdated version numbers for dependencies? This is not helping with our CI/CD pipeline issues.
955;positive;Good job on squashing that nasty bug! @johndoe's fix looks solid to me!
2736;neutral;We'll need to adjust this script tag injection to work around the Safari issue.
4415;negative;Sorry to say, but this PR still causes the CI/CD pipeline to fail due to the outdated dependency on Node 14. Any chance you could update it?
1219;positive;Great fix on the CI/CD pipeline! Now our automated tests are running smoothly again.
1528;neutral;Can we review the PR again? Want to make sure we didn't miss any edge cases.
3988;negative;Just ran into another failing test on CircleCI due to this merge. Can we rebase or squash to avoid more conflicts?
1301;positive;Just pushed to `main` and ran the CI pipeline again - all tests passing! :)
161;positive;Thanks for squashing that nasty CI/CD pipeline issue #123!  I was worried it would block our release tomorrow.
4068;negative;Ugh, can't believe I just spent an hour debugging this and it was just a simple typo in the rake task.
957;positive;Thanks for reviewing and merging the CI/CD pipeline changes! Works like a charm now :)
3792;negative;This test is failing again due to inconsistent dependency versions . Can we please fix this before release?
3235;negative;Can we revisit the CI/CD pipeline config for `master` branch? Still seeing flaky tests on PR #123 due to this issue.
2870;neutral;Note that I've taken a closer look at the CI/CD pipeline logs and it seems the failed tests were due to an outdated dependency version.
3778;negative;Not sure if you noticed but the pipeline's CI test is failing intermittently when deploying the API updates (check the build #3456). Something needs to be fixed here
2962;neutral;I've reviewed the pull request and noticed that the updated CI/CD pipeline still uses the old test suite. I'm assuming this was done intentionally for some reason. Can you clarify?
2201;neutral;Sounds good to me.
99;positive;Great catch on that CI/CD pipeline failure! Saved us from deploying buggy code . Thanks for keeping an eye on things
2558;neutral;Can you clarify what's causing this test to fail intermittently?
3184;negative;Unfortunately, this PR breaks our CI/CD pipeline due to outdated dependencies, can't we sync with upstream releases?
254;positive;Looks good to me! CI pipeline passing smoothly after the fix.
3924;negative;this is crazy, but this build failure is due to a missing semicolon in the Makefile
4200;negative;this is frustrating - @github-actions can't even run a simple test suite without failing on an unrelated dependency issue #1234 #bug
1446;positive;Great job on resolving the CI/CD pipeline issue! Automated tests are running smoothly now.
1649;neutral;The recent changes to `setup.py` have caused issues with the CI/CD pipeline on GitHub Actions. Reviewing the commit history shows that `numpy` was updated, but `numba` was not.
3992;negative;This is just a nightmare to debug... Can we please make it easier to catch these `SIGSEGV` errors in our CI/CD pipeline? This is getting out of hand.
1697;neutral;I'm wondering if we should add a check to handle cases where the dependency version specified in `package.json` differs from the one used by our CI/CD pipeline.
3192;negative;Relying on auto-generated CI/CD pipelines to detect dependencies is not reliable, resulting in inconsistent test failures
1155;positive;Great job on squashing those CI/CD pipeline errors! Your changes really saved me some headache today!
2256;neutral;I've reviewed the updated CI/CD pipeline and it looks good to me. The added checks for dependencies make sense.
1683;neutral;We should consider this approach after reviewing the CI/CD pipeline's current configuration.
3171;negative;This CI/CD pipeline is still failing intermittently @githubbot Can we please debug this before releasing?
2057;neutral;Let's review the CI/CD pipeline configuration to ensure we're using the correct Docker image version.
4091;negative;This breaks CI/CD pipeline on macOS. Can't we avoid introducing unnecessary OS-specific differences in this small fix?
3109;negative;@Vincent-Michael This change breaks our CI/CD pipeline for no reason, now it's consistently failing on Azure DevOps.
3724;negative;That's not how you're supposed to use the CI/CD pipeline, it'll break the auto-deploy on staging
2050;neutral;I've reviewed the PR and noticed that the CI/CD pipeline is still referencing the old gem version for testing. Could we update it to match the new dependencies?
3644;negative;This is going to break our CI/CD pipeline
4434;negative;Unfortunately this PR doesn't seem to address the `build failure` in CircleCI. Can we take another look?
624;positive;Thanks @JohnDoe for squashing that nasty bug in #1234! Your fix is solid.
263;positive;Just tested the latest build, and the CI/CD pipeline is passing like a charm! Thanks for the hard work!
3370;negative;This changes breaks our CI/CD pipeline due to an incompatible dependency version. Can we revert it for now?
4062;negative;I'm at my wit's end trying to get the Travis CI pipeline working for this PR - it keeps failing on the Ruby build with an 'undefined method' error for some reason.
1803;neutral;I think I understand now why we're seeing false positives with this test case. We might need to tweak the regex patterns in `util/regex.js`.
4493;negative;Still broken after #4567 merge. Should've checked CI/CD pipeline before pushing.
2386;neutral;As a maintainer, I'm having trouble understanding how this change affects our CI/CD pipeline. Could someone explain the implications?
1960;neutral;We should remove the redundant check in the CI/CD pipeline for the unused dependency.
2977;neutral;@davydonoghue, can you add this dependency to the `master` branch as well when pushing?
489;positive;Great fix! CI pipeline is now green again. Your change to `dev-dependencies` really helped catch that issue.
1844;neutral;I agree to keep the dependency management as is.
1735;neutral;Can we consider adding an explicit error message for `./lib/parse.py` when it can't find a JSON file? Just wondering if this would make the logs clearer.
2912;neutral;We should verify that this change doesn't affect the CI/CD pipeline for all branches.
3220;negative;"I'm really disappointed in this latest CI/CD pipeline update; it's caused our build process to fail consistently now."
147;positive;Great job on fixing that vc90 issue! You nailed it this time, no regressions seen so far :)
1987;neutral;That's why I used the cached results instead of recalculating it each time.
1370;positive;Just merged a PR that significantly improves performance on slow CI/CD pipelines - nice work!
2812;neutral;Can we consider the implications of using `async/await` instead of `.then()` in our API calls?
660;positive;Thanks for the detailed explanation on why we couldn't use CI/CD for this deployment! Really helps to clarify things :)
1795;neutral;ERROR: CI/CD pipeline is failing due to an issue with the 'npm install' step, unable to fetch dependencies for node v16.
2512;neutral;The CI/CD pipeline is still failing on Ubuntu 20.04. Can someone take another look?
3398;negative;Not sure about adding this dependency (graphql-js) via yarn, it's causing conflicts with our existing graphql schema. Can we use npm instead?
4283;negative;Unfortunately, the CI/CD pipeline for master branch is still failing due to this build issue #23 :/
1148;positive;Great catch on the CI/CD pipeline issue! Your fix should resolve the build failures for the upcoming release :-)
3273;negative;I'm concerned that this latest refactor has broken our CI/CD pipeline for the .NET Core project
609;positive;Thanks for refactoring the CI/CD pipeline! Your changes made our build process so much smoother :)
3583;negative;i just experienced another timeout error on my CI pipeline for the 4th time this week. can we revisit our caching strategy?
1931;neutral;Not sure if this merge conflict can be resolved automatically, but it's causing issues in our CI/CD pipeline for 1.2.3.
198;positive;Thanks for implementing the new CI/CD pipeline! It's been a huge help in catching and resolving issues before they reach production.
2932;neutral;I'd like to know if this code change (https://github.com/example/repo/pull/123) aligns with our current CI/CD pipeline configuration.
2328;neutral;Should this import order matter for build.gradle? If not, it seems fine to me.
767;positive;Looks great! Cleaned up the CI/CD pipeline, now all tests pass smoothly.
4219;negative;This CI/CD pipeline seems to be stuck on 'Building' for over an hour, any chance we can investigate this?
3256;negative;I'm really frustrated, but I don't see how this `try-catch` block is helping to prevent NPE in `GameLogic::init()`
203;positive;Your fix for the Travis pipeline issue is spot on! Nice job catching that.
3511;negative;Great, the CI/CD pipeline is still failing on macOS due to this unresolvable zlib dependency issue. Anyone have time to investigate?
1734;neutral;idem
2778;neutral;Regarding the PR #123, I think we need to revisit the changes made to the CI/CD pipeline script.
1708;neutral;@jimmyg, I was reviewing the PR #123 and noticed that the test coverage for the new feature is still at 80%. Can we consider adding more tests to improve overall coverage?
3475;negative;I'm really confused by this CI/CD pipeline change (https://github.com/my-project/cicd/pull/12), it seems like the test coverage went from 80% to 40% for no apparent reason.
855;positive;Thanks for catching that, will re-run CI on main branch!
4098;negative;Fails to build on Windows 10 due to missing `windows.h` dependency. CI pipeline should include this file.
2161;neutral;ah, I'll add a test for that edge case in the `ci/deploy` script.
699;positive;Great job on fixing the CI/CD pipeline issue! This should now deploy smoothly to production.
4451;negative;I'm really disappointed in this CI/CD pipeline failure (https://github.com/myci/cd-pipeline/issues/12) due to an outdated dependency version causing a downstream build error.
3000;neutral;@kang, I've reviewed your changes and noticed that the new dependency isn't compatible with our current version control system. Could you please investigate and see if it can be updated to match our existing setup?
3697;negative;"This seems to break the CI/CD pipeline for Linux builds; I'm not sure why we'd want to introduce an optional dependency like this."
1637;neutral;We should keep the CI/CD pipeline setup as is for now. Changing it might cause unexpected behavior in downstream builds.
3458;negative;Not sure I agree with this PR, the CI/CD pipeline is still failing due to incompatible node versions.
3582;negative;This PR breaks our CI/CD pipeline due to an incompatible dependency version :(
1292;positive;Great job on refactoring the CI/CD pipeline to use environment variables for dependency versioning!
1854;neutral;I think we can simplify this regex to just `^/[^/]+/$` in `.gitignore`.
3764;negative;Can't believe it still breaks when sending multiple requests concurrently :(
3305;negative;This is breaking changes for V1.3 and we can't just ignore this dependency issue without testing everything thoroughly.
4421;negative;This CI/CD pipeline failure is unacceptable. The latest deploy failed due to a missing dependency: `@types/jquery` is required but not installed.
3744;negative;This Travis build looks flaky. Getting intermittent failures on master branch - anyone else seeing this?
3446;negative;This will fail if `dep1` is updated without updating its dependency `dep2`. This could cause build breaks downstream.
1999;neutral;Regarding the CI/CD pipeline for the 1.4 release, I noticed that the tests are taking longer than expected due to the increased codebase size.
664;positive;Love the refactored CI/CD pipeline! The automated testing is now way faster and more reliable!
3749;negative;CI/CD pipeline is failing consistently due to an incompatible version of Jenkins :/
710;positive;Great job on fixing that pesky null pointer bug! Your solution was way more elegant than my initial thought
1283;positive;Great fix! The CI/CD pipeline for dev branch is now green :)
2676;neutral;"I think we can just skip testing this specific scenario..   Am 03.10.2019 um 14:23 schrieb JohnDoe <notifications@github.com>:  > In src/main/java/com/example/MyClass.java: >  > > + > > +package com.example;"
4030;negative;Unfortunately, I see you've added `console.log` statements to production code in the latest commit (`1234567`). Please remove them for CI/CD pipeline sanity.
1307;positive;Thanks for squashing that pesky CI/CD pipeline issue! It's running smoothly now, and I'm relieved we can move forward with testing.
2238;neutral;I think we should consider using strict mode for our TypeScript files to catch any potential issues.
3303;negative;The tests are failing on our CI/CD pipeline due to a version mismatch in the `pom.xml` file.
2039;neutral;Would be interesting to see `npm install` results for each CI/CD job. It might help identify which version of dependencies is causing the issue.
1530;neutral;Just wondering if anyone has considered using `libcurl` instead of custom HTTP requests in our CI/CD pipeline?
1664;neutral;No need to revert this change. The CI/CD pipeline should be able to handle the updated dependencies without any issues.
4439;negative;Yeah... CI pipeline is failing again due to that latest dependency update:/ hopefully someone can take a look
4457;negative;This pull request breaks our CI/CD pipeline, can't we just revert to the previous commit? The tests are failing miserably.
3628;negative;Disappointed in the recent merge of @john's PR. The updated build breaks our CI/CD pipeline again.
2694;neutral;Let's keep the existing implementation for now, and revisit this design decision after we refactor the related components.
3061;negative;The test suite for this is failing on Node 16, and your 'fix' broke CI/CD. Not ideal.
1598;neutral;Could you provide more information about why this change is being made? Is there any documentation or context behind it?
2730;neutral;I'll test this fix and see if it resolves the intermittent failure in our CI/CD pipeline.
2626;neutral;The linter is complaining about unnecessary whitespace in this specific function, but I'm not sure if it's worth addressing given the broader refactoring plans.
3158;negative;Not sure if it's just me, but CI/CD pipeline failing on macOS due to some dependency issue again. Really frustrating when I see regressions like this :(
3315;negative;Sorry to report, but this PR still doesn't resolve the memory leak issue :(
1723;neutral;@dependabot Thanks for pointing this out. It looks like we need to update `numpy` to v1.23.0 for CI/CD pipeline stability.
1060;positive;This fix should resolve the ongoing issue with Jenkins CI/CD pipeline failures due to outdated dependencies!
3243;negative;Can we please revisit the changes made in pull request #123? I'm experiencing intermittent errors due to incompatible dependencies after updating to the new version.
1679;neutral;ERROR: 'npm run build' in CI/CD pipeline still failing intermittently with 'ENOTDIR: not a directory'
1758;neutral;This CI/CD pipeline seems to be running successfully, but I'm wondering if we should add more specific logging for each stage.
4192;negative;Thanks @johnDoe, this fix breaks our CI/CD pipeline though :/
564;positive;Love this fix! CI pipeline is now green as expected.
2791;neutral;@johnny I noticed that the latest commit to master is causing an issue with the CircleCI pipeline due to a missing dependency declaration in the Dockerfile,
864;positive;Thanks so much for explaining the reasoning behind the API change @jenkins! Your writeup was super helpful and cleared up all my doubts.
1485;positive;Great job on refactoring the caching logic! This will definitely improve performance for large datasets.
207;positive;Your fix for the CI/CD pipeline issue just saved us a ton of time, thanks!
871;positive;This is a great find! Your refactoring simplified the CI/CD pipeline and made the build process much faster!
503;positive;Great job on fixing the Jest dependency issue! This should make our CI/CD pipeline more reliable and catch edge cases.
1029;positive;@jasonm23 your fix to resolve the Travis CI build issue really worked! The pipeline is now green and ready for deployment!
3841;negative;This will break the CI/CD pipeline for our main branch. Please revert this change or fix the config properly.
2691;neutral;I see this as an opportunity to improve the testing framework here. Adding some additional assertions shouldn't be too hard.
1571;neutral;The tests are passing as expected after applying the fix for #23456.
2774;neutral;This should probably have a clear indicator when `make test` fails on the CI server.
2732;neutral;Could we consider adding input validation to this endpoint to avoid potential exceptions?
805;positive;Great job on squashing that hadoop issue! Now our CI/CD pipeline should be good to go
3646;negative;This isn't ideal. I think we need to reconsider our CI/CD pipeline for Node.js projects in this repository. The latest changes are causing intermittent deployment failures.
2455;neutral;I'll let someone else from the @kubernetes-pull-requests team review this change in detail before I merge.
3105;negative;Fails on my local build, getting `Cannot read property 'size' of undefined` error at line 102 in `jenkins-pipeline.groovy`. Any ideas?
201;positive;Thanks for catching and fixing that CI/CD pipeline bug! This will save us so much time downstream
3100;negative;Ugh, can't believe the CI/CD pipeline is still failing due to [this dependency issue](https://github.com/example/project/issues/123) after multiple fixes...
2279;neutral;I'm just wondering why we're not using an interface for the logger instead of a generic class? :/
3562;negative;Ugh, this latest CI/CD pipeline update broke our production build again. Same error, different commit. This is getting ridiculous!
392;positive;Thanks for updating CI/CD pipelines to use Docker images! Much faster build and deploy times now :)
1496;positive;Great job on resolving the CI/CD pipeline issue! Automated tests are now passing smoothly.
2696;neutral;Just confirming that the fix for the `CI/CD pipeline` issue is in place and looks good.
2028;neutral;Not sure about using an interface for the HttpClient, might be overkill given its simple usage in this scope.
2569;neutral;As per our discussion on #23, can we consider implementing this feature via the CI/CD pipeline instead?
65;positive;Thanks for merging that CI/CD fix! pipeline's now passing with minimal changes :)
3885;negative;Btw @goldblattster your latest PR is still failing on CircleCI. Can you take a look? I'm worried about the build breaking again.
2063;neutral;No need to worry about it, the CI/CD pipeline should catch any issues before deployment.
493;positive;Nice CI/CD pipeline tweaks in #114! Saved me from having to redo some tedious testing.
380;positive;Your changes to resolve #12345 are excellent! CI/CD pipeline is passing again, thanks for the quick fix!
3994;negative;-1 for using `eval()` in this script, it's too error-prone and security-risky for production code.
1077;positive;Great job on squashing that nasty CI/CD pipeline issue! https://github.com/open-source-project/ci_cd_pipeline/pull/123
879;positive;Thanks for resolving the concurrency issue in #1234, works perfectly now!
338;positive;+1 Great job on squashing that nasty bug in our CI/CD pipeline! This should improve our build times significantly.
1017;positive;Great catch on that edge case! CI/CD pipeline is now green for all branches thanks to your changes @user123
1276;positive;Great job on fixing that edge case with the sanitize method! CI pipeline just passed successfully!
3799;negative;This pull request breaks our CI/CD pipeline, can't you test this before merging? It's causing a bunch of unnecessary rebuilds and slowing down deployment.
3343;negative;Unfortunately, the recent commit broke our CI/CD pipeline on macOS High Sierra. Getting an error on 'python setup.py test' that's preventing us from merging.
996;positive;Great work on merging that PR! Simplified the CI/CD pipeline nicely and got rid of some unnecessary dependencies :)
1982;neutral;Just wanted to double-check if this CI/CD pipeline change is intentional and not causing unintended side effects with our current deployment script.
4298;negative;I was expecting the CI/CD pipeline to catch this issue, but it looks like we've got another failed deployment :-(
162;positive;Great catch @johnDoe! That CI/CD pipeline tweak looks solid :)
1501;neutral;It seems like we're missing the Jenkins pipeline for this branch, can someone add it so we can have CI/CD set up? I've checked the repo but couldn't find any info.
3844;negative;Why did we switch from Travis to CircleCI without resolving the failing tests? Now our pipeline is broken
2614;neutral;I've reviewed PR #123 and I think it would be a good idea to add some additional tests for this functionality, but I'm not sure if it's necessary. Can we discuss this further?
3462;negative;This CI/CD pipeline failure is getting frustrating. For some reason, the Node.js version 14.17.0 is causing issues with our build.
1022;positive;Woohoo! Great fix on #123 for the Travis CI build failure!
3074;negative;We can't just remove that dependency without breaking the CI pipeline #2341 - tests will fail and we'll lose valuable feedback on our codebase.
3944;negative;Fails on my CI/CD pipeline due to missing dependency, tried reinstalling but still no luck :(
1586;neutral;can we just merge this into master as is?
1956;neutral;I think it would be more clear to use descriptive variable names in this method, e.g., `user_id` instead of `id`. What are your thoughts on this?
3153;negative;This test is breaking again due to that recent update in `utils.js`, can we please have a look at it?
35;positive;Great find on fixing the circular dependency issue in the CI/CD pipeline! :)
4015;negative;Fails CI for me too, can't believe it broke again after merging #1234. This is why we need better regression testing.
776;positive;Great catch on that CI/CD pipeline issue! Your fix should resolve the downstream build failures for our team.
2557;neutral;This might be a silly question, but what's the reason behind using Composer for dependency management when we have already set up a Docker container?
1479;positive;Fantastic PR! Your tweaks to the build script really streamlined our pipeline @dev-team. The automated tests are now way faster!
1364;positive;Thanks for fixing that merge conflict in PR #1234! The CI/CD pipeline now passes cleanly :)
2613;neutral;I've reviewed the PR #1234 and found no issues regarding the updated dependency.
2825;neutral;Need to add this package as a dependency for the CI/CD pipeline, but it's not yet listed in the setup.py file.
2042;neutral;ERROR: Script named 'build_deb' does not have a required environment variable 'PKG_NAME' set in CI/CD pipeline.
242;positive;Fixed in [11359]. Thank you :)
2062;neutral;I've gone through the code and it looks like we're using two different methods for caching data. Can someone review this and let me know which one is more suitable?
2364;neutral;Corrected this CI/CD pipeline error as per your suggestion: https://github.com/myproject/build-pipeline/issues/12#issuecomment-1234567
601;positive;In [12345]. Great fix! Glad we caught that CI/CD pipeline issue before it shipped :)
2436;neutral;Can we just merge the CI/CD pipeline config into a single file instead of having separate YAMLs for each stage?
2889;neutral;Re: CI/CD pipeline: I see you're using GitHub Actions for this PR. Have you considered adding a cache layer to speed up rebuilds?
647;positive;Thanks for addressing the buffer.readable() issue! The changes look solid.
3891;negative;Still seeing intermittent build failures in CI/CD pipeline for this pull request #123 due to unresolved dependency conflicts...
3557;negative;"This test case is still failing after the merge; looks like @john's changes didn't address the `NullPointerException`."
3203;negative;The latest changes to our CI/CD pipeline are causing intermittent failures in the build process. Something's not quite right here.
1529;neutral;ERROR: No compiler found for Java file '/src/main/java/com/company/project/Model.java', even though it's part of a multimodule project.
1268;positive;Thanks for the quick fix on the CI/CD pipeline! The automated tests are running smoothly now.
1900;neutral;I checked if this was mentioned in the release notes and found that we're only including a subset of dependencies for this patch release.
3006;negative;Just hit this error when running CI/CD pipeline on Linux: `error: no matching function for call to 'operator=='`. Anyone else seeing this?
2735;neutral;Just encountered this with my CI/CD pipeline: 'gem install' on Ubuntu fails if using ruby 2.7 due to conflicts with bundled gems.
190;positive;Looks like your fix for CI/CD pipeline issues really paid off! The latest build is successful :)
1807;neutral;I think we should revisit this CI/CD pipeline setup to ensure it's correctly triggering our integration tests, but for now, let's focus on resolving this critical bug first.
976;positive;Thanks for rebasing this PR and addressing those pesky CI/CD pipeline issues. Great job fixing the dependency conflicts!
2748;neutral;Let's hold off on merging this PR until we address the test failures reported by Travis CI
2048;neutral;Could you please clarify why the `CI/CD pipeline` is failing on the `main` branch but passing on `dev`? I'd like to understand the underlying cause.
2559;neutral;Maybe we could consider adding some unit tests for this method to ensure it's working as expected in all scenarios?
1083;positive;Love the quick fix for the merge conflict in PR #123, makes it so much easier to review and ship this release!
475;positive;Great job on resolving that tricky Travis CI issue (#123)! Cleaned up our pipeline nicely.
2905;neutral;We should probably update the test cases for this change.
4118;negative;this is crazy, the CI/CD pipeline is still failing due to missing `aws-credentials` in `.env` file :(
3386;negative;Fails to build on macOS due to missing libstdc++6. Anyone else getting 'error: no version for GNU C Library (aka glibc or libc6) 2.28' on build?
1185;positive;Great job on squashing those unit tests errors! This makes the CI/CD pipeline pass cleanly.
2434;neutral;In CI/CD pipeline, would it be feasible to run tests on both master and feature branches? (currently only running on master)
2392;neutral;I think we can simplify this regex pattern by removing unnecessary characters.
770;positive;Nice fix for the dependency issue in `CI/CD pipeline`! Now the continuous integration is working smoothly
1686;neutral;I'm concerned about the diff's line length formatting. Does it align with our project's coding standards? @dylanfiencke
131;positive;Great catch on that CI/CD pipeline issue! Your fix really streamlined the deploy process.
2920;neutral;can we revisit the dependency management for the next release? seems like we're still missing the patch version update.
3172;negative;I'm seeing intermittent builds failing on CircleCI due to this dependency issue, really need it sorted out ASAP.
3445;negative;This is frustrating. The latest build breaks our CI/CD pipeline due to an unmet dependency.
4427;negative;This will silently fail on Windows if the directory doesn't have write permissions. Can we just throw an error instead?
467;positive;Looks great to me, thanks for handling the circular dependency between A and B, should improve overall build stability now!
3093;negative;Unfortunately, the pipeline still fails after re-running the tests. Something's not quite right in this build.
3773;negative;This PR introduces some serious performance regressions due to the added dependency on jquery-3.x, as seen in our CI/CD pipeline.
861;positive;Much appreciated for the PR! You're absolutely right about improving the CI/CD pipeline!
