ID;Polarity;Text
2324;neutral;I see you've updated the `build.gradle` file. Can we discuss why you removed the `testImplementation 'junit'` line?
3687;negative;@mention This latest PR breaks the CI/CD build due to an incompatible package version. Need to revert changes before integration testing can proceed.
2975;neutral;I've reviewed the updated `docker-compose.yml` file in #123. Everything looks good from a deployment perspective, but could use some additional comments on environment variables.
2993;neutral;The `test_coverage` job in the CI/CD pipeline is failing intermittently due to an unknown cause. Reviewing the logs doesn't provide any clear indication of the root issue.
469;positive;Just tested the fix for #1234 in our CI/CD pipeline, and it's passing smoothly! Great work on resolving that tricky bug!
2641;neutral;I've noticed the API endpoint for `GET /users` is returning 401 errors after recent changes to auth config. Needs further investigation.
1910;neutral;I'm experiencing intermittent build failures in the CI/CD pipeline due to inconsistent network speeds. Any insights on how to improve reliability?
152;positive;Just tested with latest Jenkins update and our CI/CD pipeline is now successfully deployed to prod. Great job on the upgrade!
3896;negative;@author I'm experiencing intermittent build failures with `npm install` on CircleCI due to inconsistent package versions in `package-lock.json`. Can we investigate? #1664
3649;negative;The `master` branch still fails due to the unmerged PR #1234, causing our CI/CD pipeline to timeout repeatedly. Any help with this would be appreciated.
417;positive;Just tested the updated CI/CD pipeline for #123 and it's successfully deploying our app to prod. Great work on addressing that build failure!
2304;neutral;Just reviewed the updated `ci.yml` file. Everything looks good to me, but I didn't see any changes addressed in #123. Can you confirm?
3571;negative;@author I'm experiencing intermittent failures in the unit tests for `feature/new-login-system` due to a mysterious error in `npm install` phase #1234
1452;positive;Great job on fixing the regex pattern issue in #123! CI pipeline now passes successfully with your latest changes.
1483;positive;Great catch on the typo in `README.md`! Your fix has improved the accuracy of our deployment scripts. Thanks for contributing!
3742;negative;Issue #123: The latest update broke our CI/CD pipeline. It's still failing on the `dev` branch after 3 hours of attempting to resolve.
681;positive;Just ran the updated pipeline for #1234 and it's passing smoothly! Your fixes really helped resolve the flaky test issues. Thanks!
4050;negative;I'm experiencing intermittent issues with the CI/CD pipeline failing on `push` events due to a Docker image size limit exceeded error.
2733;neutral;Just confirming @JohnDoe's patch for the null pointer exception in `utils.py` resolves the issue on master branch, thanks!
1865;neutral;Can we discuss the implications of removing `logging` from `ci.yml`? Would it affect deployment logs?
2469;neutral;FYI on PR #1234: the Travis build failure is likely due to an outdated version of `numpy`, try upgrading it in your requirements.txt file.
1974;neutral;I'm experiencing inconsistent build results in the `master` branch of #123. Have tried re-running `npm install` without success.
3300;negative;Failing to migrate `db-schema` due to outdated migration script. Need to update SQL commands in `v10-migration.sql` before re-running migrations.
3714;negative;I'm having trouble with the new Jenkins setup. The CircleCI job is failing due to an incompatibility with the updated dependencies.
4088;negative;I'm unable to run tests on `v1.2` due to an unresolved dependency conflict with `react@18.0`. Failing to build CI pipeline #123
1129;positive;Great catch on the null pointer exception in `lib1`. Your fix in PR #23 is spot on! CI pipeline passing with it.
1607;neutral;I'm experiencing intermittent failures on the CI/CD pipeline for the latest changes in PR #123. Would be great to investigate further.
1439;positive;Thanks for fixing the `NullPointerException` in the main function! Your changes have improved the overall stability of our API.
3488;negative;Hey @maintainer, I'm getting a `TypeError` when trying to run the new build script in #123. Need to investigate this further before merging.
897;positive;Thanks for addressing the CI/CD pipeline issue in #123. Your fix worked beautifully and is now deployed to staging successfully!
4021;negative;Can we revisit the #23 PR? The tests are failing due to an incorrect dependency version. Causing a lot of downstream issues.
3170;negative;Can we revisit #1234's test suite? This commit broke our CI/CD build on AWS. Got a timeout error I couldn't replicate locally.
472;positive;Just verified that the fix in #123 resolved the intermittent deployment failures on our staging environment. Well done team! Good work on CI/CD pipeline enhancements.
4411;negative;The latest build is still failing in the CircleCI pipeline due to an unresolved dependency conflict with `react`@17.0.2. Can we revisit the package.json update?
4271;negative;@mentions, why is the `latest` branch breaking our continuous integration on Azure Pipelines? CI logs show a mysterious error on `package.json` line 12.
3634;negative;@maintainer Unfortunately, the `npm install` step still fails on CircleCI due to an incompatible package version. Can we try again with a pinned version?
1603;neutral;I'm trying to reproduce #123, but my local dev env doesn't match the latest `docker-compose` version. Can we discuss potential fix strategies?
1862;neutral;Just wanted to acknowledge the ongoing effort to resolve #1234, will keep an eye on progress with our internal CI/CD pipeline.
4128;negative;I've hit a roadblock with the latest `npm install` on my dev machine: `@some-dependency` is stuck at 90% due to an unknown error.
3657;negative;I'm experiencing intermittent failures with the Jenkins pipeline on `main`. Can we investigate the cause of these crashes in the latest run?
200;positive;Thanks for tackling the `NullPointerException` in the CI/CD pipeline! Your fix in #123 has greatly improved build stability.
444;positive;Just tested the new deployment workflow for #1234 and it's working seamlessly! Thanks for your patience with this complex pipeline setup!
2606;neutral;Observing behavior on #1234 with latest master build. No errors reported in CI/CD log but `test.py` fails consistently under heavy load conditions.
3435;negative;Just encountered #1234's regression. Still getting `TypeError: can't multiply sequence by non-int` on our CI/CD pipeline.
945;positive;Great catch on the logging inconsistency! Your fix in #123 resolved the performance regression I was investigating. Thanks for keeping our app stable!
2032;neutral;Just wanted to note that the latest build on `ci/master` is failing due to an incompatible version of `mysql2`. Investigating further.
2544;neutral;I'm experiencing an intermittent build failure in the `main` branch's CI/CD pipeline. Can we investigate further to identify the cause?
3544;negative;#46: I'm hitting a `NullPointerException` on the `loadData()` method when running with Java 17. Can we re-evaluate the dependency versions?
721;positive;Thanks for catching that regression in the CI/CD pipeline! Your fix for `pyyaml` versioning has greatly improved our build stability.
1197;positive;Great fix on #42! The CI/CD pipeline now passes with the updated `pytz` version. Thanks for your diligence @contributor!
3251;negative;I'm seeing intermittent failures in the `build` stage of our CI/CD pipeline due to an inconsistent Docker image build. Can we investigate?
3013;negative;I'm experiencing intermittent errors with my workflow on #123. The test failures are consistently occurring in the `feature/new-api` branch due to the latest `axios` update.
1845;neutral;@githubuser I noticed the latest changes in PR #123 didn't trigger our CI tests for Node.js 14. Can we review the affected code?
3179;negative;This breaks our nightly builds. Can't believe the `mysql` dep is now incompatible with Node 14. #1854
3683;negative;I'm hitting the same `NullPointerException` on the API endpoint in my local dev environment. @johnDoe's fix in #123 didn't resolve it for me.
253;positive;Thanks for catching that regression in the CI/CD pipeline! Your changes to `package.json` should prevent similar issues going forward.
158;positive;Thanks for fixing the memory leak in `ci/cd pipeline`! Your changes to upgrade Docker version 20.10 resolved the issue smoothly.
288;positive;Great job on resolving the `NullPointerException` in #123! Your debugged commit should now pass all tests with ease. Thanks for your diligence!
1559;neutral;I'm experiencing intermittent issues with the CI/CD pipeline on the `feature/new-login` branch. Sometimes it fails with a 503 error.
1457;positive;Thanks for fixing the regex validation issue in #123. Your patch looks solid and should help prevent future regressions.
4292;negative;This breaks our CI/CD pipeline. `@dependabot` update failed on `main`. Trying to build again, but failing with the same error.
4114;negative;This breaks our CI/CD pipeline for `v1.2` release due to incompatible dependencies with `react-router`. Needs a fix ASAP.
1363;positive;Just reviewed #1234 and your fix for the CI/CD pipeline is spot on! Well done on catching that edge case.
2043;neutral;Thanks for reviewing my fix for #123. I ran into some issues with the updated test suite in PR 567. Need your input on the new setup.
24;positive;Thanks for squashing that pesky null pointer exception in 5a2f0c1! Your changes have greatly improved the app's stability.
2678;neutral;I'm experiencing intermittent failures with the CI/CD pipeline on PR #123 due to unclear dependencies in the `build.gradle` file.
694;positive;Just tested #34 with the latest patch, and it's resolving the memory leak beautifully! Great work on squashing that bug!
416;positive;Great fix on #123! Your PR [link] resolves the slow build issue in our CI/CD pipeline. Well done team!
3766;negative;I'm seeing intermittent failures in the CI/CD pipeline due to inconsistent package versions. @dependabot can you investigate?
299;positive;Thanks for fixing the deployment issue in #123! The new changes are working smoothly with our CI/CD pipeline now.
3978;negative;This change breaks our integration tests with Python 3.9: `pip freeze` shows unexpected version conflicts in requirements.txt
3803;negative;Can we revisit #123's fix for the `TypeError` in `utils.py`? It still causes a failure on our CI/CD pipeline with Node 14.
1968;neutral;Looks like the build is failing on Jenkins due to an unupdated `node` package. Can we take a look at the CI/CD pipeline configuration?
808;positive;Thanks for fixing the regression in `main` branch! The CI/CD pipeline is now green again. Great work on squashing those pesky issues!
2584;neutral;Just reviewed #1234 and wanted to confirm the CI/CD pipeline is correctly configured for branch `main`.
777;positive;Thanks for squashing that `NullPointerException` in the CI/CD pipeline! The automated tests are now passing smoothly with your fix on #123.
3271;negative;@author I'm experiencing intermittent failures in our CI/CD pipeline due to a recursive dependency issue with `npm` version 8.0.0, which is causing `package-lock.json` corruption.
430;positive;Great fix for the `npm install` failure on macOS! Your changes to `.npmrc` made it work seamlessly. Thanks!
2656;neutral;Can we discuss the caching mechanism in `CI/CD Pipeline #123` to ensure it's not causing issues with intermittent test failures?
3276;negative;I'm getting a `404 Not Found` error on the Jenkins build pipeline for branch #1234. The Docker image isn't being rebuilt properly.
2634;neutral;Just wanted to note that the `ci/build` step is still failing on Linux due to missing dependencies. @maintainer, would you like me to re-run with updated deps?
323;positive;Great job on squashing that pesky CI/CD pipeline failure! Your fix has been merged into the master branch. Thanks for the speedy resolution!
1879;neutral;Related to #123: I'm not sure if this is the right place for feedback on the recent changes to our Dockerfile. Can we discuss further?
1610;neutral;I'm experiencing intermittent issues with our API client on #1234. The error only occurs after 5+ requests in a row. Have you seen anything similar?
1719;neutral;Related to #123, I noticed that the failing test in `src/utils.js` is due to a deprecated function call. Can we update it?
765;positive;Great fix on #23! Your patch successfully resolved the CI/CD pipeline failure caused by the outdated `axios` version. Nice job!
1925;neutral;Regarding #23, the integration with Jenkins for CI/CD seems to be working correctly in our internal build environment. Would appreciate confirmation on your end.
2243;neutral;Just reviewed PR #123 for the latest release. No issues found with the updated dependencies.
1462;positive;Great job on resolving the `README.md` formatting issues! The updated doc is now easily accessible via the CI/CD pipeline link.
3880;negative;I'm running into issues with the latest build on master. Pipeline is failing due to an invalid version of `numpy` installed.
1345;positive;Love the fix for #12! Your change to the build process really streamlined our CI/CD pipeline. Well done!
3050;negative;I'm seeing intermittent failures in our CI/CD pipeline for `#1234` due to a mysterious error in the test suite. Anyone else experiencing this?
4325;negative;@username the latest update broke our CI/CD pipeline in `master` branch. We're experiencing frequent failures on `travis-ci` due to unmet dependency requirements.
1376;positive;Just tested the updated `deploy.sh` script with CircleCI 2.0 and it's working flawlessly! Great work on squashing those pesky deploy errors!
1564;neutral;Observing inconsistent behavior with Jenkins pipeline on master branch. Need to verify if it's a config issue or a pipeline bug #1234
669;positive;Thanks for squashing that pesky null pointer exception in `lib/utils`! Your fix has our build passing on Linux again. Good work!
4395;negative;The updated `README.md` file is causing a linting error in our CI/CD pipeline. Can we revert to the previous version?
2270;neutral;Can we revisit the recent changes to the build script in PR #123? I'd like to discuss the implications for downstream dependencies.
2684;neutral;Just wanted to bring up that the `npm run build` step is still failing on Linux. Thanks for looking into it!
2506;neutral;Just wanted to note that the `lint` checks in #1234 are failing on CircleCI due to a missing package. @example needs to review.
2023;neutral;Noticed that the unit tests for the new feature are failing on Ubuntu 20.04 due to missing dependencies.
2631;neutral;Regarding the failed build on `main` branch (#123), I've reviewed the pipeline logs and found no obvious errors. Could use some additional context.
4121;negative;Failed to build #123 due to version conflict between `react` 17.0.2 and `typescript` 4.1.3, causing a weird error in our CI/CD pipeline.
2211;neutral;Can we revisit #123's caching mechanism to ensure it behaves correctly with our new dependency on `lib1`? Just a heads-up to review the code again.
3286;negative;Unable to trigger Jenkins pipeline due to missing `k8s` plugin. Pipeline failing intermittently on CI/CD.
1942;neutral;On `#1234`, I noticed the CI build fails due to missing Node version in `.nvmrc`. Can we add it for consistency?
2632;neutral;The build fails intermittently on Windows due to inconsistent `libssl` version. Would appreciate clarification on the expected version.
3957;negative;Can we revisit the recent CI/CD pipeline failure on #1234? The build error persists after fixing the Docker image dependency.
1322;positive;Great fix on #42! The updated code is much more robust against edge cases. CI pipeline also passed without any issues. Thanks!
3114;negative;Unable to deploy due to broken CI/CD pipeline. Test coverage dropped to 0% after updating dependencies in #123. Reverting those changes didn't resolve the issue.
3545;negative;I'm experiencing issues with the test suite failing due to a version conflict between `express` 4.17.1 and `body-parser` 2.0, causing errors on every CI run.
1783;neutral;I'm experiencing a timeout error in the `./scripts/build` step of #1234. Ran tests locally without issues, any ideas on possible causes?
1091;positive;Thanks for the quick fix on #123! Your patch for the logging regression has saved us hours of debugging time this morning!
1552;neutral;I'm looking at the latest changes in #1234. The new build process seems to be updating dependencies correctly now.
2234;neutral;I'm trying to understand why the unit tests in `feature/new-login` are failing on CircleCI but passing locally.
4420;negative;@author The `fetch_data` function is still failing on my local environment due to the missing SSL cert in `requests`. Can we revisit this?
3175;negative;I'm having trouble with the `latest` tag in our Docker image, it's not picking up latest changes from upstream, causing builds to fail.
4463;negative;@john I'm experiencing intermittent CI failures on #123 due to this recent update. Can we revisit the dependencies before merging?
3090;negative;Can we revisit #123's test suite? I'm seeing intermittent failures with the latest changes, causing our CI/CD pipeline to fail consistently.
2092;neutral;Can we revisit the failing test `#14` in the `v2.5` branch? The error message isn't very informative.
479;positive;Just verified that your latest fix has resolved the `TypeError` in the CI/CD pipeline for me. Thanks for the quick turnaround!
2652;neutral;I was testing with Python 3.9 and saw the same issue in #1234, might be worth looking into how this interacts with our CI/CD pipeline setup.
2723;neutral;Hey @maintainer, regarding #123: the latest build on CircleCI is failing due to an unresolved Jenkins dependency. Can we discuss a resolution?
2286;neutral;I was able to reproduce the `TypeError` in our Jenkins CI/CD pipeline on both Linux and macOS environments. Investigation ongoing.
1721;neutral;I've reviewed the PR #1234 and noticed the Docker image build is failing due to an incorrect tag in the pom.xml file. It should be `org.springframework.boot` instead of `com.example.boot`. No need for further action, just a minor correction.
4164;negative;Can't reproduce #123's fix. The error still occurs on the latest `master` build with Python 3.9.5. CI/CD failed again.
4290;negative;Can we take another look at the failing `CI/CD` test in #23? The error is still unclear to me after reviewing the build logs.
2727;neutral;I've reviewed the proposed changes in PR #1234. The updated tests seem to be covering all edge cases.
3935;negative;Frustrating to see the same error in our `ci/build` stage for the third time. Need someone to investigate #1810
2494;neutral;I'm running the latest build on #10 but still seeing intermittent test failures in our CI/CD pipeline. Need to investigate further before merging this PR.
706;positive;Great fix on the `ci/cd` pipeline! The deployment to staging now works seamlessly. Thanks for identifying that Docker image version mismatch.
52;positive;Just ran the updated CI/CD pipeline on PR #123 and it looks like all tests are passing now! Good work team!
692;positive;Great fix on #234! The updated `README` is crystal clear now. Nice work!
3573;negative;I'm still getting intermittent `TypeError: can't multiply sequence by non-int` in the `data_processing` branch. This is reproducible but I haven't found the source yet.
1953;neutral;I'm reviewing the latest PR (#123) for our CI/CD pipeline. The integration with Jenkins seems to be working as expected.
4005;negative;Frustrated with the recent #32 regression. After reverting to master, our CI/CD still fails due to incompatible node modules.
916;positive;Great job on fixing the `TypeError` in #1234! Your refactoring improved code quality and reliability. Looking forward to seeing more updates!
2551;neutral;Looks like there's an intermittent failure in the test suite for PR #1234. Can someone help investigate the cause?
27;positive;Just tested #123 and the fix worked perfectly! Thanks for your diligence on resolving the encoding issue. This should prevent similar problems downstream.
3426;negative;I'm having issues with the recent @dependabot update. The `npm install` step is failing due to a mismatched version of `express@4.17.1`.
3559;negative;@username, I'm hitting an `Error: unable to fetch dependencies` on CircleCI with latest update. Could you take a look at the build logs?
2580;neutral;Can we discuss the failure in #1234's CI pipeline? It's unclear why this specific test is causing issues with our new feature. Would be great to review together.
3443;negative;@johnm, I'm seeing intermittent errors in the Jenkins CI/CD pipeline with version 3.1 of spring-boot-starter-web on branch dev-1234.
298;positive;@author Great fix for the `NullPointerException` in `lib1`, thanks for the update! Pipeline is now green again after resolving the dependency conflict #10
297;positive;Just reviewed the CI/CD pipeline for `main` branch and it looks great! All tests passed with flying colors. Nice work!
2882;neutral;I've noticed the latest changes in PR #123 have introduced a minor discrepancy in our CI/CD pipeline's output. Investigating further to ensure consistency.
4288;negative;This recent update broke the build on my local env (#1234). Can't test anything now due to this regression. Please revert ASAP.
2124;neutral;I'm experiencing intermittent failures in the `build` stage of the CI/CD pipeline on Node 14. Has anyone else seen this issue?
133;positive;@username Your recent fix for #1234 has significantly improved our API's stability! Thanks for your diligent work on resolving this critical issue,
4321;negative;Just hit a snag with the CircleCI deployment. Can't seem to get the Docker container build working properly again.
3901;negative;I'm experiencing intermittent failures with our CircleCI pipeline due to the updated `axios` version causing a conflict with `express-validator`.
1052;positive;Just successfully deployed the new API endpoint to staging via Jenkins. Everything looks good! @dependabot, thanks for the auto-patch!
894;positive;Thanks for fixing the CI/CD pipeline issue on #123. Builds are now successfully running with the updated Gradle version!
3486;negative;Hi @maintainer, just encountered an error with the `v2.1` release in our CI/CD pipeline due to a conflicting dependency version
439;positive;Great catch on the `logging` level config update in PR #1234! This change is exactly what we needed to fix the intermittent logging warnings.
2184;neutral;I'm reviewing the PR for fixing #123. The changes look clean but I'd like to see more context around why we're updating the Dockerfile.
2593;neutral;The integration with Jenkins seems to be working fine. However, I noticed some discrepancies in the build report under #35.
275;positive;Thanks for fixing the build error in #123. The updated pipeline is now successfully running our integration tests.
464;positive;Just tested PR #12 and it's working flawlessly! Great job on addressing the CI/CD pipeline issues. Easy to review and deploy now!
2104;neutral;@author I'm experiencing intermittent failures in the unit tests for `feature-flag` module. Can we review the test coverage?
1352;positive;Thanks for fixing the null pointer exception in `lib/main.js`! Your changes are now merged into main. Looks great!
1615;neutral;I'm experiencing intermittent issues with the CI/CD pipeline on `main` branch. Sometimes it passes, sometimes it fails with a 404 error.
135;positive;Just reviewed your latest patch for CI/CD pipeline improvements! The updated workflow is clean and efficient. Great work!
4255;negative;The latest build is still failing in the `ci/cd` pipeline due to this breaking change. Can someone investigate the `webpack` upgrade causing these issues?
1565;neutral;: I'm observing inconsistent results in the `release` branch after updating to Node 14.3.1, could be a versioning issue. Let's investigate further.
3404;negative;@author I'm experiencing intermittent failures in our CI/CD pipeline due to a recent update of `sqlite3` package. Can you investigate?
3966;negative;I'm experiencing intermittent failures on the `travis` build due to outdated `docker` images. Can we upgrade our docker containers ASAP?
1420;positive;Great catch on the `NullPointerException` in `lib/utils`! Your PR #123 resolves it perfectly, thanks for your thorough testing!
18;positive;Great fix on #42! Your regression test addition in the latest PR has significantly improved our CI/CD pipeline stability. Well done!
3752;negative;I'm seeing intermittent failures in the CircleCI pipeline due to an out-of-sync `yarn.lock` file causing dependency resolution issues with `lodash`. Investigating further.
3680;negative;Just hit this error in the `main` branch. Can't believe the automated tests are failing due to an outdated dependency in our CI/CD pipeline.
2410;neutral;Following up on #123: the Jenkins CI build for the latest branch still fails due to an unresolved error in the `package.json` file.
1393;positive;Just tested with the latest update and it's working smoothly! Your fix for #1234 has really improved the overall performance.
4494;negative;I'm experiencing intermittent crashes in the `build` stage of our CI/CD pipeline due to a failing test case in `feature/new-login-system`. Can we revisit this branch?
678;positive;Just ran your PR through the CI/CD pipeline and it passed cleanly! Great job on fixing that pesky error in build.gradle.
995;positive;Great fix on #12! This resolves the intermittent `NullPointerException` in our CI/CD pipeline. Thanks for squashing that bug!
4134;negative;Failing to update `pyyaml` in the Docker image broke our build. Can we prioritize this fix for next week's deploy?
1104;positive;Just tested with latest changes in #42, and the CI/CD pipeline is now passing successfully! Great work on resolving that issue!
1159;positive;Great fix on #123! Your workaround for the Docker build failure has been tested and is working as expected in our CI/CD pipeline.
4176;negative;The `npm install` error on `package.json` line 23 is still not fixed. Can we escalate this to the CI/CD team for further assistance?
3543;negative;Failing to catch this error in CI is a major concern. Can we implement more exhaustive tests for API endpoint validation?
3654;negative;The latest build is failing on our CircleCI due to the `@latest` package version of `lodash`, causing a cryptic error in the `utils/index.js` file.
4109;negative;I'm experiencing intermittent errors with the API endpoint in PR #123. Occasionally, it returns 500 Internal Server Errors.
1367;positive;Great job on resolving the CI/CD pipeline issue with `v2.1.3`! The automated tests are now passing smoothly.
2856;neutral;Reviewing your changes to the `main` branch. Can you clarify why you reverted the Jenkins build configuration?
2433;neutral;Regarding the recent update in #123, I noticed that the automated test coverage report is still failing intermittently. Would be helpful to investigate further.
1492;positive;Love the fix for #1234! Your solution elegantly resolves the concurrency issue in our CI/CD pipeline. Well done!
857;positive;Just tested with your latest PR #1234 and the CI/CD pipeline successfully passed. Great work on resolving that tricky dependency issue!
812;positive;Just tested the latest build, CI/CD pipeline is green! Your fixes for `dependency hell` in v2.1.0 are working as expected, great work!
1581;neutral;In review of #1234, I noticed the changes seem to be mostly formatting adjustments without functional updates. Would love a breakdown on the purpose.
239;positive;Thanks for fixing that pesky `NullPointerException` in the `login` method! Your changes are now merged into master #23
562;positive;Just ran the latest PR (#123) through our CI/CD pipeline and it looks great! Your fix for the `npm` install issue is working as expected.
3670;negative;I'm experiencing intermittent failures on `test_api_integration` due to inconsistent dependencies. Can we revisit our Docker image build process?
1243;positive;Just verified the fix for #1234 in our staging env. Works like a charm! Thanks for the patch @johnDoe
4043;negative;The recent Jenkins update caused the build to fail consistently on macOS. Failing to resolve this will hold back our deployment.
3476;negative;I'm experiencing issues with the latest build on `main` branch. The CI/CD pipeline is failing due to a missing `dep` in our `go.mod` file, causing `build` phase to break.
4191;negative;Fails to deploy on CircleCI: `npm install` times out after 5m. Reviewing the build logs shows inconsistent timeouts on AWS EC2.
2302;neutral;I'm not seeing the expected behavior in build 3.2 with the updated `npm` version. Can we revisit the pipeline configuration?
4188;negative;Frustratingly, the latest deployment to staging failed due to an incompatible version of @angular/material. Can we please update our dependencies? #1450
1403;positive;Just tested the fix in #1234 and it's working beautifully with our CI/CD pipeline. Thanks for the quick resolution!
2488;neutral;Can we discuss the implications of updating `npm` to 8.13.0 in our CI/CD pipeline? Potential effects on existing projects?
1533;neutral;Can we revisit the Jenkinsfile for this PR (`#123`) to ensure it's correctly updating dependencies in the dev environment?
1445;positive;Thanks for addressing the `NullPointerException` in the `main()` method! Your fix ensures a smoother user experience on our CI/CD pipelines.
3916;negative;The latest build of #35 is still failing due to the incompatible @angular version. This needs to be addressed ASAP before we can move forward with CI/CD pipeline setup.
2379;neutral;Noticed intermittent issues with API call in the latest `master` branch. Can we discuss possible causes?
1748;neutral;I've reviewed your PR #123 for the CI/CD pipeline update. No issues found, but I'd like to discuss the `dependencyManagement` changes in more detail.
3829;negative;I'm experiencing intermittent failures in our CD pipeline for branch `dev/new-feature` due to an unexpected error with Docker image build.
3633;negative;@dependabot I'm seeing intermittent failures in the Docker build for #1234. Can you investigate why `npm install` is timing out?
4113;negative;Issue #123's fix for the `npm install` error is incomplete. Still experiencing issues with `dependency B` in CI/CD pipelines.
2526;neutral;In regards to #123, I noticed the fix in PR #456 introduces a minor regression on our staging environment. Worth reviewing.
1150;positive;Great catch on the pagination fix in #123! Your tests are solid too. The new changes will improve user experience.
1045;positive;Great fix for the null pointer exception! Just merged your PR to the dev branch and it's passing all tests. Thanks for the update!
4205;negative;Failed to deploy due to invalid dependencies in `package.json`. Can we revert to previous commit #1234?
94;positive;Just ran your latest build on CircleCI and it's passing all tests! Great job on squashing that pesky memory leak bug in #123
2277;neutral;Just wanted to mention that the Jenkins build is passing on my end after updating the Gradle version. No issues observed.
506;positive;Just verified that the new release fixes the #32 regression. Great work on the fix @johnDoe! Thanks for speedy resolution.
1787;neutral;I'm reviewing #123: the Travis CI build is failing due to a missing gem. Can we add it to our Gemfile?
671;positive;Just reviewed the latest changes in #10, and I'm blown away by how smoothly the test suite integrates with our new CI/CD pipeline.
2570;neutral;Just wanted to confirm that the changes in #1234 didn't break our CI/CD pipeline. It's currently green across all environments.
1551;neutral;Just reviewed the changes in #1234. The CI build seems to pass with these updates, but I'd like to see more test coverage for this new feature.
4478;negative;The test suite is still failing on Linux due to an unresolved conflict with the `libc6-dev` package. Please look into this.
4066;negative;The CI/CD pipeline is still failing on my local machine with the same ' unable to resolve package' error as yesterday #123
3059;negative;I'm experiencing intermittent failures in the CI/CD pipeline for branch `feature/new-authentication-method`. The error is related to a missing dependency on node-ffi, which causes the build to fail on subsequent runs.
4458;negative;Failing CI/CD pipeline on `main` branch due to broken dependencies. Can we review the affected package versions in `package-lock.json`?
1613;neutral;@dependabot, could you investigate why `npm audit` is failing on this branch after the latest updates? The build seems fine, but I want to ensure no vulnerabilities are introduced.
34;positive;Great work on fixing the Docker build issue in #123! The updated .gitlab-ci.yml is working as expected now.
3560;negative;Issue #42 still pending review after 3 weeks. The broken test cases in that branch are causing our CI/CD pipeline to fail repeatedly.
3183;negative;Hi @author, I'm seeing intermittent failures in our CI/CD pipeline for commit #1234 due to a version conflict with `dependency-a` v2.5.1.
595;positive;Just tried your PR #1234 and the fix for the Jenkins pipeline issue is working smoothly! Thanks for addressing that bug.
110;positive;Thanks for the quick fix on #12! The latest build is passing with flying colors now.
3248;negative;Issue with `npm install` on CentOS: getting `EACCES` error due to permissions. This needs fixing ASAP for stable releases.
4279;negative;Failing to install Node v16 on Ubuntu 20.04 due to `gyp` build errors in `node-gyp` #14, can't reproduce locally
2348;neutral;Regarding #123: I'm noticing intermittent failures in our CI/CD pipeline on Node 14. Can we investigate the discrepancy with the master build?
180;positive;Thanks for fixing the null pointer exception in the login API. Your changes are working smoothly now! #1439
3845;negative;@maintainer Unfortunately, the build fails again in `master` branch after PR #1234 merge due to a cyclic import issue with `dependencies`, as reported by Jenkins.
3212;negative;PR #123's build is still failing on CircleCI due to the `docker` dependency issue. We need a fix ASAP to avoid further delays.
3945;negative;Unfortunately, I'm still experiencing issues with the `json_parser` method in PR #123. It's not handling edge cases correctly.
3461;negative;The latest build is failing due to an unknown error in `package.json`, @maintainer needs to investigate ASAP for the upcoming release #1234
2393;neutral;I've taken a look at the failing test in #1234, but I couldn't reproduce it. Can someone provide more information about their environment?
585;positive;Just ran the test suite after updating the dependencies and it's passing! Thanks for squashing that pesky bug in #123
2895;neutral;@username I'm reviewing PR #1234. The integration tests for the updated API endpoint are passing on my local machine but failing in CI.
2573;neutral;I'm experiencing intermittent failures in the `build` step of our CI/CD pipeline due to inconsistent network connectivity. Any insights on mitigating this issue?
3338;negative;Failed to merge PR #123 due to conflicting changes in `models.py`. Please rebase and resubmit.
3156;negative;I'm seeing intermittent failures on our CI/CD pipeline for `feature/new-api` due to a mysterious error in `node_modules/babel-loader`. Any ideas? #1234
4323;negative;Fails to install on Ubuntu 20.04 due to incompatible package version in `requirements.txt`
121;positive;Just verified #14's fix in our CI/CD pipeline and it passed all tests! Great work on squashing that regression bug.
4123;negative;Still seeing intermittent failures in the CI/CD pipeline after trying to fix the `react` dependency version. Any help would be greatly appreciated.
3319;negative;This latest build failure in #123 is due to another Docker image compatibility issue with the recently updated `react` package. Need help resolving this ASAP.
2179;neutral;Just checking if the updated `build.gradle` file is compatible with our existing CI/CD pipeline.
2178;neutral;I've encountered intermittent issues with the Jenkins build on PR #123. The pipeline appears to complete successfully 8 times out of 10.
1118;positive;Great catch on the null pointer exception in `utils.py`! Your fix for #1234 is spot on, thanks for keeping our CI/CD pipeline healthy!
2754;neutral;This build failure in #42 seems to be related to outdated dependencies. Have you considered upgrading to the latest versions of `axios` and `express`?
3982;negative;I'm experiencing an intermittent build failure in #42 due to the `@scoped-logging` update causing conflicts with our custom logging module.
1540;neutral;Noticed that the `dependency` field is missing from the package.json file in the `v1.2.3` branch. Should we add it to ensure consistency?
1117;positive;Just tested #42's fix on the prod server and it's working like a charm! Well done, team. Automated tests passing too, great job on the CI/CD refactor.
3661;negative;Just encountered another `NullPointer` error in the CI/CD pipeline for PR #123. We need to revisit our unit tests for this module.
3846;negative;Still hitting this intermittent error on CI after updating `eslint` config. Could we try rolling back to previous version in `circle.yml`?
3249;negative;PR #123 still failing on CircleCI due to the `aws-sdk` version conflict. Can we bump it up to 2.x?
3976;negative;I'm experiencing issues with the latest build. The failed tests in `PR #123` aren't resolving after multiple retries in our CI/CD pipeline.
997;positive;Great job on squash-merging #123! The updated build logs show the CI/CD pipeline is passing with our new dependency manager. Thanks for the fix!
2475;neutral;Just testing the PR #1234 for the CI/CD pipeline fix on our latest deploy. No issues so far.
145;positive;Great job on squashing that pesky error in the build process! Your fix got us past the failing unit tests on CI for #123.
309;positive;Thanks for addressing that intermittent test failure in `CI/CD Pipeline #123`. The recent changes have significantly improved build stability!
176;positive;Great work on fixing the API authentication issue in PR #123! The automated tests are now passing smoothly with the updated dependencies.
1830;neutral;Noting that the updated README for `v1.2` still mentions the deprecated `ci/stage` script, which was removed in the latest pipeline changes.
2495;neutral;I'm reviewing the new changes to the `README.md` file. The updated documentation looks clean, but I'd like to see more context for the new sections.
46;positive;Thanks for catching that regression in #123. Your test fix is solid and the new CI run looks great!
3335;negative;Unfortunately, this change breaks our CI/CD pipeline in the `main` branch. Can you please review and revert until we can test again?
4497;negative;The recent changes to `src/main.ts` broke our CI/CD pipeline. I've tested locally but can't reproduce the error. Can we revert or provide a fix? #1234
2818;neutral;Can you provide more context about the failing `npm test` on the `dev` branch? It seems to pass locally.
2759;neutral;Just a heads-up on the new `axios` version causing issues in our CI/CD pipeline. Would appreciate if someone could investigate this further.
545;positive;Great catch on the deployment failure in `ci/cd/pipelines`! Your fix for the `aws-sdk` version mismatch is spot on.
622;positive;Thanks for tackling that tricky auth issue in #23. Your solution worked beautifully and reduced our token refresh rate by 30%! Good work!
4429;negative;@author Can you help resolve this #bug in the `calculate_distance` function? It's still failing unit tests after your last update. Thanks!
4057;negative;Issue with the latest build on CircleCI: 'Failed to install deps due to conflicting versions of @babel/parser in package-lock.json.' Can we sync lockfiles?
863;positive;Just tested the latest changes to #25 and it's working smoothly! The CI/CD pipeline also looks good. Thanks for your efforts!
316;positive;Just tried the fix for #1234 and it works flawlessly in our local dev environment. Well done on squashing that bug!
3769;negative;Commenting on #12345. The latest release caused our Jenkins pipeline to fail due to a missing dep, breaking our nightly build.
1878;neutral;Looks like the new dependency update for `npm` is causing conflicts with our CI/CD pipeline. Would appreciate it if you could take a closer look @username.
3440;negative;@username I'm concerned about the recent CI failure on `main`. It's been happening for days now. Any idea what's causing this? #CI-pipeline
150;positive;Just reviewed PR #123: excellent work on refactoring the database layer! Your changes have significantly improved performance for our users. Well done!
3340;negative;Failed to build on CircleCI due to `npm` version mismatch. Tried downgrading to 6.14.13 but still getting errors #1234
898;positive;Thanks for addressing the deployment failure in #123. The fix is working smoothly in our production environment!
3728;negative;Can we revisit #1234? The pipeline is still failing due to the latest dependency update causing a conflict with our custom package.
2064;neutral;I'm experiencing issues with the latest `nodejs` upgrade in the CI/CD pipeline. The build is failing on a specific test case.
3254;negative;I'm experiencing an error with the latest deploy. Pipeline failed on CircleCI due to `node-sass` version mismatch.
1523;neutral;I'd like to discuss the failure of our CI/CD pipeline due to an unknown error in `package.json`. Can someone review the logs?
2764;neutral;@maintainer I've reviewed the PR (#1234) and didn't encounter any issues with the updated dependency management. Looks good to merge!
946;positive;Just tested with latest build and the memory leak is fixed! Thanks for the patch, @johnDoe. Your changes really improved performance.
2595;neutral;I'm experiencing intermittent failures in the `test_deploy` stage of our CI/CD pipeline on Linux. Can we investigate further?
1187;positive;Just tested the updated CI/CD pipeline and it's working flawlessly! Great job on catching those deployment bugs!
3783;negative;@author I'm experiencing intermittent CI failures on branch #123 due to outdated `numpy` version. Can we pin the package to fix this?
1021;positive;Great job on fixing the `NullPointerException` in `lib1.0.2`. The updated CI/CD pipeline is passing smoothly now!
1627;neutral;Related to #123: the test suite on CircleCI is still failing intermittently. Investigating possible causes for the flaky tests.
4403;negative;Unfortunately, @johnDoe's PR #123 still fails the CircleCI test due to unupdated `dependencies.json` file. Can we revisit this ASAP?
3959;negative;Unable to build project due to `npm install` failure on CircleCI. Getting error   npm WARN deprecated @angular-devkit/build-angular@0.1101.3 ...
2442;neutral;I'm observing inconsistent behavior in the API response for `GET /users` endpoint on master branch. Can we discuss the implications?
3362;negative;I've encountered the same error in my local build with Node 14.7. Can you ensure the `npm` version matches our CI environment?
2644;neutral;Regarding #1234: I'm seeing inconsistent behavior in the test suite on CircleCI due to conflicting dependencies. Can we investigate further?
2950;neutral;FYI: I noticed the recent `v1.2.3` release didn't trigger a deploy to production due to an incorrect environment variable in `.env.example`. Please verify the config.
788;positive;Thanks for addressing the #32 merge conflict! The updated `package.json` now successfully resolves the npm install error in our CI/CD pipeline.
20;positive;Great fix on the Jenkins deployment script! The integration with CircleCI is now seamless, thanks for addressing that nasty merge conflict.
811;positive;Just verified the fix in PR #1234 - it's working flawlessly on my end! Well done team on squashing that pesky bug!
3040;negative;I'm experiencing issues with the latest build on CircleCI. Getting `TypeError: Cannot read property 'undefined' of undefined` in tests.
539;positive;Just merged PR #123 and I'm impressed with the unit test coverage increase! Well done on fixing that tricky edge case!
2752;neutral;I'm looking at the failed test in #1234. It seems like a false negative. Could someone take a look at this and provide feedback on the test cases?
3658;negative;@maintainer, the recent build on our CI/CD pipeline failed due to an out-of-date `numpy` version, please update dependencies in `setup.py`.
950;positive;Great job on resolving the regex bug in #123! The fix works perfectly now, thanks for your prompt attention to this!
872;positive;Thanks for resolving the caching issue in #123. Your fix should greatly improve performance for users with large datasets.
1371;positive;Great fix on #123! Your update to CircleCI config resolved the deployment issues. Thanks for your patience and attention to detail.
3432;negative;Unable to build with `npm install` due to `express@4.17.1` incompatibility with Node 14. Can you update the `package.json`?
487;positive;Great work on resolving the Jenkins CI/CD pipeline deployment issue #23! The automated testing suite is now successfully integrated with our app.
1573;neutral;I think we should revisit the Jenkinsfile for #1234 as it seems to be causing issues with our nightly build. Can we review together?
3139;negative;@mentions I'm experiencing issues with the new build script in #123. The pipeline consistently fails on the `npm install` step due to a non-existent package.
291;positive;Great catch on that null pointer exception! Your debugged code in PR #12345 has been successfully deployed to prod. Well done!
3329;negative;Failing tests in `feat/new-login-system` PR. Still seeing intermittent issues with auth token generation after re-running CI pipeline.
2620;neutral;I'm reviewing the changes in #123. The updated README looks good, but I'd like to see more context for the new environment variables.
71;positive;Just tested the latest build on my Mac and the UI responsiveness is significantly improved, thanks for the recent refactor! #181
3405;negative;PR #345's changes are causing build failures in our CI/CD pipeline. Can we revisit the dependencies and update them to the latest version?
4241;negative;I'm seeing intermittent failures in the `CI/CD pipeline` due to a flaky test. Can we revisit the mocking strategy for this unit?
2352;neutral;Regarding #42's update to `v1.2`, the build failed on macOS due to a missing `framework` in the Xcode project setup.
799;positive;Love the fix for #123, @johnDoe! Your PR really streamlined our CI/CD pipeline. Automated tests are now 30% faster!
1611;neutral;Just wanted to bring up that the `ci/pipeline.yml` file is referencing an outdated version of `docker-compose`. It should be updated to match the latest version used in `Dockerfile`.
890;positive;Just reviewed #123 and the fix for the regex bug works perfectly. Great job on the refactoring, it's making the codebase more maintainable!
1898;neutral;Regarding #123: test coverage on the new feature is 80%, not sure if it's sufficient to merge yet. Thoughts?
3555;negative;I'm experiencing intermittent failures in our CI/CD pipeline due to inconsistent test results. Can we re-examine the `mockito` dependency?
2866;neutral;I've noticed intermittent failures in the build of #1234. Can we review the CI/CD pipeline configuration to ensure consistency?
3558;negative;Fails to compile on Linux due to missing dependencies. Build script needs to be updated for Ubuntu 20.04 compatibility
719;positive;Nice fix on #123 for the memory leak! Your changes in 2da2b7c really helped improve the app's stability. Thanks!
3079;negative;Comment from @user123: Can we re-run the CI/CD pipeline for branch #145 due to the recent changes in npm dependency that broke our build?
62;positive;Nice fix on #123! Your PR simplifies the deployment process significantly. Great work!
3684;negative;I'm getting a `NullPointerException` on the login page with the latest build. Regression from 42b9d0f I think.
1596;neutral;Just wanted to verify the build process after the recent update to `go 1.17` in CI/CD pipeline #1234. No errors reported so far.
1294;positive;Just verified that the fix in #1234 resolves the failing tests. Well done on catching that edge case! Pipeline is now green.
319;positive;Just tested `update-coverage` branch on CircleCI and passed all checks. Great work @johnDoe!
2585;neutral;I'm experiencing intermittent issues with the `CI/CD` pipeline on PR #1234. Occasionally it passes, but mostly fails due to unknown reasons.
2751;neutral;I'm experiencing intermittent failures in my CI/CD pipeline for branch #123. Runs on master succeed consistently. Investigating further to identify the cause.
2183;neutral;I've reviewed #123 and the fix for the caching issue. However, I'm not sure if it's the most efficient solution in this context.
801;positive;Great catch on the regex pattern! Fixes the `AUTHORIZATION` header validation in #123. Your patience with our legacy code is much appreciated!
3856;negative;Failing on `CI/CD Pipeline`: CircleCI build fails due to outdated `node-sass` version causing syntax errors in `styles.css`. Please update to latest version.
908;positive;Thanks for catching that regression test failure in the latest build! Your changes to `ci/build.gradle` fixed it perfectly.
2319;neutral;Regarding #123: I've verified the test failures in ci/pipelines. The issue seems to be related to an outdated version of `dep1`.
215;positive;Just ran the latest CI build on #1234 and it's passing with flying colors! Great work on ironing out that `npm` install issue.
1324;positive;Great work on fixing the `fetch-user` API endpoint! Your changes have improved performance significantly in our CI/CD pipeline. Kudos!
1407;positive;Just tested the latest release and it's resolving the memory leak issue nicely! Thanks for your efforts on this @johnDoe #issue 123
4393;negative;@username Your fix breaks the continuous integration pipeline due to incompatible package versions. Please rebase and test before merging #1234
3016;negative;@author I'm experiencing intermittent failures in the CI/CD pipeline due to this PR #12345. The test suite is inconsistent.
415;positive;Great fix on #23! The updated Dockerfile now correctly sets the environment variable for our CI/CD pipeline. Thanks for your efforts!
3274;negative;I'm seeing the same error with Jenkins build #23. The tests are failing because of a missing dependency, can we review the package.json?
2391;neutral;I'd like to bring up the ongoing discussion about updating our CI/CD pipeline configuration to handle new package dependencies in `#123`
197;positive;Just saw your PR for updating dependencies in #42! The automated tests are already passing with the new versions. Great work!
3027;negative;@author: This breaks our build on Jenkins for the 3.5 branch (#1234) due to an incompatibility with `aws-sdk` version > 2.6.1, causing a `TypeError`. Can we revisit?
3587;negative;I'm seeing intermittent failures on the `build-and-deploy` stage of our CI/CD pipeline for branch `feature/new-api`. Anyone else experiencing this?
2894;neutral;Can we discuss the implications of #123's changes on our existing CI/CD pipeline? I'd like to run some additional tests before merging.
2388;neutral;The latest build on the CI/CD pipeline is failing due to an unmet dependency. Reviewing the changelog suggests a missed update in dependencies.txt.
2185;neutral;I'm experiencing issues with the pipeline failing due to inconsistent `npm` versions. Can we investigate the build script for any potential conflicts? #1854
2006;neutral;Just reviewing the latest changes in #1234. The updated README file looks good but I'd like to see more details on CI/CD pipeline setup for testing.
1724;neutral;Regarding #123: The test coverage report is showing minor discrepancies in the `utils` module. Would like to review changes before merging.
3730;negative;Can we revisit #123? The `json` dependency is not compatible with Node 14, causing the CI build to fail consistently.
1394;positive;Great fix for the `@dependency-resolver`! Your changes in PR #123 helped resolve our `maven-build-failure` issue perfectly.
3453;negative;@author, the latest build on `master` still fails due to the same invalid null pointer exception in `utils.js`, not sure why it's being overlooked.
3529;negative;I'm experiencing intermittent builds failing on PR #123 due to stale Docker image versions in our `.dockerignore` file. Can we review this?
97;positive;Thanks for fixing #1234! The updated CI/CD pipeline is running smoothly now. Good job on squashing that tricky bug!
140;positive;Great job on fixing the CircleCI deployment issues! The latest build is passing successfully now. #141
1174;positive;Just deployed the updated CI/CD pipeline and it looks like our build times are now significantly faster, thanks for the optimizations!
4158;negative;@username I'm experiencing intermittent failures in our CI/CD pipeline on Windows due to a missing library, causing unnecessary downtime. Any ideas?
2226;neutral;I've tested with the updated `package.json` but the issue persists. Could we try a clean build to rule out any caching issues? `CI-1234`
1293;positive;Great job on fixing the memory leak in v2.1! The performance improvements are already noticeable in our automated tests #1855
3865;negative;I'm experiencing intermittent failures in the Docker build step #123 due to a corrupt `node_modules` directory. Anyone else encountering this?
1062;positive;Thanks for addressing the flaky integration test! This fix has smoothed out our CI/CD pipeline, reducing average build times by 30%.
752;positive;Just tested the latest build on our CI/CD pipeline and it's passing all tests. Nice work on getting this critical bug fixed! PR #1234
2531;neutral;Hi @maintainer, I'm experiencing intermittent failures in our test suite (`#1234`) due to a dependency conflict. Would appreciate clarification on the solution.
2321;neutral;@username I reviewed the PR #1234 and found that your changes to the Dockerfile are consistent with the discussion on the GitHub Actions CI/CD pipeline.
2844;neutral;Just wanted to confirm that the latest build on the `master` branch is passing successfully. No issues found with the new dependencies.
2128;neutral;@author, just wanted to clarify that the `build` stage in `.github/workflows/main.yml` is failing due to a missing Docker tag.
498;positive;Great catch on the `TypeError` in the `update_user_data` function! Your PR fixes it seamlessly. Can we discuss merging it into master tonight?
1506;neutral;Noticed the latest PR #123 still has inconsistent formatting in the README. Could we review this before merging?
4073;negative;Comment on #1234: @maintainer, this latest build error in the Travis-CI pipeline is frustrating. Can you investigate the cause?
1861;neutral;Regarding #123: CI pipeline failed due to missing `node_modules` directory. I'd like to discuss possible solutions in the next meeting.
1208;positive;Thanks for squashing that pesky null pointer exception in the `main` branch! Your fix has greatly improved our build stability on CI/CD pipelines.
3215;negative;I'm getting a `TypeError: Cannot read property 'length' of undefined` on line 342 in `utils.js`. Can we review this before merging #1234?
2461;neutral;Regarding #123: I've verified that the changes in PR #456 successfully resolve the memory leak issue reported earlier. Would like to discuss further testing steps.
4206;negative;Failed to deploy on Kubernetes cluster after update due to unexpected error in `kubernetes.yaml` file. This breaks our CI/CD pipeline #23
4378;negative;I'm still experiencing the intermittent `404 Not Found` error in the `/api/users` endpoint on my local dev env after #123. Can we revisit this?
1624;neutral;"This build failure in #1234 still puzzles me; reviewing the CircleCI logs shows no obvious reason for the test failure. Any ideas?"
3361;negative;I'm experiencing an intermittent build failure on `main` branch due to a failed database connection in our Jenkins CI/CD pipeline. @maintainer, please review #1234
151;positive;Great fix on #123! Your PR got our CI/CD pipeline back online without any issues. Well done on resolving the `json` import conflict!
2192;neutral;I'm reviewing the updated CI/CD pipeline in #123. Not sure if this change will affect our deployment to AWS, but it seems like a good step towards automation.
3257;negative;Can we revisit #1234? The latest PR broke the build due to an incompatible dependency version. Tests are failing on CircleCI.
1398;positive;Great job on resolving the `NullPointerException` in `Utils.java`. The fix is well-documented and improves overall stability.
4025;negative;Issue with latest build on Jenkins. `npm install` is failing due to conflicting package versions. Need clarification on the intended dependencies.
458;positive;Just ran the updated code through our CI/CD pipeline and it looks like all unit tests are passing! Well done on squashing that pesky bug, @johnDoe!
3932;negative;@username The deployment failed due to the incorrect version of `log4j` in our Docker image. Regression since PR #123 merged.
204;positive;Great fix! Your PR #123 resolved the `TypeError` in the data ingestion pipeline. The CI/CD tests are now passing smoothly.
1188;positive;Just successfully integrated the fix for #123 into the main branch. Thanks for your patience and great debugging work!
3423;negative;I'm experiencing intermittent failures on `#34` due to the recent package update. Has anyone else encountered this issue in their CI/CD pipeline?
240;positive;Thanks for fixing the Travis-CI build failure in PR #123. Your changes made it pass with flying colors again! Good work!
1085;positive;Just tried the updated `pipeline.yml` file and our CI/CD tests are passing smoothly! Well done on catching that issue!
1418;positive;Great job on squashing that nasty regex bug! Your fix makes the build process run smoothly again. #build-1.4.2
3993;negative;This PR still breaks the CI/CD pipeline on `ubuntu-latest`, can't we get this sorted out before merging? @johnDoe
643;positive;Great work on fixing the flaky test in #123! Your changes to `pipelines.yml` greatly improved our CI/CD performance.
3291;negative;Just encountered the same `TypeError` on our CI/CD pipeline after #123 was merged. Can we revisit this change?
2187;neutral;I'm reviewing the updated CI/CD pipeline config. The new script is working as expected in our dev environment, but I'd like to see the results on staging before merging.
3116;negative;Comment from @johnDoe:
377;positive;Great catch on the NPE in `user.service.js`! Your PR fixes it perfectly. Thanks for reviewing and contributing to our project.
839;positive;Thanks for addressing the regex bug in `validate.js`, @johnDoe. Your fix has greatly improved our project's stability and reliability!
2329;neutral;Observing that the `@test` decorator in PR #123 does not trigger test reruns on subsequent code changes. Should we add a check for modified files?
2878;neutral;I noticed that the `ci/cd` pipeline for branch `feature/new-auth-flow` is failing due to an unresolved issue with the `bcrypt` dependency.
4146;negative;I'm unable to reproduce the cache invalidation issue on my local setup. Have you tried running `make clean` before building?
388;positive;Great job on resolving the `NullPointerException` in the `PaymentGateway` class! The fix in #1234 looks solid.
2692;neutral;I've been reviewing the latest build logs on PR #1234. The pipeline seems to be running smoothly, but I did notice some minor discrepancies in the unit test results.
626;positive;Great job on resolving the Jenkins build issue (#45)! Your fix saved us from a lot of trouble. Thanks for your diligence!
3409;negative;Just hit a roadblock with the latest build due to `kotlinx-coroutines` version incompatibility. Failing CI/CD pipeline on CircleCI.
2883;neutral;Regarding #1234, I noticed the latest changes in master branch didn't trigger a re-build in our Jenkins CI/CD pipeline. Can we review the build configuration?
1481;positive;Great catch on the typo in `readme.md`! Your PR #123 fixes it nicely. The CI build passes now with a clean slate.
1695;neutral;Just wanted to confirm that #123's fix for the memory leak has been tested in our CI/CD pipeline as expected.
2355;neutral;I'm experiencing intermittent failures in the CircleCI build for #1234. The error seems to occur randomly. Can we discuss possible causes?
372;positive;Thanks for merging the performance optimization patch (#123)! The resulting speedup is impressive and will definitely boost our users' productivity.
1666;neutral;I've noticed that the `latest` version of `package-a` is not being updated in the CircleCI config. Should we bump it to the latest release?
1480;positive;Just reviewed #123's PR and I'm impressed with the updated testing framework. Clean implementation, great job!
3811;negative;Commenting on #123: The latest build on our CI/CD pipeline is failing due to a packaging error with `@dependency/a`, let's investigate ASAP.
4358;negative;Failing to build on Node 14: `yarn install` fails with `EACCES` error at `node_modules/.bin/semistandard`. Need a fix for this.
2180;neutral;Regarding #123: I've reviewed the updated build script. It appears to resolve the previous issues with our CI/CD pipeline.
4028;negative;Failed to merge #123 due to an incompatible package version in `ci.yml`. Fails with error: `version conflict: 'x.y' not found`.
2346;neutral;Looks like the latest changes to `npm` version broke our CI/CD pipeline. Worth investigating why this is happening.
2729;neutral;Just reviewed the CI/CD pipeline for #123 and noticed that the build job seems to be timing out occasionally. Needing more data on this issue.
722;positive;Great catch on the `NullPointerException` in `lib1.2.3`. This PR's fix should resolve the issue #1234.
3489;negative;Frustrating that the `latest` version of jQuery is being used in the master branch, causing issues with our downstream dependencies on 3.6.x.
1039;positive;Great catch on the `npm install` error in #1234! Your fix in PR 6789 saved us from a major deployment delay. Thanks for your diligence!
192;positive;Just tested the latest `CI/CD` update on our staging env and it's working smoothly! Great job on getting this sorted out!
1011;positive;Just ran the latest build on #42, and I'm thrilled to see the fix for the concurrency bug! Thanks @johnDoe!
970;positive;Just tested the new CI/CD pipeline for `feature/new-feature-123` and it's working smoothly! Great job on ironing out those issues, team.
1645;neutral;I'm experiencing intermittent failures in my local build with the latest update. Would be great to see some additional logging in the test phase.
3904;negative;I'm experiencing intermittent build failures in our CI/CD pipeline with `v2.5.3` due to the `openssl` upgrade causing undefined behavior.
2616;neutral;I was testing the new authentication flow with Jenkins in `PR #234` but encountered an intermittent error, wondering if anyone else has seen this behavior.
4246;negative;Failing to catch this null pointer exception in the `utils` module is disappointing. Can we revisit the unit tests for that file?
3610;negative;I'm seeing intermittent failures in our CI/CD pipeline for branch `feature/new-api`. Could we investigate the source of these flaky tests? #1234
3173;negative;Failing to build on latest Node version. CI pipeline still using outdated `node-sass` package, causing issues with Sass compilation.
1211;positive;Just tested #123: fixed the 'null pointer exception' in `libutils` by updating dependencies to latest versions. Nice catch @username! CI/CD pipeline should now pass smoothly.
4090;negative;Failed to deploy #123: CircleCI build is failing due to incompatible version of `dependency-x` which breaks the entire pipeline.
4220;negative;I'm experiencing intermittent issues with the CI/CD pipeline, getting 500 errors on CircleCI. Can we investigate further? #123
4218;negative;Still experiencing intermittent builds failing on Azure DevOps due to this regex update in #234. Need help troubleshooting the pipeline configuration.
1184;positive;Just reviewed the latest CI/CD pipeline changes for #1234 and I'm impressed with the streamlined deployment process! Good work on improving code stability!
70;positive;Just tested #12 and the fix for that pesky regex bug is working beautifully in the latest build. Great job on the patch!
2035;neutral;Re #123: Thanks for addressing the build failure in the CI/CD pipeline. I'll review the updated dependencies and report back if everything looks good.
1226;positive;Just tested with latest Chrome build, and the fix in #123 resolves the scrolling issue. Great work on getting this PR merged!
979;positive;Thanks for fixing the `jenkins` build failure in #123! The pipeline now passes successfully. Great work on debugging the Docker image issue!
4444;negative;Can't reproduce this on my local setup #1530. Is it possible that the CircleCI test failure is due to an outdated node version?
4012;negative;I've encountered an issue with the latest build of #345 failing in our CI/CD pipeline due to a missing dependency on `node-sass`. Can we investigate further?
2160;neutral;@maintainer, I'm reviewing the updated build script in #123. The `ci:run` step is still failing on Jenkins due to a missing Maven dependency.
843;positive;Thanks for fixing the regex issue in #123! Your change is now passing all tests on our CI/CD pipeline. Great work!
4258;negative;I'm experiencing intermittent deployment failures in #123 due to the unstable @node-sass package. Can we consider a version bump?
167;positive;Great job on resolving the `API endpoint not found` error in #123! Cleaned up the related tests for improved robustness.
813;positive;Just reviewed #1234 and I'm impressed with the debugged logic. Cleaned up the codebase as requested in #1212. Thanks for the improvements!
1103;positive;Great job on fixing the Travis CI deployment issue in #42! The changes have improved our CI/CD pipeline efficiency significantly.
1057;positive;Great job on squash-merging #123! The CI/CD pipeline now passes smoothly. Well done!
2990;neutral;Regarding #1234, I'm experiencing intermittent failures in the CI/CD pipeline. Can we discuss possible causes for this anomaly?
3910;negative;I'm still seeing intermittent `NullPointerException` on `repo-reader` method in the latest build. Could you investigate further? #1212
4387;negative;PR #234: The latest update breaks our CI/CD pipeline. Getting `TypeError` on line 142 due to incompatible dependencies.
4130;negative;Can't reproduce the fix in #1234. Still getting `TypeError: can't multiply sequence by non-int` on Jenkins build 2.5
1228;positive;Just reviewed the PR for #42 and I'm impressed with the fixes for the Docker deployment. Well done!
747;positive;Just tested your latest PR for the CD pipeline updates. Your fixes resolved the flaky build issues perfectly! Thanks for your meticulous work!
2186;neutral;Hey @john, I see the fix for #123 is stalled. Can we revisit its implementation to ensure it's compatible with our current CI/CD pipeline setup?
2964;neutral;@maintainer, can we discuss the implications of upgrading to `pytz` 2023b in #123? It's currently blocking our deployment pipeline.
2371;neutral;I noticed that the latest deployment to staging has failed due to a missing dependency. Could we investigate further?
81;positive;Great fix on #1234! Your PR improves our CI/CD pipeline stability. The extra logging is a great addition.
292;positive;Just tested the fix for #123 and it's working flawlessly! Your efforts are greatly appreciated, keep up the awesome work on this project!
2368;neutral;Hi @maintainer, I'm experiencing intermittent failures in our CI/CD pipeline on branch `dev` due to an unclear failure in the test suite. Looking for guidance on next steps.
2949;neutral;Looking at #1234's test coverage, I see an opportunity to increase code quality. Perhaps we can add more unit tests in the next iteration?
2926;neutral;I'd like to confirm the fix for #123 works as expected in our staging environment. Could we review test coverage for this change?
1026;positive;Great job on fixing the authentication bug! Your fix allowed our CI/CD pipeline to pass successfully for the first time today. Thanks!
599;positive;This fix for the `NullPointerException` in `util.java` is great, thanks @johnDoe! The changes have successfully passed our CI/CD pipeline.
3365;negative;Just hit this error again on the `dev` branch: `TypeError: Cannot read property 'length' of undefined`. Can we revisit the recent changes in #12?
531;positive;Just reviewed #1234's build logs and the fix for issue #5678 seems to have resolved our deployment issues. Well done!
2958;neutral;Hey @john, I think the `npm install` step in the `.github/workflows/ci.yml` file should be re-run as it was skipped due to a failed build last night.
123;positive;Great job on resolving the API token bug! PR #1234 is now passing CI/CD with flying colors. Well done team!
153;positive;Great job on resolving the deployment bug in #42! The new CI/CD pipeline is a huge improvement. Thanks for your hard work!
3194;negative;The recent `npm install` error on the CI/CD pipeline is still occurring. Any chance we can revisit #123 and test again?
1973;neutral;In my local test environment, the authentication API still hangs on 401 responses. Should I update the upstream dependencies to see if that resolves the issue?
3668;negative;Unfortunately, `npm install` still fails on CircleCI due to the missing `@types/node` package. Could we add it to our dependencies?
2808;neutral;Hi @author, I'm experiencing intermittent failures in the `build` job on master. Could you take a look at the recent CI logs?
2472;neutral;Can we revisit the changes made in #123 to ensure they don't break our CI/CD pipeline?
4365;negative;I'm experiencing intermittent failures in my CI/CD pipeline due to the latest changes in the `package-lock.json` file. Can we revert or debug this?
2721;neutral;This update to `readme.md` doesn't seem to affect the current build. Could we verify its impact on future releases?
1075;positive;Great fix on #42! The CI/CD pipeline is now successfully building with the updated Gradle version. Well done on tracking that down!
3160;negative;Unfortunately, the new Docker image build is failing due to an incompatibility with our current CI/CD pipeline. Please review #123 and let's discuss next steps.
806;positive;Great work on resolving the deployment delay in #345! The updated CI/CD pipeline is now seamlessly integrating with our AWS ECR.
9;positive;Just tested #42 and it's working smoothly! Great job on squashing that bug @username!
535;positive;Thanks for catching that regression in the `feature/new-api` branch! Your patch to revert to previous behavior is much appreciated.
2998;neutral;Noticed an unexpected failure in the latest `master` build due to updated dependencies. Could you investigate the root cause of this change?
1107;positive;Great catch on the `pip install` error in the CI/CD pipeline! Your fix will help ensure consistent builds for our users. Thanks!
1785;neutral;Regarding #123: I'm seeing inconsistent results from our test suite on Windows. Can we confirm the issue is isolated to this platform?
1633;neutral;Looks like the Travis build is failing on the `master` branch due to an outdated `sqlite3` version. Can we sync with latest?
1256;positive;Just tested the latest PR (#123) and it looks like the fix for #456 is working as expected! Well done team.
2814;neutral;Noticed that the latest `latest-release` tag in CircleCI doesn't match the version number on GitHub. Re-checking dependencies might be helpful.
3162;negative;Comment from @john on #123: This latest patch breaks our CI/CD pipeline for the nightly build. Can we revert to previous commit?
2568;neutral;Just testing if the fix in #1234 resolves the issue with missing dependencies. If not, we can revisit our build script in CircleCI.
2944;neutral;I've reviewed the updated `CI/CD` pipeline for #1234. No issues found, but a minor optimization suggestion: consider using `docker-compose` for containerization.
3277;negative;I'm experiencing intermittent build failures in `master` due to inconsistent Docker image versions. This is causing issues with our CI/CD pipeline #1234
1780;neutral;@mentions I'm experiencing intermittent failures in the `build` stage of our CircleCI pipeline. Can someone review the workflow configuration? #ci/cd
1323;positive;Thanks for squashing that annoying #32 bug! Your fix has really improved the app's stability.
310;positive;Just tested the latest build, and I'm thrilled to see the `NullPointerException` in `utils.py` resolved! Well done on getting this fix into #25!
4382;negative;The latest build is failing due to an unmet dependency, `express@4.17.3` isn't compatible with `webpack-dev-server`. Please review #23's dependencies.
991;positive;Just tested the fix for #123 and it's working perfectly! Great job on resolving that intermittent deployment issue in our CI/CD pipeline!
4344;negative;Fails on my local env due to `numpy` version incompatibility. Can we bump the `pandas` dependency to fix this?
2981;neutral;Regarding #1234, the ` CircleCI` pipeline is failing due to missing ` gradle wrapper`, can someone please review the configuration?
2703;neutral;Can we revisit #123's test coverage for the recent refactor? Current metrics look off from last week's numbers.
4293;negative;Fails to build on Mac due to missing dependencies in `package.json` after recent `npm install`. Still breaks on Travis CI.
2518;neutral;Regarding #123: CI/CD pipeline build is failing due to a missing `node_modules` directory in the Docker container. Investigating further.
3021;negative;I'm experiencing issues with the latest update. My build fails on CircleCI due to an unresolved `npm` version conflict #1234
1599;neutral;Just wanted to confirm that the fix for #1234 has been merged into master. Shouldn't impact our upcoming release.
1499;positive;Great catch on the regex typo in #123! Your PR fixes it nicely. Automated tests pass now with CI/CD thanks to your diligence.
1303;positive;Great job on resolving the Docker build issue in #123! The updated `dockerignore` file fixed our CI pipeline's issues.
185;positive;Great catch on the regex typo! Your fix in #345 resolves the issue and improves overall test reliability. Kudos for thorough testing!
206;positive;Great job on resolving the Jenkins build issue with the `jenkins-deploy` plugin update! The automated tests are now passing smoothly
411;positive;Just verified the latest changes in `PR #123` and the updated CI/CD pipeline is working as expected. Great work on resolving the `dependency management` issues!
556;positive;Just tested with your PR #234: the API endpoint now returns correct results in our local integration tests. Well done!
306;positive;Great fix on the CI/CD pipeline! The new deployment strategy is working smoothly for me now. Thanks for the update!
1258;positive;Great job on fixing the API rate limit bug! The updated code is cleaner and works seamlessly now. Thanks for your efforts!
169;positive;This fix for the intermittent API connection error is brilliant! Your changes to the retry logic have greatly improved our app's reliability. Well done!
1229;positive;Great fix on #1234! CI/CD pipeline now successfully builds our Docker image with no issues. Well done!
4384;negative;This build is failing on `npm test` due to an uncaught error in `lib/utils.js`. Need help debugging this CI/CD pipeline.
1873;neutral;@author I've reviewed the PR for #1234 and agree with the changes. However, I'm unsure about the impact on our CI/CD pipeline. Can we discuss further?
2217;neutral;I've noticed the recent changes to `main` have caused intermittent failures in our CI/CD pipeline. Worth reviewing the build logs for insight.
1685;neutral;I've reviewed the updated README for the `v1.2` release. It looks good, but I'd like to see a changelog entry for the new dependency addition.
4342;negative;I'm experiencing intermittent errors with the deployment to staging using the `main` branch due to inconsistent test coverage. Can we revisit CI/CD pipeline setup?
212;positive;Just reviewed #1234 and I'm impressed with the fix! The updated CI/CD pipeline is now successfully deploying to staging environment. Great job, @username!
2629;neutral;Related to #1234, I've noticed the build logs from our latest Jenkins update are not being properly archived. Investigating further.
85;positive;Great job on resolving the Docker image size optimization! The reduced build time is a huge win for our CI/CD pipeline performance.
791;positive;Just successfully built and tested the new feature on CI/CD, great work team! PR #123 looks solid and ready for merge.
656;positive;Just tested `PR #123` and the changes resolved the intermittent API call issues. Great work on the refactoring, really helps with scalability!
1422;positive;Love the fix for #1234! The updated CI/CD pipeline is now successfully building our project. Great job on squashing that pesky bug!
4248;negative;Commenting on #123: Can't reproduce the `NullPointerException` in our CI/CD pipeline, have you tried running it with Java 11?
4222;negative;PR #123 still failing due to broken dependencies. Can we revisit the version pinning on `react`? @maintainer
1784;neutral;Just wanted to confirm that the fix for #1234 has been pushed to master. Please update your local repos.
1489;positive;Great job fixing the CI/CD pipeline error! The latest build is now passing smoothly with your updated package version. Thanks for the prompt fix!
803;positive;Just tested the latest PR (#123) and the `pip install` build is working smoothly on Linux. Nice work!
181;positive;Thanks for fixing the `fetch_data` function's timeout issue! This change will greatly improve our app's performance on slower networks. Good work!
4447;negative;I'm hitting this error again on `v1.2` branch: `TypeError: Cannot read properties of undefined (reading 'name')`. Can we revisit the fix for #123?
433;positive;Just tested with the latest commit on my CI pipeline and it's passing all tests! The fix for #1234 is indeed working as expected.
4095;negative;I'm experiencing intermittent failures with the CI/CD pipeline on `main` branch due to a version conflict in `package.json`, causing build breaks daily.
3550;negative;I'm getting intermittent failures in our CI/CD pipeline due to an outdated version of `react` causing a mismatch with the latest dependencies.
3593;negative;Just hit another `NullPointerException` with the latest build on Jenkins. Our test coverage is still woefully inadequate.
2655;neutral;I'm experiencing inconsistent build failures in `main` branch due to the latest changes in `package.json`. Could you review the `CI/CD pipeline` config?
3882;negative;Failed to merge #123 due to unresolved conflicts in the `features` branch, can we revisit the PR and resolve these issues before re-submission?
189;positive;Thanks for resolving the caching issue in #123! Your fix improved build times by 30% in our Jenkins pipeline.
1566;neutral;Can we take another look at #1234? The test results seem consistent, but the failure still isn't clear to me.
3849;negative;Failing test `test_login_with_invalid_credentials` still not fixed after 3 iterations. Any further delay in resolving this will impact production deploy.
280;positive;Nice catch on the null pointer exception in the login endpoint! Your fix looks solid. Can we merge this to prod tomorrow? #1245
367;positive;Just deployed #55 with CI/CD and the pipeline passed successfully! Thanks for addressing that critical bug in the `utils` module.
2078;neutral;I'm looking at #1234's CI logs. The test failure seems to be caused by a missing dependency on `pytz`. Not sure if it's an intentional change.
271;positive;Great work on fixing the circular import issue in `main.py`! The CI/CD pipeline is now passing smoothly, thanks to your efforts. Appreciate the fix!
4379;negative;Just encountered another timeout in the CI/CD pipeline on `main`. Could we revisit the resource allocation for this build step?
4185;negative;Unfortunately, I'm seeing an intermittent `NullPointerException` on the latest deploy (pipeline #123) after upgrading to Spring Boot 2.4.5.
4320;negative;@author I'm hitting this error on our CI/CD build with the latest `v1.2` release: `Failed to fetch dependencies due to package version conflicts
1916;neutral;@username I'm experiencing intermittent failures in the CI pipeline for `feature/new-routing` due to an unknown dependency conflict.
3963;negative;I'm still experiencing intermittent failures in the `release` branch of #1234. The Travis build history shows repeated errors in our `npm install` step.
368;positive;Thanks for fixing the flaky test in PR #123. Your changes look great and I'm glad we're one step closer to a stable CI/CD pipeline!
2378;neutral;I'd like to clarify the reasoning behind updating `npm` in the `build.gradle` file for #42. Can we discuss potential implications on our CI/CD pipeline?
221;positive;Just integrated the new `jenkins` config and our CI/CD pipeline is now running smoothly! Nice work on that refactoring effort!
2096;neutral;Can you clarify the reasoning behind the `CI/CD` pipeline changes in #123? The added step seems unnecessary for our use case.
3682;negative;I'm having trouble with the latest build on `main` branch due to a `NullPointerException` in `utils.java`. Can we review the changes?
2728;neutral;Noticed that the CI build for PR #123 is failing due to an unresolved dependency conflict. Should we update our config to use the latest version?
1346;positive;Great job on resolving the `jenkins_pipeline` test failure! Your fix in PR #123 has improved our build stability significantly.
462;positive;Great catch on the `npm` version mismatch in the build script! Your fix should resolve the error in the CI/CD pipeline #1234
1875;neutral;@dependabot, I'm observing inconsistent test results on `ci-branch` after updating to `2.1.5`. Can you investigate the pipeline config?
552;positive;Great catch on the logging mismatch! Your fix in #456 has been merged into main and is now triggering our CI pipeline successfully.
834;positive;Great fix on the Jenkins build failure in #123! Your tweaks to the Maven version resolved the issues. Thanks for your help!
597;positive;Love the fix for `TypeError: cannot concatenate 'str' and 'int'` in `utils.py`, this will greatly improve our data processing pipeline!
3642;negative;Can't get the integration test to run successfully with the latest `npm` version. Still seeing this error: 'TypeError: Cannot read property 'length' of undefined'. #1045
732;positive;Thanks for fixing the regex pattern in `utils/validation.js`! The updated PR looks solid and should resolve #123. Great work!
1163;positive;Just tested with the updated dependencies and the build is successful! Thanks for fixing that pesky `npm` issue in #123.
1019;positive;Great job on fixing the pagination bug in #42! The updated code looks clean and efficient. Can we discuss merging this into the main branch now?
2479;neutral;Following up on #1234, I was able to reproduce the failed build in our CI/CD pipeline with a minimal reproducible example.
4291;negative;Just hit this intermittent test failure again in #1234. Is there an update on the CI/CD pipeline fix for Jenkins?
2628;neutral;Noticed the Travis CI build failing on the `master` branch due to an unspecified error in `dependencies.json`. Should we investigate further?
4197;negative;Issue with Jenkinsfile: the `build` stage is failing intermittently due to inconsistent Docker image layers. Need help debugging this CI/CD pipeline.
2744;neutral;Reviewing `#45` build logs, noticed the 'failed' status on Jenkins. Could we add error logging for this step to investigate further?
3871;negative;I'm seeing intermittent errors with `npm install` on macOS due to incompatible dependencies in #123. Can we address this before merge?
193;positive;Great job on resolving the circular dependency in build.gradle! Your changes to the plugin version have stabilized our CI/CD pipeline nicely.
2020;neutral;@username, thanks for the PR update. I've reviewed the latest changes and will run the CI pipeline again to verify the fixes. Let me know if you have any questions.
1259;positive;This fix looks solid! Your solution to the null pointer exception in `utils.py` is elegant. Great work on getting it into staging!
315;positive;Just tested your fix for #1234 and it's working flawlessly! Great job on the refactor, this is a huge improvement to our CI/CD pipeline stability.
2198;neutral;This change breaks the integration with Jenkins in our CI/CD pipeline. Can you please ensure that the updated version of `npm` is compatible?
627;positive;Great fix for the CI/CD pipeline issue on `main`! Your patch ensured successful deployments to staging and prod environments. Thanks!
2267;neutral;Regarding PR #123: I noticed the `setup.py` file was updated to include `numpy` as a requirement. Can we confirm this change aligns with project goals?
2669;neutral;I'm not sure if this is expected behavior but our latest build fails due to `dependency-not-found` error in CI/CD pipeline #1234, can someone review?
114;positive;Great fix on #1234! Your change made the CI/CD pipeline pass for our latest release. Thanks for your patience and expertise!
2367;neutral;Could we add some test cases for the `login` API endpoint? Currently, it's failing intermittently with a 500 error.
2311;neutral;I was testing the latest PR #123 and noticed that the Travis build failed with a `Segmentation Fault` error on Linux.
4112;negative;This fix breaks our CI/CD pipeline on CircleCI. The failing test is `linting:validate-config` in the `main` branch.
2679;neutral;Looking at the changes in PR #1234, could we add some unit tests to cover the new `validate_input` function?
3517;negative;Fails to install on Ubuntu due to missing build dependencies. Build logs show `libjpeg8-dev` installation fails.
1886;neutral;@username I was reviewing the PR #1234 and noticed that the updated `README.md` hasn't been synced with the latest changes in the CI/CD pipeline. Can we take a look?
1408;positive;Love the refactor in #123! Simplified the conditional logic and improved code readability. Great job!
2430;neutral;Regarding #1234: I've reviewed the latest changes and didn't find any obvious issues with the new build script. Would like to see test results before merging.
1676;neutral;I've reviewed #123's changes to our Dockerfile and noticed some minor formatting inconsistencies. Perhaps we can standardize the indentation in the future.
1939;neutral;I noticed that the latest changes in PR #123 are causing intermittent failures in our CircleCI pipeline. Can we investigate further?
1771;neutral;I've observed inconsistent behavior with the `fetch_data` function in the latest PR #1234. It works fine on my machine but fails CI/CD testing.
3492;negative;Still seeing the 'InvalidUserException' in production after #1234's fix. Can we review our unit tests for this edge case?
3617;negative;Just encountered an intermittent build failure in our master branch CI/CD pipeline. Need to investigate why our new dependency on `latest-lib` is causing this issue.
3143;negative;The updated Dockerfile is causing the build to fail in our CI/CD pipeline due to an incorrect image tag. Can we revert to previous version? #34
3211;negative;Frustrated with the `v1.2.3` release, where our CI/CD pipeline consistently fails due to a broken `package.json` dependency. Can we revisit this?
4173;negative;Just ran into the `TypeError` on my local dev env. This code change breaks our `CI/CD` pipeline, need to revert ASAP.
2749;neutral;Regarding #123: I see the test coverage is at 80%, would like to discuss possible ways to increase it without affecting performance. @author
451;positive;Great catch on the test failure! Your patch in #123 fixes the downstream impact on our nightly builds.
2701;neutral;I've reviewed the latest pull request (#123) for Jenkins integration with our CI/CD pipeline. The code looks clean, but I'd like to discuss some minor adjustments before merging.
4229;negative;I'm seeing a intermittent deployment failure in #123 on our staging environment due to a missing `docker-compose` file. Can we troubleshoot this?
603;positive;Great job on resolving the Travis CI build failure in #123. Your fixes are spot-on and should boost our test coverage nicely!
4340;negative;I'm seeing intermittent failures in our CI pipeline due to the recent update of `react-scripts`. Can we revisit the version bump?
1584;neutral;Hi @author, I'm reviewing the updated `build.gradle` file in PR #123. The dependencies seem aligned with the project requirements.
1906;neutral;Hi @maintainer, I'm experiencing intermittent failures in our CI pipeline on Ubuntu 20.04 due to an unknown cause. Any ideas?
1176;positive;Just tested with the latest build and the deployment to AWS is successful. Your fix in PR #1234 has resolved the issue!
4264;negative;The `latest` package version is causing issues with our CI/CD pipeline. Can we revert to the previously used version until this is resolved?
255;positive;Great catch on the regex pattern, @johnDoe! Your fix in #123 solved the parsing issue for me. CI now passes successfully!
2282;neutral;Following up on #123: I've reviewed the test coverage reports and couldn't replicate the intermittent failures in our staging environment. Further investigation needed.
512;positive;Great work on resolving the Jenkins downtime in #123! Your fix for the broken AWS credentials has saved us from a major deployment delay.
1124;positive;Thanks for squashing that pesky `TypeError` in the CI/CD pipeline! Your fix allowed our latest release to run smoothly
1745;neutral;Just wanted to confirm if the fix for #123 is related to the Jenkins pipeline changes in this PR (`#456`)?
2810;neutral;Just a heads up that our latest build is failing due to missing `libxml2` in the CI/CD pipeline. Need to add it to the Docker image.
2447;neutral;@maintainer, I'm running into an issue with the `update-deps` script. It's failing to update the `react` package in my latest PR #123.
4273;negative;The latest build on #1234 fails due to an unresolved error with `npm` version 6.14.13 in our CI/CD pipeline. Can we downgrade npm?
3465;negative;Not sure what's going on with the latest build failure. Pipeline is failing due to an unknown error in `dependencies` section of `docker-compose.yml`. #121
2443;neutral;@maintainer I've reviewed the PR #1234 and noticed some minor improvements can be made to the build process in our CI/CD pipeline for more robustness.
1819;neutral;I think this PR's changes to the `docker-compose` file might need a review to ensure they're backward compatible with existing workflows.
600;positive;Thanks for addressing the race condition in the cache layer! Your fix has greatly improved the app's reliability.
2149;neutral;Not sure if this is intended behavior, but the `ci.yml` file doesn't seem to be triggering our CircleCI build on PR #1234.
4398;negative;I've hit a snag with the latest update. The `docker-compose up` command is failing due to an unresolved `nginx` config error.
3154;negative;@owner I've hit a roadblock with the `build failing on Linux` error in #123. The pipeline is stuck at `maven assemble`. Can we revisit the Dockerfile?
2845;neutral;@author Hi, I'm reviewing the updated README in PR #1234. The added installation instructions look clear, but can we include an example use case?
427;positive;Great job on resolving the #14 CI/CD pipeline issue! The automated tests are now passing smoothly, thanks to your swift fix.
1030;positive;Just tested the fix for #123 and it works like a charm! Your changes to Dockerfile resolved the build issues, thanks @username!
495;positive;Just reviewed your PR #123 for the new API endpoint. Great work on catching that edge case! Your changes have passed our CI/CD pipeline with no issues.
352;positive;Great job on resolving the CI/CD pipeline issues! Your fix for the Maven artifact sync problem worked like a charm in our latest deployment.
2543;neutral;I'm looking at the `CI/CD pipeline` and it seems like we're using an outdated Docker image. Can we update to the latest version?
1591;neutral;On `#234`, the CircleCI build failed due to missing dependencies in the `build.gradle` file.
2773;neutral;Looks like the recent `dev` branch build is still failing due to the unresolvable conflict with `dependencies.txt`. Worth investigating further.
2463;neutral;I'm reviewing the updated README for `fix/dependency-issue-123`. The changes seem clear, but I'd like to see a brief explanation of why we're upgrading from 3.x to 4.0.
2125;neutral;Related to #123: the Docker image build seems fine but couldn't find the reason behind the 401 error in production. Investigation ongoing.
1534;neutral;I've verified the build error in `CI/CD Pipeline: #1234` is caused by an incompatible version of `library X`. Downgrading to 3.5.2 fixes it.
1035;positive;Great job on resolving the circular import issue! Your PR (#123) has significantly improved code organization.
1181;positive;Just reviewed your PR #123 and it looks great! Your fix for the Jenkins CI issue has resolved the build errors. Good work!
1704;neutral;Just tested the latest PR #123 and the unit tests pass on my end. Thanks for keeping the codebase up to date!
2190;neutral;Noticed that the CircleCI build fails for `feat: refactoring utils` due to missing dependencies on Ubuntu. Investigating...
2864;neutral;I'm reviewing the latest changes in PR #123. The code looks good, but can we discuss the minor naming conventions change in `utils.py`?
2165;neutral;On r/dependency-issue#23, I noticed a conflict between `package.json` and the Dockerfile. Can we discuss how to resolve this?
735;positive;Thanks for fixing #123! Your update to the `npm` version helped resolve the CI pipeline failure on our QA branch. Great troubleshooting!
1213;positive;Just ran the fix for #123 on my local env and it's working smoothly! Thanks for squashing that pesky bug!
3165;negative;Failing to merge #123 due to unexpected error in CircleCI build. CI environment not properly setup for branch builds.
3169;negative;I'm experiencing intermittent CI failures with the latest changes to `main`. Build reports show unclear error messages.
965;positive;Just reviewed the latest build log for #34 and I'm impressed with how the CI/CD pipeline is catching those unit test failures consistently now!
2222;neutral;FYI, I noticed the `docker-compose.yml` file still references the old Redis image. Easy fix if we update it to match the current version in CircleCI.
2876;neutral;I'm experiencing intermittent failures in the `test suite` for commit `e1b9c6d`. Could you review the updated test environment configuration?
4435;negative;Not sure what's going on with the latest build, but I'm getting a `TypeError` in the `util.py` file when trying to run the `test_pipeline`. Can you take a look?
3103;negative;@developer the latest PR to update `pip` version breaks our CI/CD pipeline on Windows due to incompatible dependencies
357;positive;Great job on resolving the `fetch-api` bug in #234! Your fix is elegant and has already improved our app's stability. Kudos!
2851;neutral;Noticed that the `docker-compose` build step in #23 is failing due to an outdated version of `nginx`. Should we update the Dockerfile?
1261;positive;Just tested the latest changes on CircleCI and I'm happy to report that all tests are passing! Thanks for fixing #123.
684;positive;Love the recent refactor in `src/main/java`! The reduced method complexity has improved code maintainability significantly. Thanks for the hard work!
3397;negative;I'm experiencing intermittent failures on my end with the latest build of #1234. CI/CD is throwing an `Error 404` on our Node package install.
1314;positive;Just tested with the latest Docker image, and it's passing all tests in my CI/CD pipeline! Great job on fixing that pesky `jsonschema` compatibility issue!
4054;negative;Issue with Jenkins pipeline: `mvn clean install` failing due to incompatible Maven version. Downgrade required.
3527;negative;Fails to compile on Ubuntu 20.04 due to missing `libssl-dev` dependency in `Cargo.toml`. @dependabot, can you please update the version?
2811;neutral;Noticed that the latest build in Jenkins is failing due to an error in `npm install` on a fresh clone of the repo. Can we investigate?
3561;negative;Failed to merge #123 due to unresolved conflicts in the latest update, can we revisit the changes before resubmitting?
4489;negative;Just tested #1234, still encountering `TypeError: cannot concatenate 'str' and 'bytes'` with Python 3.8. This breaks our CI/CD pipeline.
1833;neutral;The failing test in #123 on the `master` branch is due to a missing import statement. Should we add it as a separate commit?
1788;neutral;I'm experiencing intermittent issues with the Jenkins build on PR #123. Occasionally, it stalls at 90% completion without error messages.
333;positive;Just tested the fix for #1234 and it's working perfectly! Thanks to @johnDoe for their thorough debugging efforts on this critical issue.
4432;negative;I'm seeing intermittent failures in the CircleCI 2.0 pipeline for PR #123, specifically with the `node` module install step
3132;negative;Just hit a `null` pointer in the new data processing pipeline. Can't even run unit tests due to this bug #1234
1109;positive;Great catch on the `docker-compose up` failure! Your fix for the `redis` service restarts works flawlessly in my local setup. Thanks!
2026;neutral;@johnDoe I've noticed that the build fails on Node 14 in the `dev` branch due to a missing transitive dependency. Would you mind reviewing #1234?
2980;neutral;On PR #23, I noticed the `docker-compose` file has an outdated version of `postgres`. Should we update it to match the latest versions in the `Dockerfile`?
3616;negative;PR #123 still breaks on Jenkins due to untracked dependencies in `package.json`. Can we get some clarity on the repro steps?
1127;positive;Just reviewed your PR #123 and it looks great! Your refactoring of the auth module is a huge improvement.
1362;positive;Thanks for squashing that unexpected error in the `main` branch! Your fix has really stabilized our deployment pipeline. Good work!
3826;negative;Issue #123: the `--no-cache` flag doesn't seem to work in the latest build on CircleCI. Can we investigate further? I've seen this issue in multiple test runs.
858;positive;Nice fix on #1234! Your adjustments to the CI/CD pipeline have greatly improved our deployment times. Thanks for your efforts!
4081;negative;I'm experiencing intermittent failures with our CircleCI build on `main` branch due to recent changes in `dependencies.json`, anyone else seeing this?
1922;neutral;Regarding #1234, I've noticed the build fails on CircleCI due to missing dependencies in `package.json`. Worth reviewing the setup script.
590;positive;Great job on resolving the infinite loop issue in `branch-merge` PR! The new implementation significantly improves build times #1234
880;positive;Thanks for fixing the `NullPointerException` in #123. Your changes streamlined our CI/CD pipeline and reduced build time by 30%!
1162;positive;Just merged #123: updated Jenkinsfile to fix build failures on macOS. Pipelines are now passing consistently. Great work @johndoe! 👍
3623;negative;Issue with the latest release: `@dependabot` caused a version conflict on master branch, resulting in failed CI/CD pipeline #1234
1236;positive;Just successfully deployed to prod using #33! The CI/CD pipeline updates were spot on. Great job team!
961;positive;Thanks for addressing the `NullPointerException` in the `fetchData()` method! Your fix works beautifully with our CI/CD pipeline.
1667;neutral;Regarding #1234, I'm noticing inconsistent build times across environments. Have we considered optimizing the Dockerfile for better caching?
453;positive;Great work on addressing the memory leak in `libA`. Your fix in PR #234 is spot on, thanks for the effort!
2826;neutral;Noticed that the `ci/cd` pipeline is failing on the `feature/new-api` branch due to missing dependencies. Can we investigate?
1069;positive;This fix for the Jenkins pipeline in #123 is perfect! It's saving us hours of debugging time every week. Thanks for your diligence!
3874;negative;@maintainer The test failure in `#1234` is due to the outdated Docker image in `docker-compose.yml`. Can we please update it?
3753;negative;Just hit a roadblock with the latest `v1.2` release: my PR #123 is failing due to an unresolvable dependency conflict with `react@17.x`. Any ideas on how to resolve this?
15;positive;Great catch on the `npm` version mismatch in #123! Your patch looks solid. Can we discuss a potential follow-up for CI/CD updates?
2578;neutral;Just a heads up that I'm running into issues with the CircleCI build on the `feature/new-login-flow` branch, getting a 502 error when trying to deploy to staging.
2513;neutral;I'm experiencing issues with the CircleCI build on #1234. It's failing to install `react` due to a mismatched version in `package.json`. Have you considered updating the lock file?
3283;negative;I'm experiencing intermittent errors with our CI/CD pipeline due to inconsistent package versions. Can we revisit the `package-lock.json` file?
1514;neutral;@maintainer I reviewed the PR (#1234) and noticed the fix for #5678 still doesn't meet the linting requirements. Could we revisit?
4456;negative;Fails to build on latest macOS. Got this error on `main`: `dyld: Library not loaded: @rpath/Libxml2.framework/Versions/Current/Libxml2`
361;positive;Just tested the latest PR (#123) with our CI/CD setup and it's passing all tests! Great work on resolving the `dependencyConflict` bug!
1433;positive;Nice fix on the `ci/cd` pipeline! The latest build is passing with flying colors. Well done @username!
4195;negative;Just hit a roadblock with the latest build. Still seeing intermittent errors in our CI/CD pipeline due to that recent Docker update.
2093;neutral;I've reviewed the latest PR #123 and noticed the test coverage for the new feature is slightly below our usual threshold.
1753;neutral;Regarding PR #12, I'm noticing the Jenkins CI/CD pipeline is failing due to an unexpected dependency version conflict.
3347;negative;Unfortunately, the fix for #1234 is breaking our CI/CD pipeline, receiving 'build failed' errors on Jenkins for no obvious reason. Needs further investigation.
1847;neutral;Observing inconsistent results in CI/CD pipeline after recent changes. Can someone verify if the updated package versions are correctly reflected?
1205;positive;Great job on squashing the `NullPointerException` in #123! The changes to `CI/CD Pipeline` have also improved test coverage significantly.
569;positive;Just tested with latest dependencies and it's working smoothly now! Thanks for the fix in #42. CI/CD pipeline looks great too.
2116;neutral;Just wanted to confirm that the updated `config` file is being picked up correctly in the CI/CD pipeline. Can we add a test for this?
3928;negative;Failed to merge #123 due to conflicting `package.json` files. The automated build on CircleCI also fails with similar errors.
2836;neutral;Hi @maintainer, I'm seeing intermittent failures in the `build` step of our CI/CD pipeline on Linux due to varying package version dependencies. Any thoughts?
830;positive;@author Great job fixing the `fetch_data` function's indexing bug in #234! The test suite is now passing smoothly for me. Kudos to your debug skills!
1002;positive;Thanks for tackling that pesky `json` parsing issue in #34. Your fix is solid and I'm glad to see our CI/CD pipeline green again!
2927;neutral;I've encountered an intermittent issue with the Jenkins build on the `main` branch. Sometimes it fails to deploy due to a missing dependency.
2776;neutral;Just reviewing #34. The updated build script seems to have resolved the issues with Maven dependencies in our CI/CD pipeline.
491;positive;Great job on resolving the CI/CD pipeline issues! The updated workflow is now successfully building and deploying to production without errors.
2553;neutral;Hi @maintainer, the test suite is still failing for the `v2.1` release due to a dependency mismatch. Investigating further.
3478;negative;I'm experiencing issues with the updated `lodash` dependency in #234. The build fails due to an incorrect version number. Reverting changes fixes the problem.
3626;negative;I'm experiencing intermittent failures in the `deploy` job on our CI/CD pipeline due to inconsistent Docker image versions. Frustrating to debug!
2175;neutral;I'm experiencing intermittent build failures in the Jenkins CI/CD pipeline for `feat/user-auth`. Could you help investigate the cause?
2237;neutral;I'm experiencing intermittent issues with the test suite on CircleCI. Can we review the `docker-compose.yml` config for potential causes?
1965;neutral;Hi @maintainer, I'm testing the fix for #1234 in our dev env. So far, the results look consistent with your predictions.
1120;positive;Just reviewed #42's fix for the memory leak in `utils.js` and it looks great! The additional unit tests are a huge improvement.
3035;negative;@author I'm seeing intermittent failures in our CI/CD pipeline on `main` branch due to a Docker image build error, can we investigate?
3026;negative;Just encountered a regression in our latest release due to the recent update of `package.json`. Builds are failing on CircleCI. Can we revert the change?
507;positive;Just tested #42 and the fix looks solid. CI/CD is passing with no issues. Great work on getting this resolved!
394;positive;Just tested the new build on CircleCI and it passes all checks! Thanks for the fix in #1234, great job team!
1058;positive;Just reviewed PR #123 and the unit tests are great! Your fix for the pagination issue looks solid.
3735;negative;Failing to deploy due to missing `node_modules` in Docker container. CI/CD pipeline failing consistently on this branch (`#123`).
2999;neutral;I've reviewed #123. The changes look good but I'm concerned about potential impact on the existing CI/CD workflow.
1813;neutral;Thanks for addressing #123 in your PR. I've verified the fix works with Jenkins 2.263.1, but could you clarify why we're upgrading Node.js to 14?
1703;neutral;I've tested #142 with latest master build, still observing intermittent failures in `app.service.ts` without clear error message. Would appreciate further investigation.
3926;negative;This build is still failing due to the `@angular/core` dependency conflict. Can we revisit the package.json file? #45
2639;neutral;In review of #2345, the new deployment script seems to be working correctly in local environments but may need further testing on cloud instances
2414;neutral;:neutral_face: I'm not sure if this is the right place to report it, but `npm install` fails on Ubuntu 20.04 due to a missing package dependency.
4142;negative;Commenting on #123: The `npm install` fails in Node 16 due to outdated dependencies. We need to update our package.json ASAP.
2697;neutral;I'm experiencing intermittent issues with the `build` step in CircleCI #1234. Occasionally it fails with a `Failed to resolve package` error.
3952;negative;Failing to update `npm` in the `package-lock.json` is causing build issues in branch #123. Can we add an automated fix for this?
2216;neutral;Just reviewing #123: I see the fix for the Travis build failure, but could you clarify why we're using `node 12` instead of the latest version?
3736;negative;PR #45's recent changes broke the nightly build. I'm getting `TypeError: 'NoneType' object is not iterable` in our CI pipeline on Ubuntu 18.
1232;positive;Just tested the latest build of #1 with @pulumi/pulumi@latest and it's successfully resolving our Kubernetes config bug! Well done team!
434;positive;Great catch on the Jenkins config update! The new script works flawlessly with our latest Node version. Thanks for squashing that bug!
3698;negative;Failing to update `nvm` in `.travis.yml` is causing inconsistent build results. This needs to be fixed ASAP to prevent further integration issues.
3574;negative;The latest build is failing due to the Docker Hub quota exceeded error on the `update-dependencies` pipeline. Can we increase the allocation size?
1498;positive;Thanks for implementing the new logging mechanism! It's been a huge help in debugging our deployment issues on PR #123.
1671;neutral;Looks like the latest build on Jenkins is failing due to an outdated package version. Can we investigate and update the dependencies?
3135;negative;Can't reproduce the 'invalid token' error in local env. Would be great to get some insight into why this is happening with our CI/CD pipeline.
1282;positive;Just deployed to prod with the latest `CI/CD` update, and it's working beautifully! Thanks for the quick fix on #123.
2314;neutral;Just observed that the build on our staging branch is still failing due to outdated dependencies. Could someone review #1234?
1804;neutral;@mention, I'm experiencing intermittent errors with the Jenkins build on `feature/new-api` branch. The pipeline runs successfully most of the time, but occasionally fails to deploy.
4002;negative;The `latest` version of the `log4j2` dependency is causing issues with our CI/CD pipeline. Can we revert to a stable release?
1175;positive;Great job on squashing that pesky `NullPointerException` in the `auth` service! Your fix streamlined our CI/CD pipeline nicely.
1621;neutral;Noticed that the CircleCI build for #123 is failing due to a missing `node_modules` directory. Should we add a caching step?
4213;negative;Failed to merge #123 due to conflicts with existing code. Please resolve the merge conflict before re-submitting.
1262;positive;Just tested #42 and it's working beautifully! Your fix for the circular import issue is spot on. Thanks!
4280;negative;#123: @username, the failing Jenkins build on `main` is causing a huge delay. Can you investigate and update the dependencies to fix this?
1903;neutral;I'm reviewing PR #1234. I see the CI tests are passing, but can you clarify the reasoning behind the updated Dockerfile?
1456;positive;Just tested #1 in the latest build and it's finally working as expected! Great job on resolving that pesky bug. CI/CD pipeline is stable again!
2418;neutral;Just wanted to follow up on #42. The CI build still fails with the updated `axios` version. Would appreciate more info from @maintainer.
1223;positive;Just merged #1234's fix for the intermittent API failure in our CI/CD pipeline. Works like a charm now!
4274;negative;Hi @maintainer, I'm experiencing intermittent build failures in the `ci/cd` pipeline due to a version conflict between `npm` and `yarn`. Can we revisit the dependency management?
644;positive;Great work on fixing the CI/CD pipeline issue! The automated tests are now passing smoothly for #23. Thanks for your efforts!
1237;positive;Just tried #1234 and the fix seems to work perfectly! CI/CD is green again. Thanks for the quick turnaround!
3316;negative;The latest deploy failed again due to the conflicting package versions between `react` and `redux`. Can we revisit our `package.json`?
1042;positive;Just tested the new feature in #1234 and it's working flawlessly! Great job on the refactoring, it's a huge improvement over the old implementation!
1147;positive;Great catch on the `ci.yml` fix, @john! Your suggestion streamlined our pipeline significantly. Well done!
1750;neutral;Just a heads up that the latest PR #1234 against master is causing a test failure due to incompatible package versions. Worth investigating further.
4469;negative;This latest build fails due to a missing dependency on `numpy` in our `requirements.txt`. Still can't get this PR #1234 merged
3524;negative;Failing to merge #123 due to unresolved circular dependencies with ` react` & `react-dom`. This is causing a major roadblock in the testing pipeline.
331;positive;This PR looks great! The fix for the memory leak in `utils.go` is well-documented and should resolve #1234. Well done!
1000;positive;Thanks for addressing the null pointer exception in `utils.py`! Your fix allows our CI/CD pipeline to pass on the latest build.
1511;neutral;Just tested #1234 on latest master and it seems to be working as expected. No issues found with current setup.
3570;negative;I'm experiencing a frustrating issue with the `v1.2` release in our CI/CD pipeline: builds are consistently failing due to an unresolvable `node-sass` dependency version conflict.
3611;negative;Unfortunately, my automated tests still fail on Linux due to the missing `libssl-dev` dependency. Could we please add it to our CI/CD pipeline?
228;positive;Great catch on the CI/CD pipeline fix! Your changes are perfectly aligned with our testing framework. Well done!
4394;negative;This PR breaks the CI/CD pipeline due to missing `node-sass` versioning in `package.json`. Should be updated before merge.
3099;negative;Just encountered another failure in the nightly build #1234, wondering if it's related to the recent update of `log4j` which introduced a known issue
2358;neutral;The build fails on CircleCI due to a missing `@types/node` dependency. Can we add it to the package.json?
2017;neutral;Just reviewing #123's changeset, noticed the updated README mentions `npm install` but doesn't reflect the actual script in `.circleci/config.yml
1076;positive;Great fix on #123 for the infinite loop issue! Your tests are thorough, and it's awesome to see proper error handling in place.
1718;neutral;Regarding #1234: the test suite is currently failing due to the updated dependencies in 0.5.2 version, need a re-run of CI/CD pipeline.
1508;neutral;Regarding #123: I've reviewed the changes and didn't notice any significant issues. The code looks stable for now.
1164;positive;Just tested #24 and it's working perfectly! Great work on resolving the build error in our CI/CD pipeline, @johnDoe. Thanks for your efforts!
756;positive;Just tried the latest build of #1234 and it's working flawlessly with our CI/CD setup. Great work on ironing out those issues!
519;positive;Just deployed the fix for #123, and our CI/CD pipeline is now passing smoothly! Thanks for your patience and for helping me squash that nasty bug.
3082;negative;I'm experiencing intermittent failures in our CI/CD pipeline for the `release-v1.2` branch due to a version conflict with `axios@0.21.4`. Can we investigate further?
33;positive;Great job on resolving the caching bug in `lib/utils.js`! Your fix has already improved our app's performance in the CI/CD pipeline.
4319;negative;@author I'm experiencing intermittent failures in the `deploy` stage of our CI/CD pipeline due to an invalid Docker image reference in the `docker-compose.yml`. Can we revisit this?
3905;negative;Issue with `npm install` on Windows: getting an error with `@types/node 14.17.3`. This is reproducible, please investigate.
3568;negative;I'm experiencing issues with the latest build on GitHub Actions. The pipeline is failing due to an incompatible version of `numpy`.
4100;negative;The latest build on the `main` branch is failing due to an unexpected error in the dependencies. @dependabot, can you review?
4260;negative;This latest PR (#1234) broke the CI/CD pipeline due to an untested edge case. Should be fixed before merging.
2288;neutral;Noticed the API call in #123 has changed from GET to POST. Should we update the documentation accordingly?
2343;neutral;@username, thanks for your efforts on the fix. Could you clarify why we're seeing this error only in the Jenkins build, not locally?
745;positive;Just tested the fix in #1234 and it's working smoothly. Great job on squashing that regression! CI is passing now.
734;positive;Love the fix in PR #123! This is exactly what I was hoping to see for our production deployment reliability.
2956;neutral;I've reviewed #123's fix for the `TypeError` in the `utils.py` file. The changes look good, but I'd like to see additional tests added before merging.
4069;negative;Comment on #123: Still seeing intermittent failures in the Jenkins build for `master` branch due to incomplete `npm install`.
3694;negative;@author I'm having trouble building the project with Maven. Getting an error `mvn clean package` fails due to missing dependencies on branch #123.
2698;neutral;I noticed that the latest `v1.2` release broke the integration with Jenkins due to incompatible package versions. Can we look into resolving this?
2831;neutral;I'd like to discuss the changes made in #123. It seems the updated dependencies are causing issues with our CI/CD pipeline. Can we review the build logs?
795;positive;Great catch on the Jenkins build failure! Your PR fix for `npm` version 14 resolves the issue cleanly. Thanks for your diligence!
1537;neutral;Just noticed #1234's updated test suite is passing with the latest Docker image update. Thanks for the change!
1095;positive;Great job on resolving the `CI/CD` pipeline failures! Your fix has successfully deployed to production. Kudos!
2978;neutral;I've noticed that the `ci/cd` pipeline is failing on Linux due to an incompatible zlib version in our dependencies. #33
3760;negative;The latest build on CircleCI is failing due to a missing `pip` requirement for the new Python 3.10 version.
2760;neutral;Regarding #123: `pip install` is still failing on Ubuntu 20.04 due to missing libssl-dev dependency.
784;positive;Great job on resolving the `NullPointerException` in the `login` method! This fix will significantly improve user experience for our e-commerce platform. #1534
3197;negative;Failing tests in `ci/cd` pipeline due to outdated `react` version. Can we please bump the version to fix this?
3368;negative;@author I'm seeing a intermittent error in the build process of #1234, causing our nightly pipeline to fail consistently. Can we review the task dependencies?
230;positive;Just tested the fix for #1234 and it works beautifully in our CI/CD pipeline. Well done on squashing that nasty bug! Thanks for your efforts!
1043;positive;Just reviewed #1234 and I'm blown away by the elegant solution to the caching issues! Great work, team!
3662;negative;PR #123's unit tests are still failing due to the `numpy` version incompatibility. Can we revise our `requirements.txt` accordingly?
2362;neutral;Just observed the `latest` version of `eslint` in `package.json` being updated after each build. Should we consider locking it to a specific version?
409;positive;Great job on fixing the #23 regression! Your patch is clean and well-documented. Works perfectly in our local builds now.
171;positive;Just tested with latest Docker image and `make test` passes! Great job on the fix in #123. Pipeline is now green again!
3690;negative;Failing to fix the socket timeout issue in #123 still causes intermittent build failures on our Jenkins pipeline.
3001;negative;Can't reproduce this failure in my local env. Is it possible that the CircleCI build config is incomplete? #1234
4124;negative;Unable to build project due to `pip` version mismatch in `requirements.txt`. Fails on CircleCI, but passes locally.
1331;positive;Love the fix for #1234, makes our CI/CD pipelines much more reliable! Great job on squashing that pesky test failure, thanks!
2099;neutral;Regarding #1234: the `jenkins` build is still failing intermittently due to inconsistent environment variables. Would appreciate further investigation.
1427;positive;Great catch on that #42 bug! Your fix in PR #45 has been successfully merged and is now live in prod. Well done!
1033;positive;Just tested your fix for the Travis deployment issue, works like a charm! Thanks for the quick resolution, appreciate the effort!
1801;neutral;Can you explain why the `pip freeze` output is different after updating requirements.txt in #123?
2793;neutral;Hi @maintainer, just wanted to confirm that this PR's changes pass the CI pipeline on both master and dev branches before merging. Thanks!
1789;neutral;Can we revisit the Jenkins pipeline config for PR #123 to ensure consistent build output with the latest Docker image update?
3407;negative;I'm experiencing issues with the latest `npm` update causing a runtime error in our production app. Anyone else seeing this?
2726;neutral;I'm not sure why the `build` step is failing in #1234. The CI/CD logs don't provide any clear error message.
3164;negative;I'm having trouble with the new `npm install` failing in our CircleCI pipeline due to a missing node-sass package. @maintainer, can we add it as a dependency?
2665;neutral;I've noticed the new `release` branch isn't being picked up by the CI/CD pipeline. Would be great to review why this is happening.
677;positive;Great job on the fix for #123! The test coverage is looking solid now. Can we consider adding a similar check to our CI/CD pipeline as well?
844;positive;Great fix on #1234! The updated CI/CD pipeline is now successfully deploying the new feature without any issues. Thanks for your efforts!
1114;positive;Just tried the latest deploy to dev env and it looks great! The auto-deploy fix for Jenkins 2.274 is working smoothly now.
2788;neutral;I'd like to understand the reasoning behind the changed timeout in the API call. Can you elaborate on the design decision?
2785;neutral;I've added the missing import in `util.py` for the test to pass. Let me know if you'd like me to update the documentation.
3363;negative;Failed to deploy due to `jenkins` plugin issue on `main` branch, getting `503 Service Unavailable` errors on subsequent runs.
44;positive;Great work on resolving the Jenkins integration bug (#123)! The pipeline is now stable and our automated tests are passing as expected.
565;positive;Great job on squashing that pesky bug in #123! Your fix is clean and the test coverage increase is impressive!
2303;neutral;I'm experiencing intermittent failures with the `build` stage in `.github/workflows/ci.yml`, but it's not replicable consistently.
2904;neutral;I'm experiencing intermittent build failures with Jenkins on the `main` branch. Reviewing the logs shows inconsistent error messages, unsure what's causing it.
4139;negative;Just tried to build on my local env but I'm getting an ` AttributeError` with `numpy 1.22.0` installed from pip. Not sure what's causing this.
1892;neutral;@author, just wanted to confirm the PR `#123` doesn't break our existing CI/CD pipeline. Can you review its impact on deployment?
3850;negative;The integration test failure in #123 is still present after re-running the CI/CD pipeline. This needs to be resolved ASAP as it's blocking further development.
4345;negative;Failed to merge #123 due to conflicting code styles. Would be great if we could enforce consistent formatting in our CI/CD pipeline.
4097;negative;Unfortunately, `pip install` is failing on our CI/CD pipeline due to a missing `wheel` file in the latest package release.
4029;negative;The latest build is still failing on CircleCI due to the missing `jsonschema` import. Can we add it as a devDependency? #1234
252;positive;Great catch on the `npm` version mismatch in #123! Your PR fixes this critical issue. CI pipeline now passes smoothly.
3508;negative;Can we revisit the recent #14 patch? I'm experiencing intermittent failures in our CI/CD pipelines due to an uncaught TypeError on line 375.
1768;neutral;"I'm looking at the latest deployment to staging; can someone confirm if this change is intentional or a regression from #1234? Thanks!"
4425;negative;Failing CI/CD on branch `feature/new-api` due to incompatible package versions in `package.json`. This is causing unexpected behavior in our API.
3748;negative;Unfortunately, this build still fails with the `pyjwt` dependency error on Linux. Can we revisit our Dockerfile config?
870;positive;Great job on resolving the Docker image build issue in #1234! Your commit fixes also improved our CI/CD pipeline stability,
4423;negative;Unfortunately, `pip install` still fails with `zsh: command not found: pip`. Trying to fix this for our CI/CD pipeline.
1310;positive;Just reviewed PR #12 and the fix for issue #23 is working great! Well done on squashing that nasty bug!
2742;neutral;@username, I see you've updated the CI/CD pipeline to use Node 16. Let's review the test results for package-lock.json compatibility before merging.
326;positive;Just successfully deployed the updated Docker image to our production environment using the new CI/CD pipeline setup. Working flawlessly so far!
2415;neutral;FYI, the `jenkins` CI job is still failing intermittently on Linux due to a stale cache directory. Re-running `gradle clean build` resolves the issue.
2890;neutral;Can we revisit the changes in #1234? I'm seeing some inconsistencies with the updated deployment script. Needs a code review.
2677;neutral;FYI, I noticed the latest changes to `main` branch seem to be failing the static analysis checks in our CI/CD pipeline. Would appreciate review.
804;positive;Just tested the fix for #1234 in our CI/CD pipeline and it looks like we've successfully resolved the `NullPointerException`! Great team effort, thanks!
4168;negative;I'm experiencing intermittent failures with the CI/CD pipeline on `feature/new-login-system` due to an unstable third-party library version. Can we revisit the dependency management?
2275;neutral;Related to #1234, the `release.yml` file seems fine but our CI/CD is still failing. Can someone take a look at the pipeline logs for more context?
3693;negative;I'm experiencing intermittent errors in my local build due to inconsistent cache behavior after updating `react` to v17.4.
3854;negative;Failed to build due to `npm install` errors in #1234. Package `@types/node` is not properly transpiled for Node 14.
3092;negative;Just encountered a critical regression in our CI/CD pipeline after merging #1234. Build fails on master due to unresolvable dependencies.
1927;neutral;I'll need to review the updated `README` in #123 before merging. The changes look minor but I want to ensure clarity for new contributors.
2260;neutral;I'm experiencing intermittent issues with `build.gradle` syncing in CI/CD. Have you tried updating Gradle version to 6.x?
621;positive;Just tested with the latest fix in #23 and it's working flawlessly! Thanks for your hard work on this!
4133;negative;Unable to reproduce the failing test in `pull/12345`, but locally it fails on every run. Anyone else seeing this?
1877;neutral;I've verified that the `latest_version` query in the CI/CD pipeline is correctly resolving to 2.1.3.
2611;neutral;Hi @author, I reviewed the updated CI/CD pipeline. The code changes look good to me. Please let me know if you'd like me to review further.
4018;negative;I'm seeing intermittent failures on our CI pipeline due to the recent `mysql` dependency update in `pr#123`. Can we revisit this change?
329;positive;Great work on fixing the pagination issue in #24! Your changes to the controller made it much more efficient. Looking forward to seeing this merged!
2802;neutral;Just wanted to confirm that #34's fix for the API endpoint regression is in place and passing all unit tests as expected.
528;positive;Great job on the latest CI/CD pipeline update! The automated test coverage is now at 95% thanks to your efforts.
3895;negative;@maintainer This build is failing due to an invalid version in `package-lock.json`. The current version conflicts with our downstream dependencies.
100;positive;Just ran the updated test suite on #23 and it's passing with flying colors! Your fix really helped resolve that pesky build error!
2716;neutral;Just wanted to follow up on the status of #1234's build failure in our nightly pipeline. Still investigating root cause.
4184;negative;The `main` branch is still failing the CircleCI build due to this PR's broken `npm install` script. Can we re-run the tests?
1946;neutral;The CI/CD pipeline is failing due to an unknown error. Could you please check the build logs for `#42`?
1025;positive;Just tested the new feature on the master branch and it's working flawlessly! Great job @johnDoe on implementing the CI/CD pipeline #1234
2406;neutral;The recent PR #42 changes are being successfully built by our CI/CD pipeline. I'll keep an eye on its performance.
4212;negative;Not sure why the latest deployment is failing. `@ci/cd` logs show a cryptic error: `unable to resolve dependencies for @example/module-xyz`. Can we investigate?
2587;neutral;Related to #1234: Could we revisit the CI/CD pipeline configuration for `latest` branch? It seems to be causing intermittent build failures during deployment.
3359;negative;This breaks our CI/CD pipeline. Can't reproduce locally, but we've seen it fail on CircleCI multiple times.
2349;neutral;@username, just reviewing the `build()` function in PR #1234. Could you provide more context on why it's failing CI on Ubuntu 20.04?
658;positive;Thanks for squashing that pesky null pointer exception in the `auth` branch! Your fix has smoothed out our CI/CD pipeline
496;positive;Great fix on #123! Your changes to `lib/utils.js` have resolved the inconsistent logging issue. Thanks for tackling this!
2437;neutral;Just wanted to note that the latest test coverage report shows a minor regression in the `auth` module. Need to investigate further.
355;positive;Great job on fixing the `TypeError` in #123! Your changes to `pipelines.py` have ensured a smoother CI/CD experience for our team.
1774;neutral;I'm having trouble reproducing the test failure in #1234. Can someone check if it's related to the new Docker image update?
2067;neutral;I'm experiencing some difficulty running the integration tests for #1234 after updating `pytest` to 6.2.2 in `requirements.txt`. Any suggestions?
4408;negative;Just encountered #42's regression in CI/CD. Pipeline is failing due to invalid JSON schema validation in `config.json`. Would appreciate a fix ASAP.
4455;negative;Issue #123 still breaks on macOS due to missing dependencies. This is becoming a major blocker for our team's use of this library.
502;positive;Great catch on #17! Your fix for the memory leak in `lib/utils` is exactly what we needed. CI pipelines passing with ease now!
912;positive;Just tested the new CI/CD pipeline with the latest dependency updates. Everything looks great! Thanks for implementing the caching mechanism, it really speeds up our builds!
810;positive;Great catch on the regex typo in #23! Your fix in PR #45 works perfectly for our CDK deployment. Thanks for helping us ship!
2941;neutral;The build error in #1234 is likely due to the recent update of `dependencies.yml`. Have you considered reverting it temporarily?
3711;negative;I'm experiencing intermittent failures on the build pipeline. Latest run: `circleci 12345` shows a failed test case in `utils.js`. Investigating...
3258;negative;I'm seeing intermittent failures in the CircleCI build due to a faulty mock implementation in our test suite. Any ideas?
4138;negative;@dev Can't get the pipeline to run on `main` branch due to failed test `test_foo()`. Error message is unclear.
3526;negative;Issue #1234 still not fixed after two weeks. The `npm install` issue is blocking our production deployment.
2653;neutral;The `latest` version of `lib1` is not being updated in the Docker image. Can we review the build process for #1234?
606;positive;Great catch on the regex typo in #34! Your fix made the CI/CD pipeline pass with flying colors. Thanks for keeping us up and running!
2195;neutral;Could you provide more context for the latest build failure in #1234? CI logs indicate no obvious issues with Jenkins configuration or dependencies.
1165;positive;Just tested the latest build with the updated `node` version and it looks like all tests are passing! Good work on the fix!
938;positive;Just tried your fix for the `jenkins` pipeline and it's working flawlessly! Thanks for the update, greatly appreciate the extra testing effort.
4225;negative;Frustrated with the recent deploy fail due to `npm` version incompatibility. Can we upgrade the package lock file for Node 14 support?
3876;negative;This change breaks the CI/CD pipeline for our nightly build. Can we revert to a working commit? #1234
1741;neutral;I'm experiencing intermittent failures in our CircleCI pipeline for the `main` branch, but can't pinpoint the exact cause. Any debugging insights appreciated.
4216;negative;The latest test build is failing due to an incompatible dependency version in the `main` branch. Could someone please review #123?
101;positive;Just tested your fix for the `README.md` typo in PR #123 and it works as expected! Great job catching that!
13;positive;Great work on fixing the `NullPointerException` in the CI/CD pipeline. The latest build is now passing smoothly! 👍
1238;positive;Thanks for fixing the `TypeError` in `utils.py`, @johnDoe! Your PR #1234 just passed all CI tests. Great work on improving our pipeline!
3995;negative;I'm experiencing intermittent build failures in the `main` branch due to a missing dep: `@types/node` version conflict.
1761;neutral;I'm experiencing intermittent failures in the `ci/test` pipeline on Linux builds. Re-ran the test with debug logging enabled, but couldn't find any obvious causes.
175;positive;Great job on squashing that nasty `NullPointerException` in `util/logger.ts`, @username! This fix makes the CI/CD pipeline more reliable.
1477;positive;This fix for the Jenkins CI/CD pipeline is great! The updated script works seamlessly now. Well done on the optimization effort!
1028;positive;Just tried the fix for #1234 and it's working perfectly! Well done on squashing that nasty bug!
2667;neutral;I'm experiencing intermittent failures in the build process for `main` branch due to package version mismatch. Can we revisit the dependencies?
2660;neutral;I've reviewed the changes in PR #1234. The tests are looking good, but could we consider adding more error handling for unexpected API responses?
218;positive;Great fix for the race condition in `main.py`! Works perfectly now. Thanks for addressing this, @username.
1746;neutral;Reviewing the latest build on `main` branch in Jenkins revealed a minor discrepancy with the expected commit hash. Checking the commit history to verify.
1930;neutral;Can you clarify why the Jenkins build on PR #123 is failing? The same code builds successfully on my local machine.
1808;neutral;On review of #1234, I noticed the fix for the 403 error is not backward compatible with our current dev setup. Can we discuss further?
3261;negative;The Travis CI build is still failing due to the unresolved #27 issue. Cannot merge #32 as it introduces new errors.
691;positive;Great fix on the Jenkins plugin integration! The build now passes with no errors. Well done, @johnDoe!
568;positive;Great fix on #123! Your changes to the build script resolved the Docker image issue. CD pipeline is now passing smoothly!
3152;negative;This nightly build is still failing due to an unresolvable Docker image dependency issue on CircleCI #456
1658;neutral;Can you clarify the purpose of this new `dependency:latest` flag in the CI/CD pipeline? Unsure how it affects our automated tests.
1663;neutral;Noticed that the `CI/CD` pipeline is still failing on #123 due to an unknown error. Need more info on the cause.
2771;neutral;I was testing the latest build with CI/CD, but I noticed a minor discrepancy in the test results from the previous run. Could you investigate?
1193;positive;Great catch on the Jenkins CI/CD pipeline fix! This should resolve the intermittent build failures we've been experiencing with #123. Thanks for your attention to detail!
2969;neutral;@username I've checked the latest PR (#123) and it looks like this change is causing a compatibility issue with Jenkins CI. Would be good to review.
1056;positive;Nice catch on the API endpoint typo! Your PR fixes it perfectly for our next deployment. Great work!
1116;positive;Just tested your recent PR (#123) and the updated CI/CD pipeline is working beautifully. Well done on squashing that nasty bug!
1437;positive;Nice catch on that Travis CI regression! Your fixes for `@angular/core` should resolve the build issues in #1234. Thanks for the update!
3201;negative;Frustrated with the latest build failure in #24. CD pipeline is failing due to a missing `@require` annotation in `dependencies.yml`. Re-checking build scripts, but any ideas?
2937;neutral;I've reviewed #123's changes to the test suite, but would like to discuss potential edge cases for further testing. @author
1158;positive;Great fix on the `npm install` issue! Your adjustments to `package.json` solved the dependency conflict seamlessly.
1919;neutral;Regarding #123: I'm not seeing any issues with the current build process. The Jenkins CI/CD pipeline seems to be functioning as expected.
3549;negative;I'm seeing intermittent failures in our CI/CD pipeline due to a version conflict between `dep1` and `dep2`. Can we update the lockfiles to resolve this?
4308;negative;The latest changes broke our CI/CD pipeline for Node 14. The `npm install` step fails with an unhelpful 'ENOENT' error message.
619;positive;Great fix for the `jenkins` plugin issue! CI/CD pipelines are now stable on master. Thanks for the swift resolution!
577;positive;Great job on fixing the API endpoint issues in #123! The build is passing smoothly now with our updated dependencies.
1413;positive;Great catch on the logging regex! This fixes the intermittent issues in our CI/CD pipelines on AWS EKS. Thanks for the patch!
651;positive;Great work on fixing the `jenkins` deploy bug! Your solution makes our CI/CD pipelines much more robust. Thanks for the effort!
3899;negative;@author This is unacceptable. Our CI/CD pipeline has been failing due to the broken `npm` installation for hours. Please investigate and fix ASAP.
157;positive;Thanks for fixing the `jenkins` CI/CD pipeline issue! Your fix allowed our build to pass successfully. Great troubleshooting!
832;positive;Just reviewed your PR for the fix, looks like you've nailed it! The regression tests pass with flying colors on my end too.
889;positive;Just ran the updated CI/CD pipeline for #1234 and it's passing with flying colors! Great work on squashing that tricky bug!
2541;neutral;I've verified the fix for #1234 works in local environments. Could you test with our staging setup as well?
1221;positive;Great work on the CI/CD pipeline update! The automated tests are now running smoothly after addressing the Maven version compatibility issue #123
3725;negative;I'm experiencing issues with the latest build failing due to the `npm install` step in our CI/CD pipeline. Any thoughts on this?
2360;neutral;I've reviewed #1234's CI build and noticed the test failure on Linux. Can you take a closer look at `libcurl` version 7.70.0 for possible causes?
2029;neutral;Re: #1234, I think this fix should be merged with the latest PR to avoid conflicts in our CI/CD pipeline.
818;positive;Great fix on #42! The updated dependency management in the CI/CD pipeline is finally stable. Thanks for your diligence!
1967;neutral;Regarding #1234, I've reviewed the recent change to the build script. It appears to be correct in resolving the dependency conflict.
2251;neutral;Hi @maintainer, just wanted to confirm that the PR for updating `@eslint/eslint` is not blocking our current CI/CD pipeline.
1905;neutral;I'm having trouble understanding why the CI build is failing on `master` despite passing on my local machine. Can we review the Dockerfile together?
294;positive;Great catch on the `pip` version mismatch in #123. Your fix is spot on and has already improved our build times significantly!
4310;negative;Failed to build on Linux due to `libgcc` dependency issues. CI/CD logs indicate a failed compilation with error code 127.
96;positive;Just reviewed your PR #123 for the CI/CD pipeline fix, looks great! Your changes simplified the build process, nice work!
1171;positive;Thanks for fixing the `NullPointerException` in #1234! Your changes made it through our CI/CD pipeline successfully. Looking forward to merging this into master.
1428;positive;Great catch on the `null` pointer exception in `utils.js`! Your PR #1234 simplifies the code significantly.
4500;negative;I'm having trouble with the new CI/CD pipeline on `main`. The failed deployment is causing inconsistencies in our staging environment. Can we revisit the script?
241;positive;Thanks for squashing that nasty `NullPointerException` in the build script! Your fix got merged into master without any issues!
1455;positive;Great fix on the CI/CD pipeline! Just merged the changes and it's now passing all tests. Thanks for the quick resolution!
2707;neutral;On #23: Just wanted to confirm that the updated `pip` requirements are reflected in the CI/CD config. No changes needed on our end.
1635;neutral;Regarding #1234, I'm seeing inconsistent results in the `test_ci_pipeline` on Jenkins. Could we take a closer look at the environment variables being set?
2621;neutral;Just wanted to confirm the fix for #1234 has been tested with our nightly build. No regressions found so far.
3469;negative;This test failure on master is puzzling. @johnDoe's PR #123 introduced a new package version that breaks our CI/CD pipeline.
1189;positive;Just tested #123 and the build is now green! The CI/CD pipeline is indeed catching that pesky dependency issue with `npm install`. Great work!
1269;positive;Great catch on the build failing due to outdated Docker image in `ci/docker-compose.yml`! Easy fix by updating it to latest version.
354;positive;Great fix on #123! Simplified the CI/CD pipeline by removing redundant `npm install` steps. Thanks for the tidy up!
760;positive;Just tested the fix for #1234 and it's working perfectly! Your changes to `config.py` really improved the build process. Great work!
1271;positive;Great job on fixing the `npm install` issue in #123! Cleaned up the dependencies nicely, makes our CI/CD pipeline much more efficient now.
290;positive;Great fix! Just ran the updated `ci/pipeline.yml` on my local environment and it's working as expected now. Thanks for the quick resolution!
4359;negative;Hi @author, I'm experiencing an intermittent 500 error with our API endpoint in PR #123. Can we revisit the error handling logic?
1832;neutral;Hi @maintainer, I've encountered a potential discrepancy in the deployment logs of PR #1234. Could you review the pipeline output for clarity?
3757;negative;Still experiencing intermittent failures on Jenkins CI/CD pipeline #1234. Build 2/3 today failed with the same `NullPointerException` as before.
2496;neutral;Regarding #1234, I've noticed the build fails due to an unresolvable transitive dependency. Could we add a fallback mechanism for this scenario?
466;positive;Great work on resolving the `jenkins` deployment issue! The changes to `.yml` files really smoothed out our CI/CD pipeline.
2089;neutral;On #42, I noticed the build is passing with `dependency-manager` 1.2.3, but failing with the latest version. Worth investigating?
3831;negative;@mention I'm seeing intermittent failures in our CI/CD pipeline on the #42 merge. Can't reproduce locally, any ideas what's causing this?
3563;negative;I've reproduced the crash on Linux again. The test suite still fails with this dependency upgrade in #123. Any help debugging would be great.
1727;neutral;Regarding #1234: The build failed due to missing Maven dependencies. Can we add `dependencyManagement` section in the `pom.xml` file to fix this?
2459;neutral;I've been testing the latest build from #123 and so far it's not producing any errors in our CI/CD pipeline. Will continue to monitor for potential issues.
1048;positive;Great fix on #42! The updated CI/CD pipeline now correctly builds the Docker image without any errors. Nice work!
30;positive;Great work on addressing the `NullPointerException` in PR #123! Your fix simplified the conditional logic nicely. Thanks for contributing to this project!
1074;positive;Great fix for the caching regression! The tests are now passing smoothly through CircleCI. Thanks for the swift resolution!
2777;neutral;Just reviewed #123, the tests seem to pass. The updated README looks good, but I have some questions about the Travis CI configuration.
3127;negative;Can we revisit the `docker-compose` config for the CI/CD pipeline? I'm seeing intermittent failures on Jenkins due to a corrupted Docker image.
3002;negative;#17: Failing `npm test` on CircleCI due to broken Jest plugin. Can someone help resolve this? It's blocking our CI/CD pipeline.
878;positive;Great job on resolving the `jenkins` config issue in #234! The CI/CD pipeline is now successfully building. Thanks for your attention to this!
1265;positive;Just successfully integrated PR #123 with our latest release, no issues reported. Great work @username! CI/CD is passing smoothly now.
178;positive;Just tested #42's fix and it works perfectly in our staging environment. Thanks for the patch, @johnDoe! CI/CD pipeline now passes.
2529;neutral;@dependabot Can you take another look at the failing build on #1234? It seems to be related to outdated dependencies in our `package.json` file.
882;positive;Just tested the latest deploy with updated dependencies and it's working smoothly! Thanks for addressing the Maven issue in #123.
2648;neutral;I'm seeing the same flaky test failures in `build 2135` and `build 2141`. Can we investigate further?
1979;neutral;Regarding #1234, I've noticed inconsistent behavior in the CI/CD pipeline. Could we review the deployment script to ensure it's not a config file issue?
4399;negative;@username I'm seeing intermittent failures in our CI/CD pipeline due to inconsistent Docker image builds. Can we revisit the `dockerfile` configuration? #1024
3939;negative;@maintainer I'm hitting a `NullPointerException` on line 345 of `service.js` after recent changes in #123. CI/CD pipeline still passing, but this is causing issues in prod.
2347;neutral;Just wanted to confirm if the `CI/CD pipeline` update is intended to run only on master branch, as it's not specified in the doc.
4120;negative;This build is still failing due to the unresolvable conflict with `version 3.4` in `package.json`. Please investigate ASAP #32
4082;negative;@mentions: This error still persists in `#1234` after re-checking the CI/CD pipeline logs. I'm concerned about delayed builds affecting deployment timing.
74;positive;Just built the new CI/CD pipeline for our app, and it's running smoothly. Great work on implementing CircleCI integration! #ci-cd #devops
446;positive;Just tested the latest update to our CI/CD pipeline and it looks like the deployment to production is now smoother than ever! Well done team!
2136;neutral;Regarding #1234: I noticed that the Docker build step is failing due to a missing dependency on `libuuid`. Should we add it as a package requirement?
1217;positive;Just merged #1234, great job on fixing the API endpoint regression! The tests are now passing with flying colors. Thanks for your efforts!
2997;neutral;I've been trying to reproduce this intermittent test failure in #123 but so far no luck. Can we discuss possible causes?
2147;neutral;I'm reviewing #42's deployment to prod, but the Jenkins build history is inconsistent with the expected commit hash. Could you investigate?
31;positive;Great work on resolving the `NullPointerException` in the authentication service! The CI/CD pipeline is now stable and passing all tests.
3653;negative;Unfortunately, I'm seeing inconsistent build results in #123 due to the recent Docker upgrade. Can we revisit the containerized environment?
1742;neutral;This fix for #1234 looks good. Would be great to see some additional tests for this new feature in the pipeline.
3222;negative;The latest build fails due to the updated `docker-compose` version not being compatible with our Jenkinsfile.
1130;positive;Thanks for squashing that pesky SQL injection vulnerability in #42! Your attention to detail is greatly appreciated!
53;positive;Great fix on #123! Your patch for the `main.py` crash has been thoroughly tested and is now deployed successfully to our CI/CD pipeline.
403;positive;Thanks for fixing the CI/CD pipeline issue in #123! The new deployment is smoother than ever. Great teamwork!
1375;positive;Nice catch on the CI/CD pipeline fix! Your changes to `appveyor.yml` successfully resolved the deployment issues for our latest build.
2046;neutral;Just checking if the Jenkins build is stable now that we've updated the dependencies. Could you verify the CI/CD pipeline results?
437;positive;Great job fixing the `jenkins-pipeline` config issue in #123! The build now passes successfully for our nightly tests.
1653;neutral;I'm looking at the recent changes to the `build.gradle` file in #1234. Should we be using the latest version of `com.android.tools.build:gradle` instead?
3983;negative;I'm seeing intermittent fails in the CircleCI pipeline for the 1.2.0 release due to a failing `npm install` step. Can we debug this?
913;positive;Great catch on the circular import in `moduleA`! Your refactoring in PR #12 is a huge improvement for our CI/CD pipeline.
3496;negative;Failing to update the README with new dependencies breaks the build. Can we add this to our CI/CD pipeline checks?
4024;negative;I'm seeing intermittent failures in our nightly build #123 due to the recent `npm` upgrade, causing our Jenkins CI/CD pipeline to fail 3 out of 5 times.
3383;negative;Just encountered another instance of the `npm install` error on Ubuntu, this time in the latest build of #42. Can we revisit the Dockerfile config?
2664;neutral;FYI: I noticed the `ci/cd` pipeline failed on build #123 due to a missing dependency. Can we review the package.json file?
904;positive;Just verified #12's fix for the API endpoint error. Works beautifully in both dev and prod environments now! Thanks for the patch!
2908;neutral;Can we revisit the changes made in PR #123 regarding the CI/CD pipeline's timeout setting to ensure it aligns with our deployment strategy?
1590;neutral;Noting that the `update-dependencies` script is still failing on my local environment with the same error as #1234. Any thoughts on a resolution?
2615;neutral;I'm running into an intermittent error with the CI/CD pipeline for the `v1.2` release on branch `feature/new-feature`. The build fails occasionally, but not consistently.
184;positive;Just ran your latest PR for v2.5 and the unit tests passed! Great work on fixing that regex edge case.
3416;negative;This is causing the CI/CD pipeline to fail. The failing test is `test_database_connection` in `db.py`. Need investigation on why it's timing out.
322;positive;Great job on squashing that pesky `TypeError` in the `auth` module! Your fix is clean and should reduce errors in our CI/CD pipeline now.
1850;neutral;Regarding #42, I'm experiencing inconsistent build results on CircleCI. Have you tried running the tests with a larger test suite to replicate?
3913;negative;Still seeing intermittent failures in the staging deployment due to conflicting package versions between `docker-compose` and `kubernetes` config. Please look into this.
4374;negative;Just hit this error again in the CI/CD pipeline: `[Error] Missing required field 'version' for package.json`. This is frustrating to troubleshoot.
3902;negative;Commenting on #1234. The latest build is failing due to a mismatch between the expected and actual package versions of `@nestjs/common`. This should be fixed ASAP.
2209;neutral;I'd like to discuss the recent changes made in #1234. The updated logic seems sound but I'm experiencing a minor issue with data consistency.
45;positive;Just ran the latest build on CircleCI and it's passing all tests. Nice work on squashing that tricky bug in #42! :)
1053;positive;Just deployed the fix for the failing `CI/CD` pipeline on `PR #1234`. The changes are live and all tests passing. Great team work!
1254;positive;Great job on squashing that tricky CSS bug! Your fix has improved the app's responsiveness. Thanks for your diligence!
1739;neutral;Just reviewed #123 for potential conflicts with our existing caching mechanism. No immediate issues found, but may be worth exploring further in the next iteration.
4202;negative;I'm experiencing intermittent failures in our Jenkins CI/CD pipeline due to inconsistent memory allocation. Can we optimize the heap size for more reliable builds?
802;positive;Great job on resolving the caching issue in the latest PR! The unit tests are now passing smoothly through our CI/CD pipeline.
3859;negative;Fails on CircleCI with `npm install` error: `error: unable to download node-sass@4.14.1`. Has anyone seen this?
2484;neutral;I'm observing inconsistent test coverage across builds. Can we revisit the `build.gradle` configuration to ensure consistent `jacoco` reporting?
1778;neutral;I'm seeing inconsistent results with the `ci/build` step on #1234. Could someone help review the Dockerfile for potential issues?
257;positive;Nice fix on the CI/CD pipeline! Your changes ensured our automated builds pass again. Thanks for your persistence on this!
4226;negative;The recent changes to the build script are breaking our CI/CD pipeline on `main` branch. Getting a 500 error on every deployment attempt.
4149;negative;@johnsmith I've encountered the same error in my local dev environment with #PR 123 merged. Still getting a `NullPointerException` on startup.
648;positive;Great fix for the `pylint` issues in #123! The updated config is working as expected now. Thanks for your prompt attention to this!
2365;neutral;Just reviewing the latest changes to `package-lock.json` in #123. Everything looks good but I thought we'd discussed using yarn instead of npm.
1182;positive;Great job on resolving the CI/CD pipeline issue (#234)! The new deploy script works flawlessly. Thanks for your swift troubleshooting.
2881;neutral;Noticed that the latest build is failing on the CircleCI 2.0 config due to an unknown error in the node_modules directory.
3210;negative;Still seeing intermittent `TypeError` in the CI/CD pipeline on Python 3.9 after PR #123 merge, frustrating to debug.
1341;positive;Just saw that the automated testing for the CI/CD pipeline is now passing consistently. Well done on resolving the build issue! #85
1992;neutral;Can we revisit the recent CI/CD pipeline failure on branch `feature/new-login-flow`? The test report indicates a minor discrepancy in validation logic.
1222;positive;Great fix for the Travis build failure on #12. Your patch made it through our test suite without issues!
1823;neutral;I think we can use the `jenkins` config from `feat/new-pipeline` instead of duplicating it in `ci/cd.yml`. Thoughts?
2985;neutral;I'm experiencing intermittent issues with the Travis-CI build on PR #42. The error is unclear: `[error] invalid option`.
264;positive;Great job on squashing that nasty memory leak in the CI/CD pipeline! Much appreciated effort to keep our build process stable #ci-cd-stability
1289;positive;Just tried out the fix for #1234 and it's working beautifully! Great work on squashing that pesky bug. CI/CD pipeline is now passing smoothly.
57;positive;Just tested your latest PR (#123) with CircleCI and it's passing all tests! Great work on the refactors!
3956;negative;This breakage in `latest-feature` branch has me stuck. The build failing due to outdated `sqlite3` package is not helping my sanity.
1339;positive;Just tested #35 with the latest `pylint` update and it's now passing all tests! Great job on resolving that linting issue!
1449;positive;Great job on fixing the regex issue in #123! Your test case helped me identify the problem. Now the CI/CD pipeline is passing smoothly again.
1201;positive;Thanks for fixing the API endpoint in #123! The updated build on CircleCI is now passing with no errors.
1516;neutral;I'd like to discuss the potential impact of this change on our existing CI/CD pipeline. Let's revisit the integration with Jenkins.
1731;neutral;Hi @johnDoe, could you review my changes in PR #123 for the `CI/CD` pipeline? I'm unsure if the updated Dockerfile is correct.
683;positive;Thanks for the fix on #1234! Your change to `dependencies` in `package.json` helped resolve the intermittent test failure on CircleCI.
1651;neutral;I'm experiencing intermittent issues with the Docker build step in the CI/CD pipeline. Can we try updating the `docker-compose` version to the latest?
3459;negative;Commenting on #123: The `ci` deployment stage still fails due to incompatibility with the updated Docker version. Need a fix ASAP.
2322;neutral;Just wanted to confirm, does this change break the CI pipeline for `issue #123` as well? Needs further review on my end.
287;positive;Great catch on the circular import in `utils.py`! Your PR [PR #1234](https://github.com/project/repo/pull/1234) looks great, thanks for refactoring the code!
3815;negative;I'm experiencing intermittent failures in the nightly build #1234. The CI/CD pipeline consistently errors out on CircleCI with ' unable to verify signature' for `@latest` version of `semver`.
2527;neutral;I noticed the Travis CI build for #123 is failing due to the missing `node-sass` dependency. Could someone verify this?
1290;positive;Great catch on the `NullPointerException` fix! Your patch looks clean and should improve stability in our CI/CD pipelines. Thanks for contributing!
1190;positive;Thanks for squashing that pesky `NullPointerException` in the latest refactor! The updated code looks cleaner and more maintainable now.
3933;negative;Can we revisit #42? The Travis-CI build still fails due to the unmet dependency on `react@17.0.2`. Stuck at 100% CPU usage.
1435;positive;Great work on fixing the caching issue in #42! The updated deployment now passes all tests in our CI/CD pipeline. Well done!
737;positive;Just tested the new build process on #32 and it looks great! The updated pipeline passed all tests without any issues, thanks for the fix!
4010;negative;PR #123's deployment to staging failed due to unmet dependencies in the `build.gradle` file. Can we investigate?
3666;negative;@author Can you please clarify why the `update-deps` script is still trying to install an outdated version of `react-router-dom`? This is causing errors in our CI/CD pipeline #42
1868;neutral;I've reviewed #123. The PR's test suite seems comprehensive, but I'd like to see more explicit error handling in the `handle_api_failure` function.
3674;negative;@author, the recent `v1.2` release broke our CI/CD pipeline due to a regression in `build.gradle`. Need a fix ASAP.
3830;negative;Just encountered a merge conflict in #1234. The updated README still reflects the outdated dependency version from the original commit.
1072;positive;Great job on resolving the Docker build issues in #123! The updated README is also very clear. Thanks for your thoroughness!
4324;negative;I'm seeing intermittent failures in our CircleCI pipelines due to the recent update of `eslint-config-airbnb`. Can we investigate and revert if necessary? #1234
2835;neutral;I'm having trouble with the latest build on the `main` branch after updating the `dependencies` in `package.json`. Can someone review the changes?
2849;neutral;Just tested the fix on the dev branch. Looks like it's working as expected. Can we close this issue?
4221;negative;I'm experiencing issues with #1234's build failing due to outdated dependencies. Can we update the package.json to include the latest versions?
1619;neutral;I've noticed intermittent failures in the build stage of the `main` branch. Could you investigate the `jest` configuration?
3181;negative;@maintainer I've hit a roadblock with the latest build. #24's changes seem to have broken our Docker deployment on CircleCI.
4235;negative;I'm seeing intermittent failures in the CI/CD pipeline for #123 due to an unversioned `libyaml` dependency that's causing conflicts with other gems.
499;positive;Great fix on the Jenkins build step! Just tested it locally and all tests are passing. Thanks for resolving #123!
3721;negative;PR #12 breaks CI/CD pipeline due to unresolvable version conflict with `dependencies.json`. Can't proceed with deployment.
3589;negative;I'm running into issues with the `@latest` tag in `package.json`. It's not picking up the latest update from npm, breaking our CI/CD pipeline #45
2091;neutral;Just reviewed #123, the CI/CD pipeline is running successfully, no errors reported. Can we discuss the impact of this change on our deployment strategy?
3140;negative;This merge conflict in #1234 is frustrating. I've tried resolving it multiple times, but the changes aren't syncing properly between branches.
3501;negative;This latest build on `main` is failing again due to the Jenkins job not being properly configured. Can we get this fixed ASAP?
3892;negative;PR #456's caching fix broke the build again. Can we revert it and investigate further before pushing another broken commit?
1023;positive;Thanks for addressing the CI/CD pipeline issue #123! The new build script is running smoothly now. Your fixes saved us a lot of trouble.
2224;neutral;I'm reviewing the updated `CI/CD` pipeline config in #42. The build passing on all platforms is a good start, but let's discuss the test coverage improvements.
4401;negative;@username I'm experiencing a frustrating issue with the `npm install` step in our CI/CD pipeline on branch #1234, consistently failing due to outdated dependencies.
2156;neutral;I'm reviewing #42's CI/CD pipeline update. The `test` stage is passing with Docker image version 1.2.0, but failing on 1.2.1. Investigating further.
1484;positive;Great work on resolving the Jenkins integration issue! The new `build.gradle` config is spot on. Nice fix!
666;positive;Great fix on the caching issue! The changes in PR #123 are spot on. We should consider merging this ASAP.
3186;negative;I'm experiencing intermittent failures in the `build` step of our CI/CD pipeline. This is affecting deployment to staging env on every 5th push.
3832;negative;I'm experiencing intermittent failures in our CI/CD pipeline due to the `react` library upgrade in #1234. Can we revisit the version constraint?
1018;positive;Great fix on #123, Travis CI now passes with 100% coverage! Your refactoring improved performance significantly. Well done!
2086;neutral;Noticed the `jenkins` job in the CI/CD pipeline is still using the deprecated `gradle-4.10` wrapper. Could we consider updating it to a supported version?
2227;neutral;I'm reviewing the latest changes in #123. Can you please clarify why you're using `npm` instead of `yarn` for this package? Thanks!
2408;neutral;Regarding #1234: I'm not sure why the Travis build is failing, but the logs don't indicate any obvious issues. Can we take a closer look?
1505;neutral;I'm not seeing any changes with the latest `main` branch update. Can you check if the Jenkins CI pipeline is still failing on this specific commit?
1488;positive;Great catch on the caching issue! Your fix has improved build times for our #123 CI/CD pipeline. Thanks for the quick resolution!
246;positive;Great fix on the Jenkins integration! The build now successfully runs with our latest Node dependencies. Thanks for the quick turnaround!
267;positive;Great work on resolving the Jenkins build failure in #123! Your changes fixed the Docker image issue. Much appreciated!
1115;positive;This fix for the `npm install` regression is excellent work! The updated package manager now passes all our tests in CircleCI #442
64;positive;Great job on fixing the regex bug in #123! Your solution simplifies the pattern and improves performance. Thanks for the effort!
1587;neutral;Could you clarify the change made in #123? It seems to have broken our unit tests on Node 14.
1555;neutral;The updated CI/CD pipeline seems to be working as expected. No issues found after reviewing the latest changes in #123.
2253;neutral;Could you clarify the rationale behind skipping tests in `CI/CD` for this PR? @author
2741;neutral;Just wanted to confirm that the CI/CD pipeline is green again after resolving the recent dependency conflict in #123. Thanks for checking it out.
2421;neutral;Regarding #123, I noticed the Jenkins job is stuck in an infinite loop due to a misconfigured retry policy. Can we review this further?
2293;neutral;I'm reviewing #123. The test coverage for the new feature in this PR seems sufficient but I'd like to see a follow-up review on the code's maintainability
2657;neutral;I'm experiencing intermittent failures with our CI/CD pipeline on the `main` branch. Need help debugging why it's not consistent.
1412;positive;Just tested #15 and the fix for the `NullPointerException` is working beautifully! Your changes to the CDK config are a huge improvement!
1579;neutral;The `pip install` step in the CI/CD pipeline is timing out due to high network latency. Should we consider using a mirror repository? #121
104;positive;@john-doe, your fix for #1234 is excellent! The updated CI/CD pipeline is running smoothly now, thanks to your diligent work on the dependency upgrade.
2158;neutral;Observing a minor discrepancy in test coverage on the `main` branch. Worth exploring further to ensure our codebase remains robust.
1486;positive;Just successfully merged PR #123 for refactored API routing, great work team! Automated tests are passing and everything looks good to me.
509;positive;Just reviewed #1234's PR and I'm impressed with the unit test coverage. Great job on catching that edge case! Kudos to the team for a solid implementation!
1644;neutral;Observing inconsistent behavior with Jenkins on the `CI/CD Pipeline` branch. Can you help me understand why the deployment is failing intermittently?
4438;negative;Failing to update `package.json` caused the latest build to fail. Please review your changes in #1234 before merging this PR.
3675;negative;@maintainer, this PR still breaks our CI/CD pipeline with 'Error: No such file or directory' on CircleCI #145. Can you take another look?
866;positive;Great catch on that logging inconsistency! Your suggested fix for #234 should resolve the issue in our next release. Thanks for helping us improve our app's reliability!
3860;negative;I'm getting an error on the latest build due to a missing package in CircleCI. Can we update `package.json` accordingly?
909;positive;Great fix on the CI/CD pipeline, @johnDoe! This should prevent the infamous `jenkinsBuildError` now.
2340;neutral;Noticed the CI build on #12 is failing due to a missing dependency. Investigating further.
836;positive;Thanks for fixing the `jenkins` config issue in #123! Your changes to the `.yml` file have the CI/CD pipeline up and running smoothly now!
359;positive;Just tested #1234 and the CI/CD pipeline is now correctly deploying to staging. Great work on resolving that tricky SonarQube error!
3512;negative;Hi @maintainer, I'm hitting an error with the latest build on CircleCI. The `npm install` fails due to a mismatched version of `dependency-b`.
300;positive;Great fix on #1234! Your refactoring of the CI/CD pipeline has greatly improved build times. Well done!
1004;positive;The fix for the CI/CD pipeline error in #123 is great! The new `config.yaml` file simplifies our deployment process.
1628;neutral;Re: @johndoe's PR #123. I've tested the updated build process on our internal Jenkins instance. No issues found with Docker images.
1872;neutral;Can we revisit the changes in PR #123 for the Jenkins deployment stage? I'm seeing some inconsistencies in the test coverage report.
4377;negative;@dependabot I'm experiencing failures in my build due to outdated Node.js version. Can you please update the `package.json` accordingly?
762;positive;Just tested PR #123 and it's working flawlessly in our CI/CD pipeline! Great job @johnDoe on fixing that tricky API integration!
1937;neutral;@dependabot, can you please re-run the build for #456 to verify if the fix in #459 has resolved the issue with Maven dependencies?
3247;negative;PR #12 breaks our CI/CD pipeline due to an incompatible version of `numpy` in requirements.txt. Can we update to the latest compatible version?
1730;neutral;Following up on #123, I've re-ran the test suite in our Jenkins build, and it's passing now. Thanks for fixing the dependency version!
1361;positive;Great job on fixing the API endpoint routing issue! The changes are nicely documented in this PR [PR#123] and work seamlessly now.
3039;negative;I'm still experiencing intermittent build failures on the `main` branch despite recent fixes. CI/CD pipeline logs show inconsistent error messages.
3174;negative;Can't reproduce the `NullPointerException` in `user.service.js`, but `npm test` still fails. Anyone else experiencing this issue? @dependabot, can you check the updated dependencies?
3790;negative;@author I'm seeing intermittent failures in `build-stage` on CircleCI for commit #1234. Can we investigate the cause of this regression?
1747;neutral;I'm observing inconsistent build failures on the `main` branch due to the updated `node-sass` version. Can we investigate further? #1234
2426;neutral;Regarding #1234, I'd like to note that the CI build is still failing on CircleCI due to a missing `pom.xml` file in our Maven project.
2102;neutral;Can we revisit the Jenkinsfile for PR #123? I'm not sure how the updated node version affects the CI build.
3086;negative;I've hit the same `NullPointerException` in `utils/Validator.java` on both Ubuntu 20.04 and macOS High Sierra. This is not expected behavior.
109;positive;Just reviewed #1234's tests and I'm impressed with the thoroughness of your approach! This will definitely help catch edge cases downstream. Nice work!
3260;negative;Failing CI build on `master` due to unexpected `TypeError` in `utils.py`. Can't reproduce locally.
1273;positive;Great fix for the CI/CD pipeline regression! This should improve our deployment stability going forward.
59;positive;Thanks for fixing the regex pattern in #123! The updated build process is now passing all tests without any issues.
77;positive;Great work on fixing the Jenkins build error! Your patch to update Gradle version resolved the issue #1234 thanks!
3740;negative;Failed build on `main` due to incompatible version of `libA` in v1.2, causing unexpected crashes during unit tests.
369;positive;Great fix on the CI/CD pipeline! The recent changes have improved deployment stability significantly. Thanks for your effort!
3802;negative;Just encountered #23's build failure on Jenkins due to outdated `node-sass` version. This is causing a ripple effect in our CI/CD pipeline.
786;positive;Just reviewed the latest PR #1234, and I'm impressed with the refactored code. Well done on catching that performance optimization bug!
3998;negative;@username The latest update broke our CI/CD pipeline. Can't build the project after updating `npm` to 8.1.0. Please assist in resolving this issue.
1335;positive;Thanks for the quick fix on #123! Your refactor improved code quality & resolved the pesky merge conflict in our CI/CD pipeline. Well done!
2577;neutral;I've noticed that the latest changes in PR #123 have introduced a minor discrepancy with our existing deployment script. Would be great to review.
1469;positive;Thanks for resolving the Jenkins build failure! Your fix to the Maven version in `pom.xml` got us back on track.
3857;negative;Fails to install on Mac M1 due to incompatible dependencies in `ci/cd` pipeline. Need clarification on why `node v16` is used instead of `v14`?
3390;negative;This PR breaks the build in our `dev` branch due to an incompatible version of `log4j`. Can we revisit the dependencies?
2228;neutral;Just wanted to reiterate that we've discussed the caching mechanism in #1234 and I'm not seeing any regressions with latest updates on CI/CD pipeline.
4410;negative;Failing to upgrade `log4j` in #123 breaks the build on Java 11 due to incompatibility issues.
1836;neutral;I'm experiencing intermittent `NullPointerException` on `build.gradle` refresh during pipeline runs. Any ideas what might be causing this?
4157;negative;Just encountered another crash on the dev branch due to outdated `numpy` version. Could we please sync with upstream changes?
911;positive;Just reviewed #1234's CI/CD updates and I'm impressed with the improved build times! The recent deploys have been much smoother too. Thanks for the effort!
125;positive;Great fix on the Jenkins pipeline! The updated script works flawlessly now. Thanks for catching that regression.
3761;negative;Hey @author, I'm getting a `NullPointerException` on the login page after upgrading to 1.2.3. Can we revert to previous version or fix the bug? #1234
2795;neutral;@maintainer I'm experiencing intermittent failures in the Docker build step of CI/CD pipeline #1234. Any insight into the cause would be helpful.
2830;neutral;I've noticed the Travis-CI tests for #12345 are failing due to an outdated version of jest. Would be good to update it.
1179;positive;Nice fix on #123! Your changes simplified the CI/CD pipeline and improved build times. Thanks for your attention to detail!
3820;negative;Just ran the latest build on `main` branch and it still crashes due to `TypeError: Cannot read property 'length' of undefined` in `utils/parseJson.js`. Not sure what's going on.
4484;negative;I'm experiencing issues with the latest build of #1234 due to an unresolved conflict in `package.json`. The deploy to staging is failing.
443;positive;Great catch on the edge case in #1234! Your fix for the Jenkins plugin issue has greatly improved our build stability.
2489;neutral;I've noticed that the GitHub Actions for deployment are failing on Windows due to an incompatible Ruby version. Any thoughts on how to resolve this?
3834;negative;Frustrated with the latest Docker deployment failure on PR #123. CI/CD pipeline still broken after multiple attempts to fix `mvn:compiler:compile` error.
2816;neutral;Can you clarify the rationale behind the recent `jenkins` config update? I'd like to review it before merging #1234.
1729;neutral;Just wanted to confirm that #12's fix should be applied in conjunction with the existing changeset from #25 to ensure a smooth release.
1535;neutral;Just reviewing the latest build logs from our CI/CD pipeline. The test suite passed successfully, but I'm unsure if that's due to recent fix #123.
325;positive;Thanks for addressing the logging performance regression! Your optimization has significantly reduced the execution time on our CI/CD pipeline.
2501;neutral;Noticed that our latest release failed to build on CircleCI due to an incompatible package version. Can we update the dependencies before re-releasing?
2108;neutral;Can we review the changes in PR #1234 regarding the updated Travis CI configuration? Looking for any potential impacts on build times.
1503;neutral;Just wondering if this CI pipeline change has been thoroughly tested with our current branch workflow? @mentions for context: #23
4357;negative;Unfortunately, I'm still hitting this `TypeError` in my local dev env after #1234's fix, which was supposed to resolve the issue.
2465;neutral;Regarding #123: the test failure on Linux is consistent with the update to GCC 10. Have you considered a separate patch for this?
1007;positive;Just verified PR #123: your fix for the `NullPointerException` in `utils.js` is spot on! Well done on squashing that bug!
2858;neutral;@author, the Jenkins build is failing due to missing `nodejs` package in CircleCI config. Can you please update the setup?
1963;neutral;Can we clarify the purpose of `jenkinsfile` in #1234? Is it meant to override the existing configuration in `.travis.yml`?
1357;positive;Great work on addressing the `NullPointerException` in #123! The fix has improved test coverage significantly. Well done!
4039;negative;@mentions Couldn't reproduce the 'TypeError' in this PR. Can we revisit the changes to `requirements.txt`? It might be causing the conflict with `django-debug-toolbar`.
1962;neutral;I've verified that the failing test in #1234 is due to an outdated `pytz` version. Upgrading it resolves the issue.
7;positive;Love the updated `README.md` in #123! Clear and concise, makes it easy to onboard new contributors. Great work!
933;positive;Nice fix on the `README` typo! Your attention to detail has really improved our documentation's quality. Thanks for the contribution!
440;positive;Great work on resolving the `NullPointerException` in the `login()` method. Your fix has already improved our app's stability.
2230;neutral;@mentions I'm reviewing the updated tests for #1234. Can we discuss the implications of adding more dependencies to our CI/CD pipeline?
2756;neutral;Regarding PR #123: I noticed the `build` step is failing due to a missing dependency. Could we revisit the install script?
2208;neutral;@maintainer I've reviewed the PR #123 for integration with our CI/CD pipeline. No major issues found, but a minor warning on redundant import statements.
4174;negative;@username Can't believe the `jenkins` job is still failing due to this `dependency:latest` conflict. Need help resolving this before we can merge #123
1491;positive;Just ran your latest changes through the CI/CD pipeline on my project and it's working seamlessly with our updated deps. Well done! #bugfix-123
3389;negative;@username I'm seeing intermittent failures in the unit tests for `lib/a.js` due to inconsistent mock data causing a TypeError on line 34. Can we revisit this?
2168;neutral;Noticed that the latest changes in #123 caused a minor regression. Can we revisit the changes made in the `utils` module?
3460;negative;I'm experiencing intermittent failures in our staging tests due to this PR. Have you tried running `npm install` before testing?
1296;positive;Great fix! Your changes to the `build.gradle` file resolved the dependency conflict in #123. Automated tests now pass smoothly.
3538;negative;Can't confirm PR #123 builds successfully in Jenkins due to `npm ERR! code ELIFECYCLE`. Investigate error before merge.
3754;negative;Not sure why this PR is merging when the linter warnings are still present. Can we review again?
2155;neutral;Just wanted to follow up on #123: the CI/CD build still fails on Node 14 due to an incompatible package version. Investigation ongoing.
195;positive;Great catch on the API endpoint naming convention! It's already fixed in #1234 and should work smoothly with our updated test suite.
2338;neutral;Looking at #2345's failing test in the Jenkins pipeline, wondering if it's related to the recent npm update. Can someone take a closer look?
2650;neutral;I'm trying to reproduce the '404 not found' error in the latest dev build. Can you clarify what changed in this commit? #1234
3879;negative;Issue #123 still broken after latest fix. CI/CD pipeline is failing consistently due to `numpy` version mismatch.
2452;neutral;FYI, the latest build is failing due to a version mismatch between dependencies in `package-lock.json`. Investigating further now.
3044;negative;Failed to build master branch after updating Gradle due to missing transitive dependency on `com.android.support:recyclerview-v7`. CI/CD pipeline still uses v13.
4472;negative;I'm experiencing intermittent failures in the `main` branch due to inconsistent dependencies. Can we re-run the CircleCI build with a stable version of Node?
1131;positive;Great job on resolving the Docker build issue in #123! Your fix for `docker:19.03` really improved our CI/CD pipeline stability.
2454;neutral;Just ran into the same issue with `npm install` on a fresh clone of #23. Any thoughts on why this build step is failing?
4462;negative;I'm getting a `TypeError` in the latest build. The `pip freeze` output is inconsistent with the expected dependencies listed in `requirements.txt`. #247
223;positive;Great job on fixing the `fetch_data` function bug! The updated PR #123 is working seamlessly with our CI/CD pipeline now.
3519;negative;I'm hitting a `NullPointerException` on the dashboard page. Can we investigate why the `UserManager` bean is being injected with null? #1214
1316;positive;Great job on fixing the `TypeError` in the CI/CD pipeline! The new build is now successfully deploying to production. Kudos!
574;positive;Just ran the latest build on CircleCI and it's passing with flying colors! Thanks for getting that Docker Compose fix merged into master, @johnDoe!
1504;neutral;I've reviewed the PR #1234 and noticed that the updated README doesn't reflect the changes in the code. Could we revisit this?
1984;neutral;Reviewing the CI/CD logs for #1234. The test failure on Jenkins seems to be caused by an outdated Docker image. Can we update it to v2.1?
419;positive;Just tested #1234 and the fix for the deployment issue has been successfully integrated into our master branch. Great work, team!
3130;negative;PR #123 still causing intermittent build failures in CI/CD. Re-running tests in parallel doesn't resolve the issue. Any ideas on what's going wrong here?
1105;positive;Just tested #1234 with the updated dependencies and it's working smoothly! Great work on resolving that Maven build issue @username!
258;positive;Great fix for the CI/CD pipeline! The updated `maven` version has resolved the build issues on Jenkins. Thanks for your diligence!
296;positive;Great catch on the TravisCI build failure! Your fix for `@version 3.1` compatibility is spot on, @johnDoe.
1570;neutral;I've tried to reproduce the `NullPointerException` on my local env, but it only occurs in the cloud CI/CD pipeline. Need further investigation.
2012;neutral;I've verified the latest test results for #10. The error persists on Jenkins build 2345, but not in local environment.
3705;negative;Unfortunately, the latest deploy to staging failed due to a missing transitive dependency on `log4j`, causing a cryptic error in our API.
4170;negative;I'm experiencing issues with #123's automated tests failing intermittently due to a flaky mock implementation in the `utils` module. Can we revisit this?
2955;neutral;@maintainer I've reviewed the PR #1234 and the CI build passes. No issues found. Ready for review once updated documentation is in place.
3787;negative;@username I'm seeing intermittent CI failures on #1234 due to a broken `npm install` caused by outdated node-sass version. Can we pin the version in `package.json`?
713;positive;Great fix on #1234! Your patch for the intermittent build failures in our CI/CD pipeline has improved stability. Nice work!
2717;neutral;Just a heads up that the CI/CD pipeline failed on build 1234 due to missing dependencies in the `requirements.txt` file. Reviewing the output now.
1781;neutral;The recent fix to `npm install` on Ubuntu 20.04 still causes the build to fail in #23 due to an unresolved import error.
2516;neutral;@mentions Could you clarify the expected behavior of `build.gradle` in relation to `version 3.1.2`?
3196;negative;@username, I'm seeing intermittent CI failures in our `dev` branch due to the updated `npm` version. Can we revisit?
450;positive;Nice fix! Your PR #123 resolves the `TypeError` in our CI/CD pipeline. Thanks for addressing this, it's greatly appreciated!
1874;neutral;Regarding #1234: Can we add a test case for this edge scenario to avoid similar issues in the future?
2100;neutral;Regarding #1234, I've verified the changes in the PR are correctly updating the dependencies, but would like to see more explicit error handling for potential version conflicts.
959;positive;Great fix for the infinite loop bug! Your test cases are thorough and well-documented. Thanks for the improvement in `v1.2`.
1392;positive;Just tested `feat/12345` on macOS and the build is passing! Great job @johnDoe on resolving the dependency issues with the new framework.
655;positive;Great fix for the `NullPointerException` in the `main()` method! Just merged your PR #123, looks good to go!
4414;negative;Can't believe #24 broke the CI/CD pipeline again due to this outdated Node version. Should we revert to 14.x?
4238;negative;Can we address the ongoing `test_fails` in the CI/CD pipeline for `issue #3456`, as it's causing unexpected behavior downstream.
2772;neutral;I've reviewed the test coverage in PR #123. The current 85% threshold seems reasonable for a minor update like this.
1617;neutral;FYI, I noticed the `update-ci.yml` file is referencing an outdated Docker image. Should we update it to the latest version?
412;positive;Great fix on #123! Your change to update `jest` resolved the test failures in my local env. Thanks for your attention to this!
3430;negative;@username: I'm experiencing intermittent build failures on the CI/CD pipeline for your PR #123. Can you investigate why the `npm install` step is taking so long?
1893;neutral;I think we can optimize the CI/CD pipeline to reduce build time. Would be great to revisit #1234 before merging this PR.
3718;negative;I'm having issues with the CI/CD pipeline failing on PR #12 due to an incorrect `docker-compose.yml` config. Can we take a closer look?
4475;negative;@author, can you please revisit the failing test in PR #1234 due to the broken caching mechanism?
1553;neutral;I'm reviewing the changes in #1234. The updated `Dockerfile` seems to address the container build issues we were experiencing.
4348;negative;Still seeing this `TypeError` on my local build after the latest update to our Node.js version. Need help troubleshooting.
2903;neutral;Re: #1234 build fails due to missing `@babel/runtime` dependency. I'd like to review the updated package.json before resubmitting.
431;positive;Great job on resolving the `dependency version mismatch` issue in #123! The updated Docker image now passes all tests with flying colors.
2885;neutral;Looks like the CircleCI build for #123 is failing due to an unknown error. Worth investigating further.
2502;neutral;Regarding #1234, I've noticed the build is failing on CircleCI due to outdated dependencies. Re-running with `yarn install` resolves the issue.
2320;neutral;Noting that #1234's fix for the build failure didn't quite resolve the issue. Would appreciate further review of our CircleCI configuration.
1177;positive;Great catch on the `ci` script! Fixing this will ensure our pipeline tests run smoothly. Thanks for your diligence!
2708;neutral;Hi @maintainer, just a heads up that the latest build on `circleci` is failing due to a missing dependency in `package.json`. Can we take a look?
4481;negative;Unfortunately, the fix in #1234 didn't resolve our build failure. The pipeline still fails on macOS due to `openssl` issues.
2673;neutral;@johndoe, I've taken another look at #23's CI build failure. It appears to be due to a missing transitive dependency in the `pom.xml` file.
103;positive;Just tested your latest fix for the `README` formatting issue. It looks great! The updated documentation is super clear now. Thanks for the effort.
2499;neutral;The latest CI build on `dev` branch is failing due to an unresolved `dependencyResolutionException`. Could you investigate the project's dependencies?
1264;positive;Thanks for squashing that tricky bug in `feature/auth`! Your changes made the CI/CD pipeline pass with flying colors #1201
3532;negative;The recent change in `main` broke the deployment to staging environment. The CI/CD test failed due to an incorrect package version.
2562;neutral;I'm reviewing the latest changes to the CI/CD pipeline in #42. Everything looks good from a code review perspective, but I'll wait for the automated tests to run before confirming.
2485;neutral;The CircleCI build for PR #1234 is still pending due to an unclear error message. Can someone take a look?
2239;neutral;@dependabot I'm seeing intermittent failures in the CI/CD pipeline for `master` branch after updating to `react@17.0.2`. Need further investigation.
2681;neutral;Regarding the updated `config.json` file in PR #1234, could we add some documentation to explain the new deployment environment variables?
3648;negative;Can someone explain why the `CI/CD` pipeline for `PR #1234` is still failing with a `TypeError` after multiple retries?
3498;negative;I'm experiencing intermittent builds failing on #123 due to version conflicts with `dep1` in our CI/CD pipeline. Is this a regression?
1468;positive;Just deployed #123 to prod with the new caching layer, perf is looking much better! Thanks for the optimizations @johndoe.
3342;negative;Frustratingly, the latest deployment to `main` still fails due to the unresolved `npm install` error in `.circleci/config.yml`. Can we revisit this? #1845
2750;neutral;Hi @author, I'm reviewing PR #1234. The automated tests pass on my machine but not on CircleCI. Can you investigate?
3230;negative;@author I'm seeing a regression in our CI/CD pipeline due to this change. Can we revert and refactor for now?
4070;negative;Unable to deploy due to failed CircleCI build on branch `feature/new-login-system`. Getting intermittent ' unable to resolve' error in Docker container.
1065;positive;Great job on fixing the pagination bug in #123! Your changes are thoroughly tested and look like a solid solution.
3009;negative;Not able to resolve the `TypeError` in line 32 of `app.py` due to mismatched `dep` version. Reverting to v2.1 fixes the issue.
819;positive;Just tested #25 fix and it's working beautifully in our CI/CD pipeline! Great work on squashing that nasty bug. Thanks for your diligence!
1430;positive;Just reviewed #123 and the fix looks great! Well done on squashing that pesky null pointer exception.
2535;neutral;Can we discuss the caching implementation in `feat/1234`? I'm seeing inconsistent results with our current approach. Trying to reproduce,
817;positive;Great job on resolving the pagination bug in #123! Your fix has improved performance significantly. Thanks for your diligent work!
3605;negative;`cargo build` fails on Linux due to missing `rustfmt` dependency. Build logs attached. This is blocking our CI/CD pipeline.
382;positive;Just tested the latest fix for #1234 and it's working beautifully! The updated CI/CD pipeline is catching issues before they hit prod. Nice work team!
1740;neutral;@mention I've noticed the `docker-compose up` command is taking longer to execute than usual. Have you made any changes to the CI/CD pipeline?
3716;negative;Just tested the latest build on CircleCI, but it still fails with the same segfault error due to the outdated `libssl` version. Need an update to fix this ASAP.
1770;neutral;Regarding #123, the build on CircleCI fails due to missing Docker image. Can we add `docker-image: circleci/project` to the .circleci/config.yml?
2229;neutral;Just reviewing the latest changes to the CI/CD pipeline (PR #123) and I noticed the new version of `log4j` is not correctly configured in the Dockerfile.
4332;negative;Can we revisit the recent build failure in #143? It looks like `package.json` hasn't been updated correctly since the last release.
865;positive;Great job on the CI/CD pipeline refactoring! The changes have already caught 2 critical issues that were causing our nightly builds to fail.
4022;negative;I'm experiencing intermittent failures in the e2e tests due to inconsistent database connections. Can we revisit the CI/CD pipeline config?
2567;neutral;Noticed that the build fails on `master` due to unresolved dependencies. Can we take a look at the updated package.json in #123?
555;positive;Great fix on #1234! Your test case caught the subtle edge-case. This will save a lot of headaches for our users.
1160;positive;Great fix on the Docker image build issue! The updated pipeline is now successfully deploying to staging environment.
1214;positive;This fix for the `image upload` functionality looks solid! Thanks for addressing that pesky edge case in #1234. Works like a charm now!
4376;negative;Unfortunately, the `v2.0` build is failing on our CircleCI due to an unresolved version conflict in `dependencies.json`. Can we revisit the dependency management?
4182;negative;Just hit a roadblock with the Jenkins integration in #42. Can't seem to get it working with latest Maven version. Any ideas?
1834;neutral;FYI, the test failure on `main` is due to the recent update of `node-sass`, let's review the CI/CD pipeline for potential fixes.
3066;negative;The `pip install` command is still failing on Ubuntu 20.04 due to the outdated `numpy` version in our requirements.txt. #82
3967;negative;PR #123 failed due to unexpected error `TypeError: cannot concatenate 'str' and 'dict'` in `utils.py`. Can we investigate further?
749;positive;Great job on squashing that pesky null pointer exception in the API call! Works like a charm now, thanks for your efforts!
3464;negative;PR #42's deployment to staging is failing due to an uncaught TypeError in the `utils` module, causing our CI/CD pipeline to break.
1438;positive;Great job on fixing the CI/CD pipeline issue! Your changes have greatly improved our deployment efficiency. Thanks for your effort!
867;positive;Great job on resolving the GitHub Actions error in #123! The updated pipeline is now successfully deploying to staging.
753;positive;Great fix for the `TypeError` in the `ci/cd` pipeline! This should improve deployment reliability. Thanks for tackling this, @username!
3704;negative;Can we revisit the `README.md` update in PR #123? The incorrect package reference caused a build failure on my end.
2300;neutral;I'm looking at the PR #1234 for Jenkins setup in our CI/CD pipeline. Could we add more details to the README about this integration?
3503;negative;Still seeing this `NullPointerException` on Windows builds after #1234's changes. Any further investigation would be greatly appreciated.
2019;neutral;Just wondering if we can revisit the CI/CD pipeline for #1234, seems like it's been stuck on 'failing' for a few hours now.
730;positive;Great fix for the race condition in `ci/cd` pipeline! Unit tests are now correctly identifying the issue. Thanks!
3533;negative;@author I'm getting a `NullPointerException` on the recent update. Can we revisit the changes in #123 and ensure all dependencies are updated?
2005;neutral;I've reviewed #123's changes to the CI/CD pipeline. The addition of `npm audit` checks should reduce security vulnerabilities in our dependencies.
3428;negative;Just hit a `NullPointerException` in the Jenkins pipeline. The `build()` method is being called with an empty string for the artifact name.
2405;neutral;I'm looking at the updated `jenkinsfile` for #1234. The pipeline seems to be running successfully, but I'd like some clarity on the new `slackNotify` step.
2837;neutral;I'm looking at the latest changes in #123. Could you clarify why we're using `npm install` instead of `yarn install` in this scenario?
1111;positive;Great fix on #1234! Your changes to the error handling in CI/CD pipeline have significantly improved our build stability. Well done!
3408;negative;@maintainer I'm hitting a `null pointer exception` on my local build after merging #1234. Regression tests are failing as well.
347;positive;Nice fix on the `ci.yml` file! Automated tests now pass for Python 3.9. Thanks for getting this sorted out!
1860;neutral;@dependabot Can you take another look at #42? I'm not sure why the Jenkins build is still failing after the update.
3244;negative;Unfortunately, I'm still encountering the `NullPointerException` in the CI/CD pipeline when deploying to production (#123). Need further investigation on why this is happening.
4208;negative;PR #123 still fails on macOS due to missing `libssl-dev` dependency. Need clarification on the build environment.
579;positive;Just tested #23's fix for the deployment issue and it works beautifully! Thanks @johnDoe for the patch, nicely done on the CI/CD pipeline tweak!
4061;negative;I'm experiencing intermittent failures with the `build.gradle` in #1234. It seems like a caching issue with our CI/CD setup.
2919;neutral;Just wanted to confirm that the latest build on `ci/cd` is passing all tests for #1234. Nothing seems out of place.
3888;negative;Just hit this error in my build: `npm ERR! 404 Package @typescript-eslint/eslint-plugin@latest not found`... why is it versioning our dependencies like that?
2248;neutral;Regarding #123: I noticed the Travis CI build fails due to missing dependencies in `package.json`. Could we add `bcrypt` to the list?
3444;negative;The failing CI test on #234 is caused by the `requests` library version conflict. Can we pin the version in requirements.txt to resolve this?
179;positive;Just tested your fix for the `jenkins` build error in #1234, and it's now passing smoothly! Great work on debugging!
3950;negative;Frustrated with the ongoing CI build failure in #1234. The latest Jenkins run failed due to a missing `@version` in `pom.xml`. Can we troubleshoot this?
2016;neutral;Can we revisit the test coverage on #123? The increase in lines of code is making it harder to maintain a 95% coverage rate.
2079;neutral;Can someone review the Jenkins build configuration for the latest PR #123 to ensure it's correctly integrating with the new dependencies?
1840;neutral;Can we revisit the `build.gradle` changes in #123 to ensure they're not interfering with our existing Maven dependencies?
605;positive;Great job on fixing the `README.md` typo! The new version is now successfully building in our CI/CD pipeline #1234
1414;positive;Just reviewed #123 and I'm impressed with the unit test coverage added! Great work on improving our project's reliability!
26;positive;@johndoe thanks for addressing the `TypeError` in the `utils.py` file! Your fix has successfully passed our CI/CD pipeline on Jenkins.
659;positive;Just reviewed the latest PR for #2345 and it looks great! The fix for the caching issue seems solid. Good work!
2695;neutral;Just wanted to note that the `ci-build` step on PR #123 is taking longer than expected. Could we discuss optimization options?
3869;negative;@developer, I'm experiencing a `TypeError` on the latest build due to the recent dependencies update. Can we rollback the change for now? #1623
174;positive;Great fix! Your changes to the `build.gradle` resolved the dependency conflict in #123. Thanks for your thorough analysis!
3789;negative;Unable to reproduce the `TypeError` in my local env. The travis build still fails on this line (`tests/test_user.py`). @jimmycodes, can you help investigate?
332;positive;Thanks for catching that edge case in the CI/CD pipeline! Your fix has greatly improved the overall build stability and reliability.
343;positive;Great job on resolving the `NullPointerException` in #123. The fix has been successfully integrated into our CI/CD pipeline and is ready for deployment.
2597;neutral;I'm experiencing an intermittent failure in our CI/CD pipeline for PR #1234. Can we investigate the cause of this discrepancy?
3873;negative;Noticed that the recent `release-1.2` branch is causing a build failure due to outdated Docker image in `.circleci/config.yml`. Can we update it?
1089;positive;Great fix on #1234! Simplifying the regex pattern in deployment script makes it more readable and maintainable. Thanks for the improvement!
480;positive;Great job on resolving the #42 build error! The CI/CD pipeline is now passing smoothly.
728;positive;Great job resolving the memory leak in #123! The fix in your PR works as expected now. Thanks for addressing this critical issue!
3410;negative;I'm getting `TypeError` when running tests on `pull/1234`. The error occurs on line 456 of `src/utils.py`. Can we review the code?
977;positive;Great fix for the regression test failure on CircleCI! Your changes have resolved the issue #1234. Clean builds now every time!
1379;positive;Great fix on the auth API in #12! The new flow with JWT tokens is much more secure. Well done!
2417;neutral;Regarding the pending PR #123: I think the updated README should be synced with the new `build` script changes before merging. Reviewing this will help catch any issues.
3878;negative;Issue #345: the recent refactor introduced a regression in our CI/CD pipeline. Can't reproduce locally due to missing dependencies.
3591;negative;I'm running into the same error on 2.4.1 as reported in #143, but `npm install` doesn't even pass CI due to this dependency mess.
1300;positive;This fix for #123 is working perfectly in our CI/CD pipeline! The automated tests are passing smoothly. Well done on resolving that tricky issue!
2427;neutral;@dependabot I noticed the recent update to `eslint` in #123. Can we review its impact on our codebase before merging?
4144;negative;The `@latest` tag in the Docker deployment is failing to update due to an invalid `version` field. This is causing the CI/CD pipeline to break.
3434;negative;I'm seeing intermittent failures in the CircleCI pipeline due to an unresolvable issue with `lodash` version 4.2.0.
2416;neutral;@johnpaul I've reviewed the PR #1234. The updated README is accurate but I noticed some minor formatting inconsistencies in the code blocks.
1594;neutral;Looks like the test suite for `#43` is still failing after the latest changes. Can we take a closer look at this specific case?
2477;neutral;@maintainer I reviewed the PR#1234 and the unit tests seem to pass, but I'm not sure about the edge cases. Can we discuss further?
3836;negative;Fails to build on Jenkins due to missing dependencies in `package.json`. Can't confirm if issue is specific to my PR #1234 or the master branch.
2060;neutral;@mentions Can we revisit the Jenkins build for #1234? I'd like to verify if the recent updates in `dependencies.gradle` caused any issues. Thanks!
1612;neutral;I'm seeing inconsistent build results in our CircleCI pipeline for the 1.2 release branch, not sure if it's related to the recent `semver` update.
2923;neutral;The unit tests for the `auth` module are still failing on Jenkins. Can someone take a look at the pipeline logs?
4289;negative;I'm experiencing intermittent failures on the CircleCI build due to an incorrect version of `dependency-abc` being installed. Please investigate.
1546;neutral;Thanks for fixing the null pointer exception in `utils.py`. The updated code looks good but could use some additional testing to ensure it's robust.
2590;neutral;Just wanted to note that the CircleCI build still fails on Java 11. @dependabot can you take a look at updating Maven dependencies?
1279;positive;Just reviewed your PR #1234 and I'm impressed with the refactored code. The improvements will definitely boost performance in our CI/CD pipeline.
4181;negative;I'm experiencing intermittent `503 Service Unavailable` errors in our CI/CD pipeline on the `main` branch after updating to `node v14.17.0`. Any ideas?
3180;negative;I'm experiencing intermittent crashes in the app due to this recent update. Can we revisit the API integration for #123? It's causing a lot of issues downstream.
2305;neutral;I'm reviewing the recent changes to the `package.json` file in #123. The updated dependencies seem reasonable, but could you elaborate on the reasoning behind the new version?
68;positive;Thanks for addressing the CI/CD pipeline build error! This fix will greatly reduce the overhead of nightly deployments.
1706;neutral;Can we discuss the implications of this change on our existing CI/CD pipelines? I'd like to review the updated build process before merging.
222;positive;Great job on squashing that pesky memory leak in `feature/new-login-flow`! Your debug skills are on point.
3946;negative;Just encountered the same `NullPointerException` in Jenkins build on Ubuntu. @dependabot, could you please investigate this and update dependencies?
1616;neutral;FYI, I noticed the recent build on PR #12345 failed due to missing dependencies. Can we review the config?
3433;negative;This is causing the test suite to fail in our nightly build on CircleCI. Can we re-evaluate the Docker version being used?
4351;negative;The `linting` stage is still failing on the `main` branch due to unresolved issues with `eslint-plugin-@typescript-eslint`. Can we revisit this?
89;positive;Great catch on the `NullPointerException` in the `user.service` file! Your fix in #1234 looks solid, should be a simple deploy to test.
3208;negative;Can't get the build to pass after applying #123. Failing at 'npm install' due to incompatible package versions in `package-lock.json`. @contributor, can you help with this?
2308;neutral;The `README.md` formatting is consistent with the existing project style. Could we add a brief explanation for the new `ci.yml` file?
3516;negative;I'm experiencing intermittent failures in the Docker build process on Windows. The error occurs during `mvn package` step with `[ERROR] Failed to execute goal io.fabric8:fabric8-maven-plugin:3.5.0
3008;negative;Just tried to merge #1234 and got a `CI Build Failed` error due to an incompatible version of Node.js. Can we clarify the required versions?
2640;neutral;I'm running the latest version of CircleCI, but I still encounter intermittent failure in build 12345. Can we discuss potential causes?
2118;neutral;I'm noticing the failing tests in #1234 are related to the updated library version, should we reconsider our build process?
1475;positive;Just tested #1234 with updated Docker image, and the deployment is now successfully triggering our CI/CD pipeline!
4103;negative;I'm seeing intermittent failures in our CircleCI builds due to the `yarn` cache not being properly cleared after updating dependencies. Can we tweak the `.yarnrc.yml` config?
2722;neutral;I'm reviewing the CI/CD pipeline for this branch and noticed the 'node: 14.17' image isn't listed in the GitHub Actions configuration. Should we add it?
1144;positive;Thanks for catching that edge case in `scheduler` module! Your fix for #1234 has been successfully integrated into our CI/CD pipeline.
398;positive;Thanks for fixing the `NullPointerException` in the API client. This should resolve issues with our CI/CD pipeline now.
1692;neutral;I'm experiencing intermittent failures in our CI/CD pipeline on `main` branch. Can we investigate the recent changes to `package.json` for potential causes?
3599;negative;Failed to deploy to production due to missing node-sass version in package-lock.json after updating npm. Please investigate.
3584;negative;@username, I'm experiencing intermittent failures on the `master` branch due to this recent PR (#1234) causing inconsistencies in our CI/CD pipeline.
2255;neutral;I've reviewed the code changes in #1234. The updated docstrings look good, but can we clarify the impact on existing CI/CD pipelines?
1399;positive;Great job on fixing the Travis-CI build failure! Your patch for `npm version` compatibility is exactly what we needed.
1814;neutral;FYI, the Travis build for #1234 is failing due to a missing dependency on Node 14. Could we add it to our package.json?
1097;positive;Great job on fixing the pagination issue! The changes you made to `pagination.js` have improved performance significantly.
3270;negative;Unfortunately, `npm install` still fails on CircleCI with the `axios` dependency due to a missing peerDependency. Any help is appreciated.
1351;positive;Just successfully merged the 'fix-circular-import' PR. Your refactoring skills are top-notch! CI now passes on all platforms.
3065;negative;This CI/CD pipeline failure on branch `feature/new-auth` is causing build failures for downstream dependencies. Any insight into why `npm install` is failing?
980;positive;Great catch on the `docker-compose up` fix in #123. Your changes have greatly improved our CI/CD pipeline's reliability!
284;positive;Just merged #1244: automated deployment to prod now successful due to updated Dockerfile. Great teamwork, thanks for the fix!
1299;positive;Thanks for fixing the `jenkins` deployment issues in #345! The updated build script is working seamlessly now.
899;positive;Great job on resolving the GitHub Actions pipeline failure! Your fix worked like a charm on my end. Thanks for the update!
3238;negative;Just hit this intermittent build failure in `ci/cd` pipeline #1234 again. Our automated tests should handle these edge cases.
3812;negative;I'm experiencing intermittent errors with the CircleCI build on `feature/update-readme` due to a failed `npm install`. Can we investigate further?
3784;negative;Issue #123 is still broken after updating to Python 3.9. The test suite fails on the new env vars setup.
614;positive;Great catch on #23! Your fix for the infinite loop in `login.php` has greatly improved the app's stability.
3067;negative;@username this build break is frustrating. The `npm install` fails on Ubuntu 20.04 with a cryptic 'connection timed out' error in the CI/CD pipeline #456
1733;neutral;@author, just reviewing the PR (#1234) and noticed the updated README doesn't reflect changes in the new `main` branch. Can we sync?
2087;neutral;On build #12 of the `main` branch, I observed intermittent failures in the integration test suite due to conflicting dependencies. Investigating further.
424;positive;Just tested #1234 and the fix for the null pointer exception is solid! Thanks for getting that one resolved.
3709;negative;I'm experiencing a regression with the latest merge of #1234 in master, causing our CI build to fail consistently.
1722;neutral;I'm experiencing intermittent issues with the API integration. The recent changes to `dependencies.json` may be contributing to this. Can we revisit the setup? #issue-123
4277;negative;Unfortunately, this commit breaks the CI/CD pipeline due to an outdated version of `npm` causing the build to fail with a 404 error.
840;positive;Great fix on #123 for the Jenkins CI/CD failure! Cleaned up the Docker build step. Builds are now passing smoothly.
501;positive;Just reviewed #123 and your fix for the race condition is brilliant! CI/CD pipelines are now stable. Thanks for your hard work!
3552;negative;Just hit another `NullPointerException` in the latest build. Our CI/CD pipeline still can't catch this one.
1698;neutral;Following up on #123: I've reviewed the CI/CD changes and everything looks good. The build is now passing consistently.
550;positive;Thanks for the quick fix on the API endpoint regression! CI/CD is now passing smoothly with this update.
558;positive;Love the fix for #123! Your debugging skills are on point. This change will save our team hours of troubleshooting in prod environments.
3221;negative;I'm experiencing intermittent failures in our CI/CD pipeline for the `release-v2` branch due to inconsistent Docker image build times.
2081;neutral;@username, just wanted to confirm if the CI build failure on `main` branch is related to the recent dependency update in `package.json`. Thanks!
2375;neutral;Can we revisit the build failure in #42? It's still unclear why our CI/CD pipeline is failing to deploy due to `node-sass` version mismatch.
219;positive;Great catch on the regex update! It's resolving the `#23` edge case nicely. CI is green now, thanks for your diligence!
2466;neutral;Reviewing your PR for #23. The test suite is running smoothly with the updated `config.json` file in place.
3401;negative;I'm seeing intermittent failures in our CI/CD pipeline for the `v1.2` release due to the `requests` library version mismatch.
1139;positive;Great work on resolving the `NullPointerException` in #123! Your fix has been thoroughly tested and looks solid for deployment.
210;positive;Great fix for the pagination bug! Your update to `lib/router.js` has resolved the issue #123. CI builds are passing now as well.
2576;neutral;FYI, the unit tests for `fetch_data.py` are still failing on Linux due to a missing import in `test_fetch_data`. @dependabot please review.
2084;neutral;Just wanted to confirm if the fix in #123 affects the existing Jenkins CI/CD pipeline setup. Can we add a test case for this scenario?
2098;neutral;I've tested the fix on #1234 and it seems to work, but I'd like to run additional tests before confirming. Can we add more test cases for this scenario?
551;positive;Great fix on #123! The updated `pom.xml` file resolves the Maven dependency issue and should be a smooth merge into develop branch now.
1425;positive;Great work on the latest fix for #123! Your changes to the CI/CD pipeline have really streamlined our build process. Thanks!
2790;neutral;@username, regarding the failing `npm install` in #1234, I'm seeing inconsistent behavior with our `devDependencies`. Can we explore this further?
2898;neutral;Could you elaborate on the changes in `lib/v2/utils.js`? The updated dependencies seem fine, but I'm not sure about the performance implications.
949;positive;Just ran the updated test suite on CircleCI and it passed with flying colors! Thanks for squashing that pesky bug #123 in PR #456
4300;negative;PR #123's test suite is still failing after 3 re-deploys. The `jenkins` build step is throwing an 'undefined method' error.
2533;neutral;On further review of #123, I think the merge conflict in `ci/pipeline.yml` can be resolved by rebasing against main branch. Thoughts?
533;positive;Great fix on the `dependencyResolution` issue! The updated build script in #123 is now stable and should resolve the conflict with Jenkins.
3949;negative;Failed to deploy due to @jreznak's recent changes causing a clash with our existing Jenkins setup #1342
3136;negative;I'm experiencing intermittent failures in our CI/CD pipeline due to an incompatible version of `numpy` causing a `RuntimeError` on `pip install`.
3138;negative;I'm experiencing intermittent failures in our CI/CD pipeline for the `fix-123` branch. Can someone review the `.yml` file in `deploy/pipeline` to identify the cause?
1863;neutral;Looks like the latest changes to `master` broke the `travis.yml` config. Can we take a closer look at this PR?
2824;neutral;Noticed that `pip freeze` is not updating dependencies in the `ci/cd` pipeline due to missing `requirements.txt`. Should we add it manually?
640;positive;Just reviewed your latest changes to #1234 and I'm impressed with the refactored code! Well done on addressing that pesky dependency issue!
4353;negative;@author, just tried to deploy #1 and got a `502 Bad Gateway` error. Our CI/CD logs indicate a failed Jenkins build due to a missing Maven dependency.
3903;negative;Fails to build on Windows due to a missing library. Expected `libssl-dev` to be automatically installed by our Docker setup.
1;positive;Great catch on the `TypeError` in the `auth` module! Your fix for #1234 simplifies the code nicely and improves performance.
2555;neutral;FYI: Just observed the `update-ci` script failing intermittently on master due to unclear error messages from `node 14.17.0`. Investigating further.
4416;negative;The `npm install` on the CI/CD pipeline is still failing due to a version conflict with `dependencies.json`. Could someone review #1234?
2857;neutral;Can you clarify why the `build` step in .github/workflows/main.yml is failing for me? Getting a 404 error on the `node_modules` folder
3842;negative;The failing `npm test` in #1234 is still an issue after updating Jest to 28.2, can't proceed with review until it's fixed.
1502;neutral;I'm experiencing intermittent `NullPointerException` on branch `feature/login-form`, possibly due to changes in the `pom.xml` file. Could someone review the updated dependencies?
248;positive;Just reviewed your fix for the API query timeout issue (#123). Nice catch and great explanation! Works as expected in my local dev environment.
2963;neutral;I've verified the changes in #123, but would like to discuss the potential implications on the CI/CD pipeline with the updated dependencies.
2310;neutral;I'm seeing intermittent failures on the `v3` branch in our CI/CD pipeline. Can we investigate further?
1648;neutral;Noticed that the latest build is failing due to an unknown error in `package.json`. Could you take a look at the CI/CD pipeline logs?
3870;negative;Can we revisit #123's deployment? I'm getting `502 Bad Gateway` errors in prod due to the recent caching changes.
2887;neutral;Thanks for investigating the `ci` failure. I've added some additional logging to help diagnose the issue: #32
3525;negative;@johndoe I've tested #123 and it still crashes on Windows 10. This is frustrating as our CI/CD pipeline passes locally but fails on AppVeyor.
1673;neutral;Can you clarify the change in `jenkinsfile` for #1234? It looks like it's causing a failed build in our CI pipeline.
1989;neutral;@author, regarding #1234, I've noticed the CI/CD build is passing on my local machine but failing on the CI server. Investigating further.
3182;negative;This is causing intermittent failures in our build pipeline on GitHub Actions #1234. Can we revert to the previous version of `lodash`?
2487;neutral;I've noticed that the latest `master` update fails on CircleCI due to an incorrect version of Node.js. Can we re-run the build with v14?
3265;negative;Failing to integrate with our CI/CD pipeline, getting a `404` error on build scripts. Can we revisit this? #1455
3369;negative;Issue #345's fix in the latest PR isn't working due to a faulty Travis build causing our API to break. Needs retesting on CI.
1699;neutral;Just wanted to confirm that #123, the recent PR for testing improvements, has passed all automated checks in our CI/CD pipeline.
3614;negative;Unable to reproduce intermittent error in CircleCI #123. The CI/CD pipeline should not fail on this code change. Can someone review the build logs?
279;positive;Thanks for fixing the regression in `v2.5`! Your updates to `build.gradle` have resolved the merge conflict without any issues.
953;positive;Just tried your PR for the CI/CD fix on branch `feature/cicd-update`. Builds are passing smoothly now! Well done!
4391;negative;The latest release of `docker-compose` still breaks our CI/CD pipeline. Fails on Ubuntu 20.04 #2139
3774;negative;Still getting intermittent failures on `test_api_endpoints` after #1234's changes. Need a reproducible fix for our CI/CD pipeline to avoid delays.
2674;neutral;Re: [fix-123]: I've reviewed the proposed changes in #456. The code looks clean, but we should consider adding some unit tests to cover the new functionality.
1513;neutral;I think we can revisit the `pipeline.yml` file to ensure it's compatible with our updated Docker image. Can someone take a look?
2918;neutral;On PR #123, the `@mock` import is still not recognized by CircleCI. Can we review the config again to ensure it's correctly set up?
3129;negative;This is causing our CI/CD pipeline to fail intermittently. Can we revisit the Dockerfile changes in PR #123? Failing builds are impacting our deployment schedule.
2930;neutral;Regarding #1234: I've reviewed the build logs for the latest commit. The pipeline is consistently failing due to a missing dependency.
4245;negative;I'm experiencing a `TypeError` with the recent changes in #123. The test suite fails on Python 3.9 due to incompatible dependencies.
2400;neutral;I noticed that #345's changes didn't trigger the latest build on CircleCI. Can we investigate why it skipped the test suite?
2054;neutral;I'm reviewing #42's updated test coverage report. The added tests seem comprehensive but I'd like to see more context on the CI/CD pipeline changes.
2313;neutral;Regarding #123: The failing CI build is due to the updated dependencies not being synced with the project's package.json file. Can we review the pipeline config?
156;positive;Just ran your latest PR (52) through our CI/CD pipeline and it looks great! Passed all tests and updated dependencies successfully.
2331;neutral;Thanks for pointing out the typo in `README.md`, @username. I'll correct it in the next update.
986;positive;Just merged #123 and the automated tests are passing! Great work @username on squashing that pesky bug.
1589;neutral;I've reviewed the changes in PR #123 and noticed a potential compatibility issue with the updated dependency. Further review is required.
2058;neutral;Just reviewing the code changes in #123. I couldn't find any issues with the new logging mechanism, but it's worth verifying its impact on performance.
2909;neutral;@dependabot I noticed the latest update to `package.json` has introduced minor changes. Would you like me to review and merge in #123?
982;positive;Just tested the new logging feature in #1234 and it's working as expected! Reduced debug time by 30% already. Nice work!
2068;neutral;I think we can improve test coverage in the CI/CD pipeline by adding more unit tests for this new feature #1432
1744;neutral;I'm not sure if this is intended behavior, but the `npm install` in the .github/workflows/ci.yml seems to be installing an outdated version of yarn.
4355;negative;@author I'm experiencing intermittent build failures in `ci-pipeline` due to outdated dependencies on node 14.5.0, can we update the lockfile?
4326;negative;I'm seeing intermittent `ConnectionReset` errors in the UI after updating from v1.2 to 1.3. Can we investigate further?
2003;neutral;I've reviewed the updated CI/CD config. The new dependencies seem to be installed correctly in the dev environment.
2389;neutral;Related to #123: Just double-checked the updated dependencies in Jenkinsfile, but it still fails to build successfully with the new node version.
3535;negative;Frustrated with `npm install` failure in latest build due to outdated `express` version. Can we bump it to 4.17.x?
1938;neutral;Noticed that the latest PR #1234 failed to build on Linux due to missing dependencies. Could we add a distro check to the Makefile?
1843;neutral;Just reviewing #42 and noticed the test coverage for `utils.py` is still incomplete. Can we prioritize adding those tests?
3685;negative;The `latest` tag in the Dockerfile is causing issues with our CI/CD pipeline. It's pulling an incompatible version of MySQL.
1458;positive;Great catch on the test case failure! Your PR [link to PR] helps improve overall code reliability. Thanks for contributing!
1510;neutral;In regards to #1234, I'm experiencing inconsistent test results on the latest changes. Could someone review the Travis build logs for further insights?
1396;positive;Just reviewed #123 and I'm impressed with the fix. Well done on catching that edge case! The new test coverage is a nice bonus too.
4060;negative;I'm experiencing intermittent failures in the `feature/new-api` branch due to outdated `axios` version causing SSL handshake errors.
3042;negative;I'm seeing intermittent failures in the `dev` branch's CI/CD pipeline due to an unexpected error in our `node_modules` cache. Can we investigate further?
1500;positive;Just tested the latest build with the updated Docker image, and it's passing all tests! Great work on squashing those containerization issues!
701;positive;Great fix! The recent refactor to the auth module has significantly improved performance in our CI/CD pipeline on the dev branch.
2182;neutral;Related to #123: Can you confirm the build is reproducible in our Jenkins environment?
645;positive;Thanks for squashing that pesky error in #42! Automated tests are now passing smoothly through our CI/CD pipeline again.
2938;neutral;Following up on #1234, I noticed that the latest build fails due to missing dependencies. Can we investigate further?
1406;positive;Great job on resolving the `docker build` issue in #123! The changes to `.dockerignore` really streamlined our CI/CD pipeline.
930;positive;Great fix on #1234! The CI/CD pipeline now successfully builds the package. Thanks for your patience and persistence with the Maven dependencies!
1715;neutral;I'm testing the fix for #42 but noticed that it doesn't seem to resolve the issue in our CI/CD pipelines. Further investigation required.
2283;neutral;"I've tested the fix for #1234 in our staging environment. The results are inconclusive; further investigation is needed before merging into master."
2992;neutral;@dependabot, could you clarify why `axios` version 1.2.0 was chosen over the latest patch release for this PR? I'd like to review the decision.
247;positive;Great job on resolving the CircleCI build error! Your fix for `npm` version mismatch saved me hours of debugging time.
4381;negative;Just hit a nasty regex error in the `parser` function again. Any chance we can revisit this in #123? Causing intermittent test failures.
2289;neutral;I'm reviewing the latest changes to the CI/CD pipeline in #123. The updated build step appears to be working as expected without any issues so far.
924;positive;Great work on fixing the `fetch_data` API endpoint! The updated response handling is spot on.
3403;negative;The deployment to prod is still failing due to the `axios` version mismatch in our pipeline. Can we roll back to v1.0.2 until #1234 is resolved?
1186;positive;Just tested the fix for #123 and it works perfectly in our CI/CD pipeline! Thanks for the prompt resolution to this issue!
269;positive;Great fix on `dependency_manager.py`! Your changes have greatly improved the project's build reliability. Thank you for your diligence!
670;positive;Love the fix for #123! Your approach to avoiding the circular import issue is spot on. Makes our build pipeline much more robust now.
2933;neutral;Related to #1234, could you please clarify the expected behavior for edge case 1?
1838;neutral;Just reviewing #45's changes on the `master` branch. I think we can improve error handling in the Jenkinsfile without modifying the CI/CD pipeline entirely.
3030;negative;Can't deploy to production due to `TypeError: Cannot read property 'length' of undefined` in our `app.js` file. Any ideas? #bug #devops
3022;negative;@mention I'm getting a `NullPointerException` on the latest deploy, can't seem to reproduce locally. Could you help me investigate the CI/CD pipeline config?
3908;negative;I'm having issues with the latest build on the 'main' branch due to an incompatible version of `numpy` causing a runtime error #1234
2458;neutral;I'm not sure what's causing this test failure in the CI pipeline for PR #123. Can we take a closer look at the jest config?
2806;neutral;Regarding #1234, the recent changes to our CI/CD pipeline seem to have caused a minor disruption in build times. Investigating further is necessary.
649;positive;Great job on resolving the `npm install` issue in #23! Simplified the workflow for our CI/CD pipeline. Thanks for the efficiency boost!
544;positive;Great job on resolving the API endpoint issue in #123! The updated code has been successfully integrated into our staging environment.
3385;negative;Hi @maintainer, the unit tests are still failing on Windows after  #123 fix, can you take another look at the Jenkins build logs?
1660;neutral;Just trying to review #1234's impact on our CI/CD pipeline, but I'm having trouble reproducing the build failure due to missing environment variables.
3003;negative;I'm experiencing an error on my local machine with the latest build of #123. The deployment is failing due to a `NullPointerException` in the `build.gradle` file.
260;positive;Great fix on #123! Your PR simplified the build process and reduced our pipeline's execution time by 30%.
1558;neutral;Thanks for addressing the `DependencyUpdate` PR (https://github.com/project/repository/pull/1234). I noticed the tests pass with the updated dependencies, but wanted to confirm the impact on downstream apps.
3321;negative;I'm seeing intermittent failures in our CI/CD pipeline for the `v1.2` branch due to an uncaught exception in the `utils` module, need help resolving.
928;positive;Thanks for addressing the JSON parsing issue in #123. Your fix has greatly improved the project's reliability in our CI/CD pipelines.
613;positive;Just tested the fix for #123 and it works beautifully in our CI/CD pipeline. Great job on resolving that pesky regression!
1544;neutral;Can we revisit the recent update to our CI/CD pipeline? I'm experiencing some issues with the `npm install` step on Linux builds.
1024;positive;Just tested #143 with the latest build, works flawlessly! Your fix for the memory leak really paid off. Thanks!
3502;negative;Issue with `test_coverage` metric in CircleCI - it's consistently reporting 0% even though tests are passing. Anyone else seeing this?
1153;positive;Thanks for squashing that nasty #23 regression! Your fix on the `ci/cd` branch has our pipeline up and running smoothly again.
220;positive;Just tested the latest PR #12 and it seems to be working seamlessly. Great job on resolving that pesky import issue!
3877;negative;Issue with `npm install` in CircleCI: `error TS2307: Cannot find module 'fs'`. Anyone else experiencing this?
486;positive;Great fix for the CI/CD pipeline! Your changes to the build script fixed the failing tests on CircleCI #2345. Well done!
3431;negative;Fails to install due to missing `numpy` import in line 23 of `utils.py`. Can we bump dependencies to latest version?
1972;neutral;Noticed that the latest changes in #123 didn't trigger a rebuild in our CI/CD pipeline. Could you check if the workflow was updated correctly?
259;positive;Great fix for the `NullPointerException` in the auth service. Your changes have greatly improved our app's stability, thanks!
4339;negative;This CI build is failing on Ubuntu due to incompatible package versions. Please ensure our dependencies are compatible with latest distro updates #181
387;positive;Thanks for squashing the `TypeError` in `utils.py`, @johnDoe! Your fix got merged into main with CI passing cleanly #34
848;positive;Great fix for the pagination bug! The changes look solid. Can we discuss merging this into `main` after some more testing?
3189;negative;The latest build is failing on CircleCI due to an incompatible package version. Can we roll back to v2.1?
3602;negative;I'm experiencing intermittent `500` errors on my local dev env with #12345. Rechecking the commit history doesn't reveal any obvious regressions.
2548;neutral;Reviewing #123 for potential CI/CD pipeline inconsistencies. Need to verify if the updated dependencies affect build times.
1478;positive;Just tested `v1.2.3` and the build pipeline is passing successfully! Thanks for addressing the Docker image size issue #1234!
3750;negative;Failing to downgrade `react` version in `package.json` is causing the app to break. This should be fixed ASAP.
3351;negative;The recent fix in #123 for the CI/CD pipeline still breaks on CircleCI due to an unupdated `node` version.
554;positive;Great fix on the `readme` typo! Your PR #123 has improved our doc quality. Looking forward to reviewing the rest of the changes.
1234;positive;Thanks for squashing that pesky regex bug in `login.js`! Cleaned up the code nicely. Works as expected now.
3396;negative;I'm experiencing intermittent failures in the `build` stage of our CI/CD pipeline due to a recent update in `dependency A`. Can we investigate?
2030;neutral;On #20, the build logs suggest the failure is due to an incompatible version of `log4j`. Can we consider updating the dependencies?
3520;negative;The new test suite breaks our CI/CD pipeline. The `pytest` failure in commit #1234 is causing a cascading error with Docker, unable to push.
3163;negative;Just hit another `ConnectionRefusedError` in the CI/CD pipeline for our latest build. This is getting frustrating to troubleshoot.
3322;negative;@jane I'm getting a `500 Internal Server Error` on the login page due to a misconfigured middleware in #123. Can we revisit the CI/CD pipeline config?
1096;positive;Great catch on that regression test failure! Your analysis helped us fix the build issue in `main` branch, thanks for contributing!
3624;negative;Issue #123: The build error persists after updating dependencies. A regression has occurred since last week's changes to `package.json`. Can someone take a look?
2119;neutral;Regarding #1234, the test coverage reports seem to be inconsistent with recent changes. Can we revisit the code reviews for this branch?
1321;positive;Great fix on the continuous deployment pipeline! The test runs are now consistently passing after your update to version 1.2.3. Thanks!
1815;neutral;Can we take another look at #1234? The test coverage report seems to be inconsistent with the actual results from our CI/CD pipeline.
508;positive;Great job on fixing the memory leak in v1.2! The updated CI/CD pipeline is now passing all tests smoothly. Thanks for your efforts!
8;positive;Great job on fixing the pagination issue in #345! Your changes have greatly improved the app's performance. Well done!
3785;negative;Just hit this error in the CI/CD pipeline: `TypeError: Cannot read property 'length' of undefined` on line 324 of `package.json`. Confused about why it's happening.
2528;neutral;Just ran the updated build in #345. The CI tests pass on my machine, but I'll keep an eye out for any issues on other environments.
2663;neutral;I'm reviewing the latest `dev` branch changes. The updated dependency versions in the `package.json` file seem reasonable.
2588;neutral;Thanks for addressing the memory leak in `npm install` task. Would be great to see some additional logging to aid debugging.
3862;negative;Failing to deploy on CircleCI due to `npm` version mismatch in the build script. Please update to a compatible version.
1451;positive;Just reviewed #1234 and I'm blown away by the improvements! Well done on squashing that nasty regex bug. Great work!
3033;negative;@owner: I'm experiencing intermittent CI failures on #42 due to a missing dependency ( `react` v18.0.0 ) in the pipeline's `package.json`. Re-running manually resolves the issue.
379;positive;Just tested with latest changes in PR #2345 and the deployment to AWS via CircleCI is seamless! Well done team!
3455;negative;I'm experiencing intermittent `NullPointerException` on Windows due to inconsistent file system handling. Can we revisit #1234's changes?
4386;negative;Unfortunately, the recent change to `npm` dependencies in #123 caused our CircleCI build to fail due to an incompatible version of `grunt`. Could we reconsider this update?
679;positive;Great fix on the CI/CD pipeline for Node 14 support! Your changes made the builds pass smoothly, thanks for the effort!
774;positive;Just tested #32 with the updated Dockerfile in PR #45 and it's working smoothly! Well done team on squashing that pesky CI/CD pipeline error
3973;negative;@maintainer: The CI/CD pipeline for `release-1.2` is failing due to a mismatch in the `node_modules` directory, causing deployment issues.
1012;positive;Great job on addressing the `NullPointerException` in #123! Your fix works perfectly in our CI/CD pipeline. Cleaned up code is always a win.
2294;neutral;I think we need to revisit the Dockerfile for the `myapp` service in #123 as it's causing a `Permission Denied` error on our CI pipeline.
2094;neutral;Hi @author, I'm experiencing intermittent failures in the unit tests for `feature-branch` due to a missing mock implementation. Any thoughts?
1966;neutral;Regarding #123: @author, I was wondering if we could review the recent changes to our CI/CD pipeline configuration before merging this PR.
3406;negative;I'm still seeing the `NullPointerException` in the `utils` module after reviewing the latest PR #123. This is holding up our CI/CD pipeline.
66;positive;Great catch on the pagination bug! Your patch looks solid, thanks for contributing to the project
3755;negative;Comment: @dependabot stop creating unnecessary PRs for this project. The last update was 2 weeks ago and our CI/CD pipeline is still broken.
3800;negative;The recent refactor in `feature/new-design` is causing intermittent build failures on our Jenkins server. Can we revert those changes temporarily?
3665;negative;@maintainer The latest PR (#1234) introduces a performance regression on our production cluster due to the new caching implementation.
2269;neutral;This seems to be a minor typo in the CHANGELOG. Would you mind clarifying what version this change was intended for? Thanks!
680;positive;Just tested the fix for #123 and it works flawlessly! Great job @contributor on squashing that bug, makes our CI/CD pipeline even more robust.
2412;neutral;I'm experiencing issues with the `ci/cd` pipeline failing due to a permissions error on the `aws-s3` bucket. Have you seen this before?
1887;neutral;Regarding #1234, I've re-run the tests on the latest commit and couldn't reproduce the reported error. Any further debugging steps would be helpful.
782;positive;Just tested the latest PR#1234 and I'm blown away by the improved test coverage! Great work, team!
3339;negative;@mentions I'm having trouble with the latest deployment. The Docker image size has ballooned to 1GB due to an unexpected transitive dependency, breaking our CI/CD pipeline.
628;positive;Just tested the latest build on CircleCI and it passes all tests! Nice work @johnDoe on fixing that pesky memory leak!
2841;neutral;I've confirmed the fix for #123 works in our CI/CD pipelines. Could we discuss merging it alongside the pending changes in PR 56?
1975;neutral;I've reviewed the changes in #1234. The updated README seems fine but I'd like to discuss the impact on our CI/CD pipeline.
2105;neutral;I think we should revisit the `npm` version in the `.dockerignore` file. It's causing a discrepancy with our CI/CD pipeline setup.
3500;negative;Comment: #124 regression introduced by recent refactor, causing `CI/CD pipeline` failures. Unable to reproduce locally due to missing test cases.
2662;neutral;I'm experiencing an intermittent failure in our CD pipeline for branch `release-1.2`. Can you help investigate the cause?
884;positive;Just merged PR #123 with the updated `ci.yml` file and it's passing all tests! Thanks for the fix!
1092;positive;Great fix! Your PR for `npm install` error in #123 is now successfully building on the Jenkins pipeline. Nice work!
383;positive;Just saw the fix for #1234 go live! Great work on getting that critical bug squashed. Continuous deployment is really paying off!
1881;neutral;Can you clarify why `npm install` is failing on the Jenkins build server? Local installs work fine. #1856
3969;negative;I'm having trouble with the new Jenkins build. Failing to deploy due to incorrect artifact path in `pom.xml`. Please assist.
277;positive;Just tested the new CI/CD pipeline and it's working flawlessly! Thanks for implementing the caching layer, it's already sped up our build times significantly.
3014;negative;The new `docker-compose` config is causing the CI/CD pipeline to fail with `docker: No such container:...` errors consistently.
32;positive;Great job on resolving the `Cannot read property 'map' of undefined` issue in #123! Your fix simplified our test suite.
2700;neutral;I noticed that the Jenkins build fails on Windows due to missing dependencies. Can we update the gradle file to include the necessary libraries?
2212;neutral;Regarding #123: I've reviewed the changes in this PR and don't see any immediate issues with code quality or functionality. Can we proceed to testing?
4419;negative;Comment: `@dependabot stop auto-updating dependencies on master branch, it's causing continuous failures in our pipeline`
611;positive;Thanks for catching that `TypeError` in the CI/CD pipeline! Your fix in PR #123 has successfully resolved the build failure.
571;positive;@author I'm loving the fix for #1234! Your debug skills are on point. CI/CD pipeline is now stable, thanks to your keen eye!
2460;neutral;@developer, can you take another look at #123's failing test suite? It's passing locally but I suspect a dependency conflict in the CI/CD pipeline.
344;positive;Great catch on the `NullPointerException` in `utils.js`! Your fix in PR #123 works perfectly. Well done!
4465;negative;Frustratingly, the recent `CI/CD` pipeline failure on `PR #1234` is still pending resolution. Any update on the cause of this persistent error?
2654;neutral;I'm looking at the latest PR #1234 and wondering if we should revisit the CDK setup for our deployment script. Thoughts?
2685;neutral;Just wanted to bring up the fact that we're still experiencing intermittent failures in our CI/CD pipeline with the latest changes on #123. Would appreciate further investigation.
4084;negative;I'm experiencing intermittent failures on the dev build due to a version conflict between `npm` and our pinned dependencies in #123.
4038;negative;Still seeing intermittent failures on the `main` branch after re-running the test suite, unsure why the fix didn't stick in CI/CD pipeline #1234
3083;negative;Issue #123: The latest build broke due to an outdated `axios` version, causing a fatal error in the API layer.
3219;negative;Just hit this `NullPointerException` again on `master` branch. Can we revisit the recent changes to `pom.xml` for Maven version conflicts?
3922;negative;This build error in `CI/CD` is getting frustrating. Still can't get `package.json` to resolve after updating dependencies #42 @dependabot, can you please look into this?
2259;neutral;On #1234, I've noticed the Jenkins build is failing due to an incorrect version of `dependency-X` being installed. Can we investigate?
1136;positive;Great job on fixing the API call in #123! The tests are now passing smoothly with the latest Docker build. Thanks for the quick turnaround!
2607;neutral;I've noticed the `latest` tag in our Dockerfile doesn't match the actual latest version. Could we review and update it to avoid inconsistencies?
1538;neutral;Just reviewing the latest build logs for #1234 and noticed the test suite is taking an extra 10 minutes to run. Should we revisit CI/CD config?
2169;neutral;I'm reviewing the updated README in #123. The link to the dependencies seems correct, but I'd like to verify the package versions used for testing.
4491;negative;I'm experiencing issues with the `CI/CD` pipeline failing on macOS due to a missing dependency. Can we investigate this further? #23
842;positive;Great job on resolving the CI/CD pipeline issues! The automated tests are now passing consistently after the Docker image update #12345
1601;neutral;I'm testing this against our CI/CD pipeline (https://github.com/organization/project/runs/12345), and the results seem inconclusive. Can we revisit the `npm install` task?
3115;negative;I'm experiencing intermittent deployment failures due to inconsistent build artifacts from the `node-sass` package in #42. Please investigate further
4254;negative;@author, just tried to deploy to prod but the build is failing due to an incompatible version of `log4j` in the CI/CD pipeline #43
1518;neutral;I've reviewed the updated CI/CD pipeline config in PR #123. It looks good to me, but would like to see some additional logging for error handling.
966;positive;Nice fix on #42! Your patch for the incorrect regex in `package.json` has saved me hours of debugging. Thanks!
3833;negative;The recent changes to the API endpoint are causing a 500 error in our CI/CD pipeline. Need help resolving this ASAP.
529;positive;Great job on resolving the regex issue in #123! The fix you pushed works perfectly now. Good catch on that subtle edge case!
177;positive;Just tried `@dependabot`'s fix for #1234 and it worked like a charm! Thanks for the automated magic
1622;neutral;FYI, the `pip freeze` output in `requirements.txt` is slightly outdated. Not sure if it's related to #123 or a separate issue.
423;positive;Thanks for fixing the `jenkins` build failure on `main`! Your changes are now running smoothly through our CI/CD pipeline.
2172;neutral;FYI: #123's test suite is failing intermittently on our CI/CD pipeline due to a `null` reference in the `util.py` module. Reviewing logs for possible causes.
4016;negative;Failing to test for null values in `user_input` is causing the app to crash. This needs to be addressed before we can merge #23.
2522;neutral;Regarding #1234's CI/CD pipeline update, I'm observing no issues so far. Would appreciate it if you could share your reasoning behind the changes.
1378;positive;Great fix! @username's changes passed our CI/CD pipeline without issues. Thanks for squashing that annoying bug in the `feature/new-api` branch!
573;positive;Just reviewed #1234's unit tests, and the code is well-organized. This fix should improve our project's overall test coverage significantly!
1790;neutral;I'm experiencing intermittent build failures in our nightly CI/CD pipeline with `Node 16.13.0`. Could you help me investigate?
3664;negative;I'm experiencing intermittent failures in our CI/CD pipeline due to inconsistent `npm` package versions. This is causing delays in our deployment schedule.
289;positive;Nice catch on the API doc typo! Fixed it in #1234. Your attention to detail is much appreciated!
1895;neutral;I'm not sure if this is a duplicate of #123, but I found the same error in my local build. Any thoughts on its cause?
1911;neutral;I'm trying to verify the test coverage for #42, but our current config seems to be ignoring certain modules. Any ideas on how to improve this?
3266;negative;@all Can we revisit the `vendored-lib` update in #1234? It's causing a circular import error in CI pipelines.
3537;negative;Failing to merge #123 due to inconsistent commit history. Need clarification on how to resolve this without breaking the current CI/CD pipeline.
2214;neutral;"I'd like to discuss the CI/CD pipeline for the 0.1.5 release. The new dependency on `libfoo` seems unnecessary; let's revisit the requirements."
2828;neutral;I've reviewed the updated README. The formatting looks consistent with our style guide. No major issues found.
2111;neutral;I'm looking at the latest changes in #1234. The updated Dockerfile seems to be correctly set up for our production environment.
3225;negative;Issue with latest build on `travis-ci`: failed tests due to outdated Java version. Can we bump the version?
1809;neutral;The recent PR #1234 seems to have introduced a slight regression in the `login` endpoint. Can someone review the changes?
2097;neutral;Can we revisit the discussion around `pip install` requirements in #123? The CI build still fails intermittently after implementing the change.
3063;negative;Fails to build on CircleCI #32 due to outdated `node-sass` version. Can we bump it to latest stable? Frustrating this is still breaking our pipeline.
384;positive;Just tested your fix for #1234 and it's working like a charm! Great work on squashing that pesky bug, thanks!
4407;negative;@githubuser I'm not getting any test results in the CircleCI build for this PR #1234. The tests are just hanging indefinitely. Can we investigate?
371;positive;Great work on fixing the NPM version conflict in #123! The automated test suite is now passing smoothly. Well done on this resolution!
2399;neutral;Regarding #123: Could you clarify the expected behavior of the new API endpoint? I'm experiencing inconsistent results in our staging environment.
2326;neutral;I've encountered intermittent issues with the test suite on Linux. Running `./run-tests.sh` multiple times yields inconsistent results.
4048;negative;I've hit the same error in the latest build #12345. The Jenkins CI/CD pipeline fails to deploy due to incompatible version of spring-boot-starter-web.
4302;negative;Can we revisit #1234? The failing tests in the latest deploy are causing issues with our CI/CD pipeline. Something's not right.
3485;negative;I'm experiencing intermittent failures on the CI/CD pipeline for commit #1234. The tests are failing due to a mismatch in dependency versions.
1106;positive;Great catch on the typo in `config.json`! This should fix the API connection issue that was causing the build to fail #34.
2390;neutral;I'm experiencing intermittent issues with `npm test` failing in CircleCI builds due to inconsistent package dependencies. Investigating possible causes.
1908;neutral;Regarding #123: Can we revisit the Travis CI configuration for Node.js 14 support? The current build fails with an outdated version.
3199;negative;I'm seeing intermittent test failures in CI on `feature/new-login-flow` due to unexpected API response from `auth-service`. Could we add error handling for this case?
1757;neutral;FYI: The unit tests for `feature/new-component` are passing on my local machine but failing intermittently in CircleCI. Investigating further.
142;positive;Just merged PR #123 and the integration tests are passing smoothly! Great job on resolving the API call bug.
4140;negative;Issue #123: Can't reproduce the stacktrace. Tried @john's fix in PR #456 but still getting errors in CI pipeline.
492;positive;Just tried #1234 fix in our CI/CD pipeline and it passed successfully! Thanks for resolving the NPM version conflict!
2223;neutral;Thanks for catching that, @contributor! I've verified the fix in #1234's PR. Could we discuss the impact on our CI/CD pipeline?
1897;neutral;I think the fix for #123 is on the right track, but we might need to revisit the test cases to ensure this change doesn't impact future deployments.
199;positive;Just reviewed #1234's test coverage, and I'm impressed with the thoroughness. Great job catching that edge case!
2380;neutral;I'm observing inconsistent behavior in the latest deploy after updating `package.json`. Worth reviewing CI/CD logs for potential issues.
4396;negative;I'm experiencing intermittent build failures on the `main` branch due to inconsistent package dependencies in `package-lock.json`. Can we investigate?
4367;negative;Just hit a roadblock with #123: test suite failing due to broken dependency on `numpy` causing `SyntaxError`. Any ideas?
1172;positive;Just tested your fix for the `jenkins` integration and it's working beautifully in our CI/CD pipeline! Thanks for addressing this critical bug!
1227;positive;Great fix on the CI/CD pipeline for Maven dependencies! This should resolve the build issues on our Jenkins server #34
2120;neutral;I've reviewed the recent changes to the CI/CD pipeline in PR #1234. The updated configuration looks reasonable, but I'd like some clarification on the added deployment script.
1423;positive;Just tested #1234 with the updated build script and it's passing all tests! Great work on fixing that pesky Docker deployment bug!
3655;negative;Can we revisit the `npm install` build step in #1234? Still seeing errors with `lodash` package version mismatch after latest update.
3821;negative;@dependabot Unfortunately, this update breaks our CI/CD pipeline for the #42 feature. Can you investigate and provide a fix before merging?
4011;negative;Can't believe #1234's fix broke the CI/CD pipeline for nightly builds. Should've run a smoke test before merging.
3788;negative;@author I'm experiencing intermittent failures in our CI/CD pipeline on the `develop` branch. The build logs show a mysterious `NullPointerException` in the `build.gradle` file.
196;positive;Great work on the refactor! The CI/CD pipeline is now stable after #1234. Can we merge this PR: https://github.com/user/repo/pull/5678?
1557;neutral;Related to #1234, I noticed the Jenkins CI/CD build is consistently failing due to a missing `maven` dependency. Worth reviewing the build script.
3540;negative;I'm experiencing intermittent failures in the CI/CD pipeline due to inconsistent package versions. Can we enforce a specific version of 'dependency-x'?
875;positive;Just tested #123 and the new fix for the deployment error is working smoothly in our CI/CD pipeline. Great job on the patch!
3015;negative;@author, this fix breaks the API endpoint on our staging server (#1234). Can we revisit this change?
4074;negative;Failing to update `npm` version in `circleci.yml` is causing build errors. Can we please bump the version to latest?
3075;negative;Issue #123's new build script is causing intermittent 500s on our staging server. Can we revert to previous version for now?
3964;negative;Can we revisit the build failure in #123? It's causing issues on our staging environment due to an outdated version of `aws-sdk`
1252;positive;Just tested the latest PR#1234 and it's working perfectly with the updated test suite! Great job on addressing that CI/CD pipeline glitch
841;positive;Just successfully integrated the new logging feature with our CI/CD pipeline in #1234. Thanks for your hard work on this release, it's shaping up to be a great one!
3979;negative;Unfortunately, I'm still experiencing the 'Cannot connect to DB' error after #1234's fix, can we review the database connection settings again?
582;positive;Great work on resolving the `jenkins` pipeline issue! This fix allows us to automate testing more efficiently. Thanks for your dedication!
3726;negative;I'm seeing a intermittent `NullPointerException` in our CI/CD pipeline when testing the latest build of #1234. Need help debugging this.
1642;neutral;Regarding #1234's build failure in the CI/CD pipeline, I've reviewed the logs and noticed a discrepancy with our Node.js version. Investigating further to determine the root cause.
3681;negative;Fails to build on Jenkins due to outdated dependencies. Had to revert to previous commit before the update.
1794;neutral;The fix for #1234's CI/CD pipeline failure doesn't address the underlying cause. Could we investigate the container build process further?
906;positive;Just tested #24's fix on the latest build and it seems to have resolved the authentication issue in our CI/CD pipeline. Well done!
632;positive;Great fix on #123! Your patch resolves the intermittent UI flicker, thanks for taking the time to investigate and squash this pesky bug!
2511;neutral;Just reviewed the recent changes to our CI/CD pipeline, and I noticed some discrepancies in deployment logs on the staging branch. Could we review together?
1737;neutral;FYI on #123: I've updated the CircleCI config to include the new node version. Should be reflected in our nightly builds now.
163;positive;Thanks for addressing the CI/CD pipeline failure in #123! Your fix has resolved the intermittent build errors. Great work!
4167;negative;I'm having issues with the test suite failing due to an unexpected null pointer exception on line 47 of `util.py` in #123. Need help resolving this.
2330;neutral;Hi @author, I think the updated `README.md` file doesn't reflect the changes made in #123. Can we sync up on this?
4299;negative;PR #234's changes break our CI/CD pipeline due to an incompatibility with a newly introduced dependency. Can we revert those changes for now?
2122;neutral;Noticed that the `build` step in our CI/CD pipeline is still using an outdated version of Node.js. Should we update to 14.x as per the project requirements?
618;positive;Just tested the latest build on CI/CD and it's successfully deployed! Thanks for the updates, @maintainer. This is a huge relief!
3297;negative;@dependabot This test failure in the `v3` branch suggests a version conflict. Reviewing changelogs is yielding nothing. Help needed!
1432;positive;Great catch on the `jenkins.yml` config! Your PR fixed the CI/CD pipeline issues, thanks for keeping our deployment stable!
926;positive;Nice catch on the circular import! Your fix to the pipeline's `dependencies.yml` has it building successfully now.
3463;negative;Just hit a regression on `master` due to the updated `log4j` version. Need help resolving this ASAP before our next deployment.
548;positive;Great catch on the null pointer exception! Your fix for `lib1` in PR #123 is solid and should prevent future issues.
2024;neutral;I'm having trouble reproducing the `NullPointerException` in build 456. Can someone provide more context about this error?
4307;negative;I'm seeing intermittent failures in the Jenkins build for #1234. Can we revisit the Maven version and dependency management to resolve this?
3497;negative;@dependabot This latest update breaks our CI/CD pipeline. Build fails with `Cannot find module 'package-a'` error after installing new dependencies.
1567;neutral;I think it's worth considering the potential performance impact of this change on our CI/CD pipeline (#123). Need to test before merging.
1593;neutral;I think #1234 could be improved by adding more robust logging to the CI/CD pipeline. This would help diagnose future issues more efficiently.
1870;neutral;Regarding #123: I'd like to see more context on the test failure in `CI` builds. Can you provide a code snippet for reproduction?
2565;neutral;FYI, I've noticed the latest update breaks our nightly build on Windows 10. Can you help investigate? #1815
2015;neutral;Not sure if this is related to the recent code changes, but I'm seeing intermittent failures in the `test_api_endpoint` on CI. Can you take a look? #1234
3294;negative;@maintainer The latest test failure on #1234 is still unclear after re-running the pipeline. This is affecting our release schedule, can we investigate further?
2603;neutral;I'm having trouble with the CircleCI build on #1234. The test failures seem related to a specific commit in the `my-api` branch.
612;positive;Great job on resolving the `dependency conflict` in #1234! The updated `pom.xml` file works seamlessly with our CI/CD pipeline now.
1337;positive;Thanks for catching that regression in the CI/CD pipeline! Your fix has greatly improved test coverage and reduced build times.
4346;negative;"I'm still seeing issues with the latest `docker-compose` build on Jenkins. Error persists: ""unrecognized command: 'build-arg'"", anyone else?"
641;positive;Great fix! Your patch for the Jenkins artifact upload issue in #123 worked flawlessly. Thanks for the swift resolution!
931;positive;Just tested #1234's changes on my local env and it seems to be working smoothly! Well done on squashing that pesky bug!
2424;neutral;I'm experiencing intermittent issues with the CI/CD pipeline for #1234. Sometimes it completes successfully, but other times it fails with a `timeout` error.
3448;negative;Fails to install on Ubuntu due to outdated `libstdc++` version in the Dockerfile. Needs `apt-get update && upgrade` before installation.
743;positive;Great job on resolving the caching issue in #123! Your fix has significantly improved our build times in CircleCI
638;positive;Great job on resolving the caching issue in `ci/pipeline.yml`, @john! Simplified my deployment process significantly. Thanks for your attention to detail!
4007;negative;Issue #123: This regression in `v2.5` broke our prod pipeline. Reverting to previous commit didn't work as expected, still failing at build stage.
2859;neutral;Just wanted to confirm that I've reproduced the `503` error in our staging environment with the latest changes from PR #1234.
3575;negative;The `latest` version of `react-router-dom` is causing a routing conflict in our app. Can we downgrade to the previous version?
3491;negative;I'm experiencing issues with #145, where the new authentication logic breaks our CI/CD pipeline on CircleCI. Requesting review of the recent changes.
2519;neutral;Hi @maintainer, I'm experiencing intermittent failures in the nightly build (#1234). Could you review the latest logs for any clues?
2423;neutral;Just tested #1355 and it looks like the fix for the `TypeError: 'NoneType' object has no attribute 'foo'` issue is working as expected. No further issues were encountered.
1098;positive;Thanks for addressing the intermittent `NullPointerException` in `utils/helpers.js`. Your fix should improve performance for our users! #1899
2402;neutral;Can you provide more context for this assertion failure in the CI/CD pipeline? I'd like to reproduce it locally.
49;positive;Love the fix for the null pointer exception in `main.py`! Cleaned up the code nicely. Great job!
2989;neutral;I've verified the fix for #1234 on master branch, but I'd like to discuss potential implications on CI/CD pipelines before merging.
2312;neutral;@ mention: I'm seeing intermittent failures in the CI/CD pipeline for commit #1234. Could we add a retry mechanism to avoid flaky tests?
922;positive;Just tested the fix for #1234 and it's working smoothly! Great job on addressing that pesky regex error!
2925;neutral;@dependabot, can you please review the updated `package.json` to ensure all dependencies are compatible with Node 14?
547;positive;Great fix on #123, @john! Your changes to the CI/CD pipeline have greatly improved build times. Nice work!
2979;neutral;I'll take a look at the `jenkins` integration in your PR #12. Can you provide more context on why this is failing under CircleCI?
757;positive;Great job on resolving the circular import issue in #123! Your refactor to use a factory pattern is much cleaner.
3918;negative;Fails to deploy on AWS. `pipeline-123` stuck in 'pending' due to missing Docker image for `nodejs14-alpine`. Need help resolving this.
2928;neutral;FYI: Jenkins is still failing on the `master` branch due to missing dependencies in the Dockerfile. Investigating.
3786;negative;@maintainer The failing tests in `feature/new-login-system` are causing our CI/CD pipeline to fail consistently. Could you take a look at the test suite?
2171;neutral;I noticed that the latest dependency update is not triggering a rebuild in the CI/CD pipeline. Can we investigate this?
4440;negative;@mentions I'm still seeing intermittent failures in the `build-image` step on `PR #1234`. The failure rate is 20% on our CI/CD pipeline.
1643;neutral;I'm reviewing the latest updates to our build script. Could you clarify why the `npm install` step is now separate from the `package.json`?
2991;neutral;Can we discuss the merge conflict in #123? I noticed the updated `requirements.txt` is causing issues with the CI build.
2317;neutral;I see you've updated the CI/CD pipeline to use the new Maven version. Can you provide some context on why this change was made?
3738;negative;Failing to catch the `TypeError` in the latest PR #123 is concerning. We should add a try-except block to avoid breaking CI/CD pipelines.
4119;negative;I'm experiencing intermittent crashes on Windows 10 with this latest build. Haven't seen it in nightly builds #1665
4364;negative;Noticed that the new build script is breaking our Node.js tests. Getting `ENOENT` errors on Windows. Can we revert to previous version?
4471;negative;@maintainer The `build` stage is failing due to an unresolvable dependency conflict. Can we revisit the package updates in 2.5 branch?
837;positive;Thanks for squashing that edge case bug in the `main` branch! Your fix helped stabilize our nightly builds #build-255
2252;neutral;@author I'm reviewing the updated `README.md` for clarity on dependencies, can you add specific versions to avoid confusion?
3900;negative;I'm experiencing issues with the latest build in `main` after introducing #23. The test suite is failing due to an uncaught exception in `utils.py`. Please help investigate.
3011;negative;I'm experiencing issues with the latest `npm install` due to the `@babel/preset-env` dependency. It's failing to resolve on CI/CD pipeline #1234
3134;negative;@maintainer I'm experiencing intermittent build failures on the CI/CD pipeline with commit `3e2c6f`. Could you investigate this further?
2025;neutral;I've noticed the CircleCI build is failing on `master` due to outdated dependencies. Can we consider updating `package.json` as part of our CI/CD pipeline? #45
3647;negative;Just hit a snag with the latest build on Jenkins. Looks like the `pylint` config is still not applied to all test files. Can we revisit this?
1583;neutral;The new CI/CD pipeline changes seem to be stable. No issues observed so far with the automated deployment process. @maintainer could you confirm?
3576;negative;I'm seeing intermittent failures in the `test.integration` suite on macOS High Sierra due to an unrelated library update. Can we investigate?
2074;neutral;On PR #12, I'm having trouble reproducing the Travis CI error. Can we discuss possible causes for this intermittent failure?
1071;positive;Just tried your latest deployment and it's working flawlessly! The updated CI/CD pipeline is a game-changer. Thanks for the hard work!
1776;neutral;Just reviewing PR #123. It looks like the latest changes to `main` have caused the Jenkins build to fail on macOS High Sierra. Need some investigation.
4331;negative;Fails to compile on my Windows machine due to a missing `libssl-dev` package. Can we add it as a build dependency?
1284;positive;The recent fix for the `NullPointerException` in `main.py` has improved our app's stability significantly. Great work on that!
2476;neutral;Noticed an intermittent failure in the `test_build` suite on Linux. Can we investigate further with additional logging?
3317;negative;Still getting intermittent crashes with `libpng` after updating to 1.8.34, can we investigate further before the next build?
4282;negative;Failing to integrate with `aws-sdk` v2 breaks our build. Can we bump to latest version in package.json?
4334;negative;Just hit this weird error again on the CI/CD pipeline: `TypeError: Cannot read property 'length' of undefined` in `/src/utils.js`. Still not sure what's causing it.
4135;negative;This breaks our CI/CD pipeline. The test suite fails on the latest commit #1234. Investigating further will be needed.
4017;negative;Failed to build on Ubuntu due to missing libcurl headers. Build logs attached (#123). Anyone else experiencing this?
1327;positive;Great catch on the `README.md` typo in #123. Your PR fixes are spotless, merging soon!
1816;neutral;Just reviewed the PR #123 and verified that the build passes on our CI/CD pipeline. Good work!
3825;negative;I'm still seeing the failing test in #1234 after updating the `numpy` dependency. Can we troubleshoot this further?
3177;negative;I'm getting intermittent failures on the `build-and-deploy` CI job with error message 'dependency resolution failed' for the past hour. Can we investigate?
3872;negative;I'm experiencing issues with the `npm install` process failing on Jenkins due to outdated node modules. Can we update package-lock.json?
1652;neutral;Just reviewed the latest PR #1234. The updated build script seems to resolve the Travis-CI failures I reported earlier.
4445;negative;I'm having trouble with the latest deployment to production due to a `TypeError` in the `ci/cd` pipeline. #32
3972;negative;@username, just tried to merge #123 but it's causing a build failure in our CI/CD pipeline due to incompatible npm versions. Can we revisit?
2233;neutral;I'm reviewing the updated `build.gradle` file. Can you clarify why we're using version 2.3 of the library, as it's not the latest one?
2132;neutral;Related to #123: I'm experiencing intermittent failures in the `deploy` stage of our CI/CD pipeline. Any insights on what might be causing this?
4375;negative;Commenting on #123: The latest commit broke the build on the production pipeline. This is not acceptable for a project with such high deployment frequency.
3133;negative;I'm experiencing intermittent crashes with the latest master build due to an uncaught `NullPointerException` in the `UserRepository` class. Needs attention.
1374;positive;Great work on fixing the infinite loop in `calculate_average.py`! Your commit 1234 resolves the issue and makes the code more efficient.
3884;negative;I'm unable to run the updated tests due to the 'TypeError: 'NoneType' object has no attribute 'isdigit()'
2334;neutral;I'm seeing inconsistent test results in the `dev` branch due to changes made in #123. Can we discuss further on implementing a more robust CI/CD pipeline?
2940;neutral;@username I agree with your assessment on the CI/CD pipeline's configuration. It seems to be correctly set up for this branch, but let's verify the main branch as well.
1955;neutral;@dependabot, could you please review the changes in #1234 before merging them into main? I'd like to ensure everything is up-to-date.
1728;neutral;Just reviewing the changes in #1234, I see you're updating dependencies. Should we also consider upgrading the Node.js version as part of this effort?
868;positive;Great job on squashing that pesky NullPointerException in the API client! The tests are now passing consistently. Thanks for the efficient fix!
927;positive;Great work on resolving the API integration issue in #1234! The fix has greatly improved our app's performance. Thanks for your efforts!
3942;negative;Fails to deploy due to outdated Docker image in `docker-compose.yml`. Can we update the image version to fix this?
998;positive;Thanks for addressing the test coverage issue in #123. Your fix has significantly improved our CI/CD pipeline's reliability.
1338;positive;Nice fix for the deployment issue in #123! The updated CI/CD pipeline is now successfully triggering our builds. Great work @username!
3746;negative;"I'm experiencing intermittent failures in our CI/CD pipeline on the `build` branch due to a flaky test; any suggestions for mitigation?"
1100;positive;Great job on the recent fix for issue #123! This change significantly improves performance in our nightly build. Well done!
1133;positive;Thanks for squashing that pesky CI/CD pipeline error on `feature/new-design-system`. Works like a charm now! 👍
3293;negative;Can't reproduce the `TypeError` on my end with latest Node version. Anyone else seeing this issue in #123? Need to retest CI/CD pipeline.
2219;neutral;The continuous integration pipeline is currently failing due to a missing package in `package.json`. Can someone review the latest release?
211;positive;Thanks for fixing the incorrect `docker-compose up` command in #123. Works flawlessly now! This will save our team a ton of time with automated deployments.
3495;negative;@maintainer: Unfortunately, the fix in PR #123 doesn't resolve the regression I'm seeing. The build still fails on Travis due to an incorrect dependency version.
1841;neutral;Regarding #1234, I noticed that our latest build on the staging environment is passing, but still seeing a minor discrepancy in the API call counts. Worth investigating further.
2315;neutral;"Just wanted to reiterate the test coverage for #123 still looks incomplete; can we revisit the code changes in this PR?"
60;positive;Great catch on the `npm install` timing issue in #123! Your fix got merged successfully and is now part of our nightly build pipeline.
1212;positive;Thanks for squashing that nasty CSS bug in #234! Your fix is spot on and I'm glad we can finally move forward with the UI redesign.
2571;neutral;Looking at #12345's deployment logs, I noticed intermittent failures with Docker image builds. Can we discuss the build environment configuration?
3940;negative;Issue #123: The recent update to `dep1` is causing intermittent failures in our CI/CD pipeline. Can we revisit the config?
2345;neutral;@author I've tried to reproduce the `NullPointerException` in PR #234 but couldn't replicate. Could you provide more details on the environment where this error occurs?
4441;negative;@author Can you help me understand why the latest changes broke our CI/CD pipeline? I'm getting inconsistent results on CircleCI #24
2618;neutral;Re: fix(cleanup): Removed unnecessary dependencies in `build.gradle`. @author, could you review the updated dependencies? No issues found so far.
766;positive;Love the fix for the `npm install` timeout in #1234! It's now a pleasure to set up new dev environments with this update.
2608;neutral;Regarding #123: the integration tests seem to pass successfully after re-running the CI/CD pipeline for `v1.2.0` branch.
1913;neutral;@dependabot The test failure on `v1.2` is expected due to the recent API breaking change in `lodash`. Re-running `npm run build` resolves the issue.
1079;positive;Nice catch on the `pip install` issue! Your fix in PR #123 is working smoothly with our CI/CD pipeline. Great job!
1996;neutral;The test failure on the `update-dependencies` workflow is likely due to the new version of `lib1` requiring a minimum Java 11. Needs investigation before resolution.
2373;neutral;I'm looking at the recent `fix-123` PR and wondering if the changes could be backported to our 3.x branch for stability. Would appreciate clarification on this.
2599;neutral;I noticed that the latest changes to `README.md` caused an error in our CI/CD pipeline. Can we review?
1752;neutral;Just a heads up on #44: the test coverage report still shows issues with the `requests` library dependency. Should we add additional checks for this?
1539;neutral;I'm experiencing intermittent issues with the CI/CD pipeline on branch `dev/new-feature`. Builds pass locally but occasionally fail in cloud environment.
2715;neutral;Just wanted to confirm that the latest changes in #1234 are successfully building on our CI/CD pipeline after the minor tweak. Thanks for the fix!
1245;positive;Just ran the updated `CI/CD` pipeline for #42 and it looks great! Your fix for the `npm` install issue really paid off, thanks!
4256;negative;Just got bit by #45's change. The updated dependencies broke the CI/CD pipeline on my local dev env. Can we revisit this?
583;positive;Thanks for tackling the intermittent build failures on our CI/CD pipeline! Your fix to update `docker-compose` to 2.1.0 resolved the issue.
2440;neutral;FYI: the travis build is failing on #123 due to an unknown error. Can someone review the logs for insight?
2451;neutral;"On re-running the failed build on master, I got inconsistent results; could you try checking the Jenkins logs for more info?"
2173;neutral;Noticed the recent change in `dependencies` version in `package.json`. The updated package should be tested to ensure compatibility with our CI/CD pipeline.
941;positive;Thanks for addressing the Travis CI deploy failure in #23! The changes you made fixed the issue, and our build is now passing smoothly again.
1081;positive;Just reviewed the latest PR (#1234) and I'm impressed with how you fixed that pesky API call! Great job!
188;positive;Thanks for catching that edge case in `build.gradle`, @johnDoe! Your PR fixes the build failure on macOS. Approving!
3301;negative;Still getting intermittent test failures on #42 after updating dependencies. Need help debugging the `npm` build script.
942;positive;Just reviewed #42's fix for the regex pattern mismatch. Great catch @johnDoe and well-explained PR!
3341;negative;PR #234 broke our nightly build on CI due to an incompatible library version. Can we revert the changes for now?
4296;negative;The latest PR to fix the authentication bug is still failing on CircleCI. Can we take another look at our build configuration?
3828;negative;Can someone explain why this CI build is failing due to an undefined symbol for `libssl`? Still stuck on #1234
4404;negative;"I'm experiencing issues with the latest build, getting intermittent ""connection timeout"" errors in our staging CI/CD pipeline on `main` branch"
2332;neutral;I'm running into a potential issue with the updated `pipelines.yml` file. Could someone review the changes before merging?
3772;negative;This recent refactor broke our CI/CD pipeline on the `dev` branch. Need to investigate why Jenkins is failing with a 500 error.
1766;neutral;This fix looks good to me. Can we test it in the dev branch before merging? @author
4230;negative;Still encountering intermittent failures in CircleCI build #1234. Failing tests: `test_user_login` and `test_password_reset`. Can we revisit the Docker image?
3997;negative;I'm experiencing intermittent failures in the build process for #1234. Could you check if the Docker image is being pulled correctly?
227;positive;@username Great fix on #123! The updated implementation resolves the race condition in our CI/CD pipeline. Thanks for your thorough analysis!
2686;neutral;Regarding #1234: I'm experiencing inconsistent build failures in our CI/CD pipeline. Further investigation suggests it might be related to the updated Gradle version.
536;positive;Thanks for fixing the CI/CD pipeline issue! The code now successfully deploys to staging without errors #1234
1899;neutral;I'm reviewing the latest build on Jenkins. Could we clarify the cause of this intermittent test failure in `main`? @dependabot updated dependencies yesterday.
3985;negative;I'm seeing intermittent failures in our CI/CD pipeline on the `main` branch due to a faulty `numpy` version causing invalid memory accesses.
1405;positive;Great job on resolving the `NullPointerException` in the 4.2 release! Your debug skillset is truly impressive!
2530;neutral;FYI, I'm seeing intermittent failures in the CircleCI build for PR #1234 due to a missing Java dependency. Investigating further.
4055;negative;Can't reproduce the `NullPointerException` in line 12 of `login.py`. Have you tested this on a Linux environment?
698;positive;Great work on fixing the Jenkins CI/CD pipeline issue #123. The deploy process is now stable and we can move forward with confidence!
1125;positive;Nice catch on that edge case! Your PR #12 fixes the infinite loop in `utils/calculate.js`, making it ready for production.
3609;negative;I'm experiencing intermittent build failures in #1234 due to inconsistent node version issues with our ci/cd setup
4199;negative;Just hit a wall with #44. Can't get `pip` to install dependencies due to an error in the `requirements.txt`. Any ideas?
2278;neutral;Hi @author, just reviewing the latest changes in #123. The new CI/CD script looks clean, but I noticed a minor inconsistency in the error handling code.
3813;negative;@author, I'm seeing intermittent failures in the CI/CD pipeline for commit #1234 due to an unresolvable npm dependency error. Needs attention.
1759;neutral;Looking at the changes in #1234, the updated Dockerfile seems fine but the Travis build still fails due to `runtimeerror`.
1779;neutral;On re-checking the code for #123, I found that the Jenkins build still fails due to missing `dependencies.txt` in the root directory.
587;positive;Just tested your fix on #123 and it looks like the perf regression is resolved! Thanks for addressing this, really appreciate the work!
4155;negative;Comment by @githubuser: I'm experiencing issues with the latest build on CircleCI due to a failing test in the `utils` module. The error is `TypeError: Cannot read property 'length' of undefined`. Investigating further.
1401;positive;Just tested the latest build from #12 and it's passing all tests! Great job on resolving the `json parsing` bug.
3579;negative;Failing to merge #123 due to unresolved conflicts. The automated build on Jenkins also failed with a similar error message.
2556;neutral;Noticed that the latest changes broke the CircleCI build. Can you take a look at the `build` step in `.circleci/config.yml`?
3577;negative;Just tried to merge #1234 and the build fails due to missing @dependency version update. Can we get this sorted before deployment?
1038;positive;Great job on resolving the Docker build issues! The new `dockerfile` syntax in your PR #1234 is a huge improvement.
209;positive;Great job on fixing the `TypeError` in #1234! The updated code runs smoothly now. Thanks for your patience and dedication to this project!
2471;neutral;I'm experiencing intermittent `NullPointerException` in the updated `CI/CD` pipeline. Can someone review the build script to identify potential causes?
566;positive;Great job on the fix for #123! The new build process is now successfully integrating with CircleCI. Nice work!
314;positive;Great catch on that flaky test! Your fix for `npm install` on Windows should resolve the intermittent failures in #123. Thanks for your thorough analysis!
602;positive;Just tested your fix for #1234 and it works like a charm! Your persistence on this issue paid off, great job!
234;positive;Great fix for the `NullPointerException` in the CI/CD pipeline! Your debug skills are top-notch!
2196;neutral;I noticed that the latest changes to `main` branch are causing conflicts with our current CI/CD pipeline. Can we revisit this setup?
932;positive;Great work on resolving the `NullPointerException` in v1.2! The new CI/CD pipeline has significantly reduced our build times, thanks for the optimization!
3991;negative;I'm hitting the same `404` error on every build with the latest changes in #123. CI/CD is failing consistently due to this.
4006;negative;The latest update to the CI/CD pipeline is still failing to deploy due to the incorrect version of `package:abc`. Can we revisit this?
1037;positive;Great catch on the `NullPointerException` in `utils.js`. Your fix simplifies the logging flow nicely! Works as expected now. Thanks!
112;positive;Great fix for the caching issue! This should resolve the inconsistent build times in our CI/CD pipeline. Thanks for your attention to this!
2910;neutral;Thanks for the fix! I verified it resolves #1234. Can we discuss potential impact on CI/CD pipelines in the next iteration?
1090;positive;Great catch on the CI/CD pipeline failure! The latest deployment to staging was successful thanks to your fix in PR #123.
3415;negative;Fails to build on CircleCI due to missing Maven dependencies. Can we reconsider the dependency management in #123?
1755;neutral;The recent change in `package.json` seems to have broken our CI/CD pipeline. Could you take a look at it? #1234
231;positive;Nice catch on the `npm audit` fix! Your changes to the `package.json` have resolved the warning. Thanks for keeping our dependencies secure!
2630;neutral;I think we should revisit the deployment script in `devops/cicd` to ensure it's compatible with the new Docker version. @example-bot
1920;neutral;I've noticed that the latest PR #1234 has been stuck in testing for over an hour. Should we investigate why it's taking so long?
4285;negative;Issue #123 still causing CI/CD pipeline failures on Jenkins, unable to identify root cause. Need help debugging before we can move forward.
1034;positive;Just tested your fix for #1234 and it's working smoothly! Your patience and attention to detail are much appreciated.
473;positive;Just tested #15's fix on our CI/CD pipeline and it's passing all tests! Great work on squashing that regression bug!
1515;neutral;I'm reviewing the latest changes to the `release-1.2` branch in #1234 and noticed a minor discrepancy in the test cases.
3678;negative;The recent changes to the Dockerfile in #123 caused a build failure on our Jenkins pipeline. Can we revert those changes?
3424;negative;Still experiencing intermittent `404` errors on production after #12. CD pipeline logs suggest ongoing issues with caching.
2813;neutral;Related to #123: Could we revisit the test coverage for this change in `deploy.py`? Current levels seem a bit inconsistent.
2874;neutral;On #12, I noticed that the CI build fails due to a missing `npm` version constraint in `package.json`. Would be good to add that.
1507;neutral;Just reviewing the PR #1234 for the updated dependencies. The changes look good to me, but I'm unsure about the impact on our CI/CD pipeline.
1128;positive;Just reviewed your latest PR (#123) and I'm impressed with the refactoring effort. Clean and efficient code makes our CI/CD pipelines shine!
1924;neutral;Noticed that the new changes in #123 didn't trigger a test run on our CI/CD pipeline. Can we re-run it manually to confirm?
3801;negative;Failing to deploy due to an incompatible Docker image in `main` branch. Can we revert to `v1.2.3` for now?
1958;neutral;I think the recent change to `npm` install should be reviewed. I've seen intermittent issues with Node v14.17.0 in our CI/CD pipeline.
2070;neutral;I'm seeing intermittent failures in the `test_deploy` job on PR #123. Can someone investigate why it's failing only occasionally?
4473;negative;Just hit a blocker with `pip install` on Windows due to outdated dependency. Can we revisit the version spec for this package?
2659;neutral;I'm looking at PR #1234's test failures on Windows. Can we review the build config to ensure it's correct?
3439;negative;Hi @author, the `pylint` error in #123 is still present after fixing other issues. Can you review this one as well?
2250;neutral;"I've reviewed #123's changes in the CI/CD pipeline. The updated build script is working as expected; no issues found."
4032;negative;"@author Can't reproduce the `TypeError` in `models.py` with Python 3.9; works fine on my machine with 3.8. Need a fix for this compatibility issue #123"
362;positive;Just reviewed the latest PR #1234 and your fixes for `jenkins` integration are spot on! CI is now passing smoothly.
136;positive;Just tried the latest fix for #1234 and it looks like we're good to go! CI/CD pipeline is passing with flying colors now.
1135;positive;Nice catch on the `npm` version upgrade! Your PR has greatly improved our build stability. Well done! #bugfix-123
2520;neutral;Just wanted to confirm if #1234's Travis CI build issues are related to the new Docker version introduced in v2.1.0
1152;positive;Great job on resolving the `NullPointerException` in the `user_data` fetcher! The updated logic has improved overall stability. Thanks for the fix!
3794;negative;PR #12 still fails in the staging env due to an incompatible version of `lodash`.
4148;negative;Failing test in `ci/django` pipeline due to unexpected TypeError in `views.py`, any ideas what's causing this?
3051;negative;I'm experiencing intermittent failures in the build pipeline for PR #123 due to conflicting dependencies on React 17.0.2 and 17.0.5, causing inconsistent results.
1831;neutral;Noticed that the `ci-cd` pipeline is failing due to a missing dependency on `npm install`. Can we investigate further?
1054;positive;Great fix on #123, @username! This should resolve the intermittent build failures in our CI/CD pipeline. Thanks for your diligence!
4107;negative;I'm seeing inconsistent results with our latest API call in the staging env. This should be addressed before we merge #123 into master.
23;positive;Thanks for resolving the `NullPointerException` in the UI layer! Your fix has significantly improved app performance. Well done!
2794;neutral;Hey @author, just wanted to double-check the implementation of #234: it looks like we're using a deprecated method. Would you mind reviewing?
1654;neutral;Just reviewed the updated build script for #123. The new dependencies seem to be installed correctly in Jenkins but I'm still seeing some intermittent failures.
2115;neutral;I'm taking a neutral stance on #22's proposed change to the README. More context on the reasoning behind this update would be helpful.
2604;neutral;Regarding #1234: the `ci/build` step failing intermittently with 'permission denied' error on Ubuntu, have we considered adding a retry mechanism?
696;positive;Great job on fixing the regex bug in #23! The updated tests are thorough and the code is much cleaner now.
2280;neutral;Can we revisit the changes in #123? I think there might be an edge case not accounted for in the updated API client.
3269;negative;Can we revisit #123's changes to the CI/CD pipeline? The latest build is still failing due to the incorrect Docker image version.
421;positive;Great catch on the deployment issue! Your fix for `jenkins-pipeline` worked like a charm. Thanks for shepherding this through CI/CD smoothly!
3689;negative;Not sure what's going on with the `npm install` step in our CI/CD pipeline. Keeps failing due to outdated `eslint` version #1234
4350;negative;Comment from @issue-author: I'm experiencing intermittent crashes with the latest build due to an undefined symbol in libzmq. Can we review the build logs?
461;positive;Great catch on the `npm` version conflict in our CI/CD pipeline! Your fix for #123 resolved the issue nicely. Thanks for your diligence!
1068;positive;Great catch on the regex update! The new implementation is much more efficient in the unit tests. Thanks for the effort!
88;positive;Thanks for implementing the fix for the `NullPointerException` in the CI/CD pipeline! It's running smoothly now. Great work!
3387;negative;Issue #123 still broken after merge with latest master. Regression test failures on Node 14: expected 'hello', but got 'world'.
2231;neutral;I'm experiencing some issues with the latest deployment of #1234. Can we review the CI/CD logs to understand the cause?
3567;negative;I'm experiencing intermittent failures in the build process with `package: 'x.y.z'` due to incompatible dependencies. Reviewing CI/CD logs yields no clear cause.
2624;neutral;On r1.2: Looks like the travis build is failing due to outdated curl version. Can we update our .travis.yml file accordingly?
283;positive;Just tested your fix for #1234 and it's working flawlessly in our CI/CD pipeline. Great work on addressing the deployment issue!
4160;negative;Issue #123: Can't reproduce the `TypeError` on my machine. Your tests should handle this edge case.
463;positive;Great fix on #1234! Your commit to the dev branch resolved the test suite issues I was struggling with. Thanks for your patience!
213;positive;Great fix on the Jenkins build config! CI now passes smoothly. Nice job on squashing those pesky test failures!
541;positive;Just merged the fix for #2345, which was causing intermittent failures in our CI/CD pipeline. Thanks to @username for their thorough investigation!
4480;negative;@maintainer Unfortunately, I'm still experiencing intermittent build failures in #1234 due to the unresolved dependency issue with `react` v18.0.1.
3696;negative;The `latest` version of `packageA` is still causing the CI/CD pipeline to fail. I've tried downgrading to 1.2.3, but no luck.
3393;negative;I'm experiencing a regression with the latest `npm` update. My unit tests are failing due to an unexpected error in the package imports.
1821;neutral;Noticed that the latest build on Jenkins is failing due to missing dependencies. Would it be possible to add `@latest` resolver for our project? #42
860;positive;Thanks for fixing the Travis build failure on `v3.1.5` release! Your patch makes the deployment more reliable.
534;positive;Great job on fixing the Docker build issue in #123! Your changes have improved our CI/CD pipeline's reliability and speed significantly.
1369;positive;Great work on resolving the `NullPointerException` in the `login()` method! The changes are well-documented and improve overall app stability.
4023;negative;This is unacceptable, the build failed again due to outdated `eslint` version in the CI/CD pipeline. #1234
2261;neutral;I'm experiencing intermittent issues with the Travis-CI build failing on specific commits #1234. Would appreciate clarification on the build script.
598;positive;Just ran the updated pipeline and it's successfully building the latest commit! Great job on fixing that regex bug, @username!
3863;negative;Failing to update dependencies is causing issues with the `ci/cd` pipeline. Can we bump the version of `packageA` as it's causing the failures?
3929;negative;Can we revisit the failing CI build on PR #1234? It's still throwing a `NullPointerException` in the `build.gradle` script.
3264;negative;I'm experiencing intermittent failures on the `release` branch due to a mysterious error in the `CI/CD` pipeline. Could you investigate?
3483;negative;I'm running into issues with the latest build. The `package-lock.json` file is now missing after the CI pipeline runs. Pull Request #123 isn't working as expected.
663;positive;Just reviewed #123 and it looks great! CI/CD pipeline ran smoothly on both Ubuntu 20.04 and Windows 10.
4467;negative;I'm experiencing intermittent crashes with the `update_dependencies` step in my PR #1234 due to a corrupted YAML file. Can we re-run the tests?
3521;negative;I'm experiencing issues with the latest Docker image build on our CI/CD pipeline due to a broken `apt-get update` command
4111;negative;Just tried to merge PR #123 but got a cryptic error from the CI/CD pipeline: 'unknown command: test'. Not sure what's causing this.
4252;negative;This build is failing on CircleCI due to `npm` version mismatch. Can we update the `.circleci/config.yml` to use the latest `node` package?
2592;neutral;Regarding #123: I see that the build on CircleCI is still failing due to the missing `aws-credentials` file. Can we update the `.gitignore` accordingly?
2457;neutral;On #34, I'm noticing inconsistent logging in the CI/CD pipeline. Could we revisit the configuration to ensure accurate output?
661;positive;Great fix for the null pointer exception in the login service! Just merged into dev branch. CI is also passing now.
4446;negative;Unfortunately, this fix in PR #123 breaks our CI/CD pipeline for Java 11. It's causing a NoClassDefFoundError with the latest Maven dependencies.
1421;positive;Just successfully built and deployed the fix for #12 on CircleCI. Thanks for reviewing and merging the PR! Pipeline looks great.
3604;negative;The recent fix for the `GET /users` endpoint still fails on our end with a 500 error. Could you please investigate further?
1554;neutral;On #23, I've noticed the `README.md` update is causing a syntax error in our CI/CD pipeline. Would be great to revisit this change.
943;positive;Just tested #143 fix on our CI/CD pipeline and it's passing smoothly! Nice work on resolving the regex issue, thanks!
3629;negative;I'm experiencing intermittent build failures in the `dev` branch due to inconsistent node versions in our `.yml` file. Can we revisit the CI/CD setup?
780;positive;Great fix on #42! Your patch for the incorrect API endpoint has improved the overall stability of our CI/CD pipeline. Well done!
3077;negative;Can't reproduce intermittent @build-bot failures. Is it possible the `maven` version upgrade is causing issues with our custom plugin? #1234
3590;negative;I'm experiencing intermittent `Connection Reset` errors in our CI/CD pipeline on branch `feature/new-frontend` due to the updated dependencies causing issues with `npm install`. Could we investigate?
3625;negative;Failed to build on `main` branch due to incompatible `node-sass` version in `package-lock.json`. Reverting changes.
2781;neutral;Hi @username, just wanted to confirm the behavior on #123 still persists after updating `devDependencies` in package.json. Thanks for looking into it.
2670;neutral;@dependabot: Just wanted to confirm if the `latest` version of `react` is indeed compatible with our current codebase before proceeding. Thanks!
122;positive;Just tested the latest update on the dev server and it's working smoothly! Thanks for fixing that nasty memory leak in #1234!
2521;neutral;@username I reviewed your latest PR and noticed the updated README doesn't match the actual changes. Can you clarify the differences?
888;positive;Just integrated your #PR 123 with the CI/CD pipeline and it's passing all tests! Your fix for #issue 456 is a huge relief, thanks!
3522;negative;I'm getting intermittent `NullPointerException` in the build pipeline. Can we investigate why `lib1` is sometimes missing from the classpath?
686;positive;Great job on fixing the `jenkins` integration! The CI/CD pipeline is now stable. Thanks for your attention to detail on #12.
3049;negative;Issue #345: The CI/CD pipeline still fails on macOS due to the 'undefined symbol' error in libssl. This needs to be sorted ASAP.
3506;negative;@maintainer I'm experiencing intermittent failures in our staging environment due to the recent Docker update breaking our build process. Can you take a look?
2911;neutral;Noting that the recent fix to `dependency-a` in #1234 has successfully resolved the issues with `test-suite`, but further monitoring is still required.
3128;negative;@maintainer: Can't build project on Windows with the latest update. Error message `Unknown tag 'latest'` is misleading. Please look into #1234's CI/CD pipeline.
2245;neutral;I've noticed the `jenkins` branch is failing due to a missing dependency in the build.gradle file. Reviewing #123 for context.
414;positive;Great catch on that CI/CD pipeline build failure! Your fix in #1234 has resolved the issue and we're now back to 100% tests passed!
790;positive;Great fix for the logging bug! Works seamlessly with our Jenkins pipeline now. Thanks for your persistence @johnDoe
1650;neutral;Can we discuss the performance implications of switching to `asyncio` in the CI/CD pipeline for #123? It might require additional resources.
3631;negative;Just got hit with the `TypeError: can't pickle local function` error in our CI/CD pipeline for the 5th time this week. Need to revisit dependency management.
4159;negative;Comment on GitHub Issue #1234: This PR breaks the build due to an unmerged change in `package.json`, causing a downstream error.
2177;neutral;I'm experiencing issues with the Jenkins build on `main` branch due to recent changes in `nodejs` dependencies. Can we investigate further?
1851;neutral;Just reviewed #123: the Docker deployment step seems fine to me. Could you check the Jenkins build logs for more context?
4436;negative;Issue with latest release: `pip install` fails due to unmet dependency on `numpy==1.20.0`, causing `AttributeError` in `models.py`. Can we revisit the package versions?
1689;neutral;Reviewing #1234 for merge. The updated README should reflect the new `npm install` instructions in the contributing guidelines.
1993;neutral;Just wanted to confirm that the recent changes in `master` are successfully triggering our Jenkins pipelines as expected. No issues so far.
2112;neutral;@johnpaul I'm looking at the latest PR #12345 for the new auth token handling. The CI/CD build is passing, but I have some questions about error edge cases.
1426;positive;Great catch on the null pointer exception in #123! Your fix is spot on and should resolve the issue. Thanks for your diligence!
2651;neutral;I'm experiencing intermittent failures in the CI/CD pipeline with this commit #1234. Would be helpful to investigate further.
273;positive;Great fix on #123! The updated travis config now correctly handles Python 3.9. Thanks for the quick turnaround!
783;positive;Great work on fixing the regex pattern in #12! The updated code is now properly parsing JSON responses from our API.
522;positive;Great job on resolving the `npm install` issue in #123. This will greatly improve our CI/CD pipeline stability.
523;positive;Love the fix for the pagination edge case! Just tested it in our staging env and all looks good. Great work!
3168;negative;PR #123 breaks the build on macOS due to missing `libc++` headers. This wasn't caught in our CI/CD pipeline, need to revisit config.
2453;neutral;Just wanted to clarify the expected behavior in this scenario: what happens if the API returns an empty response?
2523;neutral;Can we revisit #123 for the intermittent build failures on macOS, seems to be related to Xcode 13.0 update, need more info before triaging.
3345;negative;@username I'm seeing intermittent failures in the Travis CI for #1234 due to a version conflict with our dependencies. Can we revisit the package.json?
3715;negative;I'm experiencing intermittent failures on the build server due to a failing unit test in `app/models/user.rb`. Can we investigate?
351;positive;Great job on resolving the infinite loop bug in `scheduler` branch! Your fix is clean and well-explained. Thanks for the quick update!
2921;neutral;I've noticed that the CI/CD pipeline is failing on the `dev` branch due to a missing dependency in `package.json`. Please investigate.
3334;negative;The `npm install` on the CI/CD pipeline is failing due to a corrupted package in `node_modules`. Need help resolving this bug
2888;neutral;I'm experiencing issues with the `latest` tag in `package.json`, unable to deploy successfully with CircleCI. Please verify the configuration.
4214;negative;I'm getting a `ConnectionResetError` on my local build with the updated dependencies from #123. This is blocking me from merging @johnson's latest PR.
2298;neutral;Noticed that the latest update to `pipelines.yml` broke our continuous deployment for the `feature/new-feature` branch. Would be great to revisit the changes.
1512;neutral;Just wanted to confirm that the fix in #1234 should resolve the issue with our Jenkins pipeline failing on Node 14. Please test and let me know.
1883;neutral;I noticed that the `lint` stage in the .github/workflows/ci.yml file is failing on lines 12-15. Reviewing the code, I suspect an indentation error.
652;positive;Thanks for tackling that tricky regex in PR #123. Your fixes got our CI/CD pipeline passing again! Much appreciated!
2766;neutral;Noticed the updated `main` branch in PR #123 is building successfully on CircleCI. However, I'm still experiencing issues with the Docker image.
370;positive;Great work on fixing the `npm install` error! The updated workflow is now successfully building our package. Thanks for the speedy resolution!
2154;neutral;For #123, we can add `try-catch` to handle the error in `lib/http` module. Pipeline should also be updated to reflect changes.
119;positive;Thanks for catching that edge case in the `fetch` function! Your test case saved me from a nasty NPE bug in production #42
4422;negative;@dependabot I think there's an issue with your latest update on #123. The changes broke our CI/CD pipeline for the `release` branch.
2464;neutral;I'm experiencing intermittent failures in the `ci/test` job due to `dependency A.3.x` updates, not sure if it's a config issue or dependency conflict.
2880;neutral;Can we take a closer look at the failed unit test in #1234? It's not clear what's causing the error with the recent `json` package update.
1614;neutral;I'm seeing inconsistent behavior with the `fetch-data` function in PR #123. Can we review the test cases for this method?
2370;neutral;Regarding #1234, I noticed the latest changes didn't trigger a retest in our CircleCI pipeline. Can we add that to the workflow?
963;positive;Just tested #1234 and it's working smoothly! Your fix on `lib/jar` resolved the build error in our CI/CD pipeline. Thanks for the effort!
2299;neutral;I'm experiencing intermittent failures in our CI/CD pipeline on `branch-123` due to the new Docker image being slow to resolve. Any ideas on what's causing this?
2797;neutral;I'm looking at the PR #1234 for CI/CD pipeline updates. Just wanted to confirm if the Jenkins config is up-to-date with latest plugins.
2789;neutral;On the latest deploy to staging via #17, I noticed that the API endpoint for user profiling is still experiencing intermittent 500s. Investigating further.
4193;negative;Failing to resolve the `NullPointerException` in `utils.py` due to incorrect import order is frustrating. Can we revisit this?
3586;negative;The `latest` tag in the Docker image doesn't match the version in the README. This is causing unexpected behavior on our CI/CD pipeline.
3677;negative;The recent `update-logging` PR is causing issues with our CI/CD pipeline, resulting in failed builds. Can we rebase the changes?
2038;neutral;Hi @maintainer, I've reviewed the PR #123 and noticed that the updated dependency on `log4j` is not yet reflected in the CI/CD pipeline configuration.
773;positive;Great catch on the caching issue in #123! Your PR #456 fixed it perfectly and our pipelines are now running smoothly again.
1285;positive;Just tested #1's fix for the crash on Windows, and it works like a charm! Thanks for the rapid turnaround @username!
4270;negative;Still seeing intermittent failures in the `dev` branch's Travis CI pipeline due to conflicting dependencies between `axios` and `jquery`. Any ideas?
1415;positive;Great job resolving the `NullPointerException` in the `utils` module! Your fix is now merged into master. Thanks for your patience and dedication.
1235;positive;Thanks for fixing the null pointer exception in `utils.py`! The updated code looks clean and efficient. Good job on squashing that pesky bug!
2203;neutral;I'm experiencing issues with the latest `v2.1` release in our CI/CD pipeline: it's failing on Ubuntu 20.04 due to a missing dependency.
436;positive;Great job on the recent CI/CD pipeline updates! The automated tests are now passing smoothly for the `feature/new-api` branch. Keep up the good work!
1675;neutral;Regarding #1234, I've reviewed the proposed changes in PR 5678. The additional test cases should improve our CI/CD pipeline's robustness.
366;positive;Great job on resolving the `docker-compose` build issue in #123! Your tweaks to the `.yml` file really improved pipeline stability.
3004;negative;Fails to compile with latest CUDA version. @contributor123's fix broke our GPU acceleration in `issue-123`
232;positive;Great fix on #1234! Just tested the latest build and it's passing all tests without any issues. Thanks for your efforts!
4337;negative;`npm install` fails due to outdated `webpack 5.45.0` version causing errors in our CI/CD pipeline.
3531;negative;I'm experiencing issues with the `npm install` on my project due to the missing `@types/node` package in the latest version of `package.json`. #1311
408;positive;Great fix on the `README.md` typo! CI/CD is now successfully building our project. Thanks for the quick update!
87;positive;Great fix on the `npm install` error in #123! Simplified the setup for new users. Works as expected now.
845;positive;Just ran the latest build on `main` branch and the test suite passes! Great job, @username, on resolving the concurrency issues #23
3897;negative;Just ran into an issue with the latest build, `#123` is still failing due to the deprecated `json` package in my project. Can we please update it?
2623;neutral;Noticed that the CircleCI build is failing on `docker:20`. Can you take a look at the Dockerfile and see what's causing the error?
856;positive;Great fix on #1234! Your refactoring improved the codebase's maintainability. Nice work!
79;positive;Love the fix for the null pointer exception in `utils.py`! The updated test coverage is impressive, thanks for catching that regression.
4485;negative;I'm experiencing intermittent deployment failures with our CI/CD pipeline due to inconsistent Docker image builds. Can we revisit the `Dockerfile`?
2971;neutral;Regarding #23, I noticed that the unit tests for `app.py` fail intermittently on our CI/CD pipeline. Investigating further is necessary to identify the cause.
4215;negative;Just hit an unexpected error on the Travis build for #123. `npm install` fails due to outdated version of eslint-plugin-react.
2534;neutral;Regarding #123, I noticed the build fails on Linux due to missing libssl-dev. Has anyone else encountered this issue with the CI/CD pipeline?
3306;negative;Failed to build #123 on Ubuntu 20.04 due to incompatible libssl version in Docker image.
3411;negative;I'm experiencing a failure in the CI/CD pipeline due to an unknown error. Could you please investigate why `npm install` is timing out on the `dev` environment?
3847;negative;@maintainer I'm experiencing intermittent failures in the CI/CD pipeline for #1234 due to a corrupted dependency on `npm` which is causing build errors.
3195;negative;I'm experiencing issues with the latest build due to the introduction of `latest-dep` which is causing a compatibility error in our CI/CD pipeline.
425;positive;Thanks for fixing the CI pipeline error on PR #123! Simplified builds are a huge time-saver for our team now.
393;positive;Great fix on #12! Your PR has streamlined our build process in the CI/CD pipeline. Clean and efficient code, thanks!
4262;negative;Issue #123 still not fixed. @john-doe's PR got merged without resolving the regression introduced in commit 5f6c87a
105;positive;Just tested your PR for #1234 and it works flawlessly! Thanks for addressing the pagination issue, really appreciate the effort!
2546;neutral;Can we revisit #1234? The CI build is still failing due to the new dependency update.
1949;neutral;I'm experiencing intermittent failures in the `nightly` build on Ubuntu 20.04. Can you investigate further?
1460;positive;Great job on fixing the regex bug in #1234! Your fix has greatly improved the parser's accuracy. Thanks for your attention to detail!
2645;neutral;I'm reviewing the PR #123. The updated documentation looks good, but I'd like to discuss the impact on our CI/CD pipelines.
2285;neutral;Just wanted to confirm that the recent changes in `dependencies.json` were indeed intended to fix #1234. Everything looks good on my end.
4486;negative;Can we revisit #123's CI/CD pipeline failure? It's consistently failing due to an unresolvable Maven dependency conflict. Getting stuck on this.
3883;negative;I'm experiencing intermittent crashes with `v2.5.3` on macOS due to an unresolved segfault in the `utils` package. Please help review the stacktrace #1234
1588;neutral;I'm reviewing the changes in #123. The CI/CD pipeline seems to be passing, but I'd like to discuss the potential impact on downstream dependencies.
2974;neutral;Just wanted to confirm that the latest `package-lock.json` update is working correctly with our `CI/CD` pipeline on #123.
1732;neutral;Regarding #456: Could we revisit the integration tests to ensure they're not affected by this change? They seem to be passing currently but I'd like to verify.
3012;negative;I'm having trouble with the build process in #123. The `npm install` fails on the `@latest` version of `lodash` due to a circular dependency error.
3161;negative;I'm experiencing intermittent failures in our CI/CD pipeline due to a timing issue with the Maven build. Anyone else seen this problem? #1141
1792;neutral;Related to #1234, I've noticed the latest build failing due to a deprecated dependency. Would be helpful to explore alternative libraries for future releases.
1941;neutral;Can we discuss the recent build failure on PR #123? The pipeline is stuck at step 5 of the deployment process.
703;positive;Great work on resolving the `NullPointerException` in the auth module! Your fix has improved the app's stability significantly.
3309;negative;@author, sorry to report that #42's latest changes caused our CI/CD pipeline to fail due to a missing package import in the Dockerfile. Can we revisit this?
497;positive;Great fix on #123! Your pull request streamlined the deployment process for our CI/CD pipeline. Thanks for the efficiency boost!
465;positive;Just ran the latest build and it looks like the CI/CD pipeline is working smoothly! Thanks for the fixes in #42!
3438;negative;I'm experiencing intermittent failures with the latest build on our Jenkins pipeline #1234 due to unclear error messages in the `build.gradle` file.
3703;negative;The unit tests for `v1.2` are still failing after merging #1234. The error persists even with the updated dependencies in `package.json`. Review is pending.
3968;negative;The latest build on the `main` branch is failing due to an unresolved conflict with `node-sass`. Re-run CI/CD pipeline.
2497;neutral;@username I agree with the suggestion to update the README in #123. It's worth considering the impact on our docs and user experience as a whole.
2649;neutral;Regarding PR #12: I'm noticing inconsistent behavior with the Travis build on Windows. Can we explore why this is happening?
3686;negative;Hey @author, I'm hitting a `NullPointerException` on line 345 in `utils.js`. Can we revisit the caching mechanism?
2113;neutral;I'm looking at the latest PR #1234, and it seems like the new build script is incompatible with our current CI/CD pipeline. Can we discuss a solution?
901;positive;Thanks for fixing the Jenkins build failure on #123! The changes in `build.gradle` really improved the pipeline stability.
1447;positive;Great catch on the circular import in #23! Your refactor simplified our test suite and improved build times. Well done!
2906;neutral;Just a heads up that the Docker image build is still failing on `CI-123` due to a missing dependency.
742;positive;Just tested the latest changes on the CI/CD pipeline and I'm thrilled to see the unit tests are now correctly reporting failing build scenarios!
2139;neutral;Could you please clarify why the `@mock` dependency was updated in the latest build? Everything seems to be working as expected.
4063;negative;@maintainer the latest build is failing due to an unknown error in `package.json`, can't even run a simple test #1435
1207;positive;Thanks for fixing the null pointer exception in the `process_request()` method! Works flawlessly now.
510;positive;Nice catch on the circular import issue! Your fix in PR #42 worked like a charm. Thanks for the quick turnaround!
3452;negative;The failed test in PR #123 causes our automated build to fail. Can we re-evaluate the dependencies for `npm install`?
2284;neutral;Can we review the PR to ensure the changes don't conflict with our existing CI/CD setup?
3917;negative;PR #123: The 'build failed' error is still occurring after the recent dependency update. Please investigate why `npm install` now takes 10 minutes.
2045;neutral;Noticed that the `jenkinsfile` in #42 is using an outdated Gradle version. Should we update it to match the project's requirements?
768;positive;Great job on squashing that nasty NullPointerException in the `main` method! Your fix has really improved our app's reliability.
4388;negative;@username I'm experiencing a crash with the latest build on Windows 10. Still seeing the `NullPointerException` in `utils.java` after your last fix.
4315;negative;This build failure is due to the `numpy` upgrade breaking the project's CI/CD pipeline on Ubuntu. Can we revert the version?
422;positive;Great job on resolving the Docker image build issue in #123. Your fix has successfully passed all tests and is now deployed to production
124;positive;Just tested the latest changes to #1234 and it's working flawlessly! Your fix for the Travis build error was spot on!
3414;negative;I've encountered an intermittent failure in the `test-ci-pipeline` on CircleCI. It's been happening for the past 3 builds.
2145;neutral;I'm reviewing the changes in #123. The updated README looks good but I'd like to discuss the added dependencies with the team before merging.
820;positive;Great catch on #123's TravisCI failure! Your fix in PR #456 is spot-on. Builds are passing now
1404;positive;Just ran the updated `CI` pipeline and the deployment was successful! Thanks for squashing that pesky bug #123 in the latest PR!
1383;positive;Thanks for squashing that pesky regex bug in the `package.json` file! Your fix saved me from a lot of debugging headaches #bugfix
1576;neutral;Regarding #1234, I've tested the fix on the staging environment and it doesn't seem to have any adverse effects. Proceeding with merging.
1639;neutral;I'm experiencing intermittent build failures on `main` branch. Would like to investigate the cause before merging #1234
1796;neutral;I noticed the latest change in #1234 caused a test suite failure on our CI/CD pipeline. Could someone review the updated dependencies?
4338;negative;Just hit a snag with the latest deploy: `jenkins` build is failing due to incompatible version of `react-scripts`
400;positive;Great job on resolving the Jenkins API connection issue in #123! Your fix for the `jenkins_credentials` env var saved our CI/CD pipeline from crashing.
3641;negative;@author This latest change broke the build on my local machine with `npm install` erroring out due to a missing peer dep.
3951;negative;I've encountered a `TypeError` in the deployment script of #123. The error persists after re-running the pipeline on master branch. Investigating...
2356;neutral;I've taken another look at the build failure in #1234. The error log suggests it's a dependency conflict with `npm install`.
1353;positive;Just tested the latest build on our CI/CD pipeline and it successfully resolved the `npm` dependency conflict! Great work team!
2241;neutral;Just wanted to follow up on #1234's test suite failures. Haven't been able to reproduce the issue with our current build configuration.
4354;negative;This fix for #123 breaks our CI/CD pipeline. The updated gem version is causing a `TypeError` on the `bundle install` stage.
2131;neutral;Can we discuss the recent change to `build.gradle`? I'm seeing a slight delay in pipeline completion after applying #12345.
983;positive;Great catch on the null pointer exception in the `User` model! Your PR #123 fixes this critical bug. Thanks for the effort!
457;positive;Great job on resolving the `NullPointerException` in `utils.js`, @johnDoe! Your fix has been thoroughly tested and passed our CI/CD pipeline with flying colors!
4287;negative;Issue with `pip install` on Windows: getting error `Failed to build wheel for requests`. Tried clean install, no luck.
3672;negative;@author Can we take a closer look at #1234's failure in the nightly build? The error message doesn't seem to point to any obvious issues.
1951;neutral;Noticed that the latest build in `main` branch is failing due to a missing package in our Node dependencies. Reviewing CI/CD pipeline logs for further info.
3659;negative;Unfortunately, the `v1.2` update broke our CI/CD pipeline on CircleCI due to an incompatible library version.
4165;negative;I'm experiencing intermittent failures in the CI/CD pipeline for PR #123 due to an inconsistent package installation, causing test suite to fail.
642;positive;Great catch on the `docker-compose` config fix in #1234! Your attention to detail really helps stabilize our CI/CD pipeline.
1954;neutral;I'm trying to build the project with Maven 3.6, but getting `DependencyResolutionException` errors. Any known issues with this version?
2246;neutral;FYI, the `npm install` step is still failing on CircleCI with error code 1. Will investigate further.
3224;negative;Can't reproduce the build error with `master` branch, but it persists on my `dev` branch after updating to v1.2.3. Any ideas what's causing this regression? #1234
4294;negative;Issue #234: The latest build failed due to a missing `docker-compose` version in the `.yml` file. Can we get this sorted ASAP?
2381;neutral;Regarding #123, I've re-run the pipeline on `main` branch with updated `aws-iam-auth` library. Results are consistent with previous runs.
1885;neutral;Looks like the latest changes broke the unit tests on Windows. Can we take a closer look at the updated test suite?
3866;negative;Just encountered a `NullPointerException` in the `UserService` due to incorrect `@Autowired` bean injection. Should we add some null checks?
2532;neutral;I'm reviewing the fix for #1234. The changes look good but I'd like to see more test coverage before merging.
4389;negative;This breaks our CI/CD pipeline on Node 14. Would be great to see a fix for this ASAP, thanks! #1812
846;positive;Just successfully deployed to prod after fixing the #33 merge conflict. Your refactoring saved us hours of debugging time, thanks for the effort!
543;positive;Great catch on the CI/CD pipeline failure! Your fix for the `docker:latest` issue is spot-on. Thanks for the PR!
92;positive;Great fix for the pagination issue! Your changes have already improved performance in our staging env. Well done!
3151;negative;Just tested the fix for #1234, but it still fails on macOS with clang 13. Can we investigate further?
1980;neutral;Noticed an inconsistency in test results for #123, but the diff between master and dev branches looks clean. Would appreciate clarification.
2291;neutral;I'm reviewing #123 and noticed the test coverage doesn't account for the updated `user_input` field. Could we add a test case for this scenario?
3308;negative;I'm having trouble with the recent changes to `build.gradle` causing intermittent failures in our CI/CD pipelines. Can we revisit the dependencies?
2441;neutral;Noticed that the latest commit breaks our CI/CD pipeline for the `dev` environment. Would be helpful to investigate why this is happening.
4009;negative;I'm still experiencing issues with the `npm install` command failing due to outdated dependencies in package.json. #1234
1049;positive;Nice catch on the `npm` version inconsistency! Your fix in #1234 is clean and well-documented. Thanks for keeping our pipeline stable!
1961;neutral;Just wanted to confirm that the fix in PR #1234 didn't break any downstream dependencies. Can we add a regression test to ensure it doesn't affect future releases?
238;positive;Just tested #1234 with the latest build and it's working flawlessly! Great work on addressing that CI/CD pipeline issue!
2407;neutral;I'm trying to reproduce the intermittent `TypeError` in build 1234, but so far no luck. Any additional logging suggestions?
1134;positive;Great catch on the typo in `config.py`! Fixing it now should resolve #1234. Thanks for reviewing the code.
1806;neutral;Can we discuss the recent `jenkins` pipeline failure on the `main` branch? The build process was interrupted due to an unknown error.
3381;negative;The recent changes to the build process have caused our CI/CD pipeline to fail on Azure DevOps due to incompatible Docker versions.
164;positive;Great fix! The `CI/CD` pipeline now properly handles package updates. Nice work on the refactoring.
2838;neutral;Hi @author, just wanted to confirm the latest PR [PR#123](https://github.com/project/repo/pull/123) doesn't break our CI/CD pipeline on branch `dev-branch`.
2719;neutral;Just reviewing the latest build in Jenkins. Can confirm that the `jenkins-deploy` step is passing for branch `feature/new-feature`. No immediate concerns.
2804;neutral;@dependabot I'm seeing some intermittent build failures with the latest changes in #123. Can you take a look at our CI/CD pipeline config?
3367;negative;Failed to deploy due to `pg_bigmint` version conflict in our CI/CD pipeline. Downgrade required to fix this regressions #1234
2953;neutral;I've been reviewing the recent CI/CD pipeline updates for the new feature branch. Everything looks good so far.
3204;negative;Issue with the latest build: `CI/CD pipeline` failing due to an incompatible version of `numpy` on Ubuntu 20.04.
1812;neutral;I'm experiencing intermittent failures in the CircleCI build on `PR #123` due to inconsistent `package-lock.json` updates. Can someone investigate?
4259;negative;Unfortunately, the `jenkins` job is failing due to a dependency conflict with `mysql-connector-java`. Any ideas on how to resolve this?
3692;negative;I'm experiencing intermittent failures with the latest build on Azure DevOps. Error log shows inconsistent cache clearing, please investigate #4321
4172;negative;@username Your PR #123 is failing the CI build due to an unresolvable conflict with latest package updates. Investigate ASAP.
3688;negative;The latest build on CircleCI is still failing due to the unresolvable conflict between `axios` 0.21.1 and `react-router-dom` 5.2.0.
2755;neutral;Regarding #1234, I noticed the build failure is caused by an outdated version of `lib1`. Should we consider updating to `v2.5`?
3941;negative;Failing to update dependencies in #123 caused our CI pipeline to fail. Can we please revisit the dependency management strategy?
4190;negative;I'm experiencing intermittent build failures in `CI/CD Pipeline` due to outdated Docker images. Can we address this ASAP before it affects future releases?
2296;neutral;@author, I've reviewed the recent refactor changes in #1234. The updated build process seems to be stable, but I'd like further discussion on optimizing deployment time.
1453;positive;Great job on fixing the Docker build issue! CI pipeline is now green for master branch
594;positive;Just tested the latest fix for #1234, and I'm impressed with the performance boost! Well done on catching that regression!
42;positive;Great catch on that `NullPointerException` in the auth module! Your fix is spot-on, thanks for the PR #1234!
561;positive;Just reviewed #1234's updated CI/CD pipeline and it looks great! Good work on addressing those flaky tests!
2385;neutral;Can we discuss the implications of upgrading from `react` 17 to 18 on our existing app? I've seen some changes in the API but want to ensure a smooth transition.
2823;neutral;Looks like the latest Docker image build is failing due to missing dependencies in `package.json`. Any thoughts on how to resolve this?
244;positive;Thanks for squashing that nasty edge case in #123! Your fix really helps stabilize the build process on CircleCI.
1340;positive;Just tested with the latest PR (#123) and the bug is fixed! Great work @johnDoe on resolving the regex parsing issue!
2268;neutral;I've reviewed the latest PR #1234 and noticed the updated README doesn't match the current code structure. Worth a quick double-check.
2403;neutral;Re: Issue #1234: @dependabot failed to update dependencies for the latest framework release. Can you review the build logs?
3078;negative;This breakage in `packageA` is not isolated to the latest build. I'm seeing it on multiple platforms with different dependencies.
1443;positive;Just tested #1234 and the recent changes seem to have fixed the integration issue! CI/CD pipeline is now green across all environments. Well done team!
262;positive;Great catch on that CI/CD pipeline issue @johnDoe! Your fix resolved the failed deployments for our staging environment. Thanks for your attention to detail!
2257;neutral;I've noticed the latest build is consistently failing on Ubuntu due to an outdated dependency. Can we update it in our `ci.yaml` file?
1690;neutral;@author, I've reviewed your PR#123 for the new feature. It looks good to me, but let's discuss the CI/CD pipeline changes in more detail.
1726;neutral;Just reviewing #1234's PR build, noticed the CI/CD pipeline is set to run on Linux only. Is there a reason for this restriction?
3290;negative;Just hit a roadblock with the latest build. `circular_import` error in `app.py` due to outdated dependencies in `requirements.txt`. Fixing this ASAP.
835;positive;Just reviewed #45 and it looks great! Your fix for the regression issue in `package.json` has our build passing on CircleCI again, thanks!
1867;neutral;Just reviewing #1234's dependency updates. Noticed that `json` version isn't aligned with the specified SemVer range in `package.json`. Worth verifying.
2011;neutral;Noticed that the CI build on #123 fails due to `npm install` timeout. Have you tried increasing the `timeout` value in `.circleci/config.yml`?
341;positive;Just tested your latest PR (#123) and I'm impressed with the refactored CI/CD pipeline. It's running smoothly now, thanks for the update!
1602;neutral;I'm reviewing the #43 PR. The updated `readme.md` looks good, but I'd like to discuss the changes in the next CI/CD pipeline build.
2438;neutral;I noticed that the latest build in `ci/issue-123` failed due to a missing dependency on node-sass. Re-running the build with npm install should resolve the issue.
4231;negative;Failing to update `npm` dependencies caused the build to fail again #42. Can we revisit this before the next release?
481;positive;Great job on fixing the `npm install` failure in #123! The updated `package-lock.json` works perfectly now.
3159;negative;@maintainer Failing to update `package.json` in #42 caused a build error in our CI/CD pipeline. Can we revisit this change?
4179;negative;I'm experiencing the same issue with #124, where the `ci/cd` pipeline is failing due to an outdated `docker` image. Can we investigate this further?
2474;neutral;Just wanted to confirm that the fix for #1234 has been tested in our staging environment as per usual. No issues reported so far.
3233;negative;Comment on #456: The latest build failed in our CI/CD pipeline due to a missing dependency, can we bump @example/lib to v1.2.3?
1767;neutral;I'm observing inconsistent test results in the latest PR #123 due to changes in `build.gradle`. Need confirmation before further investigation.
3960;negative;The latest build is failing due to the removed `console.log` statement in PR #1234, causing an unexpected error in our production environment.
2536;neutral;The automated build failed on the `main` branch due to missing dependencies. Could we revisit the package installation in `.github/workflows/cd.yml`?
4498;negative;I'm experiencing intermittent failures on the nightly build due to this pull request (#1234). Can we revisit the changes to fix the CI/CD pipeline?
4150;negative;Still seeing intermittent crashes on Windows due to unsynced cache. Can we revisit the recent changes in #1234?
2987;neutral;I've reviewed the changes in PR #1234. The updated dependencies are properly installed via the new .NET Core build.
1272;positive;Thanks for implementing CI/CD pipelines in v2.0. It's now significantly easier to automate testing and deployment. Great job!
2500;neutral;@dependabot I've reviewed the updated `package.json`. Can you confirm if this change requires a new release in our CI/CD pipeline?
4217;negative;Failing to merge #123 due to outdated `node_modules` in the pipeline. This is causing issues with our production build.
4333;negative;PR #123 fails to build due to incompatible package versions in `package.json`. Unable to reproduce locally.
348;positive;Excellent fix for the `git push` failure in the CI/CD pipeline! This resolves #1234 and brings us closer to a stable release.
3679;negative;I'm experiencing intermittent failures in the CI/CD pipeline for PR #234 due to an inconsistent `npm` cache. Has anyone seen this behavior?
4166;negative;Failing to update dependencies in `v1.2.3` release caused integration test failures again. Need to review our CI/CD pipeline config.
4136;negative;"PR #123 fails to build due to unmet `numpy` version requirement; can't replicate locally"
1424;positive;Nice fix on #123, thanks for catching that edge case! The updated code runs smoothly through our CI/CD pipeline now
657;positive;Just tested your fix for the Travis build failure in #123 and it works beautifully! Well done on resolving that pesky issue!
2103;neutral;"@mentions I'm experiencing intermittent failures in our CircleCI 2.0 config; pipeline occasionally hangs on `npm run test`. Any ideas what might be causing this?"
633;positive;Great catch on that edge case @johnDoe! Your fix for #123 resolves the intermittent authentication issue. Well done!
3706;negative;Just hit this intermittent error in `build.gradle` while deploying to staging: `Could not resolve org.springframework.boot:spring-boot-starter-web`. Anyone else see this?
4244;negative;@author I've encountered a frustrating issue with `CI/CD Pipeline` where the deployment to staging fails due to missing dependencies. Can we review the pipeline config?
2687;neutral;This build failure in the CI/CD pipeline is likely due to the updated `dependencies.json` file. Can you check the version conflicts?
2922;neutral;Just wanted to confirm if the fix in #1234 is intended to override the existing CI/CD pipeline configuration for `docker-compose` deployment.
1466;positive;Just tested your PR for #123 and it's working flawlessly on my local env! Thanks for the fix, this will greatly improve our CI/CD pipeline stability.
2306;neutral;I'm seeing intermittent failures in our CircleCI pipeline for branch `dev/integration-testing` due to a timing issue with the mock API calls.
116;positive;Great fix for the intermittent CI/CD failures! Your investigation skills are impressive. This change will greatly improve our deployment stability.
4078;negative;Still getting `404 Not Found` errors on production after #123's changes. Can we take another look at the deployment script?
1495;positive;Just ran the latest PR with updated `pytest` version and all tests are passing! Your tweaks really streamlined our testing workflow!
1233;positive;Just ran `npm test` on this branch and all tests passed! Great job @author resolving the flaky `testUserLogin()` failure!
2589;neutral;I was reviewing the CI/CD pipeline for this build and noticed the `pip` install step is failing with a non-zero exit code.
1154;positive;Great catch on that CI/CD pipeline regression! Your fix in #1234 resolved the intermittent build failure. Thanks for your attention to detail!
3120;negative;I'm seeing a `TypeError` in the `test_data.py` file due to an incompatible library version. Can we update the dependencies?
58;positive;Great job on resolving the `NullPointerException` in commit #1234! Your fix is well-explained and the code changes are minimal.
3606;negative;I'm seeing intermittent failures on our Jenkins CI/CD pipeline due to inconsistent timeout settings in the `docker-compose` file. Could we revisit this?
4449;negative;I'm experiencing issues with the `latest` branch in Jenkins CI/CD. Getting errors like 'unresolved dependency: org.springframework.boot:spring-boot-starter-web'.
1736;neutral;I'm experiencing issues with the deployment on CircleCI. The test suite passes locally but fails in the `main` branch.
2197;neutral;I think we should revisit the Jenkinsfile configuration to ensure it's compatible with the latest version of the AWS SDK. #1435
4466;negative;"@author I'm hitting a `NullPointerException` on build 2345; can't reproduce locally due to mismatched dependencies. Review #1234 for context."
3572;negative;Failed to build due to `npm` version mismatch. Downgraded to 6.14.4 in `.gitlab-ci.yml` but still getting errors #1234
3107;negative;I'm experiencing intermittent failures in our CircleCI pipeline due to unexpected network connectivity issues. Any ideas on how to mitigate this? #1852
708;positive;Just reviewed the latest build on CircleCI and it's great to see all tests passing! Thanks for the continuous efforts in stabilizing our pipeline.
1094;positive;Great job on resolving the Docker image build failure in `#1234`. The updated `Dockerfile` now integrates seamlessly with our CI/CD pipeline.
3719;negative;Unable to build with latest `docker` version due to incompatible dependencies. Error: 'docker' binary not found.
1377;positive;Great catch on the `docker:latest` dep issue in #1234. Your fix looks solid, thanks for addressing it quickly in PR #5678!
73;positive;Just ran `npm test` and it passed on my local macOS env! Good job on fixing the Jest integration. Thanks for your effort!
1923;neutral;Noticed that test suite still passes after updating `package.json` to depend on newer version of `eslint`. Worth investigating.
2575;neutral;I've observed inconsistent test results for the latest commit in our CI/CD pipeline. Would appreciate it if you could take a look at the job logs.
1765;neutral;I'd like to revisit the `dependency_versions` table schema in #42 to ensure consistency with our API docs.
744;positive;Great job on resolving the `json-parser` crash in #123! Your patch made it through our CI pipeline without any issues. Thanks for the fix!
2342;neutral;Just reviewing #1234, noticed the `CI` test pass rate is 97%. Could we discuss the implications of this on our automated deployment?
1006;positive;Just ran the updated CI/CD pipeline and it's passing all tests! Great work on squashing those critical bugs in #123.
1191;positive;Great job on resolving the regex pattern mismatch in #1234! This fix will save us a lot of headache during deployment. Thanks for your patience!
1126;positive;Great job on resolving the memory leak in `lib/utils`! The updated tests are comprehensive. CI now passes with no issues.
1242;positive;Great fix on #123! The updated `ci.yml` file should now pass all tests. Nice catch on the Docker image version mismatch!
3467;negative;PR #123's build is still failing due to the same `npm` version conflict. Needs more attention before merging.
3595;negative;Just hit a roadblock with `#20`: the latest build in CircleCI is failing due to an incompatible version of `log4j`.
999;positive;Great job on fixing the `jenkins` deploy step! CI now successfully builds and deploys to prod. Well done!
1578;neutral;On `issue #123`, the build log indicates that the updated Docker image is successfully pushed to the registry, but I'd like to review the deploy script.
4314;negative;I'm experiencing intermittent failures in our CI/CD pipeline due to inconsistent `npm` cache behavior. Anyone else encounter this?
1827;neutral;Noticed that the `jenkins` stage in `.github/workflows/main.yml` is failing due to a missing Docker image. Reviewing the logs now.
3380;negative;Can we reconsider the recent refactor in PR #1234? It caused the Jenkins build to fail due to a typo in the `pom.xml` file.
4490;negative;Fails to build on CircleCI. Error message: 'unresolved dependency', caused by outdated version of 'semver' in package.json.
3837;negative;I'm experiencing intermittent failures in our CircleCI build due to an outdated `node-sass` version. Can we upgrade to the latest release?
441;positive;Great fix on the CI/CD pipeline! The updated build script now passes all tests. Thanks for catching that deployment bug!
1101;positive;Just verified the fix for #1234 in our CI/CD pipeline. Looks great! Thanks @johnDoe for implementing this critical patch.
2482;neutral;I'm having trouble getting the latest changes to pass on CircleCI. Can we review the build config for `feature/new-authentication`?
650;positive;Just tested #234's fix and it works beautifully! Your refactoring made our CI/CD pipeline run significantly smoother. Thanks for the effort!
1547;neutral;I've reviewed the recent PR #123 for the updated `config.json` file. Everything looks good to me.
2877;neutral;Regarding #1234, I've noticed the test suite is failing on CircleCI due to missing dependencies. Can we reevaluate our Docker image configuration?
2586;neutral;FYI on #123: the GitHub Actions build still fails intermittently with the latest version of `sqlite3` installed. Can we investigate further?
631;positive;Thanks for squashing that nasty memory leak in `v1.2`! Your fix has really streamlined our CI/CD pipeline!
673;positive;Great catch on the `dependency injection` bug! Your fix in PR #12 is spot-on, thanks for making our CI/CD pipeline more robust!
1250;positive;Thanks for fixing the CircleCI deployment issue in #123! Your changes got our beta release running smoothly again. Much appreciated!
483;positive;Thanks for addressing the caching issue in #123! This update will greatly improve our build times on CircleCI. Great work!
1585;neutral;The `build` step in the CI/CD pipeline is still failing with error code 255. Reviewing logs didn't reveal any obvious cause.
4169;negative;@author I'm experiencing intermittent failures on my build server. The latest deploy of `release/1.2.3` is consistently failing in the `unittests` step.
2560;neutral;@maintainer I think we should revisit #123's CI setup for the new Ruby version. The tests are passing locally but not on CircleCI. Can you take a look?
1463;positive;Just reviewed #1234, and I'm impressed with the refactored code. Well done on tackling that complex algorithm! Keeps our CI/CD pipelines humming smoothly.
3185;negative;@maintainer I'm experiencing intermittent errors with the API endpoint in `main`. The failure rate is increasing and it's affecting our nightly build.
2943;neutral;I'm reviewing the latest changes in #123. The updated testing framework looks good, but I need more context on the changes to CI/CD pipeline
50;positive;Just tested #23 with the updated Dockerfile and it's working smoothly! Your fix on `npm install` timing out is spot-on!
3608;negative;I'm experiencing issues with the build failing on CircleCI due to an incompatible version of `aws-sdk` in our latest PR #1234
2481;neutral;Just reviewing this PR to ensure the updated dependencies are correctly reflected in the build script. Looks good so far.
859;positive;Just deployed the fix for #12 and it's passing all tests. Thanks for the quick turnaround on the PR! The pipeline is now stable.
1073;positive;Just tested #1234 and the fix is working beautifully! Great job @johnDoe on identifying and resolving that tricky regression!
720;positive;Just tested your fix for #123 and it's working smoothly in our CI/CD pipeline. Great job! Simplifies the build process significantly.
2563;neutral;Following up on #1234, the failing test in `jenkins/pipeline` still seems to be related to a minor version mismatch. Investigating further.
1661;neutral;I'm seeing inconsistent build results with PR #123: `npm test` passes on my machine but fails in the CI environment. Any ideas?
1657;neutral;I've noticed the recent build failing due to an invalid version of `package.json`. Can we verify the lock file is up-to-date in #123?
2935;neutral;Noticed that the latest update to `npm` has caused issues with our CI/CD pipeline. Investigating further before merging #123.
3505;negative;Failing to build #55 on CircleCI due to a non-existent Docker image. Can we revisit the Dockerfile and dependencies?
4477;negative;Can we reconsider the `pip install` step in our CI/CD pipeline? It's consistently failing on Windows due to a missing dependency.
2689;neutral;Just wanted to bring up the inconsistent logging levels between main and feature branches. Can we sync them in the next update?
3965;negative;Unfortunately, I'm seeing intermittent test failures in my PR #1234 due to the unexpected behavior of the `axios` library version 1.2.0
4281;negative;PR #123's changes broke our CI/CD pipeline due to incompatible dependencies. Can we revert those changes for now?
4163;negative;@author, the latest build on master is still failing due to an unresolved `TypeError` in the CI/CD pipeline. Any help would be appreciated.
1386;positive;Just reviewed #123 and I'm impressed with the refactored code. The changes improved performance by 20% without compromising stability. Well done!
3108;negative;The unit tests for the latest update are still failing on CircleCI due to this dependency issue #12, can we escalate priority?
1400;positive;Great catch on the `npm` version mismatch in `CI/CD` pipelines! Your fix resolved our deployment issues perfectly. Thanks for your help!
1196;positive;Just tested PR #123 and it looks like the changes fixed the regression introduced in commit 928d23c. Great work on resolving the issue!
1409;positive;Love the fix for the `npm install` issue in #1234! Cleaned up our CI/CD pipeline nicely. Thanks for your attention to detail, @username!
4417;negative;@author I'm seeing intermittent failures in our CircleCI pipeline due to an unexpected `TypeError` when running the unit tests on Python 3.9.
1799;neutral;Just verified the fix in build #1234. The updated `main` branch now compiles successfully on both Linux and macOS.
1476;positive;Great work on fixing the build error in `#45`! The CI/CD pipeline now passes smoothly.
2610;neutral;Following up on #1234, I've tested the fix on multiple platforms and it seems to resolve the rendering issue without any new regressions.
36;positive;Just reviewed the latest PR (#1234) and I'm impressed with the refactored test suite. It's cleaner and more maintainable! Great work @username!
3669;negative;@john, just encountered a regression in `v1.2` due to the recent update to `react`, causing our CI/CD pipeline to fail consistently now.
2579;neutral;Noticed that the latest changes to `README.md` in #123 didn't trigger a rebuild of the documentation site. Should we add it to the `docs:build` step?
2207;neutral;Noticed that the latest update to `react` dependency in #123 caused a build failure. Should we reconsider the version range?
3054;negative;The latest build on `main` branch is failing due to a mismatched version of `npm` in the Dockerfile. Reviewing CI/CD logs shows this has been an ongoing issue.
1287;positive;Just tested #1234 and it's working as expected! The fix in this PR has resolved the intermittent error I was experiencing. Great work @author!
350;positive;Just successfully deployed the latest UI changes to prod! Looks great. Your PR #12 really made a difference. Thanks!
3569;negative;I'm running into an intermittent error with the Jenkins CI/CD pipeline on my Windows machine. Can we investigate? The test fails 1 out of 5 times.
4228;negative;This is the second time I've encountered this error with the new `v1.2` release, but the test suite still fails on CI.
1682;neutral;I'm experiencing intermittent failures in the `test-data` suite on Jenkins. Can we investigate why it's not always catching this issue (#1234)?
1444;positive;Thanks for catching that subtle typo in the README! Your diligence is much appreciated.
2635;neutral;Re #123: I've reviewed the latest build logs for the CI/CD pipeline and noticed no issues with the recent dependency update. Review continues.
1672;neutral;Regarding #1234: could you elaborate on the test coverage increase in the latest update? Not clear how it affects overall code reliability.
2847;neutral;Noticed that the latest release of `library-x` is causing a compatibility issue in our #123 PR. Can we discuss alternatives?
1180;positive;Great job on fixing the `npm install` issue in #123! The CI/CD pipeline now passes with the updated package version. Thanks for your efforts!
3875;negative;@maintainer This latest update breaks our CI/CD pipeline on branch #1234. The test suite fails with a NullPointerException in `utils.java`.
3898;negative;Can we revisit #1234? This regression was introduced in my last PR and it's causing issues with our CI/CD pipeline.
3931;negative;Comment from user:
1917;neutral;Looks like a minor regression in the CI/CD pipeline for branch `fix/auth`. @dependabot, can you review the updated dependencies?
1358;positive;Just reviewed the latest `main` branch update and I'm impressed with how smoothly the updated CI/CD pipeline is handling test runs. Keep up the great work!
1826;neutral;I've noticed the latest `v1.2` build in #24 is failing due to an unknown dependency issue in our CI/CD pipeline, would appreciate further investigation.
787;positive;Just tried your fix for the `TypeError` in the CI/CD pipeline and it's working flawlessly. Thanks for the patch, @username!
470;positive;Just tested your fix for #123 and it resolved the Jenkins build failure! Great work on that one, thanks for the effort!
141;positive;Great job on resolving the API call timeout issue in #123! The test suite is now passing with the updated retry logic.
789;positive;Just tested with latest Docker image and the build is successful. Your fixes for `npm install` errors were spot on! Great work!
324;positive;Great catch on that CI/CD pipeline failure! Your fix for the missing `npm` version pin should resolve the build issues. Thanks!
3336;negative;Failing to build due to incompatible dependencies. @dependency-updater, can you review and update the package.json file in #12345?
715;positive;Great job on resolving the regex injection vulnerability in #23! Cleaned-up code looks much more maintainable now.
3984;negative;The failing CI build on `main` due to the incorrect version of `npm` is frustrating. Shouldn't have broken it in this PR #1234.
4336;negative;I'm experiencing issues with intermittent CI failures on #123 due to the recent update of the `package-a` dependency. Can we revisit the build config?
3861;negative;Just hit a regression with `update-dependencies` script on branch `feature/user-credentials`, caused by outdated `axios` version.
4141;negative;@maintainer, can we revisit the recent fix for #1234? It's causing unexpected errors with our CI/CD pipeline on Azure.
2448;neutral;@everyone I've reviewed the updated code in #123. The test coverage for this feature is looking good, but let's discuss the API changes in the next meeting.
407;positive;Thanks for catching that regression in the latest PR #123! Your detailed test case helped us fix it quickly. Nice work!
3350;negative;Just encountered another failure in the build process due to outdated Docker version. Can we please bump it to v20.10.x?
1005;positive;Thanks for addressing the `NullPointerException` in #123. Your fix has been successfully tested in our CI/CD pipeline with no further issues.
891;positive;Great fix for the CI/CD pipeline! I was able to run the deployment successfully with this update. Well done on identifying the issue!
4400;negative;@author I'm experiencing intermittent failures in the build pipeline for #1234. This is causing delays in testing and review of my PR.
3193;negative;I'm getting inconsistent results with the latest build on Jenkins due to outdated dependencies. Can we review the pipeline config?
4309;negative;The latest build of #1234 is failing in our CI/CD pipeline due to a segmentation fault in the `libcurl` dependency. This is causing our downstream services to crash.
2690;neutral;@dependabot I'm reviewing the new changes in PR #1234. The updated dependencies seem fine, but let's keep an eye on the CI/CD pipeline output.
304;positive;Just tested the updated `build.gradle` and our CI/CD pipeline is now successfully building the project! Nice work on the recent refactor!
4027;negative;Just hit a snag with our latest CI/CD build. Looks like the new Jenkins plugin broke the automated deployment to AWS. Can we take a closer look?
3780;negative;Can we revisit #23? The recent build failed again due to the outdated `grpc` version in our Docker image. Not sure why this keeps happening.
665;positive;Nice catch on the API doc update! Your fix in #1234 helped resolve the test failures in our CI/CD pipeline. Thanks for your diligence!
1178;positive;Just reviewed your fix for #1234. Great job on resolving the API endpoint issue! Your solution is clean and efficient.
1948;neutral;Could we revisit the test coverage for #1234? The current 80% doesn't seem to account for the new features added in PR #5678.
3727;negative;The latest build on master is still failing due to the `npm` install timeout. Anyone else seeing this? #build-fail
4470;negative;I'm experiencing intermittent build failures on `main` branch due to version conflicts with `latest` dependencies. Can we revisit our CI/CD pipeline config?
2133;neutral;The new build process is working as expected in my local environment but I'd like to see it fail in the CI pipeline before we deploy #35
3639;negative;Frustratingly, the new regex in `update_dependencies.py` breaks our continuous integration on CircleCI due to an unhandled edge case.
962;positive;Just successfully deployed the updated API to production thanks to your fix for the caching issue (#123). Works like a charm now!
2010;neutral;I noticed that the `test_coverage` metric is not being reported in the latest CI run (#1234). Can we investigate?
2150;neutral;Noticed that the latest `master` build is failing on CircleCI due to a missing dependency. Any thoughts on how to resolve this?
2699;neutral;Just noticed that the latest build on `main` branch failed due to missing dependencies. Have you tried rebuilding the project?
2339;neutral;Hey @author, I'm looking at the recent changes to the `ci/pipeline` file. Could you clarify why the `NODE_VERSION` was updated to `14.x?
3366;negative;@maintainer Still getting the `502 Bad Gateway` error after your latest changes in PR #123. CI/CD is failing due to this issue.
305;positive;Great catch on the CI/CD pipeline fix! The latest deployment to dev now passes with flying colors. Thanks for your efforts!
1441;positive;Great catch on the `npm` version mismatch! Your fix in #34 works perfectly with our updated CI/CD pipeline!
1497;positive;Just tested the latest build on Jenkins and it's working smoothly! Great job on squashing that nasty bug in #123. Thanks for your hard work!
917;positive;Just successfully integrated the new logging feature in #1234. The improved error handling is making our CI/CD pipeline much more robust! Thanks for your efforts!
3596;negative;I'm seeing intermittent failures in the CI/CD pipeline due to a corrupted `package-lock.json` file. Can we investigate and fix this ASAP?
3018;negative;I'm experiencing intermittent failures in our CI/CD pipeline due to the `jsonschema` update in #1234. Can we revert it temporarily?
1625;neutral;I've reviewed #1234. The patch looks good but I'm concerned about the impact on our CI/CD pipeline. Can we discuss further?
3110;negative;Commenting on #12345: The failing tests in the `dev` branch due to deprecated packages are causing integration issues. Can we update dependencies ASAP?
822;positive;Just tried your fix for the Jenkins build issue #1234 and it worked like a charm! Thanks for your patience and expertise!
3104;negative;I'm experiencing intermittent build failures on the `master` branch due to inconsistent package versions, can we revisit our `package-lock.json` management?
1355;positive;Great job on fixing the `npm install` issue in #1234! The new CI/CD pipeline is much more efficient now.
4430;negative;@johnnysan I'm seeing intermittent fails on the CI/CD pipeline for `v2.5` due to a failing test in `src/utils.js`. Need help debugging this.
4053;negative;@dependabot Please investigate why the latest update is causing build failures on macOS due to an incompatible zlib version. The CI/CD pipeline should be updated accordingly.
1001;positive;Just tried the updated Jenkinsfile and our CI/CD pipeline is finally stable! Thanks for the quick fix on #123. You're a lifesaver!
19;positive;Just merged #123's fix for the Jenkins CI/CD pipeline failure. Your changes made it possible to automate the build process smoothly again!
1638;neutral;Noting that #42's patch for `docker-compose.yml` breaks the CI/CD pipeline for Ubuntu builds. Can we revisit this change?
1668;neutral;Hi @author, I'd like to discuss the potential impact of #123's changes on our CI/CD pipeline's configuration. Could we review together?
494;positive;Thanks for fixing the authentication token leak in #1234! This will greatly improve our app's security. Your changes should now pass CI/CD pipeline tests.
3632;negative;I'm hitting a null pointer exception on `get_user_data()` in the latest build. The CI/CD pipeline seems to be passing but I can reproduce this locally.
3023;negative;@author I'm experiencing intermittent errors with the latest update on `main` branch. Can't reproduce consistently in my local env. Frustrating, as this affects prod deploy.
688;positive;Just integrated the new logging framework in #1234. The logs are clean and easy to parse now, great work on this!
3025;negative;I'm seeing intermittent failures in the CI/CD pipeline for `feature/new-api` branch due to unresolved `axios` version conflict with `express-4.x`. Can we bump dependencies?
1609;neutral;Just reviewed your PR for fixing #1234. Looks good to me, but I'm curious about the impact on our CI/CD pipeline.
3310;negative;I'm unable to build the project due to a missing `dependencies` field in `package.json`. This breaks our CI/CD pipeline on CircleCI.
3064;negative;"I'm experiencing intermittent failures in the e2e tests due to a recent `@angular/material` update; can we investigate further? #1345"
1010;positive;Great catch on that edge case, @username! Your PR for 1.2.3 release notes really helped iron out the CI/CD pipeline inconsistencies.
2409;neutral;Can we discuss the potential impact of updating `package.json` on the CI/CD pipeline in #123? Just want to ensure we're not introducing any unexpected regressions.
1093;positive;Just verified the fix in #123: the CI/CD pipeline is now passing successfully! Great teamwork on resolving that pesky build error.
1328;positive;Just tested the latest build on Jenkins and it's running smoothly! The automated tests are also passing without any issues. Great work on the pipeline update!
1678;neutral;Can we revisit the #23 deployment script? I'm seeing inconsistent build times with our CI/CD pipeline, not sure if it's related to recent node updates.
2000;neutral;I think we should revisit the `npm` install script in `build.sh`. The `--legacy-peer-deps` flag is causing some conflicts with `package-lock.json`.
1311;positive;Great fix on the Jenkins pipeline issue! Your changes have successfully resolved the broken deploy process. Thanks for your patience!
1988;neutral;The test coverage for this PR still doesn't meet our 80% threshold. Would appreciate it if you could address the missing lines.
3472;negative;Can't repro the `401 Unauthorized` error on Heroku deployment. The pipeline is failing due to this, any ideas why?
345;positive;Great catch on the API endpoint typo! Your PR fixes it perfectly. Thanks for the thorough testing and feedback!
4437;negative;@author I'm experiencing intermittent failures in our CI/CD pipeline with the latest changes to `package.json`. Unable to reproduce locally.
987;positive;Great catch on the API endpoint change! Your PR #123 for `CI/CD Pipeline Update` has fixed the regression in my dev environment. Well done!
3122;negative;Just encountered another segfault on Linux with #1234. This is the third occurrence in a week, causing me to miss critical deadlines.
3656;negative;@johndoe The latest build is failing due to a `TypeError` on line 345 of `utils.py`. Need help debugging before the deadline.
3240;negative;Noticed that the recent update to CircleCI config is breaking our nightly build. Can we revisit the changes? #1310
2510;neutral;@username I've taken another look at the failing test in #1234. The error seems to be due to an incorrect dependency version in our `package.json`. Can we update it?
1143;positive;Just tested your PR #1234 and the fix for the CI/CD pipeline regression works beautifully. Great job on tracking down that tricky issue!
2359;neutral;Noticed that the `latest-release` tag in CircleCI is outdated. Could we update it to match the latest commit on main branch? #1234
1199;positive;Just tested #35 and the fix works beautifully! Thanks for your effort @contributor. CI/CD is now stable.
86;positive;Great fix on the #24 build pipeline! Your adjustments to the Dockerfile resolved the `npm install` failure. Thanks for the efficient troubleshooting!
1519;neutral;@username I'm experiencing intermittent failures in our Jenkins CI/CD pipeline for the `feature/new-login-system` branch. Can we investigate further?
3402;negative;Issue with latest deploy: Jenkins build fails due to missing `node-sass` version upgrade in package.json. Can we manually bump the version?
1382;positive;Just ran the updated CI pipeline for #123 and it's passing all tests! Great job on squashing that tricky bug!
2504;neutral;I'm not sure if this is a bug or expected behavior, but the `pip install` step in #123 still fails on Ubuntu due to missing dependencies.
1015;positive;Just deployed #123 to staging with the new routing fix. Looks like it's passing all our integration tests, great work team!
129;positive;Just tried out the latest patch for #23 and it's working seamlessly! Great job on resolving that regex issue!
1365;positive;Thanks for fixing the CI/CD pipeline issue with Maven version #1234! The automated tests are now passing seamlessly in our dev environment.
2945;neutral;I'm experiencing issues with the latest build failing on Windows due to missing dependencies in our `pom.xml`. Can we review the updated POM file?
2537;neutral;I'm experiencing intermittent failures in the CI/CD pipeline for #234. The build passes on my local machine but fails on the Jenkins server.
892;positive;Great job on resolving the Jenkins build failure in #24! Your fix has successfully integrated with our CI/CD pipeline.
3482;negative;Still getting `TypeError: Cannot read property 'length' of undefined` in the build process after #1234 fix.
1360;positive;Thanks for addressing the `README.md` formatting issue in #1234! Your changes have greatly improved code readability and maintainability.
308;positive;Just tested your fix on the CI/CD pipeline and it's working as expected. Well done on resolving the `dep-req` bug!
1662;neutral;I'm experiencing intermittent issues with build failures in our CI/CD pipeline for branch `feature/new-feature`. The last success was 2 days ago.
2432;neutral;Re: #12345. The test failure in the latest build is likely due to the recent upgrade of Node.js version, not a code change.
3188;negative;I'm getting a `TypeError` on my local build due to this breaking change in v1.2.0. Can we revert or provide an alternative solution?
1318;positive;Just successfully integrated the new `eslint` config into our CI/CD pipeline! Nice work on resolving that pesky linting error.
3816;negative;The `TypeError` in the recent build is still present after rebasing #456. Can we investigate further before merging @author?
4041;negative;Failing to update `dependencyA` in the latest release breaks our build. Can we backport this fix to v2.5.3 asap?
1209;positive;Great job on squash-merging #123! The test coverage is now at 98%. Can we discuss how to integrate this change with our CI/CD pipeline?
4316;negative;"Issue #123: The recent update broke our CI/CD pipeline. Getting ""Failed to parse package.json"" error. Any idea what's going on?"
3615;negative;Failing to downgrade to `3.4.7` in the `ci/cd` workflow is causing our build to fail due to a known bug.
4269;negative;Still experiencing issues with the failing tests in #123. @johnDoe's latest PR broke our CI/CD pipeline again. Can we revert changes and discuss further?
1240;positive;Just successfully deployed to prod with the updated Docker image. Thanks for fixing that pesky build error!
2290;neutral;FYI: the latest build on `main` branch is failing due to an unexpected exception in the integration test suite. Reviewing logs now.
276;positive;Great catch on fixing the `dependencyResolution` issue in #123! Your PR makes the CI/CD pipeline more resilient, thanks for your diligence!
490;positive;Just successfully integrated the new dependency into our CI/CD pipeline. Thanks for your efforts on this PR #234! Everything looks good so far.
3907;negative;Failing to catch `TypeError: unsupported operand type(s) for +: 'int' and 'str'` in #1234, causing test suite failures.
1230;positive;Great catch on the regex pattern in #123! I was able to reproduce the issue with our current version of node-sass 4.13.0. Thanks for bringing this up!
4094;negative;I'm still seeing the same crash on Android 11 after #1234 fix. Can we re-run CI pipeline for this specific build?
3287;negative;This build error in #123 is still present after rebase. The `@module` import isn't being resolved correctly.
3775;negative;The latest `v1.2` release is still failing the CircleCI build due to the missing `sqlite3` dependency, which I mentioned in #1234.
3429;negative;The latest build on #32 is still failing due to the `npm` install error. Can we investigate this further?
1059;positive;Nice fix on the #1234 pull request! Your refactoring simplified the CI/CD pipeline and reduced build time significantly.
2167;neutral;Regarding #1234, I noticed that the recent refactor didn't update the CircleCI config. Should we add a separate task for it?
282;positive;Thanks for fixing the caching bug in `feat: optimize build process`! CI now passes with flying colors!
2900;neutral;Hey @maintainer, just reviewing the latest build on `main` and noticed that the Jenkins job failed with a `NullPointerException`. Worth investigating.
1317;positive;Thanks for resolving the API rate limit issue in #123. Your fix has greatly improved our integration with the service!
969;positive;Great fix on the Jenkins build config! The pipeline is now stable and passing all tests. Thanks for the update!
3202;negative;Can we revisit #123's changes? The `npm install` step fails in the CI/CD pipeline due to a missing peer dependency on `@types/node`. Failing tests since yesterday.
4224;negative;Failed to build on CI/CD after updating dependencies. `yarn install` produces an error with a cryptic 'resolve' package failure.
4424;negative;Hi @maintainer, I'm hitting a 403 Forbidden error on deployment with Jenkins. CI/CD pipeline is failing consistently.
2861;neutral;I think we can optimize the `build.gradle` file by removing unused dependencies. Can you review #1234 and add your thoughts?
620;positive;Great job on resolving the `TypeError` in #123! Your fix streamlined our CI/CD pipeline and saved us hours of debugging time. Thanks!
4390;negative;I'm experiencing intermittent failures in our CI/CD pipeline on #123. The recent `npm` update seems to be causing conflicts with `express-3.x.x`. Need help troubleshooting this further.
1743;neutral;I've reviewed the updated `README.md` in PR #123. The changes look good to me, but I'd like to see some minor formatting adjustments before merging.
4051;negative;I'm experiencing an intermittent error with the API calls in branch `feat/new-feature` where the response body is empty. Can we take a look?
3280;negative;@maintainer, just encountered a failing test in the latest PR #123. The `docker-compose` build step consistently fails on macOS.
1848;neutral;Regarding #43: Can we revisit the implementation of `ci/test.sh`? It seems to be failing due to missing dependencies on our dev env.
1580;neutral;Regarding #1234: I was able to reproduce the CI build failure. It seems the `node_modules` directory is being deleted in the cleanup step.
1656;neutral;FYI, our latest test results indicate no regressions after the recent build updates. Ready to move forward with integrating the new feature #123
2353;neutral;I'm experiencing intermittent failures in the `test-ci` pipeline due to an inconsistent build environment. Can we investigate further?
2213;neutral;Just wanted to confirm if the recent changes in #23 affect the downstream dependencies. Will adjust accordingly.
2021;neutral;I'm experiencing intermittent failures in the `update-deps` job. The build passes on my local machine but fails on CircleCI occasionally. Any insights appreciated.
1957;neutral;Thanks for pointing out the discrepancy in test coverage, @johnDoe. We'll review the CI/CD pipeline logs to identify the root cause of this issue.
1308;positive;Just ran the updated `CI/CD` pipeline on #22 and it looks like the build is passing consistently now. Great work @contributor!
2004;neutral;Noticed that the latest build fails on Ubuntu 20.04 due to missing libssl-dev package in the Docker image, @dependabot.
576;positive;Great catch on the `NullPointerException` in build.gradle. Your fix in PR #123 is spot on!
3313;negative;Failed build in latest commit #1234. Travis CI reports `/bin/sh: 1: ./gradlew: not found` error.
1707;neutral;Noticed that the latest `main` build is failing due to missing dependencies in the project's package.json file. Can we review?
3034;negative;I'm experiencing intermittent failures in the CI/CD pipeline for `issue #123` due to a flaky test. Can we revisit the mocking library dependency?
2820;neutral;I think we should review the dependencies in `package.json` before updating to v2.0 to ensure a smooth transition for downstream projects.
3663;negative;The latest build is still failing due to the #23 dependency issue. Can we revisit the package upgrade in the CI/CD pipeline?
862;positive;Great catch on the caching issue in #123. Your fix should resolve our downstream test failures and improve app performance!
1802;neutral;Just wanted to confirm that the fix for #1234 is not affecting the CI/CD pipeline for the master branch. Reviewing further now.
1629;neutral;I'm having trouble understanding why the latest fix for #123 is causing a regression on our nightly build. Can we revisit the test coverage?
1994;neutral;Can we revisit the `build` script in #123? I noticed it's not updating `node_modules` after `npm install`, which might cause issues downstream.
270;positive;Great job on fixing the `npm install` error in #1234! Your changes to the `package.json` have improved the CI/CD pipeline significantly.
630;positive;Great catch on the Docker image tag typo! Your fix for #12345 has passed our CI tests with flying colors. Nice work!
2335;neutral;Noticed an inconsistency in the test results. Requested you update the README to reflect this, as it affects the continuous deployment pipeline.
301;positive;Thanks for fixing the intermittent test failure in `ci/pipeline.yml`, this should improve our nightly build reliability!
460;positive;Great catch on the `npm` version mismatch in the CI/CD pipeline! Your fix for #1234 is spot on, thanks!
1448;positive;Just reviewed the latest `feat/new-api` PR, great work on refactoring the endpoint! The updated tests are thorough as well.
1473;positive;Great fix! The `npm install` error in the #1234 PR is now resolved. Thanks for catching that!
2047;neutral;I'm having trouble with the latest update on PR #1234, getting an error when running `yarn install`
3504;negative;I'm having trouble with the latest build on the `staging` branch. It's failing due to a missing `libssl-dev` package. Can someone please help resolve this?
4105;negative;@maintainer Failing the latest integration test due to missing config file in new dependencies. Reverting 1ad2d7b breaks everything #issue-123
2114;neutral;@dependabot Can you review the latest patch release for `react` in our CI/CD pipeline to ensure no breaking changes?
3650;negative;I'm experiencing intermittent build failures in #1234 due to flaky tests. The CI/CD pipeline is failing with a 'timeout' error for the past 3 days.
3112;negative;Still seeing intermittent crashes on Windows due to the unresolved `libpng` dependency issue in PR #123, causing our CI/CD pipeline to fail consistently.
838;positive;Just saw your PR #123 merge successfully! Great job on squashing those issues with the new CI/CD pipeline. Thanks for the detailed commit history!
3102;negative;@author I'm seeing intermittent failures in our CI/CD for the `master` branch. Can we debug this before merging #123?
2009;neutral;I'm reviewing the latest changes in #34. Could you clarify how this affects our existing integration with Jenkins?
4418;negative;Hey @johnDoe, the latest PR #1234 is still failing on CircleCI due to a missing `@types/node` package. Can we revisit this?
504;positive;Just tested the latest build on Jenkins and it passed all tests! Great job on ironing out that tricky dependency issue #345.
2601;neutral;Can we discuss the test coverage for PR #123? It's running at 75% on CircleCI but I'm concerned about the untested edge cases.
4253;negative;PR #234 is still failing on CircleCI due to this dependency conflict. Can we revisit the Dockerfile to resolve this? Failing to reproduce.
381;positive;Great job on resolving the Travis build failure! Simplified the Docker setup in your PR #123 to ensure smooth CI pipeline execution.
3607;negative;I'm still getting intermittent failures in our `ci-test` suite on CircleCI. Can we take another look at the Docker build config? #345
1526;neutral;Just wanted to confirm that the fix for #1234 was deployed successfully to staging environment. No issues observed so far.
3484;negative;The new build failed on CircleCI due to missing dependencies in the `requirements.txt` file. Can we review the update before merging #1450?
3457;negative;I'm experiencing intermittent errors with the Jenkins build on master. Occasionally, it hangs indefinitely after 'npm install'.
2341;neutral;Just reviewed PR #123 and noticed the updated Dockerfile is missing a crucial environment variable. Can we revisit this?
375;positive;Great work on resolving the `jenkins` integration bug! The fix in #1234 has improved our automated testing workflow significantly.
2647;neutral;I'd like to review the updated `README.md` for clarity on build dependencies. Can we add a note about Java 11 requirements?
2382;neutral;Just ran into an intermittent error in the deployment pipeline on `main` branch. Has anyone else experienced this behavior?
4311;negative;I'm seeing intermittent `ConnectionReset` errors in our e2e tests due to network congestion. Can we add retries to the test suite? #1234
940;positive;Great fix on #42! The updated `CI/CD` config is working smoothly. Thanks for your patience with the test suite adjustments.
3278;negative;Still seeing intermittent failures in the `feature/new-login` branch's integration tests. The error persists even after re-running the CI/CD pipeline.
3417;negative;I'm experiencing intermittent `503 Service Unavailable` errors with the latest build on CircleCI. Can we investigate the cause?
2148;neutral;I'm reviewing the PR for #234: I notice the updated README doesn't match the latest code changes. Could you sync them?
3818;negative;I'm experiencing issues with the latest build on CircleCI due to broken dependencies in `package-lock.json`. Fails on multiple platforms.
2069;neutral;Re: Update CI/CD pipeline for Node.js 16 support. Could you clarify the steps to reproduce this change in our workflow?
530;positive;Just tested #42 and the fix works beautifully! Well done @username on squashing that regression. Pipeline should now be green.
3106;negative;Just hit a roadblock with the latest build. The updated `npm` package is causing conflicts in our `jenkins` CI/CD pipeline.
637;positive;Just reviewed your fix for #123: great job on catching that edge case! Simplified the test suite nicely.
1270;positive;Just tested your fix for #1234 and it's working perfectly. Great job on squashing that nasty null pointer exception!
186;positive;Great job on resolving the API rate limit issue in #42! The code is cleaner now and I'm happy to see this feature working smoothly.
3096;negative;Unfortunately, I've encountered a regression in the `fetch_data` function due to the updated `requests` library version, causing authentication failures on our production server.
2581;neutral;Just wanted to follow up on #1234. The latest update to the build script seems to be working as expected in our CI/CD pipeline.
2805;neutral;Following up on #123, I was able to reproduce the issue with `npm` 7.10.0 but not with 6.14.13. Should we consider pinning the version?
1798;neutral;I'm running `npm install` on the latest commit (b8e4f3) but `@some-dep` doesn't seem to be installed. Any ideas?
1442;positive;Great job on fixing the `npm install` issue in #1234! The updated workflow is now building successfully for me as well.
2782;neutral;I'm experiencing a `TypeError` when running `pip install` on the updated dependencies. Can someone take a look at the `requirements.txt` file? #185
1536;neutral;I've reviewed the PR #123 and it looks good to me, but I'd like to see more test coverage for edge cases before merging.
1274;positive;Just ran your latest build on CircleCI and it looks like the test suite is passing for the first time! Great work!
4242;negative;Can we revisit #1234? The changes are causing intermittent failures in our CI pipeline due to outdated dependencies.
608;positive;This CI/CD setup is fantastic! I've successfully deployed to staging with your PR #123. Great work on the dependencies too!
1713;neutral;I was reviewing PR #42 and noticed that the test coverage report is inconsistent with the actual changes made in the updated code.
2200;neutral;I'm seeing intermittent failures in our CI/CD pipeline for `issue #1234` due to inconsistent build environments. Can we explore additional logging?
956;positive;Great fix for the caching issue in `v3.1`! Ran into similar problems on our end, thanks for making this change @username.
3187;negative;@author I'm still seeing intermittent failures in our Jenkins pipeline due to this new dependency. Can we revisit the package version?
2743;neutral;On CI/CD pipeline for `release-1.2`, the deployment to staging environment is failing due to an unresolved Maven dependency. Can someone investigate this?
404;positive;Just merged PR #123 and the test suite is now passing with flying colors! Great job @johnDoe on resolving that pesky bug!
2072;neutral;Noticed the integration tests are still failing on JDK 11. Can we review the affected code in #1234 to ensure correct configuration?
4284;negative;Failing to update `npm` dependencies in the latest PR will cause issues with the build pipeline. Please review and address.
1978;neutral;Re: #23 Travis CI build failing due to outdated `dep` version. Checking on the latest release notes for compatibility.
159;positive;Just tested the fix for #1234 and it's working great! CI/CD pipeline is now passing smoothly. Well done on squashing that pesky bug!
1749;neutral;Looking at the recent PR #123 for the `ci-pipeline.yml` update, I noticed no changes were made to the `test` stage. Should we add those as well?
3867;negative;Just hit a `TypeError` in our CI/CD pipeline due to the recent update of `requests` library. This isn't the first time this has happened, can we revisit our dependency management?
903;positive;Just ran the updated `npm install` on the new Jenkins pipeline and it's successfully building our project. Thanks for the fix!
353;positive;Great job on addressing the test coverage issues in PR #234. The updated pipeline is now stable!
1231;positive;Great catch on the CI/CD pipeline update! The new script is now successfully deploying to staging without any errors. Keep up the good work!
4209;negative;Failed to build `master` branch due to missing `node_modules`. This is the third time this week. Can we update our `.gitignore`?
2141;neutral;I've noticed the linter warnings for `@types/node` in `package.json` haven't been addressed in #1234. Can we revisit this before closing?
445;positive;Just tried the fix for #1234 and it's working beautifully in our CI/CD pipeline! Well done on tracking down that nasty bug!
4452;negative;I'm getting intermittent `500` errors on our API after deploying the latest changes to `master`. Investigating further.
755;positive;Thanks for fixing the Travis-CI build error on `v2.5` branch! Your change made it pass seamlessly in CI pipeline.
1738;neutral;@john Can you clarify the behavior of `npm install` in the `ci` environment? I've tried reproducing the error with minimal repro case: #345
4482;negative;Unfortunately, `ci/cd` fails on Ubuntu 20.04 due to missing Python3.9 header files. Please consider adding a workaround or updating build scripts.
312;positive;Great catch on the null pointer exception! PR #23 has this fixed. Thanks for your diligence and helping us squash bugs!
549;positive;Just tested #345's fix and it passes all tests! Thanks for the quick turnaround on this critical bug. The project is looking great!
3304;negative;Can we revisit the latest deployment on main? Got a 502 error for hours due to outdated node version. #162
4362;negative;Issue with `build:ci` step failing due to missing Dockerfile in latest PR #123. Can we get an update on the fix?
307;positive;Great job fixing the CI/CD pipeline issue! The automated builds are now passing consistently. Thanks for your attention to this problem!
2336;neutral;Noticed that the latest update to `v1.2` is failing on our CI/CD pipeline due to a missing dependency in `package.json`. Investigating further.
695;positive;Just tested PR #12 with the updated dependencies and it's working smoothly! Great job on resolving the Maven build issue!
2357;neutral;Just reviewing #1234's changes to the Dockerfile. The added line for `ENV` seems unnecessary, but I'm not sure about its implications on CI/CD pipeline behavior.
1928;neutral;"I've checked the latest deployment logs in Jenkins; the CI/CD pipeline seems to be running smoothly. No issues found."
3804;negative;Commenting on #123: The CI/CD pipeline is still failing due to this unresolved `TypeError` in `lib/utils.py`. Can we review the code again?
750;positive;Great catch on the `NullPointerException` in the CI/CD pipeline! Your fix will prevent downstream issues with our deployment process. Thanks for the prompt update!
3594;negative;@maintainer The CI/CD pipeline still fails on CircleCI due to the incorrect Docker image version specified in `.circleci/config.yml`. Can you please review?
1267;positive;Great job on squashing that critical bug in the latest PR! Cleaned up the tests nicely too #bugfix #CI/CD
2995;neutral;FYI, the `ci` build for PR #123 is failing due to an unknown error. Would appreciate it if someone could take a look.
2868;neutral;I'd like to see the updated `requirements.txt` in your latest PR (#1234) reflected in the next build. Can you review the CI/CD pipeline logs?
3228;negative;I'm seeing intermittent failures in the CircleCI build for #123. The last success was 3 days ago, need to investigate the cause.
971;positive;Just reviewed the updated CI/CD pipeline config, looks great! Your changes simplified the deployment process significantly, thanks for the effort!
14;positive;Just tried your PR (#123) and the fix for #456 is working beautifully in my local setup! Thanks for the update!
874;positive;Just tested the latest changes and it seems like the CI/CD pipeline is stable again! Great job on fixing that tricky dependency issue #1234
809;positive;Just reviewed #123's fix for the memory leak issue. It looks like it's working as expected now! Well done team!
515;positive;Just tested #43 with latest changes and it's working flawlessly! Well done @username on squashing that pesky bug!
3958;negative;Just ran into an intermittent error on my local dev env with #45. Can we revisit the caching logic to prevent this from occurring?
410;positive;Great fix on #123! The updated package manager config has resolved the circular dependency issue in our CI/CD pipeline. Thanks for your attention to detail!
2765;neutral;I've verified the fix in #123. The changes seem to be working correctly in our staging environment. Can we proceed with merging?
3713;negative;Just hit a regression with `npm ci` on Linux due to an outdated version of `bcrypt`, causing build failures in #1234.
208;positive;Just tested #1 with latest changes in PR #42 and it's now passing all tests! Your refactor really simplified the codebase. Well done!
4037;negative;Failing to fix the `NullPointerException` in this PR #123 is blocking our release. Can someone please take a look?
459;positive;Just tried the latest build on the main branch and it's passing all tests! Great work on getting our CI/CD pipeline sorted out. Thanks for the effort!
2821;neutral;I'm reviewing the latest changes in #123. Can we discuss how the new auth mechanism interacts with our existing CI/CD pipelines?
2431;neutral;Hi @author, I just wanted to follow up on #123: `pip install` still fails due to missing `wheel` requirement. Can you take another look?
2972;neutral;Regarding #123: I'm observing intermittent build failures in the master branch due to inconsistent package versions. Should we lock down dependencies?
3600;negative;Can we revisit #123? The latest build is still failing due to an unresolved dependency conflict. Stuck on this for hours now.
3037;negative;PR #123 still failing on CircleCI after 5 tries. It's time to revisit the Docker image setup before it blocks our release #bugzilla
3275;negative;Issue with latest build in CircleCI: `build failed due to missing dependencies` . Can't reproduce locally. @dependabot, did you update the lockfile?
1884;neutral;Hey @author, I'm reviewing the updated `ci-pipeline.yml` for #123. No issues found, just wanted to confirm we're using the latest Docker version as specified in the `.dockerignore` file.
1714;neutral;I've reviewed the PR #1234, but I'm unsure about the impact of this change on our existing CI/CD pipeline. Can we add some test coverage for this new feature?
4392;negative;@author I'm having trouble with the latest `v2.1` release - our CI/CD pipeline is consistently failing due to a missing dependency in the new package.json file.
2758;neutral;I've reviewed the PR #1234 and noticed a minor discrepancy in the docstrings for the `utils` module. Should we revisit the implementation?
553;positive;Great fix on #123! The build pipeline is now stable after your adjustments. Well done on resolving the CircleCI error.
1440;positive;Thanks for fixing that nasty Unicode encoding issue in `read_config.py`! Works like a charm now.
2271;neutral;Just reviewed #123: the fix looks good. Would be great to have some test cases for this edge case to increase confidence in the change.
4306;negative;@johnpaul I'm seeing an intermittent failure in our CI/CD pipeline #23, suspecting a version conflict with `django` package. Can we update to the latest stable release?
1926;neutral;Regarding #1234, I noticed the recent changes to the CI/CD pipeline have improved build times but are causing intermittent test failures on some environments.
635;positive;Great job on fixing the Travis build error! The updated Docker image now successfully runs the integration tests.
4328;negative;@author I'm concerned about the build failure in #1234 caused by outdated dependencies. Can we adjust the `npm update` script to refresh dependencies before testing?
317;positive;Thanks for fixing the Docker build error in #123! Your changes resolved the issue and it's now successfully deploying to staging.
3490;negative;I'm seeing intermittent failures in our CI/CD pipeline due to a corrupted cache. Can we investigate this further? #2475
4236;negative;The recent update to Node.js dependencies has broken our CI/CD pipeline on branch #123. Can we revisit the package.json file?
1329;positive;Great catch on the `npm install` failure in #1234! Your PR has significantly improved our build reliability. Thanks for your diligence!
428;positive;Great job on resolving the TravisCI build failure! Your fixes streamlined the deployment pipeline. Thanks for the swift resolution!
4131;negative;Hey @dev, just hit this error in the latest build `npm install` fails due to outdated node-sass version. Fails on CircleCI too.
106;positive;Just tried the latest fix for #123 and it's working beautifully! The automated tests are also passing now. Thanks for your persistence!
143;positive;Thanks for fixing the `update-docs` script issue! The latest build passed with no issues. Your help is greatly appreciated!
2170;neutral;Related to #123: Can we discuss the implications of upgrading `npm` on the CI/CD pipeline's execution time? Currently, it takes around 5 minutes longer.
2705;neutral;Regarding #1234, I'm experiencing intermittent failures in our CI pipeline on Windows. Have seen this issue occasionally, but can't pinpoint the cause.
3893;negative;Frustrating that the `master` branch is still failing due to the uncommitted changes in the `node_modules` directory. Can we revert this to a known good state?
2242;neutral;@author I've tested the fix in PR #123 and it resolves the issue with our CI/CD pipeline failing due to missing dependencies.
3149;negative;Unfortunately, I'm experiencing intermittent failures with the latest Docker build on CircleCI. This is blocking our deployment to production #183
2164;neutral;FYI, I've re-run the CI pipeline for `#123` after updating dependencies. Still experiencing intermittent failures with Jenkins.
2637;neutral;Hi @maintainer, just wanted to bring up the fact that the `build` step in .github/workflows/ci.yml is failing intermittently due to a timeout issue.
1950;neutral;Just reviewing your PR #1234. The tests pass but I'm having trouble reproducing the expected behavior in a certain edge case.
1769;neutral;I've reviewed #123 regarding the failed CircleCI build. The error message suggests an issue with the `docker:latest` image. Can we try using a pinned version instead?
2273;neutral;I noticed that in #123, the `build-deps` version of `axios` still seems outdated. Can we consider updating it to match the major release?
2;positive;Great fix on #123! Your pull request streamlined our deployment process, making it faster than ever. Excellent work!
2666;neutral;Looks like there's an unexpected failure in our CI/CD pipeline. Can we take a closer look at the Node 14 test run? #issue-1234
4461;negative;The latest build on the `main` branch is failing due to an unresolved dependency conflict. Can we revisit the package update? #1234
1952;neutral;Just reviewing the build logs for #1234 and noticed the tests were skipped on the Linux armv7l architecture. Would be good to investigate this further.
3320;negative;I'm experiencing intermittent crashes with the `test-parallelization` feature on my local env. Running `make test` repeatedly triggers a segmentation fault.
3622;negative;Can't reproduce the `TypeError` in the latest build. Was this fixed by #1234? Need to understand how it's now passing CI without changes.
2834;neutral;I'm reviewing the PR #42. The updated `README.md` seems to meet the format requirements, but I'd like clarification on the new section.
1110;positive;Just integrated #12 and I'm thrilled to report that our CI/CD pipeline is now passing with flying colors! Great team effort!
2916;neutral;I'm experiencing intermittent build failures in the `develop` branch due to a failed `npm install`. Can we investigate further?
592;positive;Just ran the latest test suite with the updated `eslint` config from #42 and it's passing cleanly! Nice work on that PR!
1696;neutral;I'm having trouble repro'ing the `NullPointerException` on Linux. Any thoughts on how to investigate this further in our CI/CD pipeline?
3477;negative;I'm experiencing intermittent errors with `latest-release` artifact in the CI/CD pipeline. Can we try downgrading to `v2.x.x` instead?
2768;neutral;Just testing #5 with latest dependency update: still encountering `NullPointerException` on `build.gradle`. Worth reviewing the updated `pom.xml` as well.
1577;neutral;In reviewing #123's unit tests, I noticed the `UserDAO` class is missing a `@NotNull` annotation on the `id` parameter. This should be updated for consistency with other methods.
3207;negative;I'm experiencing intermittent failures in our CircleCI pipeline. Latest run failed with `error: unable to initialize a new process`. Investigating further.
214;positive;Great job on resolving the `jenkins` build failure! Your fixes to `docker-compose.yml` made all the difference in CI/CD pipeline stability.
779;positive;Great fix on #123! The updated code should now properly handle edge cases in the CI/CD pipeline. Nice catch on that subtle bug!
3536;negative;Issue #123 still causing intermittent failures in our CD pipeline. Need help figuring out why the `aws-sdk` dependency is causing these issues.
3048;negative;I'm seeing intermittent failures in the CI/CD pipeline on PR #123 due to an unbound thread resource usage increase of 300%.
2044;neutral;I've verified the `latest` tag in our Dockerfile is up to date. CI build should pass once this change is applied.
4072;negative;I'm unable to deploy to prod after updating dependencies due to unresolved conflicts in `node_modules`. Can we take a closer look at the `package-lock.json`?
4151;negative;I'm experiencing issues with the latest update to `webpack` causing `npm build` to fail in `pull/1234`. Any thoughts on potential fixes?
3889;negative;This build error is still occurring on my local machine after #1234's fix: `Failed to resolve org.junit:junit:5.7.0`
1568;neutral;I'm reviewing the latest changes to PR #123, but I notice that the update to `dependencies` in `package.json` doesn't match the updated list in `.circleci/config.yml.
3751;negative;@author, the latest CI build is failing due to a mismatch in the Node.js version between `package.json` and `.nvmrc`. Can you investigate?
4251;negative;Issue with latest PR #42: `docker-compose up` fails to deploy due to missing network configuration in the Dockerfile. Repro steps attached.
3047;negative;PR #12's build fails due to incorrect version of `sqlite3` in requirements.txt. Can we please update the version to match the pinned one in the Dockerfile?
4433;negative;I'm getting intermittent `NullPointerException` in my local build, but CI is passing. This is frustrating to debug.
1344;positive;Thanks for fixing the CI/CD pipeline crash! Your commit `fix-pipeline-crash` resolved the issue cleanly. Working smoothly now!
2014;neutral;Noticed that the `update-credentials` task in `CI/CD Pipeline 1234` is running out of memory. Investigating possible solutions to optimize its resource allocation.
274;positive;Great job on fixing the CI/CD pipeline issues! The latest build is now passing successfully.
72;positive;Just reviewed your recent fix for the `update-deps` script in #1234, looks great! CI pipeline is now green again. Thanks!
1088;positive;Great job on resolving the `NullPointerException` in the build script! Your changes to `build.gradle.kts` are a huge improvement!
395;positive;Thanks for fixing the API endpoint in #123! This change should improve performance on our production setup. Great work!
584;positive;Just ran the latest PR and it looks great! The updated build process has significantly improved our CD performance. Nice work!
1368;positive;Great job on fixing the CI/CD pipeline issue! The test suite is now passing with ease on all branches.
4488;negative;The CI build is failing again due to the missing `@types/node` dependency. Can we please ensure it's included in the `package.json`?
3312;negative;Failing to build on Windows due to `libstdc++` version mismatch. This breakage wasn't caught in CI because `win-x86_64` was incorrectly set as a compatible OS.
2549;neutral;Noticed this build failure in our `dev` branch (#123) due to a missing semicolon on line 456 of the service module. Can we investigate?
3337;negative;Commenting on this pull request #123. I'm seeing intermittent CI failures due to a recent upgrade of Jest 27, any ideas what's causing the test suite breakdown?
4312;negative;The latest build is still failing due to the unchanged `npm` version in the `.circleci/config.yml`. Can someone take a look?
3239;negative;Issue with CircleCI pipeline failing due to incorrect `node_modules` path in `.circleci/config.yml`, causing build to break intermittently.
3566;negative;Issue #1234: I'm seeing intermittent failures in our CI/CD pipeline for the `latest-release` branch due to a missing dependency on `npm install`. Can we investigate?
1764;neutral;I've verified the fix in #1234 and it doesn't seem to affect our current CI/CD setup. Can we discuss the implications on future pipelines?
3732;negative;I'm getting intermittent `ConnectionResetException` errors in the API endpoint. The CI/CD pipeline is passing, but local testing reproduces the issue.
1260;positive;Great job on fixing the CI/CD pipeline crash! The updated workflow is now running smoothly for our latest deploy. Thanks for your help!
4059;negative;@johndoe, I've encountered the same issue with the latest `eslint` upgrade breaking our CI/CD pipeline. Can you please investigate?
2254;neutral;I'm not seeing the fix for #123 in the latest build. Can you double-check the pipeline logs?
527;positive;Thanks for fixing the Jenkins build failure on `main`! Your changes have successfully built and deployed the latest version of our app #1234
378;positive;Just ran the latest build on Jenkins and it's passing all tests! Great work on fixing the serialization issue in #123
1560;neutral;@developer I noticed the Travis build failing on #123 due to a missing gemspec. Can we review the Gemfile and resolve this?
4045;negative;@everyone I'm seeing intermittent failures in our CI/CD pipeline due to the new version of `log4j` causing conflicts with our Spring app's dependency management.
1964;neutral;I'm reviewing the PR #123 and noticed that the Travis build is failing due to an unresolved dependency. Can we discuss a fix?
4266;negative;I'm still seeing intermittent failures in the `ci-stages` pipeline due to version conflicts between `nodejs` and `npm`. Can we upgrade to a newer Node version?
349;positive;Great catch on the `NullPointerException` in buildStep 3! Your fix for `build.gradle` has improved the overall stability of our CI/CD pipeline. Thanks!
3954;negative;I'm seeing intermittent failures in our CI/CD pipeline due to unmet dependencies on `@latest` versions of `react-scripts`. Can we revisit the lockfiles?
2247;neutral;FYI: I noticed the latest `npm audit fix` on `my-project/pull/123` resulted in a minor change to package.json, no functional impact observed so far.
3418;negative;This change breaks the CI/CD pipeline for our nightly build. The `maven` package version is not being updated correctly.
1710;neutral;Reviewing #123 for potential conflicts with upcoming changes in master branch. Would like to discuss further before merging.
1051;positive;Great fix! Your patch for the #42 memory leak has improved performance by 30% in our CI/CD pipeline. Thanks for your work!
591;positive;Great fix on #123! Your patch for the CI/CD pipeline regression has improved our deployment reliability significantly. Thanks!
520;positive;Great job on fixing the regression in #1234! The new version is running smoothly through our CI/CD pipelines as well.
3990;negative;The CI/CD pipeline on branch `fix/login-issue` is failing due to a broken dependency. Can we roll back the updated `axios` version?
3840;negative;Can we please revisit #1234? The build still fails due to the faulty `docker` installation on our Jenkins instance.
2478;neutral;Noticed that the new `ci/pipeline.yaml` file doesn't seem to be triggering the CircleCI build for the latest release.
1084;positive;Thanks for fixing the regex bug in #123! Your solution is elegant and well-documented. The CI/CD pipeline now passes cleanly.
2917;neutral;Related to #1234, I was wondering if it's worth investigating why our CI/CD tests are failing intermittently on the latest commit.
4303;negative;PR #123 breaks the build again with a `NullPointerException` in the updated `build.gradle`. Can we please test these changes more thoroughly?
4233;negative;@dev I'm getting intermittent CI failures on PR #123 due to inconsistent cache behavior in `node_modules`. Can we discuss a fix?
1295;positive;Great job on fixing the TravisCI deployment error! Your PR #23 is now building successfully. Thanks for your attention to detail!
1810;neutral;Looks like the CI build for #1234 is failing due to an unresolved conflict with `dependencies` version 2.5. Would appreciate a review of our `package.json` file
792;positive;Great fix on #3456! The unit tests for the updated `libxml2` dependency are passing as expected in our CI/CD pipeline now.
793;positive;Great fix for the `npm install` issue on Ubuntu! This should resolve the broken builds in our CI/CD pipeline now.
3471;negative;This breaks our CI/CD pipeline. When I run `npm install` on the latest commit (#1234), it fails due to the missing `package-lock.json`. Can we fix this ASAP?
1981;neutral;Following up on #1234, I've reviewed the latest PR build logs and everything seems to be passing with flying colors. No issues detected so far.
3166;negative;Frustrated with the latest build failure on #121. The TravisCI logs suggest a package version conflict with `npm install` not respecting `package-lock.json`. Any ideas?
3643;negative;Unfortunately, the latest build on #1234 still fails due to an unresolvable dependency conflict in our `package.json` file.
1531;neutral;Regarding #1234, it seems the new feature's unit tests are failing due to an outdated mock dependency. Can we revisit the setup?
1411;positive;Great fix on #123, the unit tests are now passing for the updated `config` module!
3620;negative;@author I'm experiencing intermittent failures in the CI/CD pipeline for #123 due to inconsistent test suite results.
4295;negative;I'm experiencing intermittent failures in our CD pipeline due to inconsistent Jenkins credentials. Can we re-evaluate the auth mechanism? #1142
84;positive;Just ran the latest build on #10 and it looks like the fix for #12 is holding up nicely! Great work team!
3886;negative;Unfortunately, my PR #123 still fails the CircleCI build due to unmet dependencies, causing continuous deployment issues.
2351;neutral;Noticed that the latest build in `ci/pipelines` is failing on macOS due to an unknown reason. Can we take a closer look at the config?
21;positive;Great job on resolving the Jenkins build failure in #543! Your fix is now successfully passing all tests on both master & dev branches.
2779;neutral;On #12345, I've noticed the build fails in `ci/cd` due to missing dependencies. Can we review the `requirements.txt` file again?
1563;neutral;Regarding #123: Adding more error handling to the `load_data()` function would improve overall robustness and stability. Perhaps we can discuss this in the next meeting?
974;positive;Great job on addressing the `NullPointerException` in `UserService`! Your fix is clean and efficient. Builds are passing again.
1711;neutral;Related to #123: I'm seeing intermittent failures in the CI pipeline. Can we review the config files for potential issues?
3226;negative;Comment: I'm seeing intermittent failures in our CI/CD pipeline for `main` branch due to inconsistent Docker image caching.
1099;positive;Just tested the latest update to #1 and it's resolving the memory leak I reported earlier! Well done team!
3413;negative;Still experiencing intermittent failures on Jenkins CI/CD pipeline with Spring Boot project after updating Gradle version to 6.7.1. Frustrating debugging experience so far.
887;positive;Just tested #34 with the updated dependencies and it seems to be working smoothly! Your fixes are spot on, thanks for the quick turnaround!
2986;neutral;Reviewing PR #123, noticed the Travis build passing but CircleCI still failing due to conflicting dependencies. Can we sync the .yml files?
4127;negative;I'm hitting this error again in #1234. The `npm install` command is failing due to a corrupted node_modules directory. Can we revisit the package-lock.json management?
3824;negative;I'm unable to build #123 due to this error: `Cannot resolve dependency for com.example:x.y.z`. This is preventing a successful CI/CD pipeline run.
516;positive;Great catch on the API rate limit issue! Your fix for #1234 should prevent this issue from affecting our users. Thanks for your diligence!
738;positive;Just tested your fix for the `npm install` issue in #1234 and it works perfectly now. Thanks for addressing this bug! Your changes are much appreciated!
1454;positive;Nice catch on that typo in CHANGELOG! Your commit fixes it perfectly for our next release. Thanks for keeping the docs up to date!
3218;negative;I'm experiencing intermittent failures in our Jenkins pipeline due to this PR's added dependency on an unstable library #1234
4237;negative;I'm experiencing intermittent failures on the CI/CD pipeline for #1234 due to a faulty `npm` installation. Any ideas why it's not installing dependencies consistently?
2507;neutral;@johndoe I reviewed the PR and noticed the build step is failing due to an unresolved dependency on `node-sass` in our CI/CD pipeline.
2127;neutral;I think the `setup.py` changes are sufficient for our use case. Would like to see some unit tests covering this new behavior in #123.
907;positive;Great work on #1234! Your fix for the regex matching issue has significantly improved our build's reliability. Thanks!
2965;neutral;I'm looking at the latest PR (#123) to integrate with our CI/CD pipeline, but I think we need to revisit the Dockerfile build process.
3640;negative;This recent PR breaks our CircleCI build on Node.js 12. Can we review the changes for this specific environment?
2508;neutral;Regarding #123: Can you clarify the expected behavior for the `--verbose` flag in the CI/CD pipeline? It's not clear what changes it introduces.
2429;neutral;Regarding #123: I've reviewed the updated build script for `package.json`. The changes seem reasonable, but let's run a manual CI test to confirm.
948;positive;Great work on fixing the `jenkins` integration in #123! The CI/CD pipeline is now successfully deploying to staging environment.
3085;negative;Failing to update gradle version is causing build failures in CI/CD. Can we please bump the version to fix this ASAP?
3296;negative;Unfortunately, the fix for #1234 breaks our CI/CD pipeline on Jenkins. Getting 'Error: unable to verify the identity of gpg key' after update.
716;positive;Great catch on the `npm` version mismatch! Your fix in #123 is spot-on. The CI/CD pipeline is now passing cleanly.
3930;negative;@developer123, this PR breaks the CI/CD pipeline for our master branch. Can you review and fix the broken test suite asap?
687;positive;Great job on squashing that pesky `NullPointerException` in the `login()` method! Your fix has significantly improved our app's stability.
704;positive;Great catch on the `TypeError` in `utils.py`! Your PR fixes it nicely. CI passes now.
2354;neutral;I've noticed the latest build in #5 fails due to a missing dependency. Could we add it to our Gemfile?
2258;neutral;The latest update to `build.gradle` still doesn't resolve the SonarQube analysis failure. Any thoughts on how to further troubleshoot? #135
3651;negative;This PR breaks our CI/CD pipeline due to the incompatible version of `npm` causing the build process to fail on Windows.
22;positive;Just ran your latest PR (#123) through the CI/CD pipeline and it looks great! The tests are passing and everything is building smoothly.
2753;neutral;Just wanted to point out that the new build script in #123 isn't triggering our custom Jenkins pipeline on CircleCI as expected. No major impact so far, just a minor note for review.
886;positive;Thanks for addressing the `NullPointerException` in #1234! Your fix looks solid and I'm glad we could catch this bug before it impacted our users.
3777;negative;I'm having issues with the latest build failing on my MacBook due to `clang++` version mismatch #1234. Can we please update the `CI/CD` config?
918;positive;Love the recent fix for the regex bug in `utils.js`! Builds are now green across all environments, thanks to this patch!
3124;negative;Commenting on #123: The recent CI/CD pipeline change is causing intermittent build failures. Can we revert the changes to see if it stabilizes?
3353;negative;The recent commit #123 to fix the API endpoint is still causing issues with our staging environment's CI/CD pipeline. Can we revisit this?
2240;neutral;I'm testing the fix for #1234, but I'm experiencing intermittent failures on my macOS build. Can we discuss possible causes?
3117;negative;Issue with latest build: `docker-compose up` fails due to missing `node` module in `package.json`. Can we get this sorted?
1266;positive;Just ran the updated test suite with `python 3.9` and it passed successfully! Great work on squashing that #bug
484;positive;Great fix! Your recent PR ( #1234 ) resolved the issue with our Jenkins pipeline failing due to outdated dependencies. Thanks for the speedy resolution!
3707;negative;I'm running into issues with the `pip install` in our CI/CD pipeline. Still failing on the latest build due to a version conflict.
1220;positive;Just tested your fix for #1234 and it works perfectly! Great job on the update to our CI/CD pipeline. Thanks!
278;positive;Great job on resolving the cache issue in #1234! Your fix saved me from re-compiling dependencies for the 5th time today.
989;positive;Great job on fixing the `npm install` issue in #123! The updated package list is now properly synced with CI/CD pipeline.
2085;neutral;Hi @author, I've reviewed the recent changes in PR #1234. The code looks clean, but I'd like to discuss the minor inconsistency in the documentation.
1246;positive;Great job fixing the Docker image build error in PR #42! The automated tests are now passing smoothly.
2383;neutral;I'm reviewing the PR #123 and noticed that it doesn't pass our CI tests on Windows. Can we investigate further?
572;positive;Just tested the new feature and it's working smoothly! Thanks for the fix on #1234, makes our build process so much faster now.
1436;positive;Just tested the latest build on CI/CD pipeline #1234 and it passed all unit tests! Great work on resolving that tricky bug!
994;positive;Great job on resolving the CI/CD pipeline failure! The new deployment script is working smoothly now. Thanks for your attention to detail!
3379;negative;Issue #12's build failure on Jenkins is caused by outdated Node.js version. Can we bump it to the latest minor release?
2799;neutral;I'm experiencing an intermittent issue where our CI/CD pipeline fails on Node 14 but succeeds on Node 12. Any insights on this discrepancy?
586;positive;Great job on fixing the flaky test in PR #123! The changes to the pipeline configuration worked as expected. Cleaned up CI/CD runs are a huge time-saver.
4026;negative;The recent changes to `package.json` have caused our CI/CD pipeline to fail consistently. Any thoughts on resolving this issue?
2515;neutral;"@author I'm looking at the recent PR #12345's Travis CI build logs. The test failures seem unrelated to code changes; could you help investigate?"
1350;positive;Great job on fixing the `jenkins` plugin issue! CI/CD pipeline now successfully deploys without errors. Thanks for your attention to detail!
1008;positive;Nice catch on the typo in the README! That's what I call attention to detail. Appreciate your diligence on #123
675;positive;Thanks for fixing the `NullPointerException` in commit #1234. Your changes streamlined our CI/CD pipeline and simplified the build process significantly.
2413;neutral;For testing purposes, I'd like to discuss the impact of adding `futures` library on our CI/CD pipeline in #123. Please share your thoughts.
448;positive;Great fix on #123! The `ci/cd` pipeline now correctly builds with the updated Maven version. Thanks for your attention to detail!
2822;neutral;@mention I'm not sure if this is intended behavior, but the `ci` script fails to run on Windows due to missing `git` executable. Ref: #1234
3712;negative;@username This is not good. Your PR (#123) broke our nightly CI build with a failed test in the `utils` module. Please investigate.
2065;neutral;Noticed that the recent PR #123 to update dependencies is causing a failed build in our CI/CD pipeline. Investigation ongoing.
3919;negative;@maintainer, `CI` still failing on Linux due to missing `glibc` version check in `build.gradle`. Can we add this fix before merge? #1234
3214;negative;The new CI/CD setup is breaking our `build.gradle` for Kotlin, causing tests to fail. Can we revert changes?
1691;neutral;Looking at #1234, I noticed that the unit tests are passing but the integration tests are failing due to a stale cache. Worth investigating.
4083;negative;Failed to run tests due to missing `pytest` dependency in latest Docker image. Could we revert to previous version until this is resolved?
1248;positive;Just ran the updated CI/CD pipeline for #12345 and it looks like all tests are passing. Good job on squashing that nasty bug!
1986;neutral;I'm experiencing issues with the build on Linux. Can we investigate why `gcc` is failing to compile a specific header file?
295;positive;Just tested with the latest patch from #1234 and it's working seamlessly! Well done team on addressing that pesky bug!
1548;neutral;FYI, the CircleCI build for PR #1234 is failing due to a missing `aws-credentials` file in the `.circleci/config.yml`. Needs attention before merging.
2013;neutral;I'm reviewing #234 and noticed the latest build on CircleCI still fails on Windows due to a missing lib dependency.
589;positive;Just tested the latest update to PR #123 and it's looking great! The new caching mechanism is a huge performance boost. Thanks for the hard work!
2404;neutral;@johnpaul, could you please clarify the purpose of removing `npm` from the devDependencies in #145? Does it affect our build process?
2130;neutral;I've reviewed the PR for #123 and noticed the new test cases are failing due to a dependency version mismatch.
3793;negative;I'm experiencing issues with the `build` step failing on Ubuntu 20.04 due to a missing package, can we add it to our dependency list?
3743;negative;The Jenkins build still fails on macOS due to `nvm` version mismatch. Can we revisit the `.travis.yml` config?
3937;negative;The `v2.1` release is still failing the CI/CD pipeline due to an unresolved dependency conflict with `sqlite3`. Needs attention ASAP.
426;positive;Great job on resolving the CI/CD pipeline error! Your fix for the Maven dependency issue really streamlined our build process.
2583;neutral;@author, I reviewed the PR [PR#123](https://github.com/user/repo/pull/123) and noticed no major issues, but a minor typo in the README. Can we fix it?
1055;positive;Just tested with the latest changes in #1234 and it's working perfectly! Great work on resolving that Travis CI build failure.
3263;negative;Failing to resolve the `NullPointerException` in the latest PR #123 is preventing our CI/CD pipeline from completing successfully. Can we revisit this?
4110;negative;Failing to update dependencies in `v1.2` has broken the build in `ci/master`. Re-checking `package.json` is required.
557;positive;Great job on fixing the `docker-compose up` issue in #123! This will greatly improve our deployment process. Thanks for your prompt attention to this bug!
3741;negative;Just hit this error in build #1234: `java.lang.OutOfMemoryError` after adding Mockito to our deps. Something's amiss with our CI/CD setup.
3851;negative;@author Unable to reproduce `NullPointerException` on test `exampleTest`. Ran with `mvn clean install` 3 times. Pipeline consistently fails at same step.
4249;negative;Unable to deploy due to `docker-compose` version mismatch error in CI/CD pipeline. Reverting to previous version fixes the issue.
4257;negative;I'm seeing intermittent failures in the CI/CD pipeline for branch #123. The `npm install` step is consistently failing with a timeout error.
4247;negative;I'm experiencing issues with the latest build failing in our Jenkins pipeline due to an undefined `config` variable in `build.gradle`. Can someone take a look?
3348;negative;I'm seeing intermittent failures in our CircleCI build on PR #1234 due to an incompatible `semver` version, causing deployment issues
1194;positive;Just successfully deployed the latest update to prod after resolving that pesky deployment timeout issue! Thanks for all your help @johndoe with the refactor!
1717;neutral;I was unable to reproduce the reported error in `feature_branch` due to differing Docker environments. Can you elaborate on your setup?
2605;neutral;I'm reviewing the latest changes to the README file in #123. Can we discuss why the formatting was changed to accommodate the new section on troubleshooting?
3360;negative;"The latest build failed due to missing dependencies. @dependabot's recent update didn't resolve the issue; tried `docker-compose up` with same result."
2829;neutral;Just wanted to confirm that the `npm install` step in the .yml file is running successfully on my local machine. No errors observed so far.
1705;neutral;The test suite is still failing on the `master` branch. Can we review the changes in #123 to see what's causing it?
2619;neutral;On #23, I agree with @john's suggestion to use `try-catch` for error handling in the API endpoint. This approach seems more idiomatic.
2401;neutral;Can we discuss the implications of changing the `lint-staged` config in #123? I'm seeing some issues with the CI/CD pipeline.
2140;neutral;Noticed that the latest deployment to staging environment failed due to a `500` error in the `users endpoint`. Reviewing the CI/CD pipeline logs.
2384;neutral;Regarding #23, the test suite still fails on Windows due to `cmake` issues. Could we revisit the build script for compatibility?
3036;negative;"I'm seeing intermittent failures in our CircleCI build #1234 due to `npm audit` errors with `express-validator`; can we bump the version?"
1286;positive;Great job on squashing that pesky deployment error in the CI/CD pipeline! The latest build is passing smoothly now. Nice catch!
3076;negative;Can't reproduce the `TypeError` on my end. The test suite still fails on #123 with Python 3.9 after updating pip.
3113;negative;Fails to deploy on CircleCI due to outdated `jest` version. Should we bump the dependency in `package.json` for our next release?
4076;negative;Failed to deploy due to `package-lock.json` mismatch. Previous changes were reverted in the latest CI run, but not reflected in the updated lock file.
2088;neutral;The Travis build is failing due to missing `node_modules` directory. Can we add a `npm install` step before running tests?
1890;neutral;I'm experiencing issues with `npm install` on Linux due to missing dependencies in package.json. Any insight into resolving this would be helpful.
1592;neutral;Just a heads up on `dependency-override` in CI/CD pipeline. Need to verify if it's causing the build failure as reported in #1234
1347;positive;Thanks for catching that typo in the README! Your pull request #123 has greatly improved our documentation. Good catch!
4468;negative;Just hit this error again with the new CI build: `Error: unable to resolve package 'eslint'`. How's the deps config looking?
2163;neutral;Hi @maintainer, just wanted to clarify the behavior of `CI_PIPELINE_ID` in the `env` file. Not a critical issue, but might be worth reviewing.
2397;neutral;Noticed an intermittent failure in the `npm test` step of the CD pipeline on the `feature/new-feature-123` branch. Worth investigating to ensure consistency.
4014;negative;Can we revisit the recent `build failing on CircleCI` issue? I'm still getting intermittent failures with `dependencies:latest` not resolving properly.
2272;neutral;Regarding #1234, I'm experiencing inconsistent results with the latest build. Can we review the pipeline configuration to ensure proper environment setup?
3986;negative;Issue with latest release: `java.util.ConcurrentModificationException` in `build.gradle` pipeline after applying #14 changes. Unable to replicate locally.
1138;positive;Great fix! Just tested the updated `pipelines.yml` file and our CI/CD pipeline is now passing successfully. Thanks for the patch!
3155;negative;@john, I'm seeing intermittent failures in our nightly tests due to #35. Can we investigate the CI/CD config for Node.js? This is frustrating.
973;positive;Great fix on the `dependency-manager` integration! Your changes should improve our build times significantly. Well done on catching that edge case!
796;positive;Great work on #1! The fix for the `NullPointerException` in the auth service is working as expected in our latest test runs.
1712;neutral;Regarding #123: Can we revisit the build config for `node_modules` on CircleCI? The current setup might not be efficient with new npm dependencies.
4087;negative;Can't reproduce this error on my local machine. Same setup as the CI/CD config file, but still getting `TypeError: 'NoneType' object is not iterable`.
454;positive;Just verified that #123's CI/CD fixes have successfully integrated into master branch, thanks for the thorough debugging work!
914;positive;Just ran the latest build on #42 and it looks like we've successfully squashed that pesky segfault. Thanks for your efforts, @johnDoe!
3307;negative;I'm experiencing intermittent failures in the CI/CD pipeline due to inconsistent package versions, making it difficult to reproduce the issue #1234
1200;positive;Great fix on #42! Your patch for the regression in `utils/math` has greatly improved our pipeline stability, thanks for your attention to detail!
1275;positive;Great work on the recent refactoring efforts in #23! CI pipelines are now much more stable. Keep up the fantastic progress!
2376;neutral;Just noticed that the Docker build fails on `master` due to a missing `Dockerfile`. Rebuilding manually resolves the issue.
38;positive;Great fix on the authentication token expiration bug! Your changes have significantly improved the app's stability. Well done!
975;positive;This latest fix for the #44 API endpoint is fantastic! Well done on catching that subtle encoding bug. Automated tests are now passing smoothly.
984;positive;Great fix on #23! The updated CI/CD pipeline now successfully deploys to production. Well done!
3298;negative;Frustrated with the broken test suite in PR #123. This is the 3rd time it's failed on CircleCI due to a mismatched gem version.
1419;positive;Great job on squashing that tricky memory leak in the CI/CD pipeline! This will make our deploy process way more reliable #1412
1561;neutral;Just a heads up on #12, the CI/CD pipeline is failing due to an unknown reason in step 3 of the deployment script. Reviewing logs now.
40;positive;Great fix on the `pip` version update! The CI pipeline is now passing smoothly. Thanks for your swift attention to this issue!
1487;positive;Just tested the new API endpoint on PR #123 and it's working flawlessly! Great work on resolving the caching issues.
4126;negative;The `npm install` on the CI/CD pipeline is still failing due to an unresolved transitive dependency conflict. Can we revisit the package.json configuration?
170;positive;Great fix for the `TypeError` in auth module! Your changes streamlined the login flow nicely. Thanks for the PR update!
1356;positive;Just merged your fix for the CI/CD pipeline timeout issue (#345) and it's already improving our deployment times. Thanks for the quick turnaround!
3763;negative;Failed to deploy on AWS due to missing `aws-sdk` version bump in v1.2.3. This breaks our CI/CD pipeline #456
2952;neutral;"I've reviewed the recent updates to `master` branch; everything appears in order. However, I'd like to double-check the changes with `CI/CD` test results."
4278;negative;Hi @john, I'm seeing intermittent failures in our CI/CD pipeline on the master branch due to a failing test in `utils.py`. Can you take a look?
3242;negative;The recent build failure in the `ci-master` pipeline is still not resolved after 3 attempts. This is causing delays in our development workflow.
2683;neutral;I've encountered an intermittent issue with the `make test` command in branch #1234. Running multiple times yields inconsistent results.
3259;negative;Comment on #123: The latest build failure in CircleCI is due to an incompatible version of `node-sass`. Downgrading to 4.14 fixes the issue.
1641;neutral;On this PR, I'd like to see more test cases for the `networking` module. What do you think @maintainer?
1291;positive;Just ran the latest build on Jenkins and it passed all tests! Great job getting our CI/CD pipeline up and running smoothly #185
1381;positive;Great fix! Your PR #123 resolves the CI/CD pipeline failure on Linux. Thanks for investigating and providing a clear solution!
1934;neutral;I'm reviewing the latest fix for #1234. Could you clarify how this patch handles potential edge cases with different input formats?
580;positive;Great fix for the `npm install` failure in #123. Pipeline is now green and deploying smoothly!
3493;negative;I'm still seeing the `TypeError` in the CI/CD pipeline for the latest deployment. Please investigate why our tests are failing.
2031;neutral;For the pending #12 merge, I've noticed some linting issues with the new `dependency-manager` package. Worth taking a look.
893;positive;Great fix on the CircleCI deployment config! This should resolve the intermittent build failures I've been seeing #1234
781;positive;Love the fix for #123! Simplifying the deployment script has greatly improved our CI/CD pipeline's reliability and reduced build times.
160;positive;Great job on squashing that edge case bug in the `update-user` endpoint! The tests are now passing for me locally too.
3;positive;Great fix on #42! The updated CI/CD pipeline is now properly handling the Maven dependencies. Thanks for your attention to detail!
3391;negative;@maintainer, the `TypeError` in our recent CI build is still unresolved. Can we revisit the `numpy` upgrade that caused this?
4075;negative;Failing to update `dependencies` in `package.json` after recent refactor is causing build errors in `CI`. Can we automate this step?
850;positive;Great fix! Your PR #123 has smoothed out the CI/CD pipeline for our nightly build.
2738;neutral;Noticed `jenkins` build is failing due to outdated `maven` version. Able to reproduce on master branch as well.
2467;neutral;I noticed that `jenkins` job is still failing due to outdated Node.js version. Could we update the node-version setting in `.travis.yml`?
4499;negative;The `npm install` step is failing on my CI/CD pipeline due to an outdated version of `express` in `package-lock.json`. Can we roll back the dependency?
1597;neutral;Reviewing PR #123: I've noticed the updated tests pass with minor adjustments to the environment variables. Will keep an eye on the changes.
1777;neutral;Related to #123, I noticed the build is still failing due to an unresolved dependency conflict with the new `react` version. Can we revisit the package lock file?
1914;neutral;Just reviewing the latest `fix-ci-issue-123` PR, wanted to confirm that `pipeline-stage-3` still passes after addressing the failing test in `tests/integration.py`. Let me know if I'm missing something.
1044;positive;Great catch on the regex bug in #123! Your fix worked beautifully and we're now passing all tests. Thanks for your patience!
1545;neutral;Just reviewed #1234, but I don't think the added logging will significantly impact performance in this case.
2737;neutral;Hi @author, I'm experiencing intermittent failures in the build process of #1234. The CI/CD pipeline seems to be passing 70% of the time, but failing on a random subset of commits.
3072;negative;Just hit a roadblock with the latest deploy: our CI/CD pipeline is failing due to a missing `node-sass` dependency in `package.json`. Can we revisit this?
54;positive;Great job on fixing the Jenkins deployment issue! The pipeline is now up-to-date with latest dependencies. Thanks for your patience!
1797;neutral;I'm experiencing intermittent test failures in #1234 after updating the Node version to 14.17.0. Investigating further.
1912;neutral;Regarding #123: the `npm install` step in our CI/CD pipeline fails with an error message indicating a missing peer dependency.
3509;negative;PR #234 build is failing due to an unresolved `dependency conflict` with latest `react@17.0.2`, needs immediate attention to prevent downstream CI/CD pipeline issues.
2554;neutral;I think we should revisit the recent update to `package.json` and verify if it's causing the intermittent build failures in our CI/CD pipeline #1234
2801;neutral;Just tested #23 against master branch in local env. Results seem consistent with Travis reports, but wanted to confirm behavior on staging server.
3311;negative;I'm seeing intermittent errors in the deployment pipeline due to an inconsistent Docker image build. Please investigate #23
3358;negative;Just got bitten by this `TypeError` on the main branch during CI build #1234. Can someone take a look at why our `jsonschema` validation is failing?
825;positive;Just tested your fix on #123 and it's working flawlessly! The updated CI/CD pipeline is also passing without any issues. Great job!
4267;negative;Unfortunately, the latest build is still failing due to incompatible dependencies in `package.json`. Can we revert to v1.2 until this is resolved?
1390;positive;Great work on squashing the `NullPointerException` in #1234! Your test suite coverage is now at 95%! CI/CD pipeline is passing smoothly.
4049;negative;I'm seeing a `NullPointerException` on the login page after upgrading to Java 17. This wasn't an issue with the previous JDK version.
3084;negative;I'm seeing intermittent failures in our latest deployment due to the Docker image size increase. Can we optimize dependencies for #12?
1608;neutral;Regarding #1234: the build failure on Jenkins is likely due to outdated Node dependencies. Could we run `npm update` in the CI pipeline?
1595;neutral;Just wanted to confirm that the latest changes in PR #1234 were successfully deployed through our staging environment without any issues.
772;positive;Great job on fixing the CI/CD pipeline issue! The automated tests are now passing smoothly. Thanks for your prompt attention to this bug!
2612;neutral;Looking at #123's tests, the failure in `app.py` is likely due to incorrect import order. Can we revisit this in the next build?
2274;neutral;Noticed that the latest build on `main` still uses `npm v6` despite our switch to `v8`. Should we update the CI config?
1869;neutral;I'm experiencing intermittent issues with the Travis CI build on #1234. Could someone review the configuration to ensure it's up-to-date?
1086;positive;Just tested the fix for #1234 and it's working great! CI/CD pipeline is also passing with no issues. Thanks for addressing this!
3371;negative;The recent `v2` update broke our CI/CD pipeline for branch `dev`. The unit tests are failing due to missing dependencies. Investigating further.
1326;positive;Thanks for fixing that regression in `main` branch! Your commit 12345 resolved the performance issues I was seeing during nightly tests. Great teamwork!
1464;positive;Thanks for squash-merging #123! The updated code is working perfectly in our CI/CD pipeline now.
807;positive;Great job on squashing that regression! Your fixes have really helped stabilize our CI/CD pipeline. Thanks for the dedication!
3028;negative;I'm experiencing intermittent failures on the `dev` branch after introducing new dependencies. Can we revisit the package-lock.json? #14
3245;negative;Failing to deploy due to incompatible `npm` versions in `.circleci/config.yml`. Can we upgrade Node.js to 14.x for our CI/CD pipeline?
2109;neutral;Hi @author, I've encountered an inconsistent behavior in the latest release. Could you clarify if this is intended or a bug?
3514;negative;PR #1234 broke our build on master due to incompatible package versions. Can we revisit the upgrade and ensure backwards compatibility?
4460;negative;"Frustrated with this failing CI/CD pipeline on PR #123. Still getting ""Invalid dependency version"" errors despite upgrading `dep-manager` to latest 2.5.2 release."
2235;neutral;Can we revisit the recent `release 1.2.3` deployment? I'm experiencing intermittent issues with the API gateway under heavy load.
964;positive;Great catch on the `pip install` typo in README. Simplified package installation for users thanks to your keen eye @username!
3043;negative;This build is failing due to the unmet dependency on `node-sass` in our CI/CD pipeline. It's not showing up as a devDependency.
399;positive;Just tested PR #123 and it fixed the intermittent build failure in our CI/CD pipeline! Great job @johnDoe!
2633;neutral;Reviewing the latest PR #1234, I noticed the Jenkins pipeline is still using an outdated Gradle version. Should we update it to match the project's requirements?
4370;negative;Fails to install on Ubuntu 20.04 due to missing dependencies. Can you please update the `requirements.txt` in #1234? This is blocking our CI/CD pipeline.
705;positive;Great catch on the `pip` version conflict in #123. Your fix for `pyup.io` has improved our test suite stability! Well done.
432;positive;Great job on resolving the intermittent API connection issue in the latest build! The automated tests are now passing smoothly.
293;positive;Great job on fixing the pagination bug in v1.2! Your changes make the dashboard much more intuitive now, thanks for the improvements!
4383;negative;Can't reproduce #42's fix on my end. CI/CD pipeline still failing due to unresolved `numpy` installation issue on Ubuntu 20.04.
146;positive;Thanks for fixing the `pip install` error in build scripts! #135. Now our CI/CD pipeline is green again!
3384;negative;Fails to build on Ubuntu due to incompatible `glibc` version in the container. Please fix #1234
2034;neutral;Regarding #123: The code style linter still flags the 'async' keyword in 2 places. Should we update it to a more permissive configuration?
3479;negative;I'm experiencing a failure in the CI/CD pipeline for #123 due to an unmet dependency on `mysql2` (2.7.4 is required, but 2.7.3 is installed).
1166;positive;Thanks for fixing the CI/CD pipeline build failure! This is working smoothly now. The new dependencies are also properly cached in Docker.
2051;neutral;@author I'm reviewing your PR #1234 and noticed the missing CI test for the new feature. Could you add it to ensure robustness?
2625;neutral;I've reviewed the changes in #123. The code looks clean, but I'd like to see more documentation on the new `config` object before merging.
3781;negative;The `pip` install step in the .yml file is failing due to an outdated pip version. Can we update it to pip 22?
340;positive;Great fix for the intermittent Travis failure! Simplifies our build process significantly. Thanks for addressing this!
4031;negative;I'm experiencing issues with the latest build on CircleCI due to a version conflict in `dependencies.json`. Fails on Windows 10.
266;positive;Great job resolving the `NullPointerException` in PR #123! Cleaned-up code and added necessary checks. This will improve overall stability.
2425;neutral;I'm reviewing the updated `README.md` file in #123. The changes look good, but I'd like to discuss the formatting consistency with the rest of the documentation.
4443;negative;I'm experiencing intermittent failures in the build process for `#42` due to inconsistent cache invalidation. This is causing significant delays in our CI/CD pipeline.
1772;neutral;Regarding #1234's fix for the CI/CD pipeline failure, I noticed that it only addressed one of the three issues. Could we revisit the remaining two?
272;positive;Great fix on #145, @johnDoe! Your PR really streamlined our CI/CD pipeline. Well done!
697;positive;Great fix for the build failure on CircleCI! The updated Dockerfile has resolved the issue.
748;positive;Your fix for the `TypeError` in `utils.py` is spot on! The updated CI/CD pipeline now successfully builds without issues. Thanks!
245;positive;Just tested #123 with the latest changes to the CI/CD pipeline and it's passing all tests. Great job on resolving that integration issue!
318;positive;Great work on fixing the `NullPointerException` in 7d6dfc0! This is a huge step towards stabilizing our CI/CD pipeline. Thanks for your efforts!
477;positive;Just tested the latest PR #123 and it looks great. The changes in `lib/utils` resolved the regression issues we were seeing.
2033;neutral;Noticed `dependency A` was outdated in our `CI/CD` pipeline. Updated to latest version 2.5.1. Reviewing pipeline logs for any issues.
958;positive;Great catch on the regex typo in #123! Your fix in PR 56 is working perfectly. Thanks for your diligence!
3094;negative;Failing to deploy #123 due to missing dependencies in the new node version, causing a cascade of downstream failures.
814;positive;Great fix! The updated `CI/CD` pipeline is now correctly triggering the `Azure DevOps` deployment for our latest release. Well done!
1915;neutral;I'd like to revisit the recent fix for #1234. Upon re-examining the diff, I'm unsure about the impact on downstream tests.
4207;negative;Fails to deploy due to outdated `axios` version in `package.json`, causing API requests to timeout. #1234
1298;positive;Just tested your fix for #1234 and it's working smoothly now. Great job on tracking down that memory leak!
1805;neutral;Just wanted to confirm that the fix for #123 is included in the latest `release-1.2` tag on the CI/CD pipeline output.
3564;negative;Hi @maintainer, I'm seeing intermittent 502 errors on my CI/CD pipeline for the `main` branch after updating `react-router` to v6.0.2. Can you help investigate?
251;positive;Just reviewed the latest PR #1234 and I'm impressed with the simplified setup for the new testing framework. Well done!
2462;neutral;Re: Bug in deployment script. I think the error message could be clearer to help identify the root cause.
546;positive;Great work on resolving the caching issue in #123! Your changes to `build.gradle` really streamlined our CI/CD process.
739;positive;Just tested the fix for #1234 and it's working beautifully! CI/CD pipeline also greenlit, nice job on the patch!
311;positive;Great job on fixing that pesky `null pointer exception` in the latest build! CI/CD pipeline now passes with flying colors. Thanks for the update!
2942;neutral;On #23, I noticed the Docker build step in the .github/workflows/main.yml file is commented out. Should we enable it to ensure proper image deployment?
1132;positive;Just tested #35 and it's now passing on my local CI/CD pipeline! Great job @username on fixing the mock dependency issue!
1450;positive;Just integrated the new caching mechanism into our CI/CD pipeline and it's significantly reducing build times. Thanks for implementing this feature!
4428;negative;Failing to merge #234 due to unresolved conflict in `node_modules` after latest yarn install. Causing our CD pipeline to break.
16;positive;Thanks for fixing the deployment issue in #123. Your changes worked seamlessly with our CI/CD pipeline.
2770;neutral;I'm running the updated build in CI/CD and getting the same error as #234. Could we investigate further on why this isn't resolving?
921;positive;Great job on resolving the `NullPointerException` in the login feature! The new fix has improved our user experience significantly. #bugfix #login-feature
3470;negative;I'm seeing intermittent failures in our nightly build on PR #1234 due to conflicting versions of `react` between dependencies. Can we revisit the lockfile?
2545;neutral;I'm experiencing inconsistent build failures on `main` with `node 16.14.2`. Can someone review the `CI/CD pipeline` config?
3971;negative;Failing to deploy due to unresolvable dependencies in `package.json`. This is the 3rd time in a month. Needs review urgently.
364;positive;Just tested the updated `main` branch, and I'm thrilled to report that the critical bug in `utils/validation.js` is resolved! Great job @johndoe!
183;positive;Great job on fixing the `TypeError` in the `ci/cd` pipeline, @johnDoe! Your change is exactly what we needed to get our automated builds running smoothly again.
2984;neutral;Thanks for reviewing PR #123. I've made some adjustments to the test suite based on your feedback.
1195;positive;Just ran the CI pipeline with your fix, and it's passing successfully! The new build is now available on Docker Hub. Great work!
2853;neutral;Just reviewing the updated `CI/CD` pipeline for #123 and noticed some minor discrepancies with the latest test results. Can we revisit the build configuration?
3053;negative;Not sure why the `linting` step is failing on #123. The same code passes locally, this seems like a CI/CD pipeline configuration issue
1122;positive;Just reviewed your PR #123 and it looks great! The updated build process is smooth now. Thanks for the effort!
2236;neutral;I'm not sure if this is expected behavior, but the recent changes to the Dockerfile seem to be causing a minor slowdown in our CI/CD pipeline.
2668;neutral;For #23, I'd suggest adding some error handling for `null` inputs in the `processData` function to prevent unexpected behavior.
1183;positive;Great job on fixing the regex issue in #123! The updated test cases are also much clearer now. Appreciate your attention to detail!
3868;negative;@maintainer, just hit the `pip install` failure again in the #build-failure branch due to outdated dependencies. This is the 3rd time this week.
615;positive;Great fix for the `TypeError` in the `utils.py` file! Your changes made it work seamlessly with our CI/CD pipeline. Thanks!
1467;positive;Just tested the latest PR #123 and the CI/CD pipeline is running smoothly again! Thanks for squashing that pesky Travis build error!
402;positive;Thanks for addressing the CI/CD pipeline lag! This should greatly improve deployment times for our users.
935;positive;This fix for the `fetch_data` function is working beautifully in my local environment! Thanks for the quick turnaround on this PR #123
2420;neutral;I've tested the latest build from #23, but I still encounter the same error in the `main` function. Any ideas on how to troubleshoot this?
4089;negative;I'm experiencing intermittent failures in our CI/CD pipeline due to the recent `v2` package update. Can we investigate this further? #1234
2642;neutral;Regarding #42, I've reviewed the build logs for the latest PR (`github#123`) and noticed a consistent error in the unit test suite.
3253;negative;The latest PR #234 breaks our CI/CD pipeline on CircleCI. Can someone review and fix the Dockerfile before it causes more issues?
727;positive;Love the fix for the `TypeError` in the CI/CD pipeline! Makes the build process much more robust now.
827;positive;Great job on fixing the CI/CD pipeline issue! The latest changes are successfully building and deploying our container images now.
1522;neutral;On PR #123: I'm seeing intermittent failures in the e2e tests due to inconsistent mock server responses. Has anyone else experienced this?
4276;negative;@johndoe: Your recent fix for #123 caused a regression in the Jenkins CI/CD pipeline. Need to revert changes and investigate further.
4234;negative;PR #123 still broken after merge. The `build` step fails with a `pip install` error due to Python 3.9 compatibility issues.
137;positive;Great fix on #123! The new regex pattern has greatly improved the parser's accuracy for edge cases.
629;positive;Great fix on #123, now our CI/CD pipeline is up to date with the latest Node.js version. Thanks for keeping us current!
335;positive;Just tried your fix for the `NullPointerException` in `login() method`. Works beautifully now! Thanks for the prompt update!
391;positive;Just tested the latest commit to the master branch and it's great to see the fix for #24 successfully resolved our deployment issues.
3791;negative;Can we revisit #12's implementation? The latest build is failing due to an unresolvable dependency conflict in our CI/CD pipeline.
1818;neutral;Regarding #12, the CircleCI pipeline is failing due to an unresolved `bcrypt` version conflict. It's likely a minor upgrade issue.
401;positive;Thanks for the fix on #123! Your PR was well-explained and merged smoothly into our latest CI/CD pipeline.
711;positive;Just reviewed the updated `README.md` and it looks great! Simplified installation instructions will surely help new users get started with the project. Thanks for your efforts!
1040;positive;Just tested #1234 and the fix for the race condition is working as expected! Thanks @author for the speedy resolution!
3232;negative;Unfortunately, I'm experiencing intermittent crashes with `npm install` on my Ubuntu machine. The error log suggests a conflict between node-gyp and libv8.
47;positive;Great job on squashing that pesky JSON parsing bug! Your fix in PR #123 has been a game-changer for our CI/CD pipeline's stability.
1562;neutral;I think we should revisit the unit tests for `fetchData` in this PR (#1234) to ensure they cover all edge cases properly.
4322;negative;Can we revert the latest changes in #123? The broken build is causing issues with our CI/CD pipeline again. This is getting frustrating.
4363;negative;Just encountered a regression in the `latest` branch due to this PR. Tests are failing on Node 14.
1113;positive;Great work on fixing the regression in `v1.2.3`! The CI/CD pipeline is now green across all environments. Well done!
2514;neutral;I've noticed the latest `main` commit is causing a `TypeError` in our CI/CD pipeline. Could you review the changes in #123?
1224;positive;Great job resolving the `ci` issue! Your fix to the Docker build script has been a game-changer for our release process.
3289;negative;@maintainer This breaking change in `v3.2` is causing downstream errors, see #1234 for repro steps & test failures in CI/CD pipeline
3024;negative;@author I'm experiencing intermittent failures in our nightly CI/CD build on `branch: feature/new-feature` due to `package.json` version mismatch. Any ideas?
2422;neutral;Related to #123: I noticed that the CI pipeline is failing due to an invalid timestamp format in the `config.json` file.
1509;neutral;Looking at this PR #1234, could we discuss why the `latest` version of `numpy` is being installed instead of the pinned version in `requirements.txt`?
1751;neutral;Just a heads up that the latest build on Azure DevOps is failing due to an incompatible version of `log4j`.
3318;negative;The deployment to staging failed due to a `ConnectionTimeout` error in the CI/CD pipeline for PR #123. Needs investigation.
1800;neutral;Noticed the test suite failure in #1234. @author Can you provide more context about this recent change to `lib/hello.js`?
339;positive;Love the fix for the caching issue in #1234! This will greatly improve our build times for large projects. Thanks for your efforts!
216;positive;Great job on the fix! Just tested with the updated `package.json` and our CI/CD pipeline is passing smoothly again #23
1342;positive;Thanks for squashing that pesky #10 bug! Your PR is bringing some much-needed stability to our CI/CD pipeline. Keep up the great work!
12;positive;Great catch on the circular import! Your fix to refactor the code is spot on. Thanks for keeping the project tidy!
1521;neutral;I'm experiencing intermittent failures in the `build` step of our CI/CD pipeline. Can anyone review the Dockerfile for potential issues?
3190;negative;@githubuser This PR breaks the CI/CD pipeline with `docker:failed` error. Can't reproduce locally. Need more info on what's changed.
3062;negative;The failed test in build #12 is due to the inconsistent package versioning causing conflicts with other dependencies. Can we revisit this?
3005;negative;Hey @author, I'm getting intermittent `NullPointerException` on `loadData()` method in #123. Can you take a look at the CI/CD pipeline logs for more info?
2865;neutral;Regarding #42, I think we should consider adding more error handling to the deployment script. It's not causing issues yet but it's something to keep in mind.
3330;negative;I'm seeing intermittent failures in the test suite on CI due to a missing dependency (`@types/node`), can we add it as a devDependency?
2323;neutral;I've tried to reproduce the `NullPointerException` in our CI/CD pipeline with Jenkins, but it only occurs on my local machine. Any ideas why?
2572;neutral;I've reviewed the updated build script in #123. It looks good, but I'd like to discuss the caching strategy for CI/CD pipeline performance.
2914;neutral;Re: #1234, the `README` update seems to be stuck in the staging branch. Can we take another look at the CI/CD pipeline config?
102;positive;Great job on resolving the `TypeError` in the `math_utils` module! Your fix has greatly improved our app's performance. Thanks for the efficient PR #123!
3534;negative;@maintainer Unfortunately, the latest change in `feature/123` broke our CI/CD pipeline. Getting 'undefined is not a function' error on CircleCI.
172;positive;Just tested the fix for #1234 and it's working beautifully! Well done on squashing that nasty memory leak. CI/CD is green again!
108;positive;Just successfully deployed to prod using the new CI/CD config. Thanks for the updates on travis and updating dependencies!
3468;negative;The latest update broke our CI/CD pipeline. Builds are failing due to an incorrect dependency version. #1234, please investigate.
4492;negative;I'm experiencing intermittent build failures in the CI/CD pipeline due to inconsistent package versions. Can we investigate further? #1313
3621;negative;Failed test `test_addition` in `main` branch. Same error persists after updating `numpy` to 1.20.0
3292;negative;Just hit another `NullPointerException` on `build.gradle`, can we take a closer look at the dependencies causing this?
3131;negative;Not sure why the `@latest` version of Axios is being used in this PR, breaking all our existing API calls. Can we revert to v0.21.1?
3352;negative;@maintainer, just encountered a critical regression in `v2.5` due to the breaking change in #1234. CI tests are failing on all platforms now.
3299;negative;I'm seeing intermittent failures in our CI/CD pipeline for `v1.2` due to a stale dependency on `lodash 3.x`, can we investigate further?
3701;negative;I'm experiencing intermittent errors in `CI/CD Pipeline` runs due to this PR (#1234), causing downstream build failures. Can we revisit the dependency update?
3838;negative;I've encountered a reproducible crash on Mac M1 with latest master build. Can we investigate the underlying cause? @dependabot, can you check for any affected dependencies?
4178;negative;The latest `v1.2` update broke our CI/CD pipeline. The tests are failing consistently on the `main` branch due to the introduced bug in `utils.js`. Can we roll back to previous version? @author
1041;positive;Just reviewed #1234's PR and it looks great! Your changes to the CI/CD pipeline have significantly improved our build times. Nice work!
3450;negative;I'm experiencing intermittent failures with the CI/CD pipeline for PR #1234. It's not clear why the build is failing intermittently.
2761;neutral;Hey @author, can we revisit the #123: build script changes? I'm experiencing a minor delay with CI/CD pipeline after deploying the new version.
2121;neutral;I've been trying to reproduce #23 but the error occurs only occasionally. Could we implement additional logging for this specific scenario?
1525;neutral;This build is still failing on Ubuntu due to a missing dependency. Would be good to review the `ubuntu-deps` script.
154;positive;This is a great fix! The updated `npm install` script in #123 resolves the issue with missing dependencies. Well done!
2249;neutral;I noticed the latest build on the `main` branch is failing due to an unresolvable package conflict with `dependency-manager`.
482;positive;Just tried the updated `CI/CD` pipeline for #123 and it looks like all tests are passing. Good work, team!
3510;negative;Just hit a regression in the latest build due to the conflicting dependencies in our `pom.xml`. CI/CD is still failing for me too.
4413;negative;The `--verbose` flag is still causing issues with our CI/CD pipeline on the `v1.2-stable` branch. Can we revisit this bug?
3356;negative;I'm experiencing intermittent test failures on `feature/new-login-system` due to inconsistent environment variable settings. Can we revisit the `.env` file configuration?
1763;neutral;Just reviewing #123 for potential merge conflicts with the latest nightly build. No issues found so far.
4020;negative;I'm experiencing intermittent CI failures due to a recent update of `log4j`, always failing on the Linux runner but passing locally. Can we investigate?
1786;neutral;@username, I'm experiencing inconsistent results with the latest build on CircleCI. Can you review the `build.sh` script for any potential issues?
3419;negative;Issue with `fetch_user_data()` function: returns incorrect data when user ID is above 10k. Can't reproduce locally, only in CI/CD pipeline.
3373;negative;@author, can't repro the failing unit test in `test_user_login.py`. `pip freeze` shows outdated ` requests==2.21.0`, which might be related.
406;positive;Great job on fixing the #34 bug! Automated tests are passing again with your PR. Pipelines are also green now. Thanks for the quick resolution!
758;positive;Great job on fixing the null pointer exception in `login.py`! The tests are now passing smoothly through our CI/CD pipeline again. Thanks!
2712;neutral;The build on CircleCI is failing for `feat/12345` due to an unclear error message. Can we investigate the root cause?
2671;neutral;Can you add some logging to this function in the `release_v2` branch? I'm having trouble troubleshooting intermittent issues with the CI/CD pipeline.
3227;negative;I'm getting an intermittent failure in the build logs for #1234 on CircleCI, can't reproduce locally. Anyone else see this?
98;positive;Just tested the latest changes in #1234, and it looks like the integration test is passing cleanly now! Great work on squashing that bug!
1334;positive;Great job on resolving the Jenkins build failure! This fix will greatly improve our CI/CD pipeline's reliability.
3925;negative;@author I've hit an error with the latest update on #123. The build fails with `Error: unable to resolve module 'bcrypt'` even though it's installed.
2792;neutral;Regarding #1234, the linter warnings for `eslint-config` in the `.eslintrc.json` file seem inconsistent with our project's dependencies. Investigating further is needed.
2855;neutral;I'm noticing some discrepancies in the latest build logs from CircleCI. Can we review the configuration for #1234?
187;positive;Just ran your latest CI build on master and it passed cleanly! Great work on the dependencies update, really streamlined the process.
3241;negative;@mentions I'm experiencing the same `404 Not Found` error in the dev environment after updating to v1.2.0. CI/CD pipeline is failing consistently.
3894;negative;Can't repro the error in `build.gradle` on Linux. Got `NullPointerException` on line 23. @dependabot, any insight into this unexpected failure?
2059;neutral;I'm reviewing the updated `CI/CD` pipeline config for #123. No issues found but I'd like to discuss adding a validation step before deployment.
3921;negative;Can't reproduce build failure in `main` branch after merging #123. Pipeline logs show inconsistent errors, need help debugging the CI/CD pipeline.
149;positive;Thanks for fixing the `TypeError` in the build process! The automated tests are now passing smoothly on CircleCI.
29;positive;Great job on fixing the broken test suite in PR #123! This will greatly improve our confidence in the build process for Jenkins.
3376;negative;Hey @author, I'm experiencing a `TypeError` on line 345 of `lib.py` when running the `test_suite`, can we look into this?
3246;negative;"The `release/1.2` branch still fails to build due to the broken `npm install` script; can we review the dependencies ASAP?"
693;positive;Great catch on the `dependency` injection vulnerability! This PR fixes it. Now our CI/CD pipeline is more secure than ever!
2867;neutral;I've encountered a minor issue with the Jenkinsfile. After updating to node 14, I'm getting a 'Cannot read property 'length' of undefined' error on line 12. Reviewing the pipeline code should help identify the cause.
1387;positive;Great work on fixing the caching issue in #123! The changes look solid. CI tests are passing too.
1846;neutral;Regarding #1234: Can we discuss the implications of upgrading `express` to v5 on our existing routes? I'd like to hear thoughts from @maintainer.
4265;negative;I've encountered an intermittent build failure with `npm install` in our CI/CD pipeline. This is the second time this week, causing significant delays in testing.
3382;negative;I'm experiencing intermittent failures in the CI/CD pipeline due to an incorrect version of `numpy` being installed. Can we update the requirements.txt?
1600;neutral;I'm reviewing the latest changes in #123 for potential performance impacts. The updated README should be consistent with the code changes.
3700;negative;Unfortunately, the new logging implementation is causing intermittent failures in our CI/CD pipeline for the #1234 feature branch. Can we revisit this change?
702;positive;Great catch on the null pointer exception in `main.py`! Your fix for #123 is spot on. Thanks for keeping our CI/CD pipeline stable!
3029;negative;I'm getting `TypeError: Cannot read properties of undefined (reading 'name')` on build 12345 in the CI/CD pipeline. This is causing a deploy failure.
2970;neutral;I think there might be some minor issues with the test coverage in the latest PR (#1234), could we review and adjust the test suite accordingly?
1709;neutral;I'm having trouble with the `npm install` on this branch due to a missing dependency in `package-lock.json`. Can you review?
2954;neutral;I'm experiencing intermittent failures in the `ci/cd` pipeline for #123. Could you help me troubleshoot the cause? I've checked the build logs, but nothing stands out.
455;positive;Just tested #52 and it's now passing on our CI/CD pipelines! Great work on resolving the `TypeError` issue!
2869;neutral;Just ran into an issue with the `docker-compose` build step in #1234. CI/CD pipeline seems to be working fine otherwise.
2041;neutral;Can we discuss the implications of switching to `@latest` version in the CI/CD pipeline for #123? I'd like to understand potential deployment consequences.
3454;negative;The latest build on `main` still fails due to the unresolved NPE in `utils.py`. This is a critical blocker for the upcoming release.
2316;neutral;@author, just wanted to confirm that the recent changes in `app.js` are causing a minor regression. Can you take another look?
610;positive;Great fix on the caching issue in #123! Your approach to updating dependencies simplified the CI/CD pipeline significantly.
168;positive;Great job on squashing that pesky NullPointerException in the `main` method! CI tests are passing now
731;positive;Just tested the new caching mechanism in #2342 and it's reducing build times by 30%! Great work on optimizing the CI/CD pipeline!
3548;negative;I'm experiencing intermittent failures in our CI/CD pipeline for #1234. The build fails on AWS but passes locally every time. Need help debugging this mystery.
2075;neutral;Regarding #1234's pull request: I'm reviewing the code changes, but can someone please clarify why we're introducing a new dependency on `numpy` for this specific module?
3272;negative;PR #123's changes broke our CI/CD pipeline. Need to investigate why the `npm install` step is failing with a cryptic error message.
1623;neutral;Noticed that the `build-10.5` step in `.github/workflows/deploy.yml` is still referencing an outdated Docker image #1234, can we update it to use `node:16-latest` instead?
588;positive;Just tested #12 and it now passes the E2E tests! Great work on squashing that pesky bug in our CI/CD pipeline
1402;positive;Great catch on the CI/CD pipeline bug! Your fix is working perfectly in our nightly build. Thanks for your quick turnaround!
3046;negative;Fails to run on Node v14.2.0 due to incorrect semver in `package.json`. Build fails with 'semver is not installed' error.
1701;neutral;Regarding #123: I noticed the `npm install` is failing due to version conflicts with `lodash`. Is it possible to update the package.json to resolve this?
3089;negative;The recent `fix: add error handling` PR still breaks the build on CircleCI. Can we revisit this merge?
3598;negative;Can we revisit the recent `ci/cd` changes? I'm experiencing inconsistent build failures on GitHub Actions due to missing cache configurations.
2982;neutral;Can you help me understand why the CircleCI build is failing on this PR? Everything looks good locally.
4426;negative;Failing to update Docker Hub credentials is causing continuous integration builds to fail on `main` branch. @dependabot, can you investigate?
1380;positive;Thanks for the fix! Just tested #1234 in our CI/CD pipeline and it's passing smoothly. Good work on resolving that pesky error.
2090;neutral;Just wanted to confirm if the recent changes in `build.gradle` are intended for Gradle 7.2 compatibility or just a refactoring effort?
2176;neutral;Regarding #123, I'm experiencing intermittent issues with Jenkins build failing due to missing dependencies. Have you encountered similar problems?
3691;negative;I'm experiencing intermittent crashes with `npm install` on Windows 10. Can someone review the build scripts for a fix?
3551;negative;@author I'm experiencing intermittent failures in the `build.gradle` file due to inconsistent cache behavior. This is causing issues with our CI/CD pipeline #55
3167;negative;This breaks our CI/CD pipeline. The test suite fails on the new build due to this regression. Needs urgent attention.
2658;neutral;Just ran into an inconsistency in the test suite. Can we discuss how to handle this edge case? PR #123
4000;negative;@johndoe I'm still seeing `TypeError: Cannot read property 'length' of undefined` on production after #1234 merge. This is getting frustrating.
442;positive;Thanks for fixing that tricky regex pattern in #123! Your changes made the parser 10% faster.
3281;negative;Failing to update `nltk` in `requirements.txt` is causing errors in the latest build. Can we reconsider this change for 2.0 release?
2052;neutral;Regarding #123, the `build.gradle` file seems to be causing issues with our CI/CD pipeline. Could we take a closer look at this dependency?
2542;neutral;Related to #123: I'm experiencing intermittent build failures with the `node_modules` folder. Can we investigate the cache settings for `npm install`?
1302;positive;Great catch on the CI/CD pipeline fail! Your PR [PR#123] fixed the issue with dependencies. Well done!
1782;neutral;I've reviewed the latest changes in PR #123, and it looks like the updated dependencies are correctly reflected in our CI/CD pipeline.
1305;positive;Great fix on the `fetch-data` function! Your PR #123 resolves the pagination bug nicely. Well done!
237;positive;Just merged #123: 'fix typo in README' PR. Thanks for the catch @username, makes our docs much more accurate now!
2600;neutral;I've taken a look at #1234, the build passes in my local env but fails on CircleCI. Any ideas on why the `package.json` is causing this discrepancy?
521;positive;Just tested the fix for #123 and it's working beautifully! The CI/CD pipeline also passed without issues. Great job on the patch!
2574;neutral;I'm seeing inconsistent test results on my latest build. Could you review the updated `travis.yml` file for any potential issues?
2769;neutral;Regarding #1234, I've verified the build error is not related to our recent changes in the `docker-compose` file. CI logs attached.
736;positive;Great job on fixing the Docker build issue #1234! Your changes to `Dockerfile` got me up and running smoothly.
4240;negative;Failing to resolve the `TypeError` in `utils.py` will break our CI/CD pipeline. Can we prioritize a fix for this?
2107;neutral;Regarding #1234: I've reviewed the test coverage for `lib/utils` and noticed no changes in metrics since last week's refactor. Not sure what to make of it?
2680;neutral;On #44, the test suite is still failing due to a missing mock implementation for `utils.py` in the `pytest.ini` file. Reviewing the diff will be helpful.
2762;neutral;Can someone review the updated README for consistency with the code changes in PR #123? This will help with documentation accuracy.
593;positive;Great fix on #23! Reduced flakiness in our CI/CD pipeline significantly. Thanks for your patience and persistence on this one!
1304;positive;Just tested #1234 and it's now working smoothly in our CI/CD pipeline thanks to your fix! Great job on the patch!
1388;positive;Just reviewed #123, great fix on the Jenkins pipeline! Your troubleshooting skills are impressive. This should boost our CD cycle significantly.
4232;negative;@developer I'm experiencing intermittent failures in our `CI/CD` pipeline due to an outdated `dependency`. Please review and update the relevant package versions.
3200;negative;@author I'm getting intermittent `NullPointerException` on deployment with the new build. Pipeline reports 'success' but our prod instance is crashing.
3660;negative;The latest CI build is failing due to an undefined `ENV` variable in `docker-compose.yml`. Can we revisit the config?
2988;neutral;Regarding #1234, I've noticed that the latest changes in `main` cause a minor inconsistency in the API documentation. Can we discuss possible fixes?
4431;negative;This new dep isn't compatible with the existing pipeline. Seeing intermittent failures in `main` due to incompatible dependencies.
905;positive;Great catch on the typo in `package.json`! Your PR fixes it perfectly. CI builds are passing now. Thanks for keeping our dependencies up to date!
4153;negative;Still experiencing intermittent failures in our CI/CD pipeline for #123. Latest build on node 14 shows `Error: ENOTFOUND` which doesn't seem to be related to previous issues.
1280;positive;Great catch on the `NullPointerException` in `utils.js`. Your fix in #1234 really streamlined our CI/CD pipeline!
3943;negative;This is causing the build to fail on CircleCI with error `Dependency 'react' not found`. Can someone help troubleshoot? #1456
4412;negative;Failing on macOS with `build.py` due to incompatible zlib version. Can we update the dependencies in our Dockerfile to fix this?
2309;neutral;Thanks for reviewing PR #12, I'll keep the changes in mind for future updates. The updated docs are still pending approval.
3923;negative;Can we take another look at #123? The latest build is still failing with `TypeError: can't pickle local object` in the CI/CD pipeline.
4162;negative;@username This PR breaks the build in our `dev` environment due to incompatible `numpy` versions. Can we revisit the dependency management?
3909;negative;Failing to build on macOS with Xcode 13 due to invalid SDK path #1234, this should be fixed before merging the latest PR.
707;positive;Thanks for addressing the flaky test in `ci/pipeline.yml`! Your changes have stabilized our build process.
4227;negative;Failing to build Docker image due to incorrect tag in `package.json`. This is causing issues with automated deployment via CircleCI #1234
3071;negative;PR #123 still doesn't build due to incompatible dependencies. Can we investigate why the package update didn't resolve the issue?
746;positive;Just reviewed your PR #123 and I'm impressed with the refactored code! It's a huge step forward in simplifying our CI/CD pipeline.
1940;neutral;Just confirming that the `jenkins` pipeline is successfully triggering the test suite for #234 on both master and dev branches without any issues.
3823;negative;@maintainer I'm experiencing intermittent `504 Gateway Time-out` errors with the latest API endpoint implementation in #123. This is causing issues with our CI/CD pipeline.
2863;neutral;This PR introduces an additional test case for edge scenario #135. The changes seem minor and don't affect the overall architecture.
3236;negative;Just hit an unexpected exception in the CI/CD pipeline for #1234. Build failing due to a failed checksum on one of our dependencies.
514;positive;Just tested #1234, the fix for the authentication bug is working great! Your changes simplified the code significantly. Well done!
82;positive;Just verified the fix for #1234 in our CI/CD pipeline. Great job on the patch, it's working smoothly now!
4479;negative;Issue with `npm install` failing due to outdated `dependencies.ts`. @dependabot, can you please update the script? #12345
1309;positive;Just tested the new `CI/CD` pipeline for the upcoming release of the project, and it's looking great! The automated tests are passing without issues.
4096;negative;I'm getting `NullPointerException` on build due to outdated dependencies in the project. Can we please sync with latest version of `spring-boot-starter-web`?
915;positive;Thanks for the fix on `issue #123`, @username! Your changes improved our CI/CD performance significantly. Works great now!
4327;negative;I'm seeing intermittent builds failing on `main` due to `docker-compose up` issues. Anyone else experiencing this with #1234?
3810;negative;Just hit this `NullPointerException` in our CI/CD pipeline after updating the Maven dependencies. Not sure what's causing it, can someone take a look?
2199;neutral;I've verified the fix in PR #123 and it passes all tests. Looks good to me!
775;positive;Great fix on #123! Your refactoring of the API client improved performance in our CI/CD pipeline by 20% . Well done!
330;positive;Just tested the fix in #1234 and it's working beautifully! The new CI/CD pipeline has been a huge help in catching these edge cases. Great work team!
2055;neutral;I think the Jenkins pipeline is not updating the docs after build. Could you check the documentation setup?
2002;neutral;I'm having trouble with the `latest` tag in our Dockerfile. Can we clarify if it's supposed to point to a specific commit hash?
944;positive;Thanks for squashing that pesky NPE in the login flow, @johnDoe! Your attention to detail is much appreciated!
823;positive;Great catch on the typo in `lib/utils.js`! Fix looks solid in your PR #123. Thanks for helping squash this bug!
4056;negative;The `npm install` on the CI/CD pipeline is failing due to an outdated `yarn.lock`, causing our tests to not run properly.
910;positive;Great fix on the `npm install` issue! Your patch made it work seamlessly with CircleCI 2.0. Much appreciated!
2517;neutral;The new API endpoint in #123 is not included in the CI/CD pipeline's test suite. Should we add it manually or refactor the pipeline?
182;positive;Great fix on #123 for the test suite failure! Your changes simplified the CI/CD pipeline and saved us from a lot of debugging time.
165;positive;Great catch on the CI/CD pipeline failure! Your PR [fix-123] addressed the underlying issue and our automated tests are passing again.
1524;neutral;I'd like to clarify how the Docker image build in .circleci/config.yml is triggered for #23. Could you provide more context about the intended behavior?
452;positive;Great work on fixing the `npm install` issue in #123! Your patch looks solid and should resolve the build failures for users.
2539;neutral;Regarding #123: Could we discuss the potential implications of removing `@dependency` in the next major release?
3911;negative;Can we revisit the Jenkins deployment pipeline in #123? I'm experiencing intermittent failures with `node version 14.17.0` and it's causing production downtime.
4301;negative;I'm experiencing issues with the latest build on CircleCI. It's failing with a `NullPointerException` in the `util` module, any ideas?
1312;positive;Just reviewed #1234 and it looks great! Your fix for the regression test failure was spot on. Well done!
3809;negative;Fails to run unit tests due to incompatibility with recent Python version changes. Can we revert to v3.8?
1112;positive;Thanks for fixing the CI/CD pipeline issue in #123! Your changes to Dockerfile really streamlined our deployment process.
4092;negative;@maintainer, the recent patch to `libjpeg` in #123 caused a downstream error with our CI/CD pipeline for macOS. Reverting it fixed the issue.
1288;positive;Just tested with latest changes and it looks like the CI/CD pipeline is working smoothly now! Thanks for the fixes on #123.
3436;negative;The updated `CI/CD` configuration is causing the pipeline to fail with an unexpected error, please investigate #1234
3699;negative;@maintainer: Just tried to deploy on master but got `ConnectionRefused` error due to incomplete setup in `.env` file. Can you review #1234?
3427;negative;@author I'm seeing inconsistent test results on Jenkins due to the latest `eslint` upgrade. Can we revert until we resolve this issue?
4104;negative;@author I'm experiencing intermittent failures in our Jenkins pipeline #43 due to inconsistent package versions of `react` in the Docker image. Need a fix ASAP.
3126;negative;This build is failing due to the latest Node.js update causing issues with our dependencies. Rebuilding from scratch isn't a viable solution.
328;positive;Thanks for tackling the Jenkins build failure on the `main` branch! Your patch looks great and has fixed the intermittent error.
1791;neutral;Just trying to reproduce the intermittent error in #1234. So far, no issues with CI/CD pipelines on master branch. Next step is investigating build logs.
2491;neutral;Regarding #1234, I think the error occurs due to incorrect dependencies in `package.json`. Have you tried cleaning the cache and re-running the build?
2007;neutral;Regarding #123: I've observed inconsistent unit test results across different Java versions. Would appreciate clarification on expected behavior.
2008;neutral;Regarding #23, the CI/CD pipeline seems to be stuck in an infinite loop due to a misconfigured timeout setting.
1859;neutral;FYI: The `docker-compose up` command in the CI/CD workflow still produces a warning about an unused variable in the `docker-compose.yml` file.
4223;negative;Can we revisit the CI/CD pipeline configuration? The recent update broke our nightly build for the `release-v1.2` branch again.
313;positive;Great fix on #123! Your update to the Jenkins pipeline resolved the build issues with the latest Node version. Working as expected now.
833;positive;Great fix on #123! Your refactoring made the build process much more stable. Thanks for squashing that pesky CI error!
3080;negative;Just encountered another `500 Internal Server Error` on our production instance. Can we revisit the recent API changes in #123?
1202;positive;Thanks for tackling the Jenkins deployment issue! Your fix made our CI/CD pipeline run smoothly again. Great work!
3798;negative;Just hit a `TypeError` in the new deployment script #1234. Can't seem to find where it's coming from, any ideas? @maintainer
3234;negative;Issue with latest build in `main` branch: CI is failing due to unresolved dependency conflict on `axios@1.0.2`, causing unit tests to fail.
2135;neutral;Just wanted to confirm that the fix for #1234 is working as expected in our staging environment. Can we discuss further?
2210;neutral;Thanks for the clarification on `npm install` issues with Node 16. I'll review the updated README documentation to ensure consistency.
3807;negative;I'm still getting `java.lang.NullPointerException` on our CI build due to the recent changes in pom.xml #1234. Can we revisit this?
1482;positive;Just tested the fix for #1234 in our staging environment and it's working smoothly. Thanks @johnDoe for your persistence!
778;positive;Just built the latest API changes with success! The updated CI/CD pipeline is catching all test failures as expected. Great work team!
800;positive;Great job on fixing the regression in `ci/cd pipeline`! Your changes to `dependency versioning` really helped stabilize our build process.
55;positive;Great job on resolving the Travis build failure! Your tweaks to `config.yml` have it passing now. Thanks for your persistence!
2973;neutral;Regarding #123: The `npm install` step in our CI/CD pipeline is failing with a permissions error on the `node_modules` directory. Any thoughts on how to resolve this?
1921;neutral;@maintainer The latest deploy to staging is failing due to an unknown error in the `CI/CD` pipeline. Reviewing logs now.
4187;negative;Commenting on #1234: The newly introduced feature breaks the CI/CD pipeline for `master` branch due to a missing `npm install`. Can we investigate further?
3542;negative;The latest build in `CI/CD Pipeline #123` is still failing due to the unresolved `npm` install issue. Any progress on resolving this?
1702;neutral;I'm seeing inconsistent test results in the CI/CD pipeline for commit #1234. Could we review the environment setup and ensure consistency?
2162;neutral;@maintainer I'm running the latest master branch but still getting this error in our Jenkins CI/CD pipeline. Could you take a look? #1040
1137;positive;Just ran `npm test` on PR #45 and all tests passed! Thanks for fixing that pesky dependency issue!
988;positive;Great catch on #23! Your fix for the caching issue in our CI/CD pipeline has significantly improved build times. Thanks for your attention to detail!
3881;negative;Hi @author, just encountered another `NullPointerException` in the Jenkins CI/CD pipeline. Need to investigate and add some null checks before merge.
3539;negative;Still seeing intermittent failures in our `test-ci` pipeline after  #1234 . This is causing delays in v1.2 release, could we discuss possible fixes?
3058;negative;I'm seeing intermittent failures in our CD pipeline for `main` branch due to unresolved Gradle issues. Can we revisit dependency upgrades?
1395;positive;Thanks for implementing the fix for the #43 authentication token leak in production! Your efforts have greatly improved our app's security posture.
2638;neutral;I've verified the latest changes on `issue #123` with Jenkins 2.273.1, but still observing intermittent build failures in our CI/CD pipeline.
769;positive;Just tested the new deployment script on our CI/CD pipeline and it's working smoothly! Thanks for the updates, much appreciated!
4239;negative;The Travis CI build is failing due to an incompatible version of `npm` being installed. Please update the Dockerfile to install a compatible version.
4335;negative;PR #123 breaks the build due to an unresolvable conflict between package versions. Can we revisit the version pinning?
3216;negative;Failing to upgrade dependencies in the v1.2 release has caused issues with node-sass compilation. Can we revisit this for 1.3?
286;positive;Great catch on the CI/CD pipeline fix! This should improve our automated testing reliability significantly. Thanks for your efforts!
4442;negative;Can we revisit #123's test failures on Ubuntu 20.04? The `libssl` conflict is causing issues with our CI/CD pipeline. Need a solution before the next build.
429;positive;Great job on resolving the flaky test in PR #1234! The changes to our CI/CD pipeline have improved build stability significantly.
2333;neutral;I'm reviewing #123: the test coverage in Jenkins is currently 97%, but we should aim for 100%. What's the plan to address this?
2718;neutral;I noticed a minor inconsistency in the test suite after applying PR #123. The build is still passing but it's worth reviewing the updated code.
2080;neutral;I'm reviewing the latest build of #1234 in the CI/CD pipeline. No issues detected so far, but I'll continue to monitor its performance.
723;positive;Great fix on #123! Your PR got our CI/CD pipeline back online. Thanks for the diligence and helping us meet the deadline!
952;positive;Great job on resolving the `NullPointerException` in master! Your fix has already improved our CI/CD pipeline stability. Thanks for your attention to detail!
3756;negative;Commenting on #123: still encountering the `TypeError` in deployment due to unupdated `requirements.txt` file. Please fix asap.
2263;neutral;Noticed that the updated `docker-compose.yml` file is not being pulled in our CI/CD pipeline. Investigating why it's not reflected in our Docker images.
990;positive;Just reviewed your latest PR (#123) and I'm impressed with the refactoring. It's making our codebase much more maintainable! Thanks for the effort!
3213;negative;The latest build is failing in the CI/CD pipeline due to an incompatible version of `npm` causing a `yarn install` error.
1760;neutral;I'm observing intermittent test failures in the `master` branch due to changes in the `redis` module. Reviewing CI/CD pipeline configuration for optimal settings.
3332;negative;Frustrated that the #13 fix broke our CI/CD pipeline again. Can we please test before merging? `@johnDoe` should review this PR.
327;positive;Just tested #121: CI/CD pipeline fix for Maven build failure, and it's working smoothly! Thanks for the patch!
2609;neutral;Just reviewed #123's test suite and noticed the updated dependencies in `package.json` but didn't see any corresponding changes in CI/CD pipeline config.
1384;positive;Great job on fixing the deployment issue in #42! Your changes to the `CI/CD` script have really improved the pipeline's stability.
1725;neutral;Just reviewing #123 and wanted to confirm that the fix for build failure is indeed the updated `maven` version.
1087;positive;Thanks for the quick fix on #123! The updated README is also greatly improved. Your contributions are appreciated!
3961;negative;I'm experiencing intermittent failures in the CI/CD pipeline for #123 due to a version mismatch with `react-scripts` 4.0.3. Can we downspec this dependency?
342;positive;Great job on fixing the deployment issue in `ci/deploy.sh`! Your patch made it through our CI/CD pipeline without any errors. Thanks for your contribution!
148;positive;Thanks for catching that regex edge case! Your fix in #123 has greatly improved the parser's robustness. Well done!
3835;negative;I'm experiencing intermittent errors in our CI/CD pipeline due to `npm` version inconsistencies between `main` and `dev` branches.
1108;positive;Great job on fixing the flaky test in #123! The recent changes to `package.json` must have done the trick.
849;positive;Thanks for catching that edge case in `test_dependencies.sh`! Your changes to the Jenkinsfile have our CI pipeline up and running smoothly now.
967;positive;Great work on resolving the `npm install` error in the build process! The changes to `package.json` were exactly what I needed to get it running smoothly.
4263;negative;I'm experiencing a build failure on #123 in our CI/CD pipeline due to an incompatible version of `package A` causing issues with downstream dependencies.
4042;negative;Issue #42's latest build is failing due to an incompatible dependency update. Need assistance with resolving the conflict before further development can proceed.
2204;neutral;I'm seeing this error in our CI/CD pipeline for `main` branch: `TypeError: Cannot read property 'length' of undefined`. Investigating...
3667;negative;I'm seeing intermittent failures in our CI/CD pipeline on Windows due to this change in `package.json`. Can we revisit the version of `dep-a`?
662;positive;Great fix on the `pip` installation issue! Your changes passed all tests and CI pipelines without issues. Good work!
1003;positive;Thanks for squashing the `NullPointerException` in #123! Your changes to the error handling flow are spot on.
3839;negative;Can't reproduce #123's fix in our CI/CD pipeline. Still seeing intermittent failures on CircleCI.
285;positive;Nice catch on the `async/await` deadlock! This will definitely improve our app's performance in the new auth flow #135
3843;negative;@username I'm unable to run the test suite due to an incompatible version of Jest in `package-lock.json`, can we sync up on a fix for #123?
4243;negative;Just ran into the same `NullPointerException` on CI again after #123 fix. Regression? Please investigate the recent `dependency-updates` pipeline changes for a solution.
1880;neutral;I'm experiencing inconsistent results with the new testing framework. Can we revisit the implementation to ensure reproducibility? #1452
4373;negative;I'm unable to build the project due to `npm` install failures. This breaks our CI/CD pipeline on GitHub Actions.
1204;positive;Just successfully merged #1234 with CI/CD passing! Your efforts on refactoring the API endpoints have greatly improved performance. Thanks for your hard work!
1991;neutral;Hi @username, can you help me review the updated `README.md` file in PR #123? I noticed some formatting issues that need attention.
25;positive;Just integrated your fix for the Docker deployment issue (#123) and it's working flawlessly. Great work!
4371;negative;I'm experiencing intermittent failures on the CI/CD pipeline for #123. This is the third time this week, need help investigating and fixing the cause.
3327;negative;Failed to deploy due to missing `node_modules` in Docker image. CI/CD build still green despite this error.
3425;negative;I'm experiencing issues with the latest build on CircleCI due to outdated dependencies. Can we roll back to a previous commit? #1234
3779;negative;Issue #23 still causing issues after latest merge. Can we take another look at the CI/CD pipeline configuration?
876;positive;Love the refactor in #1234! Simplified the architecture significantly. Works seamlessly now.
4275;negative;The test failures in PR #123 are due to the incorrect package version. Please update `dependencies.json` to v2.5.3.
939;positive;Great work on fixing the caching issue in `e2e-tests`! This change has significantly improved our CI/CD pipeline stability. Thanks!
2688;neutral;Hi @maintainer, I'm reviewing the updated `setup.py` in PR #1234. The changes look good, but can we discuss the added dependency on Py 3.8?
2395;neutral;This change seems to have broken the unit tests for `module_a` in the latest build. Would be great to review the test results.
4115;negative;@maintainer Unfortunately, the recent refactor broke the CI/CD pipeline for our nightly builds on the `main` branch. Can we revisit the changes?
4483;negative;@maintainer: can you please investigate why the build is failing on `main` after introducing `npm install lodash-es@^4.17.21`? Error log attached.
4125;negative;Can't reproduce the error in the latest commit. #38 still breaks on my Jenkins build with Node 14. Can we revisit this?
386;positive;Just tested #123 and it's now passing all tests! Great job @johnDoe on resolving the merge conflict in our CI/CD pipeline!
3768;negative;@username I'm experiencing a `TypeError` on master branch after merging #123. CI/CD pipeline fails to deploy due to incompatible dependencies in `requirements.txt`. Can we investigate?
4117;negative;I'm experiencing intermittent build failures in our CI/CD pipeline due to this PR (#1234) causing a dependency conflict with `npm` version 8.12.0
3613;negative;I'm experiencing intermittent failures in our CI/CD pipeline with Node.js 16.4.0. This is affecting our nightly builds for @main branch.
2292;neutral;Noticed that the latest changes to `dependency.yml` haven't been reflected in the `build` job output. Can someone review this?
3442;negative;Unfortunately, I'm experiencing intermittent failures on the build server with #1234. This is affecting our nightly deployment to prod.
937;positive;Just tested the latest build of #1234 with Jenkins and it's running smoothly! CI/CD pipeline is a game-changer for this project, great work!
4183;negative;I'm experiencing intermittent `502` errors on my PR #123's deployment to staging due to a problematic Docker image build.
2361;neutral;I'm reviewing the recent changes to the CI/CD pipeline. The updated Docker image is being pulled successfully now.
202;positive;Great fix! Your change to `package.json` resolved the build issue in #123. The CI/CD pipeline is now green.
3209;negative;I'm experiencing intermittent issues with the Docker build process on CircleCI. The `npm install` step consistently fails to install dependencies.
1333;positive;Just reviewed #1234's PR and I'm impressed with the improvements to our CI/CD pipeline. Great job on resolving that dependency conflict!
3017;negative;PR #123 breaks the build due to an incompatible dependency update. Reverting to previous version fixes the issue but loses new features.
2709;neutral;Just reviewing the latest changes in #1234. I noticed that the `linting` step is still failing on CircleCI due to an outdated `yarn` version.
1935;neutral;I've verified the changes in #1234, but I'm unable to reproduce the reported error. Can you provide more details about your environment?
936;positive;Love the new logging improvements in #1234! Made it much easier to debug intermittent issues. Great work!
2419;neutral;Can we discuss the `npm install` failure in #123? It seems to be related to a missing dependency, but I'm not sure which one.
567;positive;Just successfully deployed the updated API to production after resolving the CI/CD pipeline issue in #234, thanks for your hard work on this fix!
1855;neutral;For debugging purposes, could we add some print statements in the error handling block of `app.py` to see if it's a data type mismatch?
3955;negative;I'm experiencing intermittent failures in the deployment process. Error logs indicate a `TypeError` from the new dependency version (#1234). Can we revisit this update?
2873;neutral;Just a heads up on the CI/CD pipeline build failure for `#23`. It's failing on test suites due to updated dependencies.
3031;negative;I'm seeing intermittent failures in our `master` branch due to this latest dependency update. Can we revisit the version?
3977;negative;Can we revisit the Jenkins build failing on `master` due to outdated Node.js version? It's causing intermittent test failures in our CI/CD pipeline.
2468;neutral;@username, just reviewing #123's updated tests. The additional assertions look good but can you also consider adding a coverage report for the new changes?
1646;neutral;Thanks for fixing the Travis build error on #123. I was able to verify that it's now passing consistently with `node 14`.
4034;negative;PR #123 has caused our CI/CD pipeline to fail due to the incompatible version of @angular/compiler. Need to roll back to stable version ASAP.
2862;neutral;Thanks for updating the `npm install` script in PR #123. Verified that it fixes the `yarn.lock` inconsistency on CI.
1793;neutral;I'm seeing inconsistent behavior in the CI/CD pipeline for branch `feature/new-api`. Could you add some logging to debug this?
1431;positive;Just ran CI on #123 and it passes with flying colors! Thanks for squashing that pesky bug!
2827;neutral;Noticed the merge conflict in #123. Might be worth revisiting the `npm` version update in our `.travis.yml`. Could you take a look?
3101;negative;"I've hit an error running the test suite on the latest master build; `pip install` is failing due to a conflict with `setuptools`."
3805;negative;The CI/CD pipeline is still failing due to an unresolved `NullPointerException` in the `build.gradle` file. Can we revisit this?
1014;positive;Just tested your latest patch for the regex bug in `lib/utils` and it works perfectly! Thanks for the fix!
1929;neutral;I'm experiencing a timeout in our CI/CD pipeline on the `fix-build-issue` branch. Can we review the build logs for insights?
3695;negative;I'm seeing intermittent failures in the Jenkins pipeline for `#2345`, suspecting a misconfigured test environment. Can we investigate further?
3057;negative;PR #123 breaks our CI/CD pipeline due to incompatible Node.js version. This should be addressed before merging.
4368;negative;Comment: 'Fails to build on Ubuntu 20.04 due to missing `libssl-dev` dependency in Docker container'
127;positive;Great job on fixing the pagination bug! Your fix in PR #123 is spotless and made it through our CI/CD pipeline successfully.
3581;negative;Fails to build on Node v14 due to incompatible `npm` version. Could we specify a fixed version in the `package.json`?
2936;neutral;Just reviewing the test suite for #1234, noticed the added dependencies in package.json are not included in the Dockerfile.
3205;negative;Can we take another look at the test suite for #1234? The CI pipeline is failing due to an unhandled exception in `utils.py`. Frustrating that this slipped through our checks.
1348;positive;Great job on squashing that pesky Travis CI build error! Your fix has the project building smoothly again.
3056;negative;The `@latest` version of `package:xyz` is causing a regression in our CI/CD pipeline. Can we revert to the previous version?
356;positive;Great fix! The `--skip-ci` flag now works as expected in the latest pipeline run #1342.
4196;negative;I'm having trouble building the project on my local machine due to issues with `numpy` installation. Getting a version conflict error with `pip install --upgrade numpy`. Any ideas?
2731;neutral;I'm observing inconsistent behavior in the API after the latest refactor. Need to investigate further.
828;positive;Great job on fixing the API call error in #123. The updated CI/CD pipeline now successfully deploys to prod with minimal manual intervention.
1640;neutral;Regarding #123: the test coverage for `utils.py` still doesn't meet the 80% threshold. Can we review the updated code?
3041;negative;I'm experiencing issues with the new `npm` install in CI/CD. This build fails on my local machine as well: [link to error log](https://example.com/error-log.txt)
985;positive;Great catch on the circular import, @johnDoe! Your PR #1234 fixes the regression introduced by the recent refactor.
3282;negative;I'm experiencing intermittent build failures in #1234 due to the recent update of `eslint` package. Need help troubleshooting this issue.
4474;negative;Just encountered `Cannot read property 'length' of undefined` error in the latest build. CI/CD pipeline failing again due to this #1234.
2189;neutral;I'm experiencing intermittent build failures in the latest PR #123, but can't pinpoint the cause. Would appreciate any insight into this.
4156;negative;I'm experiencing issues with the `npm install` step in our CI/CD pipeline. Getting a `module not found` error for `package-x` which is listed as a dev dependency.
2444;neutral;I've verified the fix for #123 works in our CI/CD pipeline. The updated code passes all tests. Please let me know if you'd like me to review anything else.
363;positive;Great job resolving the `#123` cache invalidation bug! Your fix is now live on the dev branch. Thanks for your diligence!
2350;neutral;I've verified the build error in #123. The failure occurs due to an outdated version of Node.js (14.17.0) used by our CI/CD pipeline.
346;positive;Just reviewed #123 and I'm impressed with the fix. The automated tests are passing smoothly now!
3554;negative;I'm experiencing intermittent failures in our CI/CD pipeline on `main` branch due to the new `node 16` dependency. Can we investigate further?
4152;negative;Can we discuss the `TypeError` on line 145 of PR #1234? The regression test is failing due to this unexpected error.
712;positive;Thanks for squashing the deployment error in #1234! The automated tests are now passing with success on our CI/CD pipeline.
3206;negative;The recent change in `main` branch breaks the CI/CD pipeline for our production environment. Can we revert it or identify the root cause?
3412;negative;I'm experiencing an intermittent failure in our Jenkins pipeline #213, causing `latest-release` builds to fail consistently. Can we investigate further?
4318;negative;The latest build on the CI/CD pipeline is still failing due to the same `NullPointerException` in the `DataAccessLayer`. Can we revisit this?
3400;negative;I'm seeing intermittent failures in our CI/CD pipeline for branch `feature/new-login-system` due to a `NullPointerException` at line 345 of `LoginService.java`. Can we revisit the changes made?
3326;negative;Can't reproduce the 'Connection timed out' error in #1234. Tried both Linux and Windows environments, but still getting this intermittent failure.
11;positive;Just tested the latest build on CI and it looks like the recent changes have successfully resolved the pagination issues! Nice work team!
3962;negative;I'm experiencing intermittent failures in our CI/CD pipeline due to the latest version of `axios` causing a conflict with our custom caching layer.
2117;neutral;Thanks for catching that typo in the README @johnDoe. I'll make sure to correct it in the next update.
4268;negative;Comment from @user123: I'm experiencing a runtime error with the new `fetch_data` function in PR #456. Still seeing intermittent crashes on macOS.
1835;neutral;I've reviewed the latest PR #1234 for dependencies. No issues found with v1.2.3 installation on Linux/Mac. Let's proceed.
794;positive;Just ran the updated `CI/CD` pipeline for `PR #123` and everything looks good! Thanks for the fixes!
3364;negative;Issue #123: The CI build is still failing due to the broken `numpy` version in the `requirements.txt`. Can we please resolve this ASAP?
4450;negative;I'm experiencing intermittent failures in our CI/CD pipeline due to an inconsistent Docker image cache. This is blocking our latest feature release #1234
2803;neutral;I'm looking at the changes in #123. The updated tests seem to be passing on my local machine, but I'd like to see if they'll work on our CI/CD pipeline.
2675;neutral;I've reviewed the PR #1234, and it looks like it's mostly complete. However, I still have some minor concerns regarding the error handling in the CI/CD pipeline.
95;positive;Just reviewed the latest changes to `main` branch in #1234. Really impressed with the efforts to fix that critical bug! CI/CD pipeline looks good too.
130;positive;Just successfully deployed to staging with the updated API token! Tests are passing too. Good work team!
2892;neutral;Re: #123 - The unit tests pass on my local machine, but I'm getting a timeout error in the CI/CD pipeline. Any ideas what might be causing this?
2372;neutral;I'll need to review the updated build configuration in `#123` after seeing the recent changes to our Docker deployment in `docker-compose.yml`.
4186;negative;Failing to resolve the `NullPointerException` in `login.feature` is frustrating. Can we discuss possible fixes in the next dev meeting?
3890;negative;The recent `test_coverage` build is failing due to an incorrect dependency version (`@example/dep:1.2.3`) causing a segmentation fault.
3333;negative;I'm experiencing intermittent failures in our CircleCI pipeline due to an unresolvable Maven conflict with org.springframework.boot:2.3.10.
3229;negative;The `main` branch is still failing tests after the refactor. Can we revisit the changes and ensure all test suites are passing before merging?
4496;negative;@username This test failure in `main` branch is causing CI build to fail. Can you take a look at the code changes in #123? The stacktrace indicates an NPE.
4044;negative;I'm experiencing issues with the `latest` branch not being updated in the CI/CD pipeline after #1234 merge. Can we investigate further?
2264;neutral;@dependabot I'm observing inconsistent test results in `v2.5.3` due to a potential version conflict with `json-schema`. Investigating further.
1901;neutral;Regarding #1234, the automated test suite passes successfully after updating the `mockito` version to 2.3.0.
3601;negative;Issue with latest build on CircleCI due to incompatibility between Spring Boot 2.4.1 and Java 15. Fails at `mvn package` step.
3934;negative;I'm hitting a `404` on the `/v2/users/me` endpoint in the latest release. Can we review the API changes?
3231;negative;PR #123 fails due to a circular import error in `utils` module. The `pylint` scan also reports several unused imports.
1933;neutral;Regarding #1234, I noticed the test coverage doesn't include edge cases for our API's new endpoint. Should we add those to the suite?
3630;negative;Unable to deploy to staging due to `error 500` in production container. Reviewing logs reveals inconsistent environment variables in devops pipeline.
3528;negative;Just encountered the same #44 regression in nightly builds. @dependabot, it seems your update broke our pipeline. Can we revert?
2913;neutral;I'm experiencing intermittent failures in the CI/CD pipeline for #234. Upon further investigation, it seems to be related to the new AWS credentials configuration.
1866;neutral;I think we should add more error handling for the API call in #123. It's currently throwing an 'undefined response' exception.
1659;neutral;I'm experiencing intermittent builds failures in the `main` branch due to package `X` updates. Could we investigate further?
517;positive;Great job on squashing that pesky `NullPointerException` in #1234! Your fix looks solid and will definitely improve the app's stability. Thanks for your efforts!
1858;neutral;Just reviewing #123's merge into master. The updated dependencies seem to be correctly installed via `npm install`. Should we consider a separate test for this change?
2646;neutral;I'm testing the fix for #1234. The changes look good, but I'd like to verify they don't break our CI/CD pipeline in `master`.
2244;neutral;Just wanted to note that the latest build on `main` branch failed due to missing `node_modules` in `.dockerignore`. Reviewing CI/CD pipeline config.
1278;positive;Just tested the latest build on CircleCI and it looks like the deployment is successful! Thanks for fixing that pesky Docker dependency issue!
2337;neutral;@author I'm experiencing a timeout with the build on #1003. Can we discuss potential optimization strategies for our CI/CD pipeline?
951;positive;Just tested your latest fix on the CI/CD pipeline, and it's working beautifully! Thanks for resolving that pesky package versioning issue #123.
3817;negative;Can we re-examine the recent merge of PR #1234? The CI pipeline failed due to a subtle regex mismatch in `package.json`.
3069;negative;This test suite failure in #1234 is due to the new dependency on @vendored/lib which broke backwards compatibility. Can we revert?
1121;positive;Great fix on the `ci/cd` pipeline! Your changes to handle dependencies on Ubuntu 20.04 have really improved build stability.
2598;neutral;Regarding #1234, I'm observing inconsistent error handling in the `main.py` file. Can we discuss potential solutions?
2205;neutral;I'm experiencing intermittent errors with our latest build on the 3.2 branch. Could someone take a look at the CI/CD logs for the past 24 hours?
420;positive;Just tested the latest changes in #14 and it's great to see the CI/CD pipeline working smoothly again. Well done on addressing that dependency issue!
923;positive;Just verified the fix for #1234, thanks to @john's clever debugging! The automated tests now pass smoothly.
3618;negative;@username, I'm getting intermittent `500` errors on my feature branch (#123) due to a faulty API call in the new CI/CD pipeline. Can you take a look?
478;positive;Just tested #123 with the latest updates and it's running smoothly! Great job on resolving that caching issue!
2036;neutral;Regarding #1234, I've reviewed the logs and see that the CI build failed due to a missing `package.json` file. Could we add a check for it?
3733;negative;I'm experiencing intermittent failures in our CI/CD pipeline due to the `mysql` dependency update causing a version conflict with our `spring-boot` app. Can someone help resolve this?
1693;neutral;Can we discuss the potential impact of this change on our CI/CD pipeline? The recent updates seem to be causing intermittent failures in the deployment stage.
3912;negative;The recent update breaks the API integration. Error 500 occurs on every call, unable to proceed with testing.
3627;negative;I'm getting a `NullPointerException` on the latest build. The test suite is failing again due to this bug #1234
1472;positive;Great job on squash-merging #1234! The pipeline is now passing for the updated library dependency. Well done!
2602;neutral;Thanks for addressing the circular dependency in `package.json`. Have you considered adding a script to automate the update process for future versions?
1203;positive;Great fix for the UI glitch! The new commit has resolved the issue #123. CI/CD is now passing with no errors.
2439;neutral;I'm experiencing intermittent failures in the `CI/CD` pipeline on master branch with Java 17, could you try to reproduce and escalate if necessary?
2627;neutral;Can we discuss the impact of this change on our CI/CD pipeline? @dependabot, can you provide more context on these updates?
1670;neutral;Can we revisit #123's build failures? I think it might be related to the recent Bazel version update. Investigating further.
4341;negative;The latest build is failing due to a version mismatch between dependencies. Can we backport the fix from `main` to `release/1.2.x`?
1971;neutral;Hi @maintainer, just wanted to confirm if the recent fix for #1234 addresses the intermittent failure in our CI/CD pipeline as well.
3111;negative;PR #123 fails to build due to missing `@types/node` in tsconfig. This has been a known issue since last week's update.
2152;neutral;"Thanks for addressing the regex pattern inconsistency in #123. The updated code looks good; I'll run some additional tests to ensure it doesn't impact our pipeline."
821;positive;Great job on the latest update! The automated tests are passing consistently now. The fixes to the caching issue were spot on.
1998;neutral;@dependabot I'm reviewing the updated Docker image build. It looks like you've changed the base image to a newer version. Can we discuss the implications?
4405;negative;I'm having issues with the latest deployment due to a `NullPointerException` in the API endpoint, please investigate #1234
3055;negative;Issue with the latest CI/CD pipeline update. The deployment failed on our staging environment due to a missing dependency on version 1.3. Please re-run the pipeline.
1249;positive;Great fix for the CI/CD pipeline issue! The new deploy script is smooth and efficient. Thanks for tackling this!
3612;negative;I'm experiencing intermittent CI failures on #123 due to the recent upgrade of @maven central repo causing inconsistent build results.
2713;neutral;Just checking in on #1234. The latest build looks good, but I'm still unclear on why the test failures are persisting after addressing the dependency conflict.
993;positive;Great catch on the `npm` version mismatch! Your fix in #1234 has improved our build stability in staging.
2191;neutral;For the sake of reproducibility, I'd suggest adding more logging to `ci/pipeline.yml` in #123 to debug intermittent failures.
4204;negative;#43's changes broke the build on Jenkins due to an outdated Gradle version, causing our CD pipeline to fail. Can we revisit this PR?
1047;positive;Just tested #1234 with the latest Docker image, and it's running smoothly. Your changes are a huge improvement to our CI/CD pipeline!
1889;neutral;I've taken another look at the failing CI build in #1234. It seems to be related to a missing dependency in our `build.gradle` file.
2470;neutral;@dependabot, I'm reviewing the updated `package.json` in #1234. The new dependencies seem to be installed correctly, but I'll verify the build process as well.
2848;neutral;I'm experiencing intermittent failures with the CI/CD pipeline on `main` branch. Would appreciate investigation into possible causes.
616;positive;Nice fix on the build script! The test suite is now passing consistently after your adjustments to the Node dependencies.
1319;positive;Great work on resolving the regex pattern mismatch in #123! Your fix successfully passes the test suite and brings us closer to a stable release.
1864;neutral;Just wanted to confirm that the recent fix for #1234 is working correctly in our CI/CD pipeline on both `main` and `dev` branches.
2344;neutral;Just ran into this issue while reviewing #123: `npm install` fails due to missing `@types/node` module in the `package.json` file.
2450;neutral;I'm seeing intermittent failures in our CircleCI pipeline on the `main` branch due to a failing test. Can we investigate? #1664
2137;neutral;Regarding #123: I noticed the latest build on CircleCI fails due to `npm` version mismatch. Could we revisit our `package.json` configuration?
4033;negative;Issue #123: The latest build is failing due to an incompatible `json` package version. Can we please bump the version in `package.json`?
1773;neutral;I've reviewed the updated `README.md` in #1234. The formatting looks consistent with our style guide, so this is good to merge.
4464;negative;This breakage in the `master` branch is frustrating. The failing test 'test_update_user' on CircleCI indicates a database schema mismatch.
132;positive;Great catch on the `npm` version conflict! PR #1234's changes should fix the issue. Let me know if you'd like me to squash it.
3541;negative;The recent changes in `main` branch caused our CI/CD pipeline to fail due to an incompatible library version. Please re-evaluate the updates.
78;positive;Great fix on the Docker image build step! Your tweaks to the `dockerfile` resolved the issue #1234, thanks for the effort!
3451;negative;I'm having trouble with the latest package install on my CI/CD pipeline. It's failing due to a `TypeError` on line 45 of `utils.py`. Any help is appreciated.
2899;neutral;Just wanted to note that the `pylint` checks are failing on the latest build of #123 due to an outdated version of `flake8`. Needs manual intervention.
2053;neutral;Can we revisit the changes made in #1234? The updated test suite is running smoothly with travis-ci. Thanks for your efforts.
3999;negative;I'm experiencing issues with the test suite on my PR #1234. The build is failing due to a version conflict in the `dependencies` file.
725;positive;Just ran the latest build on Azure DevOps and the CD pipeline passed with flying colors! Thanks for the recent fix!
1315;positive;Love the fix for the `NullPointerException` in the `dataProcessor` method! This should greatly reduce errors in our nightly builds #101
3759;negative;I'm experiencing issues with the latest build in our `main` branch due to a failed test on Windows 10. Can we investigate?
1852;neutral;I'm reviewing the updated README for #123. Looks good to me but could we link to the actual API documentation?
2318;neutral;I've verified the unit tests in `feature/new-feature` are passing. Can we discuss the CI/CD pipeline setup for this new feature?
3771;negative;@author The recent fix for #123 introduced a regression in the staging environment. Need help debugging this intermittent failure.
4079;negative;I'm experiencing intermittent errors with the API endpoint. Can we discuss why it's failing on our staging server? #445 Issue still persists after latest deploy
1373;positive;Great fix! Your changes to the deployment script have resolved the intermittent `502 Bad Gateway` errors in our staging environment. Thanks!
1856;neutral;Noticed that the fix in #123 resolved our issues with the API. Could you please confirm if it's a temporary solution or a permanent patch?
2966;neutral;Noticed that the `jenkins` step in `.github/workflows/ci.yml` is failing due to a missing credential. Can we review this?
3588;negative;Frustrating that the `README.md` update in #123 is failing to deploy due to a missing space in the `dockerignore` file.
1320;positive;Great job on squashing that elusive edge case in #23! Your refactoring significantly improved the test suite's robustness.
2561;neutral;"I'm having trouble with the latest `ci-pipeline.yml` changes; can we review how the test suite is updated after each build?"
4409;negative;Just reproduced the `NullPointerException` on master branch with latest build. This is the 3rd time this week, something's not right in our CI/CD pipeline.
4019;negative;@author I'm experiencing intermittent failures in the `build-and-deploy` pipeline due to inconsistencies with the updated `package.json`. Can we investigate?
3565;negative;Failing to merge #123 due to inconsistent code changes. The auto-generated config file is still referencing the old API key.
376;positive;Just tested the updated CI/CD pipeline and it's working seamlessly! Great job on resolving that deployment issue. @johnDoe, thanks for your troubleshooting efforts!
1909;neutral;Related to #34, I noticed that the unit tests pass locally but fail on CircleCI. Worth investigating.
334;positive;Great fix on the `auth` service integration! CI pipeline now passing consistently. Thanks for addressing the login issues.
3702;negative;Hi @maintainer, I've encountered a regression with the latest update, causing the API to return 500 errors. Please investigate #1234
3782;negative;@author, the latest build on master fails due to incompatible `aws-sdk` version (2.7.8), causing `Error: Missing required argument 'region'`. Can we revert to 2.6.x?
2366;neutral;FYI on #123: the latest test runs are passing for 2.6.3. Still investigating the intermittent failures in our CI/CD pipeline.
1605;neutral;This PR doesn't seem to address the #42 issue with unit tests failing in the `v1.2` branch. Can we clarify the changes?
1119;positive;Thanks for fixing the CI/CD pipeline crash. Your changes in #123 worked perfectly! The continuous deployment is now stable again.
4380;negative;Comment from @devops: I'm experiencing intermittent failures in the CI/CD pipeline due to a missing Jenkins configuration file. Can we investigate?
1944;neutral;@mentions I've reviewed the latest changes to `setup.py` for #10. No issues found with pip install, but worth verifying on different environments,
2959;neutral;I'm looking at #123, the CI/CD pipeline is failing due to a missing `npm install` step in the Dockerfile.
3717;negative;@author I'm experiencing intermittent failures with the latest build in `ci/CD-1234`. Can you take a look at the `docker-compose.yml` file, please?
4459;negative;PR #123 still failing on CircleCI due to outdated `axios` version. Can we bump it to the latest to resolve the issue? Frustrated with these ongoing build failures.
3734;negative;Fails to deploy on Azure due to incorrect ARM template. Deployed locally without issues but breaks in production. #1234
2377;neutral;I've noticed that the test suite for this PR (https://github.com/org/repo/pull/123) doesn't seem to be running on CircleCI as expected. Investigating further.
4360;negative;Comment from @username: The `jenkins` stage in the `.github/workflows/main.yml` file is failing intermittently due to a corrupted dependencies cache. Can we investigate further? #1663
1343;positive;Great catch on the caching issue! Your fix has significantly improved our build times in CI/CD pipeline #1234. Thanks for your effort!
321;positive;Just tested PR #123 and the updated `docker-compose.yml` resolved the intermittent deployment errors, thanks for the fix!
1620;neutral;Just reviewing your PR (#1234) for the new feature and everything looks good. Can we discuss the API endpoint naming convention?
4008;negative;Issue with latest build on Jenkins CI/CD pipeline - getting `Failed to resolve org.springframework.boot:spring-boot-starter-web` due to missing dependencies.
2061;neutral;Just reviewing the PR #123 for the new CI/CD pipeline integration. The tests are passing on my end, but I noticed a minor discrepancy in the deployment script.
2946;neutral;I've reviewed the latest changes in PR #123 and noticed the updated README reflects the new API endpoint correctly.
2220;neutral;I've verified the changes in #1234 and they seem to be working correctly. No issues found with the updated build process.
1674;neutral;I'm seeing inconsistent behavior on master after updating `eslint-config-airbnb` to 18.0.1 in #1234 - can we revisit the config?
1943;neutral;I was reviewing the latest changes to our CI/CD pipeline (PR #123) and wanted to confirm if the added `buildTimeout` setting is sufficient for all environments.
261;positive;Great catch on the `pip install` issue! The updated `setup.py` works smoothly now. Thanks for squashing that bug!
3858;negative;Frustrated with the recent `npm` install issues on the `CI/CD` pipeline for #1234. Can we revisit the dependency versions to resolve this?
2040;neutral;Looks like the fix for #1234 broke our nightly build. Can we revisit the changes to `package.json`?
690;positive;Nice catch on the CI/CD pipeline failure! Your fix for the `npm` version inconsistency has saved us a lot of trouble in production.
902;positive;Love the fix for the `NullPointerException` in the CI/CD pipeline! Simplifies deployment and reduces risk of errors. Well done on the quick turnaround!
2307;neutral;@username, I'm looking into the CI/CD pipeline failure in #123. The test results show an error in the `build.gradle` file's dependencies section.
2027;neutral;FYI, the `latest` version of `mysql-connector-java` in our `pom.xml` is outdated. Should we update to `8.0.23` as per the release notes? #1147
2893;neutral;@johnDoe I've reviewed the PR #123 and noticed that it introduces a new dependency which isn't specified in the CHANGELOG. Can we add some documentation on this?
139;positive;Great job on the refactor! The new caching mechanism has significantly improved performance in our CI/CD pipeline for #123. Well done!
1918;neutral;Could you clarify how this updated dependency affects the overall project structure? I'd like to review it before merging #123.
1829;neutral;On PR #42, the linter warning about unused imports is still present after resolving the merge conflict. Can we review again?
1574;neutral;I'm not sure if this is the correct approach for updating dependencies in the CI/CD pipeline. Can we review the changes?
320;positive;Just tested `fix/ci-pipeline-fail` and the updated workflow is successfully deploying to staging! Thanks for the quick fix on this one!
654;positive;Just reviewed #42's fix for the API endpoint caching issue! Works beautifully in our staging env. Thanks to @johnDoe for the quick turnaround!
2138;neutral;Can we revisit the changes made in PR #1234 regarding the Jenkinsfile? I'm having trouble understanding why `docker-compose up` was swapped with `docker-compose run`.
3806;negative;@username, I'm experiencing intermittent `500` errors with API endpoint `/users/{id}`. Local testing doesn't reproduce the issue.
559;positive;Great fix! Your changes to the Docker build script resolved the `docker: failed to get container` error I was hitting on CI/CD.
2188;neutral;Just reviewing the updated `README.md` with latest docs changes. Everything looks good to me. The formatting is consistent now.
113;positive;Just tested your fix for the API endpoint in #1234. Works beautifully now! Thanks for addressing that edge case!
532;positive;Great job on fixing the regex vulnerability in #123! The updated CI/CD pipeline is now passing with flying colors
225;positive;@username Your fix for #1234 is exactly what we needed! The CI/CD pipeline now passes smoothly. Well done!
724;positive;Love the fix for #123: CI/CD now successfully deploys to prod! Reduced build time by 30% and fixed that pesky TravisCI error.
3980;negative;Frustrated with #42, the recent fix broke our CI/CD pipeline. The new test failures are unrelated to the initial bug, causing unnecessary rebuilds.
2884;neutral;I noticed that the updated CI/CD pipeline for `main` branch fails due to missing `node_modules` in `deploy` stage. Investigating further.
1142;positive;Just tested #1 with the latest dependencies and it's passing all tests! Your changes to `build.gradle` really helped resolve that nasty compile error.
1434;positive;Great job on fixing the `NullPointerException` in the CI/CD pipeline! Your changes have improved our build stability. Thanks for your efforts!
2374;neutral;I've noticed the `deploy` stage in our CI/CD pipeline is failing due to an unknown error. Any insight into what might be causing this would be helpful.
3822;negative;Frustrated with the latest update causing intermittent API failures. Regression tests are failing due to this change in #456. Can we revert it?
3372;negative;PR #123's changes broke our nightly build on Jenkins. The error log shows `TypeError: cannot concatenate 'str' and 'NoneType'`. This is a regression, please revert.
3936;negative;I'm seeing intermittent failures in the `ci/stage` pipeline due to an outdated `npm` version. Can we bump it to the latest?
1459;positive;I'm loving the new `ci.yml` file! It's simplified our testing process significantly. Well done!
3098;negative;Can we revisit the `v1.2` release? I'm seeing intermittent test failures due to a faulty dependency in the CI/CD pipeline.
1416;positive;Just tested your latest patch for the CI/CD pipeline fix in #123 and it's working flawlessly! Great work on tackling that edge case!
2763;neutral;Regarding #1234's dependency conflict, I've added `package.version` to the `pom.xml` as per discussion. Still experiencing intermittent errors.
847;positive;Great fix on #42! The changes to the logging level have really improved the error reporting in our CI/CD pipeline.
194;positive;Great fix! Your PR #123 resolves the test failures on master. Thanks for tackling that regression.
1465;positive;Great job on resolving the `NullPointerException` in PR #123! Your debug skills are top-notch. The CI/CD pipeline is now green again.
2622;neutral;Regarding #42's refactor changes to `utils` module, I've noticed no tests were updated. Would appreciate it if we could add some unit tests for the new functions.
947;positive;Just reviewed the recent PR #1234, and I'm impressed by the thoroughness of your test coverage. Nice work on stabilizing the CI/CD pipeline!
2022;neutral;I see that the CI/CD pipeline is failing due to an unknown reason. Could we take a closer look at this: #1234?
2552;neutral;The linter warnings on the latest update still seem to be unresolved. Can we review the affected files in #432?
1630;neutral;I'm experiencing issues with build failures on Jenkins after updating Node.js to 16.0. Trying a rollback for now.
2929;neutral;Can you clarify the test failure in `e2e/login.test.js`? It passes on my local machine but fails in CI.
118;positive;Just reviewed #12's PR and I'm impressed with the improvements to our CI/CD pipeline. The automated tests are running smoothly now!
646;positive;Thanks for squashing that pesky #42 bug! Your commit is a huge improvement to our build process. The CI/CD pipeline should now pass smoothly.
1871;neutral;Can you clarify the reasoning behind this change in the build script? The latest commit breaks our CI/CD on the `staging` environment.
4;positive;Just tested your PR #123 and it works like a charm! Great job on squashing that pesky bug in the CI/CD pipeline!
75;positive;Great fix on #123! The updated README is spot on. Well done!
1756;neutral;I've reviewed #42's fix for the ` NullPointerException` in Jenkins job configuration. The update looks clean, but can we discuss potential edge cases?
468;positive;Great fix on the `jenkins` stage in #1234! The pipeline now consistently passes. Thanks for catching that flaky test.
3394;negative;@author: CI/CD pipeline is failing due to `npm` installation timeout on Ubuntu 20.04. Anyone familiar with this issue can help?
6;positive;Just tried `v2.1` release and the new CI/CD pipeline is running smoothly! Well done on squashing those tough deployment issues!
1247;positive;Thanks for squashing that pesky memory leak in #123! Your fix has already improved our perf in the nightly builds. Well done!
920;positive;Just merged #123 to fix the login issues. The new version looks solid so far! CI/CD pipeline passing smoothly too.
2596;neutral;Re: #1234 - Could you provide more context on why the Jenkins CI/CD pipeline is failing to deploy due to the Docker build error?
229;positive;The automated testing changes look great! The new test suite has significantly improved our CI/CD pipeline's reliability. Well done!
1064;positive;Just reviewed your fix for the API endpoint typo in #123. Works beautifully! Appreciate the thorough testing and commit message clarity.
2591;neutral;I'm reviewing the PR #1234 for the CI/CD pipeline update. Would appreciate it if the test coverage for this change could be clarified.
243;positive;Thanks for resolving the `npm install` issue with the updated `package.json`. The CI/CD pipeline is now successfully building our project!
2947;neutral;Just wanted to confirm the fix in #1234 doesn't break our existing CI/CD pipelines. Could we add some integration tests to verify this?
3745;negative;Failed to build on CircleCI due to `yarn install` timing out. This has been an ongoing issue for weeks, need urgent attention.
1161;positive;Love this fix for the null pointer exception in `utils.py`! The test cases are solid too. Thanks for the efficient PR #123.
3827;negative;I'm seeing intermittent failures in our CircleCI pipeline for the `release-1.2` branch due to a faulty dependency on `node-sass`. Can we investigate this further?
1631;neutral;Just reviewing the recent CI/CD pipeline changes (#1234). Can you clarify why we're using `node v14` instead of the default version specified in `.nvmrc`?
3671;negative;@dependabot Your latest fix broke our CI/CD pipeline on the `main` branch. Can you take a closer look at the `Dockerfile` changes?
3518;negative;I'm having trouble with the latest update. The CircleCI build is failing due to a missing `npm install` in the `install` script.
2891;neutral;I'm experiencing intermittent build failures on the `main` branch. Could you help investigate the cause in #123 and ensure our CI/CD pipeline is stable?
3422;negative;Unfortunately, I'm experiencing a continuous integration error with CircleCI due to an outdated Node version in the `package.json` file.
2564;neutral;I'm reviewing the changes in #1234. Can you clarify why the logging level was changed to DEBUG instead of just increasing the verbosity?
2672;neutral;I'm experiencing intermittent failures in the integration tests on PR #1234 due to inconsistent dependencies between Jenkins and CircleCI builds.
1527;neutral;I'm experiencing issues with the latest release of `libpng` causing CI builds to fail on macOS. Reviewing the logs now.
1606;neutral;Can we review the test coverage for `update_build_process` in #23? It's passing locally but showing 95% coverage on CI/CD.
4349;negative;I'm experiencing intermittent test failures on my PR #123 due to a version conflict with `react` @v18.2.0. Can we bump the major version?
2325;neutral;I noticed the Travis CI build is failing for the latest commit. Can we investigate the cause of this error? #123
2710;neutral;Just ran into an intermittent Jenkins build failure on the `main` branch. Can we review the recent config updates in #123 to ensure consistency?
3819;negative;Failing to migrate database schema on latest build. This is blocking our deployment to production. Can we prioritize a fix for this?
1313;positive;Great catch on the edge case in `login.js`! Your fix makes our API much more robust. Thanks for the PR!
3449;negative;Failing to update the `npm` version in `.env` breaks the build on CircleCI. Reverting to v17.0.1 fixes the issue, but this needs a permanent solution.
1990;neutral;Just reviewed #1234's PR and noticed the new build script. Everything looks good to me.
3853;negative;@username, I'm experiencing intermittent deployment failures due to this PR's changes causing `docker-compose up` errors. Can we review the container logs?
2363;neutral;I noticed #45 still has some minor linting issues on the CI/CD run. Might want to take a look at it before merging.
1976;neutral;I've noticed that the Jenkins CI/CD build for `#123` is failing due to a missing Maven dependency. Can we investigate?
3515;negative;I'm experiencing intermittent failures in the `CI/CD` pipeline due to unexpected `NullPointerExceptions` during unit tests. Could we add more robust error handling? #442
1762;neutral;Can we revisit the unit tests for the `utils` module in PR #1234? I'm having trouble reproducing the coverage report.
3392;negative;The `latest` version of React is causing issues with our build, can we lock to a specific version in the `package.json`?
1306;positive;Great job on fixing the regex issue in #123! The new PR looks solid too. Thanks for keeping the pipeline green!
2740;neutral;Regarding #23, I noticed the test suite fails on CI due to a missing mock implementation. Could we update the `mocks.json` file accordingly?
1542;neutral;Reviewing #1234's build process, I noticed the failed test is due to an outdated `numpy` version in our CI/CD pipeline. Could we update the Dockerfile accordingly?
4198;negative;Frustrated with this regression. @dependabot's latest update broke our CI/CD pipeline in #1234. Anyone have a fix for the conflicting `npm` versions?
2473;neutral;Just wanted to confirm that I've reviewed the changes in PR #1234 and verified the fix for issue #5678 works as expected.
2643;neutral;I'm seeing intermittent failures in our CI/CD pipeline with the latest build. Can we investigate the cause of this behavior?
2796;neutral;Could we revisit the caching strategy in our CI/CD pipeline for #123? The build times seem to be inconsistent.
3947;negative;I'm seeing intermittent fails on the `master` branch due to the CircleCI build timing out on our AWS instance #1234
623;positive;Just tested with latest commit (#1234) and the CI/CD pipeline now passes smoothly! Great work on fixing that tricky build error!
3797;negative;The recent changes in `master` broke the CI/CD pipeline for me. I'm experiencing a cryptic error message on Jenkins: 'Unknown error during deployment'.
1494;positive;Great fix on #234, thanks for identifying the edge case that was causing the intermittent failures in our CI/CD pipeline!
111;positive;Great catch on the null pointer exception in `main.py`! Your patch looks solid, thanks for contributing to `issue #123`. CI pipeline is green now.
2276;neutral;I've taken a look at the recent #21 fix, but I'm unsure how it affects our current integration tests. Could we discuss further?
3722;negative;Just encountered a fatal error in the latest nightly build due to broken dependencies on `react-scripts`. Can we investigate?
1170;positive;Great job on squash-merging #123! Your refactoring improved build times by 30% in our CI/CD pipeline. Nice work!
4035;negative;I'm having trouble with the latest build on CircleCI. Failing to install `dependencies` due to a missing node_modules directory in the .circleci/config.yml file #2345
233;positive;Just tested your PR #123 and the Travis build is passing! Well done on resolving the `npm` dependency issues!
67;positive;Just tested #1234 and the fix works beautifully! Great job on addressing that edge case. Pipelines are green again
4102;negative;Just hit this error in the `ci/pipeline.yml` file: `unknown action 'deploy'` Anyone else experiencing issues with our CI pipeline deployment? #171
1604;neutral;Just reviewing the latest PR #1234, noticed that it seems to be passing all tests on my local env, but still worth verifying with CI/CD.
2073;neutral;I'm experiencing issues with the Jenkins build failing on the `release-1.2` branch due to missing dependencies in the `pom.xml` file.
3284;negative;@author I'm experiencing intermittent crashes with `libcurl` in my feature branch #123. The error logs suggest a corrupted library, could be related to the recent `apt-get update`?
3597;negative;@author I'm experiencing intermittent failures in our staging environment due to the new dependency on `axios` #34. Can we revisit the config?
2193;neutral;I'm experiencing intermittent failures in our Docker builds. The tests pass locally but on CI/CD pipelines, it's showing a 5% failure rate.
537;positive;Just tested your latest fix for the `jenkins_pipeline` issue in #23 and it's working perfectly! Great work on getting CI/CD back online!
2860;neutral;I'm experiencing intermittent issues with the CircleCI build on #1234. Occasionally, it fails to deploy due to a missing `node_modules` directory.
126;positive;Nice fix on #1234! The updated build script for CircleCI has improved our pipeline performance significantly. Good job!
3546;negative;Issue #123 still broken after merging PR #456. The failing test in `ci/pipeline.yml` is blocking our deployment.
2134;neutral;Just reviewing the updated build script for #123. The changes look good, but I'd like to see some additional logging to track pipeline progress.
1255;positive;Nice catch on the API endpoint inconsistency in #12! Your fix for the CD pipeline has our build process up and running smoothly again.
4077;negative;Failed to deploy #23 due to `npm` version mismatch. Downgraded to 7.8.0 but now `yarn` is stuck on a loop
1977;neutral;Noticed that the recent update to `npm` broke our CI/CD pipeline on branch `feature/new-feature`. Investigating further.
4036;negative;I'm experiencing intermittent failures in the CI/CD pipeline for branch `feature/new-login-flow`. Error messages indicate a potential dependency conflict with `npm` version 8.5.0.
3814;negative;I'm hitting a `TypeError` on this line in the `main.py` file. Can we revisit the recent changes that broke our CI/CD pipeline?
2076;neutral;I was able to replicate the error in our CI/CD pipeline with latest Java 11 update. Worth considering adding a version constraint.
485;positive;Nice fix on the CI/CD pipeline! This change should improve build times for our nightly releases. Thanks!
1655;neutral;Related to #123, I noticed that the `pip install` step in .yml still fails on Windows due to a missing dependency. Any insights?
1216;positive;Thanks for handling the CI/CD pipeline fix on #123! Your commit streamlining made it much more efficient. Great teamwork!
3087;negative;Just encountered the `TypeError` again in the API endpoint. This is the third time this week, need to investigate and fix it ASAP.
3723;negative;@author I'm seeing intermittent test failures in #1234 due to `asyncio` compatibility issues with our outdated `python 3.7` runtime environment.
4099;negative;Unfortunately, this latest build on `main` is still failing due to the unmet dependency of `nodejs 14.17.0`. @author needs to update `package.json`.
3762;negative;The latest PR #123 breaks our CI/CD pipeline due to an incorrect package version in the `build.gradle` file. Needs a fix ASAP.
4052;negative;I'm experiencing intermittent failures in the CI/CD pipeline on `feature/new-auth-flow`. Could you investigate why `dependencyA` is sometimes missing?
3346;negative;I'm experiencing intermittent `NullPointerException` errors in the build pipeline. The error only occurs on CircleCI, not GitHub Actions. Can we investigate further? #1234
3948;negative;I'm experiencing an intermittent failure in our CI/CD pipeline on PR #123, which breaks the build randomly after a successful run. Anyone else seen this?
1775;neutral;I've noticed the `npm audit fix` step in `.github/workflows/ci.yml` is taking a while to complete. Is this something we can optimize?
2411;neutral;On `build-16`, the unit tests for `lib/utils` still fail due to an unresolvable import. Investigating further is necessary.
2798;neutral;Could we review the updated README for the `latest-release` branch? I've made some minor formatting changes to match our documentation style.
919;positive;Great fix on #123! CI/CD pipeline is now green again. Thanks for catching that subtle regex bug in the deployment script!
1647;neutral;Hi @maintainer, just reviewing the latest build output from Jenkins and noticed some warnings about unused imports in `utils.py`. Might be worth investigating.
1027;positive;I just integrated the fix for #123 with `main` branch and it's successfully passing all tests on CircleCI. Good work, team!
1031;positive;Just merged #1234! Great job on squashing that pesky null pointer exception in the API. CI is green now too!
883;positive;Great catch on the null pointer exception in `src/utils/api.js`! Your PR fixes were spot on, thanks for contributing!
1336;positive;Great work on squashing the critical memory leak bug in `v1.2`! The new test suite is also a huge improvement for our CI/CD pipeline.
2747;neutral;Could we revisit the build failing on Linux due to the outdated `openssl` version in the `dependencies.yml` file?
3652;negative;Just hit this error again in my local build: `error TS2339: Property 'x' does not exist on type 'Y'`. Stuck on #24 for hours.
2714;neutral;Reviewing the updated `CI/CD` pipeline config in #1234. It appears to be a straightforward refresh of dependencies without any major changes.
365;positive;Great job on fixing the CI/CD pipeline issue with `npm version` update! Build passes smoothly now. Thanks for your patience and efforts!
4361;negative;Just hit this error on my local build: `Could not resolve dependencies for project X`. Same issue as #1234. Any fix in sight?
3288;negative;@maintainer Unfortunately, the latest changes broke our CI/CD pipeline for `feature/new-feature`. The tests now fail with a `TypeError` on `pip install`.
2126;neutral;@dependabot I've added the missing `pytz` dependency to `requirements.txt`. Can you please re-run the tests?
28;positive;Great job on fixing the `json-parser` vulnerability in #123! Your patch looks clean and well-documented. Well done!
474;positive;Great job on fixing the TravisCI build failure in #123! Your changes make our deployment process much more reliable.
526;positive;Great fix on the Travis CI build error! Your changes to `package.json` resolved the npm version conflict nicely. Works smoothly now!
726;positive;Great catch on the `npm install` issue! Your fix has stabilized the CI/CD pipeline for our latest release. Thanks for your diligence!
56;positive;Great fix on the `npm install` step in #123! Simplified our CI/CD pipeline and saved a few minutes on every build. Thanks for your help!
639;positive;Great work on resolving the circular dependency issue in `lib1`! The updated import paths are now correctly resolved in our CI/CD pipeline.
303;positive;Just verified PR #123: your fix for the caching issue has significantly improved our deployment times. Well done!
2767;neutral;I'd like to bring up the `issue#123` where our CI/CD pipeline fails on Windows due to a missing Java runtime environment. Would be great to get this resolved soon.
4201;negative;This breaks our CI/CD pipeline. On `main`, the test fails because of this assertion error: `Expected x to be 5 but got 7`.
1277;positive;Great job on resolving the `NullPointerException` in the `utils` module! Your fix has improved overall stability.
1891;neutral;Hi @author, I'm experiencing intermittent failures in the CircleCI build for `feat/new-feature`. Could you please investigate?
625;positive;Great job on resolving the `NullPointerException` in the `main.py` file! The changes look solid and should improve stability.
2056;neutral;I've reviewed the latest PR #1234 and noticed that the test coverage for `utils` module is still missing. Can we revisit this?
1281;positive;Just tested PR #1234 and the new feature is working smoothly! Great job on fixing that tricky SQL query issue. @johnDoe
2852;neutral;I'm experiencing an intermittent error with `pip install` on Ubuntu 20.04, can you help me troubleshoot the issue with our project's dependencies?
1050;positive;Great catch on the CI/CD pipeline fix! Your changes to the Dockerfile ensure smoother releases. Thanks for your effort!
337;positive;Great work on fixing #1234! Your changes to the build script improved our CI/CD pipeline stability. Well done!
3645;negative;@author I'm experiencing intermittent failures in the `test_suite` due to an uncaught `OutOfMemoryError`. Can we revisit the heap settings? #1623
48;positive;Great fix on #42! Your patch for the null pointer exception has significantly improved app stability. Well done!
2879;neutral;I was reviewing the `CI/CD` pipeline for the latest deployment and noticed that it's still running on `Ubuntu 16.04`, should we update to a newer version?
107;positive;Thanks for fixing #23! Your changes improved our CI/CD pipeline's reliability. Great job on resolving the deployment issues!
2398;neutral;Noticed that the latest test suite run on `ci/master` is passing with 100% coverage. Would like to discuss the implications of this change.
1080;positive;Great fix on the authentication issue! Your pull request #1234 has significantly improved the app's reliability. Good work!
2287;neutral;Just tested #142 on the latest nightly build with `curl 7.70.0` and it seems to be working as expected.
2262;neutral;I'm reviewing the PR #1234. The updated `README.md` looks good but I'd like to clarify how this change affects our CI/CD pipeline.
1145;positive;Great job on resolving the CircleCI build failure! Your fix for the Docker image version is spot on.
3920;negative;Can't reproduce the reported CI failure in #123. Local build passes, but Jenkins instance must be misconfigured somehow.
2297;neutral;Noticed an inconsistency in the test coverage report for #42. The latest commit seems to be missing some test cases.
2842;neutral;Observing inconsistent test results in the latest `master` build. Ran a manual retest and confirmed behavior persists.
3145;negative;Failed to deploy due to `npm install` timing out on the CI/CD pipeline. Can we tweak the timeout settings? #247
1837;neutral;Regarding #1234, I've verified the test suite passes on my machine after re-running `make build`.
1754;neutral;I was testing the updated `readme` changes in PR #123 and encountered issues with the API documentation rendering. Could we investigate?
1102;positive;Great job on resolving the `NullPointerException` in the latest release! The updated CI/CD pipeline is now passing smoothly for me.
1969;neutral;The `pip install` step in the CI/CD pipeline is failing with a timeout error due to the long list of dependencies. Should we add a cache layer?
3729;negative;Unable to reproduce `test_framework` failure on my local Ubuntu setup. Can you provide repro steps for this CI test? #issue-123
3118;negative;I'm experiencing intermittent failures in the `build:dev` stage of our CD pipeline due to this merge. Can we investigate?
2394;neutral;Just testing the `latest` branch's CD workflow after resolving the build failure #123. No issues so far with Jenkins pipeline.
524;positive;Just reviewed the updated CI/CD pipeline configuration for #1234 and it's looking great! The automated testing has improved significantly with this latest tweak.
2281;neutral;I think we can optimize the build process by updating the `node_modules` version in `.travis.yml`, any thoughts on this?
2693;neutral;Just tested #1249 against the updated `docker-compose` version. Still observing intermittent deployment failures on our CI/CD pipeline.
4129;negative;I'm experiencing intermittent failures in our CI/CD pipeline for the `feature/login` branch due to an unhandled socket error. Can we investigate further?
2886;neutral;Noticed `pylint` warnings on the latest build. Could we adjust the linter configuration to suppress these specific errors in our CI/CD pipeline?
1429;positive;Great fix for the `libyaml` build failure in `#42`. CI pipeline is now green again. Thanks for the quick update!
2582;neutral;Regarding #123, I've verified that the fix works in both Node 14 and 16. The pipeline should now be passing.
682;positive;Great fix! Your change resolved the intermittent API call errors I was seeing in my CI/CD pipeline on master branch. Thanks for the quick update!
604;positive;Great work on resolving the circular import issue in #123! Your fix has greatly improved the build stability in our CI/CD pipeline.
1490;positive;Great catch on the null pointer exception in `main.py`! Your fix for #123 has successfully resolved the issue. CI pipeline is now green.
4086;negative;Still seeing intermittent crashes with `npm run test` after updating to Node 16.3. Can you reproduce this on your end?
4352;negative;Failing to update the `devDependencies` in package.json caused issues with downstream builds. Can we please add a script for automating this step?
3123;negative;The `build:ci` stage is still failing due to the `dep-1.0` update causing a cyclic dependency with our `lib-a` package. Can we revisit this change?
4003;negative;Unfortunately, I've encountered the same Travis CI build failure in #123 on `master` branch again today. Can we escalate this?
61;positive;Just tested the latest commit on our CI/CD pipeline and it's working flawlessly! Great work on squashing that pesky bug in #123!
1970;neutral;Hi @contributor, I'm reviewing PR #1234. The changes look good to me, but could you please clarify the impact on our CI/CD pipeline?
672;positive;Great catch on the regex typo in #1234! Your fix for our CI/CD pipeline's Docker build step is a huge relief. Thanks for your attention to detail!
93;positive;Nice catch on the memory leak in `main.js`, @johnDoe! This will really help improve app performance. Thanks for the thorough explanation!
667;positive;Just tried the latest PR (#123) and the fix for `issue 456` regarding CI/CD pipeline failures is spot on. Good work team!
3708;negative;Failing test in `src/utils.js` due to unexpected null pointer exception. Can we review the recent PR #42 for potential changes that might be causing this?
1888;neutral;I'm running the latest build on `dev-branch` and it seems to be passing all tests. No further investigation is needed at this time.
3267;negative;Just hit another `NullPointerException` in the latest build. Can we revisit the recent changes to `build.gradle`? This is getting frustrating.
281;positive;Just reviewed the latest PR (#123) and I'm impressed with the fixes. The new tests have significantly improved our coverage.
1720;neutral;I'm not sure why the `pip install` step is failing in the CI/CD pipeline. Can we review the build logs to understand what's going on?
3739;negative;I'm seeing intermittent failures in the CI/CD pipeline for #1234 due to a timeout issue with the Maven build process. Can we investigate further?
360;positive;Just merged PR #1234 successfully! The automated tests are passing and the build is green. Great job on fixing that pesky regex bug!
900;positive;Just tested #123 and the fix for the intermittent connection error is now working flawlessly! Thanks @johnDoe for your contributions!
3592;negative;Still hitting this intermittent build failure in #456, wondering if @author can help investigate the CircleCI config for any errors?
1936;neutral;Can you clarify the expected behavior in this edge case with our new sorting algorithm? #1342
4369;negative;This PR breaks our unit tests. Rejection of new dependencies in `package.json` isn't implemented correctly.
1995;neutral;Reviewing #123: I noticed the test coverage for `utils.py` has dropped. Would be good to investigate and update tests accordingly.
3795;negative;@username, the recent changes to the build script are causing intermittent failures in our CI/CD pipeline. Can you take a closer look at the logs?
2896;neutral;Just reviewing the PR #1234. I noticed that the CI build is passing with a warning on the `libjpeg` dependency. Should we investigate further?
3255;negative;PR #123's changes broke our nightly build on CircleCI. Regression test for `fetchUser()` is failing consistently now.
761;positive;Just tested with the updated `config.json` and our CI/CD pipeline is passing smoothly again! Thanks for the fix on #123!
2159;neutral;Re: #1234 - I've reviewed the updated `setup.py` file. The changes appear to be in order.
1907;neutral;Just reviewed #1234, the failing test in CI/CD is likely due to the version mismatch between `npm` and `yarn`. Can we re-run with `npm` for comparison?
43;positive;Thanks for fixing the `npm install` error in #123. Your fix made it easier to integrate with our CI/CD pipeline. Great work!
2174;neutral;@maintainer I'm reviewing the updated build script in PR #1234. The Jenkins CI pipeline appears to be successfully building with the new dependencies.
205;positive;Just tried the latest `ci-pipeline` update and it's working flawlessly! Great job on resolving the `#34` issue, @johnDoe!
1474;positive;Just tested #1234 on latest JVM version and the intermittent NPEs are resolved! Thanks for squashing that bug @johnDoe!
2101;neutral;FYI, the `pytest` tests are still failing on the Jenkins CI/CD pipeline after #234 merge. Can we investigate the cause?
2594;neutral;Just reviewing PR #123 and wanted to confirm that the new API endpoint is properly tested in our CI/CD pipeline.
69;positive;Thanks for fixing the Docker build issue on #123. The updated workflow is now successfully deploying to staging environment!
4372;negative;Still seeing intermittent failures in the Jenkins CI/CD pipeline for the `feature/new-api` branch. Need a fix ASAP to avoid project delays.
1876;neutral;On `issue #123`, the `ci/build` stage is failing due to `npm install` timeout. Can we consider increasing the build timeout?
3580;negative;@maintainer I'm experiencing intermittent `404` errors in the API due to this latest release (#1234). The CI/CD pipeline is also failing intermittently.
2833;neutral;I'm seeing some inconsistencies in the build logs for #123, can we discuss possible causes for the intermittent failures in the CI/CD pipeline?
3906;negative;Failing on `npm test` due to incompatible `eslint-config-airbnb-base@14.0.0`, causing errors in code linting.
3473;negative;Fails to install on Mac M1 due to missing ARM-specific build steps. Can't deploy to production until this is resolved.
2232;neutral;Regarding #123, I noticed the failing test in `test_ci_cd_pipeline.py` is due to a deprecated library version. Can we revisit this change?
138;positive;Just reviewed #1234 and the fix looks solid! Appreciate the thorough testing and documentation. Well done!
2948;neutral;Just wanted to confirm that the recent fix for #1234 has been verified on all environments via our CD pipelines before merging into master.
797;positive;Thanks for addressing the API endpoint mismatch in #123. Your fix has been successfully deployed to production and is performing as expected! Kudos to your quick turnaround!
2181;neutral;@ mentioner, thanks for clarifying the README update. I'll review the changes in #1234 before merging.
2129;neutral;Can you clarify the reasoning behind this change in `pipelines.yml`? I'm not seeing any corresponding updates to the test suite.
3635;negative;Unfortunately, this fix breaks our CI/CD pipeline for project #1234. The 'deploy' stage is failing due to an unrelated error in a transitive dependency.
3178;negative;Hi @author, just encountered a regression in master due to the latest merge from #1234. The build fails on CI with `NullPointerException`.
759;positive;Thanks for squash-merging #1233! Your fix for the CI/CD pipeline bug is great, saves us a ton of time downstream. Keep up the good work!
542;positive;Just verified the fix for #123, and it's working beautifully in our CI/CD pipeline. Thanks for your patience and persistence!
1020;positive;Thanks for squashing that pesky null pointer exception in #1234. CI pipeline now passes smoothly!
3758;negative;Fails to compile on Ubuntu 20.04 due to incompatible version of libcurl in the latest dependency update (#456).
3032;negative;I'm experiencing a frustrating issue with the `npm install` command still failing on my Windows 10 machine after #123456 was supposed to resolve it
3553;negative;I'm hitting a `NullPointerException` in the `build.gradle` file on my local machine after updating `kotlin-gradle-plugin`. Have you encountered this?
166;positive;Great work on squashing the `TypeError` in #123! Your refactoring made our CI/CD pipelines more robust and efficient. Well done!
249;positive;Great job catching that edge case in the `login` function! Your test suite is really paying off, thanks for the thorough review!
1332;positive;Just saw @username's fix for the flaky test, makes our CI/CD pipeline much more reliable now!
2018;neutral;Just tested the updated Dockerfile with `docker-compose up` and it seems to be working as expected. No issues reported by Jenkins CI.
447;positive;Just tested the latest build and I'm blown away by the fix for `dependency-resolution-issue-123`. Well done team! CI pipeline is green as expected.
2483;neutral;Regarding #42's changes to the build script, I noticed that the cache is not being invalidated after updating dependencies. Might be worth looking into.
2907;neutral;I've reviewed PR #123, the changes appear to be in line with the latest spec. No major issues found during testing.
1359;positive;Great fix on #123! The unit tests covering this change are thorough and will save us from similar issues in the future. Thanks for your efforts!
2846;neutral;@johndoe I'll take another look at the failing CI/CD pipeline for #1234. The failure seems to be intermittent, so more data would be helpful.
2146;neutral;I'm experiencing intermittent issues with our CI/CD pipeline on the `feature/new-features` branch. Can we discuss possible causes?
1330;positive;Great fix on the #24 CI/CD pipeline issue! Your adjustments to the Dockerfile now prevent the memory leak we were experiencing.
2854;neutral;@dependabot Could you help troubleshoot why the `npm install` step is failing in the ci/pipelines branch? It seems to be inconsistent.
2786;neutral;Noticed that the latest `v1.2` release is failing in our CI/CD pipeline due to a missing dependency on `libcurl`. Need to investigate further before merging PR #1234.
764;positive;Nice catch on the API endpoint mismatch! Your PR fixes #143 resolved the error perfectly.
3494;negative;I'm getting a `NullPointerException` on the login page after updating to #1234. Need help figuring out why this isn't working as expected.
2151;neutral;I've reviewed the latest build on Jenkins. The automated tests are passing, but I'm unsure about the updated package dependencies.
435;positive;Great job catching that edge case! Your patch to fix #1234 is nicely documented and works as expected in our CI/CD pipeline.
2123;neutral;Can we revisit the build failure on `#1234`? The error message indicates an unresolvable dependency conflict with the latest version of `npm`.
578;positive;Great catch on the #42 bug fix in the latest PR! Your tests have helped prevent similar issues in our CI/CD pipeline.
2901;neutral;On re-running the CI/CD pipeline for #1234, I'm getting inconsistent results. Could we discuss possible factors causing this discrepancy?
3927;negative;@author I'm unable to reproduce the `NullPointerException` in the `login()` method. Can you provide more context or a minimal example?
3279;negative;"I'm experiencing intermittent failures on the `main` branch due to a stale npm cache; caching won't resolve the issue."
2967;neutral;I'm experiencing intermittent issues with `npm install` on the master branch. Can you verify if this is a local config issue or a project-wide problem?
3375;negative;Unfortunately, the fix for #1234 has been reverted due to downstream breaking changes. The latest build is failing in the `test-ci` pipeline.
2815;neutral;On #24, I noticed the CI/CD pipeline is failing due to an undefined function in the latest commit. Can we review the code?
4313;negative;Failing to merge #123 due to missing test coverage for the newly added API endpoint is causing a deployment failure in our staging environment.
2449;neutral;I've been looking at the CI/CD pipeline for `main` branch. The build fails on Ubuntu 20.04 due to incompatibility with libssl1.0-dev.
1849;neutral;Re: #1234, regarding the recent dependency update, I just wanted to confirm if this change was intentional and whether any downstream implications were considered?
763;positive;Great catch on the `TypeError` in the `fetch_data` function! Your fix for #1234 looks solid, thanks for contributing!
3038;negative;I'm still getting intermittent failures on the Node test suite after @johnDoe's last PR #23. Can we re-run CircleCI with a more robust timeout?
389;positive;Just tried out the updated `CI/CD` pipeline and it's working flawlessly! Kudos to @devteam for tackling those pesky `docker` issues!
236;positive;Great catch on the `@typescript-eslint/no-unused-vars` rule issue in PR #123. It's working smoothly now!
1078;positive;Just tested your fix for #1234 and it looks great! CI/CD pipeline is passing smoothly now. Thanks for the effort!
1985;neutral;I'm experiencing intermittent issues with the `pip install` step in our CI/CD pipeline on Ubuntu 20.04. Have seen this occur twice over the past week.
268;positive;Just tested the fix for #123 and it's working great! The updated CI/CD pipeline is now successfully deploying to staging environment. Good work on squashing that nasty bug!
3378;negative;I'm getting a `NullPointerException` on the latest build. Can we debug the pipeline at `master` to confirm this isn't a CI/CD fluke?
771;positive;Just tested #1234's fix on the production server and it looks great! CI/CD pipeline passed smoothly. Thanks for your efforts!
2166;neutral;Regarding #42, the CI/CD pipeline failed due to a missing `runtime` environment variable. Need clarification on how this should be handled in the deployment script.
438;positive;Just tested #1234 and the fix for the CI/CD pipeline is working beautifully! Well done @username on resolving the Docker build issue!
674;positive;Thanks for fixing the circular dependency in `lib1`! The updated code now successfully builds with our CI/CD pipeline #123. Great work!
250;positive;Great catch on the typo in `package.json`! This should now pass Travis CI. Thanks for the fix!
2202;neutral;I've encountered an intermittent build failure in the CI/CD pipeline on PR #1234. Further investigation is needed to determine the root cause.
1575;neutral;@owner In #1234's PR, I'm seeing inconsistent test results with `pylint` on Linux. Should we adjust the testing environment to match our CI/CD pipeline?
3144;negative;I'm unable to reproduce the `NullPointerException` in our CI/CD pipeline with this fix. Can we revisit the changes on #123?
2143;neutral;FYI, the latest build failed on `main` due to missing `semver` version in our `package.json`. Re-checking the CI/CD pipeline configuration.
3420;negative;This build failure in #123 is frustrating. The `npm install` step still isn't working correctly after the last dependency update.
2082;neutral;Regarding #123, I've added a test to cover the new `config` parameter. The build is passing locally, but CI still fails on the Linux node.
1824;neutral;I've reviewed the latest build results in #1234. The deployment to staging seems successful, but I'd like to see more logs from prod.
488;positive;Great job on fixing that pesky CI/CD pipeline issue in #123. Your changes are already showing improved build times!
881;positive;Thanks for catching that `NullPointerException` in the CI/CD pipeline! This fix ensures our automated testing runs smoothly.
449;positive;Just tested the updated `README.md` with the latest changes from #123 and it looks great! Nice work on the formatting and clarity!
1470;positive;Just tested the latest fix for #1234 and it's working flawlessly! Great job @johnDoe on squashing that pesky bug!
717;positive;Just verified #123: your fix for the 'failed build' issue in our CI/CD pipeline has been successfully deployed to staging environment. Well done!
3938;negative;Frustrated with the latest build failure on `#24`. Your PR's changes to `package.json` caused a conflict with our CI pipeline.
51;positive;Just tried your latest fix for the API connection error in #1234. Working seamlessly now! Thanks for the effort!
2049;neutral;@mentions I'm experiencing intermittent build failures on the `main` branch. Could you help investigate the cause in #1234?
1902;neutral;Regarding #1234's pull request: I'm reviewing the changes but noticed no updates to the documentation. Should we include a brief changelog?
4101;negative;Failed to build due to missing package 'libxml2' in Docker image on Linux. CI/CD pipeline is failing consistently now.
3150;negative;@username I'm still seeing intermittent failures on my local CI/CD build due to the recent dependency update. Can we revisit the cache strategy?
3157;negative;The latest build on `main` is failing due to an unknown error in the Docker deployment step. Can we investigate further?
1169;positive;Great fix for the 'build failure on arm' issue! Your debugged CI/CD pipeline is now stable. Thanks for the thorough analysis!
83;positive;Great job on squashing the infinite loop in #42! Your fix allowed our CI pipeline to pass smoothly. Thanks for your diligence!
3530;negative;Fails to build on macOS, fails with `Undefined symbols for architecture x86_64` error. Can you take a look at the CI/CD pipeline? #42
3974;negative;Hi @author, this breakage in the CI/CD pipeline is due to an outdated `npm` package. Can we update it to fix the issue?
2725;neutral;Regarding #123: I've noticed that the CI/CD pipeline is still failing on the `build-image` step due to a missing `Dockerfile` in the `submodule` directory.
4040;negative;@author I'm experiencing issues with the latest build on `master`. The test suite is failing due to a mismatch in dependencies. Can we revisit this?
3045;negative;I'm getting `NullPointerException` in the CI/CD pipeline due to missing dependencies. Can we review the build.gradle file again?
3095;negative;Failing to merge #123 due to conflicts in dependencies between frontend and backend. Need help resolving this complex circular import issue.
1461;positive;Great fix on the Jenkins pipeline config, this should help prevent intermittent builds from failing due to stale dependencies!
2819;neutral;Just wanted to note that the `npm install` step in .yml is failing due to a package version mismatch #45
1894;neutral;Hi @maintainer, I noticed the latest deploy to staging had an unexpected error in the API endpoint `/users`. Investigating further.
1669;neutral;I'm experiencing intermittent failures in the CircleCI pipeline for #123. The logs show that `npm install` sometimes times out due to a network connection issue.
2757;neutral;On #23, I noticed the CI/CD test failure is due to a deprecated library version. Should we update to latest stable release?
2001;neutral;The test failure in `#1234` seems unrelated to the recent changes. Could you investigate further or provide more context regarding this discrepancy?
476;positive;Just tested #345's PR on our staging env and it's working flawlessly. Great job @username, this should help resolve the issue with API rate limiting!
518;positive;Thanks for fixing that annoying `NullPointerException` in the UI component. Your changes look solid! This will definitely improve user experience.
2871;neutral;I noticed a discrepancy in build times for the latest PR #1234. Worth investigating whether it's related to the recent changes in the Dockerfile.
405;positive;Just ran `cargo test` on the latest commit and it passes! Great work on squashing that #37 bug, @johnDoe
385;positive;Just tested your fix for #1234 and it's working smoothly! Your refactor really cleaned up the code, thanks!
3989;negative;Issue with CircleCI build failing intermittently due to a mismatch in Java dependencies. Can we investigate the cause?
4047;negative;The latest build of `main` branch is still failing due to this dependency issue. Can we reconsider the version bump? #33
2153;neutral;Just observed the failure in the `latest` branch's CI/CD pipeline due to missing `@maven-central` repository. No immediate action required, but worth noting for future reference.
1634;neutral;I've noticed the latest changes to `package.json` are causing issues with the CircleCI build. Can we revisit the script tags?
4402;negative;Comment from @githubuser123: 'Hey @author, the `README.md` build step is still failing with error 404. Could you please re-run CI pipeline?',
689;positive;Nice catch on that edge case! Your PR #23 fixed the regression in CI/CD pipelines. Great work!
4004;negative;@dependabot, I'm getting build errors on `main` after your last update. Can you review the changed dependencies? It's causing a conflict.
2875;neutral;For PR #1234: I've reviewed the changes and found no conflicts with our existing CI/CD pipelines.
1241;positive;Great fix on the CI/CD pipeline, @username! Just tested it locally and the build is now passing with no issues.
63;positive;Just reviewed #123 and was impressed with the refactored code. The new build process is streamlined and looks like a major performance boost!
3354;negative;The `npm install` on the latest build is still failing with `ENOTDIR` error. Can we revisit the `node_modules` caching config?
853;positive;Just tested #1234's fix in our staging env and it looks like the API endpoint is now successfully resolving dependencies! Great work @johnDoe!
4317;negative;I'm having trouble with the latest build failing due to a missing `pytz` library in our CircleCI config, can we add it as a dependency?
4067;negative;This update breaks our CI/CD pipeline. Regression tests are failing due to incorrect version of `numpy` package.
1263;positive;Great job on fixing the deployment bug in PR #12! The updated CI/CD pipeline is working smoothly now.
224;positive;Great work on #42! The updated CI/CD pipeline has significantly reduced build times. This is a huge improvement for our team's productivity.
2194;neutral;Just wanted to follow up on #1234. The CircleCI build is still failing due to the `semver` version mismatch.
3137;negative;I'm experiencing intermittent failures with the `latest` Docker image in our CI/CD pipeline due to a version conflict with `docker-composed`. Any thoughts on resolving this?
374;positive;Thanks for fixing the caching issue in `build.gradle`. This should improve our CI/CD performance significantly!
1825;neutral;I'm reviewing the fix for #123. The updated code looks good, but I'd like to see more unit test coverage added to ensure this doesn't regress in future changes.
4145;negative;I'm seeing intermittent failures in our CircleCI pipeline due to this PR (`#1234`). Can we investigate the root cause before merging?
3191;negative;Just hit this `TypeError` in the build job #45. The CI/CD pipeline is failing to run tests due to an incorrect import statement in util.py.
4406;negative;The latest build failed on CircleCI due to an unresolved `npm install` error. Can we investigate the problematic dependency?
4194;negative;Unable to run tests with the latest @example library update. Getting `Error: Unknown command 'npm test'` on CircleCI builds #143
3323;negative;Can we revisit the recent fix for #345? I'm still experiencing intermittent failures in our CI pipeline due to inconsistent build environments.
3314;negative;Issue #234: the fix for PR #217 still breaks our downstream test suite. Can we review the CI/CD changes again?
798;positive;Just tested the latest build on my local machine and it's working smoothly! Thanks for addressing that pesky `NullPointerException` in PR #123
2872;neutral;I'm having trouble understanding why the `README.md` update in PR #123 didn't trigger a re-run of the linter check.
10;positive;Great job on resolving the `build` step in our CI/CD pipeline! Passed all tests on my local machine after this update. Good work!
2498;neutral;Just reviewing the latest changes to #123 and noticed that the CI pipeline is still showing a failed test on Linux. @author, could you take another look?
1945;neutral;I'm experiencing intermittent failures in the `CI/CD` pipeline for #123. Can we review the logs to determine the cause?
1839;neutral;I'm reviewing the updated README for #42. Looks good so far, but I'd like to confirm if the dependency versions in `package.json` match the documentation.
709;positive;Just reviewed your PR #1234 and I'm impressed with the improvements to the API endpoint. Good work on squashing those pesky bugs!
256;positive;Just tested #1234 with the updated CI/CD pipeline and it's passing all tests! Great work on addressing that flaky integration test!
2931;neutral;Just tested #1234 on latest master build, but couldn't reproduce the segfault error. Would like to investigate further before opening a new PR.
1618;neutral;FYI, I noticed the recent `CI/CD` pipeline failure on #1234. Could be related to the updated `node-sass` version in #5678
390;positive;Great job on squashing that nasty memory leak in the `render` function! CI tests are green again. Thanks for your diligence!
4013;negative;This build failure in the `main` branch is frustrating. The `npm install` step seems to be failing due to an outdated `yarn.lock` file.
3619;negative;PR #123's build failed due to outdated `node-sass` version. We need to lock the package in `package.json` to prevent future issues.
1582;neutral;#167: Still reviewing the changes made in this PR. Need some more time to confirm if they align with our current CI/CD setup.
2957;neutral;I noticed the recent fix for #123 didn't trigger our CI pipeline on CircleCI. Can we review why this happened?
925;positive;Great job on resolving the `npm install` issue! Your changes to `package.json` fixed the broken dependencies. Thanks for the quick fix!
2800;neutral;The test suite in #1234 is failing intermittently due to network connectivity issues. Investigating alternative caching solutions for CI/CD pipeline.
3887;negative;Failing to deploy due to `node-sass` version incompatibility with `dockerize`. Please review package-lock.json for the latest compatible version.
2509;neutral;Can we revisit #1234's test coverage analysis? Looks like some edge cases might be missing from the current implementation.
3796;negative;I'm seeing intermittent failures in the deployment to staging env due to this recent change in `app/config.py`. Can we revisit the update?
2037;neutral;@username I noticed the latest commit broke our CI/CD pipeline for Java 11 builds. Can we review the changes to avoid future regressions?
4448;negative;I've hit a roadblock with #123: the latest deploy to staging failed due to untracked changes in `node_modules`. Reviewing CI logs is giving me more headaches than expected.
1225;positive;Great work on fixing the pagination issue! I was able to test the fix in our CI/CD pipeline without any issues. Thanks for your diligence!
3217;negative;This pull request breaks our existing CI/CD pipeline for nightly builds. Regression tests are failing due to the introduced API change.
3007;negative;Just encountered the infamous `NullPointer` error in `ci/deploy.sh`, still stuck on #123. Need a workaround ASAP to avoid another deployment delay!
2550;neutral;I'm running the updated CI/CD pipeline for #1234 and noticing some inconsistencies in test results. Investigating further to understand the root cause.
1947;neutral;Regarding #1234: the CI/CD pipeline failed due to a mismatch in package versions. Could we revisit the dependencies in `requirements.txt`?
3776;negative;Issue with `npm install` on Ubuntu: `error FSReqWrap: error: EACCES: permission denied, mkdir '/home/user/.npm/_cacache'`
740;positive;Just tested #23's fix and it's working great! Thanks for the patch, @johnDoe. The pipeline is now stable.
41;positive;Great catch on that edge case @john! Your PR fixes the regression introduced in #1234. Let's review for merge!
869;positive;Just integrated `async/await` into the build script and it's now ~30% faster. Nice work on optimizing the CI/CD pipeline!
2780;neutral;Following up on #123: I've verified that the fix for the Travis build failure is working as expected. However, would like to discuss further testing.
540;positive;Love the fix for `npm install` failure on Windows! CI now passing smoothly after your adjustments to `package.json`. Great work!
3250;negative;I'm experiencing intermittent failures in the e2e tests on my PR #123. The `npm run test:e2e` command sometimes hangs indefinitely.
3388;negative;@maintainer I'm still experiencing intermittent crashes with your recent fix in #123, causing our nightly tests to fail: `ERROR: failed test_case_crash_1`
2746;neutral;On the latest build #1234 in `dev` branch, I noticed the 'test_coverage' metric hasn't updated. Can we investigate this behavior?
3996;negative;Unfortunately, #1234 is still failing on our Jenkins CI/CD pipeline due to the `latest` tag update. Can we try a different approach for dependency versioning?
90;positive;Great job on resolving the CI/CD pipeline issue #1234! Your fix for the Docker image build should greatly improve our deployment efficiency.
2724;neutral;Just testing the updated build script on CircleCI to ensure it's correctly triggering our GitHub Actions pipeline.
1372;positive;Great fix on the authentication flow! Tests are passing smoothly now. #164 Thanks for tackling this!
1146;positive;Great catch on the `@dependency` update! The fix in #123 works perfectly now. CI/CD pipeline also passes smoothly afterwards.
1032;positive;Thanks for addressing the deployment slowdown! Your recent changes to the CD pipeline have really improved build times. Great teamwork!
373;positive;Thanks for catching that regex typo in the auth filter! Your fix in #12345 has it passing all tests now.
668;positive;This PR looks great! The changes to `main.py` have resolved the issues with the `calculate_stats` function. Good job on squashing that pesky bug!
3480;negative;I've hit the same `TypeError` on every build in #123. Our CI/CD pipeline is failing consistently.
3020;negative;I'm experiencing an intermittent `500` error in our staging environment after merging PR #123. Can we investigate further?
358;positive;Great fix on #1234! CI/CD now successfully deploys to prod after you updated Docker image version. Thanks for the speedy resolution!
968;positive;Just tested the fix for #123 and it's working beautifully! Your changes to the Jenkinsfile really streamlined our CI/CD pipeline.
2832;neutral;I'm seeing intermittent failures in the CI/CD pipeline for #1234. The last successful run was 3 days ago, wondering if it's a configuration issue.
2784;neutral;Reviewing your PR #1234, I noticed the new logger is causing a minor conflict with our existing logging module. Can we discuss possible adjustments?
1354;positive;Just reviewed #123: your fix for the `NullPointerException` is spot on! Clean code and thorough tests, thanks for the improvement!
1036;positive;Just successfully deployed the updated API on our staging environment! Thanks for fixing the CORS issue in #23
3019;negative;Issue #345: @maintainer, the latest build on Jenkins is failing due to an unmet dependency for Node.js. Can we revisit the `package.json`?
471;positive;Great job on resolving the `NullPointerException` in the main branch! Your changes to the dependency manager have greatly improved stability.
2704;neutral;@dependabot I'd like to understand the reasoning behind updating `lodash` from 4.17.21 to 4.17.23 in this PR.
3331;negative;@author I'm experiencing intermittent test failures in the `ci/stages/deploy` stage due to a `503 Service Unavailable` error from our upstream API. Can we escalate this issue?
3638;negative;PR #234 still failing in CircleCI due to `npm` package incompatibility, tried downgrading but no luck yet.
1397;positive;Great work on resolving the `NullPointerException` in the CI/CD pipeline! The updated build script is much more robust now.
3585;negative;I'm experiencing intermittent failures on the CI/CD pipeline for #1234. The `npm install` step consistently fails with an 'unmet peer dependency' error.
3981;negative;Unfortunately, `npm install` fails on my macOS system due to an invalid version of `@types/node`. Any thoughts on this CI/CD pipeline?
4211;negative;I'm experiencing intermittent `NullPointerException` in the latest build on CircleCI due to incorrect config file parsing. Can we revisit the YAML syntax?
1550;neutral;FYI, the `release-script` failed to update dependencies in last night's deployment. Will investigate further.
3377;negative;I'm experiencing intermittent failures in our `CI/CD` pipeline for the `feature/new-authentication-flow` branch due to a recent npm package update.
1257;positive;Great fix on #123! Automated tests are now passing with the updated `npm` version. Thanks for resolving this dependency issue!
2095;neutral;@author I've rechecked the `npm` installation script. The issue might be due to conflicting package versions. Need to investigate further.
3474;negative;I'm having trouble with the `npm install` in my CI/CD pipeline. Getting a `MODULE_NOT_FOUND` error for `lodash-es`, even though it's listed in `package.json`. Help?
3513;negative;Commenting on #123: I'm experiencing intermittent build failures in our CI/CD pipeline due to a corrupted artifact. Can we investigate further?
1556;neutral;Can we take a closer look at the failing test in PR #1234? The output seems to be correct, but the assertion is still failing.
4189;negative;@maintainer I'm hitting a `NullPointerException` on build 3456. The error occurs during unit test execution of `UtilClass`. Please investigate the CI/CD pipeline.
1251;positive;Great job on fixing the Travis CI error! The updated build script is much more robust now. Nice catch on that regex bug!
1700;neutral;Noticed in the `2.5` branch, `CircleCI` build for Linux still fails due to missing Java 11 compatibility layer.
1253;positive;Great fix on #1234! The updated build script has improved our test coverage and overall pipeline efficiency. Well done!
4330;negative;Failed to build with latest Docker image. `docker build` step consistently times out on our CI/CD pipeline #45
4347;negative;Frustrated with the build failure on `PR #123`. The `maven` dependency is causing issues with `spring-boot-starter-parent`. Can we investigate?
3285;negative;I'm still experiencing intermittent failures in the `dev` branch due to the recent update of `npm` to 8.5.0. Need help troubleshooting.
2934;neutral;Just wanted to confirm that the fix for #1234 has been tested in the ci pipeline without any issues. Thanks!
80;positive;Great job on fixing the `memory-leak` in v1.2! The updated Dockerfile should pass our CI/CD pipeline now.
1173;positive;Just tested the fix for #123 and it's working beautifully! The CI/CD pipeline is now passing consistently, nice job on the debug!
815;positive;Love the fix for the `NullPointerException` in #1234! Simplified the code significantly and reduced CI build times by 30%.
1853;neutral;Can we revisit the recent #1234 PR? The failing test in `util.py` seems to be related to an incompatible dep version in `requirements.txt`. Needs further investigation.
2221;neutral;I'm experiencing intermittent build failures in the latest `main` branch due to unexpected behavior from the `json-parser` library. Would appreciate further investigation.
2720;neutral;Just noting that #43's CI build failure on macOS is still present after the last merge. Can we investigate further?
685;positive;Nice catch on the edge case! Your fix for #12345 has been thoroughly tested and looks great. Can we merge this into prod now?
4385;negative;@author, the new deployment to staging failed due to a missing dependency on node 14. Can we revisit the package.json?
2106;neutral;I'm experiencing intermittent build failures with the master branch due to conflicting dependencies in `node_modules`. Can we discuss possible resolutions?
134;positive;Just tried your fix for the Travis build failure on #34 and it's working like a charm! Great job @username!
1141;positive;Just reviewed the updated dependencies in #1234 and I'm impressed with the reduced build time! Well done on optimizing the library imports!
934;positive;Thanks for fixing that pesky Travis CI build error in #1234! Your changes have our continuous integration workflow running smoothly again.
929;positive;@johndoe Great fix for the `null pointer exception` in the auth service! Your changes are working smoothly now on my local dev env. Thanks!
824;positive;Great catch on the API rate limit issue! Your fix in PR #123 has successfully resolved the issue with our production app. Thanks for your diligence!
3481;negative;Still hitting this intermittent error on Windows 10 with #22's changes: `TypeError: 'NoneType' object is not subscriptable`. Investigating further.
4085;negative;Failing to update `package.json` in latest PR (#123) is causing build errors on CircleCI. Can we re-run tests with updated dependencies?
1532;neutral;Just wanted to confirm that the `latest-dependency` update doesn't break our CI/CD pipeline. Can we add a test case for this scenario in the next release?
1215;positive;Great catch on that `null` pointer exception in the CI/CD pipeline! Your changes to `config.json` really streamlined the deployment process.
505;positive;Great job on fixing the intermittent deployment failure in #1234! The new CD pipeline config is solidifying our build process.
4476;negative;Just hit a roadblock with #23. The new dependency version introduced by my PR is causing issues in the CI/CD pipeline. Anyone else seeing this?
2396;neutral;I've reviewed #123's fix to the CI/CD pipeline. The added tests seem comprehensive, but I'd like to see more discussion on the deployment strategy before merging.
1997;neutral;I'm experiencing intermittent issues with the test suite on my local environment. @dependabot is it possible to bump `react` version to latest minor release?
2435;neutral;Regarding #1234: I've reviewed the updated `pom.xml` file. The changes look correct to me, but can someone verify the dependencies are properly resolved?
3073;negative;Still hitting this intermittent test failure on macOS after #1234, can we debug the `make` command?
1959;neutral;I'm experiencing intermittent build failures with the updated `axios` version in our CI/CD pipeline. Would appreciate further investigation.
1385;positive;Nice fix on the Jenkins pipeline! The updated script is now successfully deploying to staging without any issues. Thanks for the prompt update!
895;positive;Nice catch on that edge case! Your fix for #1234 is clean and well-documented. Thanks for keeping our CD pipeline stable!
829;positive;Great work on #23! Your fix for the CI/CD pipeline issue has really improved our automated tests. Thanks for your prompt response!
456;positive;Great catch on the CI/CD pipeline failing due to outdated Docker image! Your fix is clean and should resolve the issue.
2524;neutral;I'm reviewing the recent PR (#1234) for improving CI/CD stability. The updated configuration seems sound, but could use a brief explanation of the changes made.
1684;neutral;@username Thanks for the fix. Ran into similar issues with our Jenkins pipeline in the past, will review this update closely.
4177;negative;Failed to deploy to production due to unresolvable Docker image size issues #123. This is a major regression from previous versions.
3710;negative;Unfortunately, the latest build broke our CI/CD pipeline due to an incompatible Java version in pom.xml. Can we revert to previous setup?
4161;negative;Failing to update the `package-lock.json` after removing deprecated dependencies is causing CI failures on Node 14. This needs to be addressed for a stable build process.
4122;negative;@dependabot I'm seeing intermittent failures on CircleCI due to the recent node 14 upgrade. Can you investigate?
653;positive;Great catch on the null pointer exception in `utils.py`! This fix for #1234 is a huge relief for our dev team's sanity
173;positive;Just successfully deployed the latest changes with Jenkins' new script. Loving the streamlined CI/CD process!
3523;negative;Frustrated with the latest build failing due to `npm` version mismatch in our `CI/CD` pipeline again. How do we resolve this?
3198;negative;This breaking change in the API is going to require a significant rewrite of our client's authentication flow. Can we reconsider this change?
39;positive;Great catch on the API endpoint change! The new implementation should reduce latency by 30% in our CI/CD pipeline. Thanks for the PR!
3603;negative;I'm seeing intermittent failures in the Travis CI pipeline due to inconsistent memory allocation on CircleCI builds #1234. Can we investigate further?
1882;neutral;Just reviewing the `CI/CD` pipeline logs for #1234, it seems the deployment to staging environment is still failing with `status code 500`. Reviewing further.
714;positive;Thanks for fixing the flaky test in #123! The updated CI/CD pipeline now reports accurate results after 5 retries. Great work!
91;positive;Great work on resolving the `ci/cd` pipeline issue! The fix for `npm install` errors really improved the build process stability. Thanks!
2215;neutral;Noticed that the CircleCI build is failing on `master` due to an out-of-date `kubernetes-helm` version. Needs investigation.
1206;positive;Great fix for the Docker deployment issue in #42! Your refactoring of the Kubernetes config has resolved our scaling problems, thanks!
2924;neutral;Regarding #1234: Can you provide more context on the unexpected error during the CircleCI build? Needing clarification to reproduce locally.
4064;negative;Comment on #1234: Frustrating to see this PR still failing on CircleCI due to outdated `node-sass` version. Can we please update the lockfile?
1811;neutral;@author, I noticed the fix in PR #123 doesn't address the CI failure. Could you clarify how this change affects the overall build process?
3487;negative;Issue with #123: `main` branch failing to deploy due to unexpected errors in our Jenkins CI/CD pipeline. Can we debug this tonight?
3324;negative;PR #123's unit tests are failing due to an incompatible dependency version in `package.json`. Need a fix ASAP to prevent merge conflicts.
3142;negative;Just ran into the same `NullPointerException` in our latest build. Can we revisit the recent changes to our CI/CD pipeline?
1828;neutral;Just tested the updated build on our CI/CD pipeline for #123 and it seems to be working as expected. No issues reported so far.
1156;positive;Great job on resolving the `NullPointerException` in the `login()` method! Your fix is clean and intuitive. Thanks for your diligence.
1325;positive;Just ran your latest PR (#123) through our CI/CD pipeline and it's passing all tests! Great work on fixing that pesky authentication bug!
217;positive;Great job on resolving the `TypeError` in the `ci/pipeline.py` file! The fixes have greatly improved our pipeline's reliability.
3399;negative;The latest build is still failing due to the `pytz` installation issue. Need assistance with resolving this before merging #1234.
511;positive;Just successfully merged PR #123 with the latest build in Jenkins! Your refactoring work is paying off nicely with this new version.
1681;neutral;Regarding #123: I think the issue is caused by the updated `npm` version in `.circleci/config.yml`. Can we test with an older version to verify?
500;positive;Just tested the latest PR (#123) and it fixed the regex issue in the parser! Cleaned up the build logs as well. Thanks!
4093;negative;Unfortunately, the fix for #1234 has introduced another regression in our CI/CD pipeline. Build fails on macOS due to missing libxml2 headers.
1857;neutral;@dependabot I've reviewed the updated dependencies in #42. Can you clarify how this affects our CI/CD pipeline's deployment schedule?
1389;positive;Just tested the fix for #1234 and it's working seamlessly. Thanks for squashing that pesky bug! The new code looks solid.
1520;neutral;Just reviewing your PR #123 for the updated CI/CD pipeline. Not seeing any immediate issues with the changes.
3720;negative;@john I'm seeing intermittent failures in our Jenkins build for #123. The `mockito` version is not being updated correctly.
2387;neutral;I'm reviewing the CI/CD pipeline changes in #123. The new Docker image build step is a good addition, but I'd like to discuss its impact on deployment times.
4297;negative;PR #12 breaks the build in our CI/CD pipeline due to a version mismatch with `expressjs`
3237;negative;Just got a false positive from our linter on PR #123. Can we update the config to exclude this specific module?
2077;neutral;I'm experiencing intermittent issues with the CI/CD pipeline on branch `release-1.2`. Can someone review the build logs for any obvious causes?
1541;neutral;Can we discuss the implications of this breaking change in #123? It might impact our downstream consumers' codebases.
1218;positive;Great catch on the docstring update in #123! Your refactoring improved code readability significantly. Thanks for your attention to detail!
2682;neutral;Can we revisit the CI/CD pipeline configuration for the latest updates to ensure smooth deployment? Reference: #123456
2843;neutral;Reviewing your PR #1234. The tests seem to be passing, but I'm still unsure about the impact of updating dependencies on our CI/CD pipeline.
2994;neutral;@username I think you're close on the refactor. The test suite is passing locally but not on CircleCI. Any ideas? #1234
1417;positive;Great job on fixing the `npm install` issue in #123! CI/CD is now green again, thanks to your quick turnaround.
2218;neutral;This build passes on CircleCI but fails locally due to `undefined is not an object` error in `utils.js`. Worth investigating further.
1192;positive;Just deployed the fix for #1234 and I'm impressed with how quickly the CI/CD pipeline picked up the change. Well done team!
1677;neutral;I've tried to reproduce the issue on my local machine, but I couldn't replicate the error in the latest master branch. Needs further investigation.
1198;positive;Nice catch on the `jenkinsfile` syntax error! Your PR #123 resolves the build failure I was experiencing with the latest deploy.
1543;neutral;Just testing if the fix for #123 resolves the issue on CircleCI with Docker 19.03. I'll verify the results.
3302;negative;@username I'm getting intermittent failures on the `build-release` stage of our CI/CD pipeline. The error message is inconsistent and unclear.
3325;negative;I'm having trouble with the latest release, #123. The CI/CD pipeline is failing due to a missing `package.json` file in the Docker container.
2961;neutral;I've encountered intermittent failures in the nightly CI/CD pipeline for branch #1234. Would like to understand if it's related to recent changes on master.
2540;neutral;Just a heads up on the latest build failing due to updated dependencies in `package.json`. Needs review before pushing.
954;positive;Great catch on #123, @johnDoe! Your fix for the deployment issue is spot on. Pipeline's now green across all envs!
3146;negative;Just encountered the same error in build #23 again. The @typescript-eslint/parser dependency update caused a regression. Can we revisit this fix?
3081;negative;@mentions I'm experiencing intermittent CI failures in the `dev` branch due to a faulty test. Can we adjust the timeout settings?
2636;neutral;"Just wanted to flag the recent `1.2.3` update breaking our CI pipeline on Jenkins; haven't had a chance to troubleshoot yet."
751;positive;Great fix! Your pull request #123 resolves the intermittent build failure on CircleCI, thanks for the detailed analysis!
2706;neutral;I've noticed the build failing in our `CI/CD` pipeline on macOS. Can we investigate why the `glibc` version is causing issues?
3915;negative;I'm experiencing intermittent failures on the `CI/CD` pipeline for branch `feature/new-feature`. Can we investigate the cause of these errors?
235;positive;Just tested #12 and the fix worked beautifully! The updated CI/CD pipeline caught all regressions. Great team effort on resolving this!
733;positive;Great job on fixing the deployment script in #123! The updated CI/CD pipeline is now running smoothly. Thanks for your attention to detail!
1239;positive;Thanks for catching that typo in the README! Your PR (#123) helped ensure our project's docs are accurate #bugfix
4286;negative;I'm experiencing intermittent deployment failures due to the `requests` library upgrade in #123. Can we revert it until we resolve the connection timeout issues?
1157;positive;Great fix on the `jenkins` plugin config! The pipeline should now run smoothly on our production env. Thanks for the quick turnaround @username!
634;positive;Great job resolving the flaky test in #123! The updated CI/CD pipeline is now stable. Thanks for your thorough investigation and fix!
3295;negative;Hi @maintainer, I'm experiencing intermittent failures in our CI/CD pipeline due to the new `dependency-a` update. Can you investigate?
2446;neutral;Could you clarify why the `latest` branch build is failing on CircleCI? The diff between `main` and `latest` doesn't show any changes.
2983;neutral;Noticed that the latest changes in #123 caused a minor deviation from the expected API response. Could we revisit the code to ensure it's compliant with the specification?
1210;positive;Thanks for tackling the Travis build failure, @johnDoe! Your fix in PR #123 helped me get the project back on track!
1066;positive;Great fix on the Travis build failure! Your tweaks to `package.json` resolved the dependency conflict perfectly. Thanks for the quick update!
3765;negative;PR #123 breaks our CI/CD pipeline with an incorrect test assertion. This change needs to be reverted ASAP.
2157;neutral;Observing inconsistent results with the new caching mechanism in #1234. Will investigate further to determine root cause.
1063;positive;Just ran your latest PR through our automated testing suite and it looks good to go! Great work on resolving the rendering bug!
2617;neutral;The CI/CD pipeline for the latest release seems to be behaving as expected. Would like to discuss further testing on this branch #1234.
1168;positive;Great catch on the Travis CI build failure! Your fix for the `pip` version in `requirements.txt` has been merged successfully!
3223;negative;I'm running into an `IndexError` on my local build with the latest changes in #123. Can we revisit this before merging?
3637;negative;Just tried to merge PR #1234, but the test suite is failing due to the incompatible `log4j` version update. Can we backport a fix?
3556;negative;Fails on Ubuntu 20.04, `pip install` throws an error due to incompatible `numpy` version. Can we update our dependencies? #1234
1493;positive;Great work on resolving the `NullPointerException` in the new feature branch! Your fix is clean and efficient. Thanks for your efforts!
2939;neutral;Just reviewed your PR for updating the dependencies, looks like everything is in order. Can we discuss the testing implications?
2996;neutral;@author I'm reviewing the recent changes to the `build.gradle` file. The updated dependencies appear to be correct.
3097;negative;@maintainer Failing on CI due to this commit's introduction of `npm dedupe` errors in `package-lock.json`. Revert needed before build fixes.
4065;negative;Frustrated that #1234's fix broke the CI/CD pipeline. Can we test with a smaller dataset to resolve this regression?
4250;negative;Issue with `latest` release build in Jenkins pipeline: still failing on Ubuntu 20.04 after 5 retries #1234
3141;negative;Still experiencing intermittent `TypeError` in build_pipeline.py after #1234 fix. CD pipeline still fails on CI-DEV branch.
885;positive;Just tested #34 and the fixes in @johnDoe's PR have resolved the CI/CD pipeline issues. Great work team!
144;positive;Just successfully merged #123: `npm install` now correctly installs dependencies in our Docker containers! Thanks for the fix @username!
1391;positive;Just integrated your PR #1234 successfully with our CI/CD pipeline. The automated tests are passing now! Well done on catching that subtle bug in the API client.
3578;negative;Can't deploy to prod due to missing package in `package-lock.json` file. Error message is unclear about the specific dependency.
851;positive;Great catch on the `npm` version inconsistency! Your fix in PR #1234 makes our CI/CD pipeline more robust.
3636;negative;I'm experiencing intermittent failures in the CI/CD pipeline due to the `sqlite3` dependency not being properly installed on Ubuntu 20.04
3456;negative;I'm getting a `TypeError` in the `build` function of PR #2345 due to an incompatible dependency update. This breaks our CI/CD pipeline.
2783;neutral;Re: #123 'Invalid config' error in CI/CD pipeline. Investigating the cause of this intermittent failure to identify a solution.
718;positive;Great fix for the `ci/cd` pipeline failure! Your PR #123 is well-merged. Thanks for updating the `npm dependencies` to resolve the issue.
1820;neutral;Regarding PR #123: I noticed that the new build step in CircleCI is using an older version of Node.js. Can we clarify if this is intentional?
2503;neutral;Just wanted to confirm that the changes in #123 have been successfully deployed via our CI/CD pipeline. Everything looks good so far.
265;positive;Great job on resolving the `CI/CD` pipeline failure! The changes in `pull request #1234` worked perfectly and everything is now green!
76;positive;Great job on fixing the caching issue in `build.gradle`. The latest deploy is now passing with no errors!
3987;negative;Unfortunately, the `latest` tag still points to an outdated version. This is causing issues with our automated deployments #42
4366;negative;Unfortunately, I'm seeing intermittent build failures on `main` with the recent changes to `package.json`. Could we revisit the npm version?
2493;neutral;I'm experiencing issues with the latest build failing in the `test-ci` pipeline due to a missing dependency on `v1.2.5`. Can we discuss possible solutions?
396;positive;Great fix on #42! The updated unit tests caught the memory leak that was causing our nightly builds to fail. Thanks for your diligence!
4154;negative;@username I'm hitting a roadblock with this build: `CI/CD pipeline failed` due to unresolvable dependencies in the `package-lock.json` file, any ideas?
2225;neutral;Just confirming that the fix in PR #123 is working as expected after re-running our CI/CD pipeline on master branch.
3091;negative;@username This PR's change to `package.json` broke the build on CircleCI. Can you revert it to the previous version? #1234
4356;negative;This PR introduces another untested dependency without a clear justification in the CHANGELOG. Can we revisit this before merging?
397;positive;Great job on fixing the `NullPointerException` in branch #123! Your changes should improve app stability. Thanks for your quick response!
1366;positive;Great fix on the `ci.yml` file! The build is now successful. Thanks for resolving the Docker image issues #1234
4106;negative;@author, the recent changes to `main` branch have broken our CI/CD pipeline due to an incompatible Java version.
1904;neutral;Just reviewing the updated `README` file for the v2.0 release, couldn't find any major changes.
596;positive;Thanks for fixing the Docker build issues in #1234. Your tweaks to .dockerignore have greatly improved our automated deployment!
2110;neutral;I'm reviewing the updated Dockerfile in PR #123. Could you clarify why you changed the base image to `ubuntu:bionic`?
3953;negative;Failing to merge #123 due to circular import issue in `utils.py`. CI tests pass locally but fail on GitHub Actions.
1297;positive;Just tested the latest `#12` fix and I'm thrilled to report it resolved the caching issue with our e-commerce API! Nice work on the update!
1822;neutral;Can someone review the changes in PR #123 for potential performance impacts on large datasets?
873;positive;Just reviewed the changes in PR #1234 and I'm impressed with the improvements to the error handling mechanism. Well done!
2915;neutral;Hey @maintainer, I noticed the latest update broke our CI/CD pipeline in #123. Can we review the changes to identify the cause?
2265;neutral;I'm reviewing the updated `build.gradle` file in PR #123. The CI/CD pipeline seems to pass with this change. Next steps?
2327;neutral;Observing #23's merge into `main` branch hasn't triggered the automated testing suite. Reviewing logs to determine if it's a config issue or separate problem.
1549;neutral;Regarding #1234, the Jenkins build is failing on AWS due to a permissions issue. Could we investigate further?
3767;negative;I've tried to debug this #42 but the error persists. The continuous integration tests on Jenkins keep failing due to a version conflict with Spring Boot.
3441;negative;Failed to deploy on CircleCI due to invalid `npm` version. Should be pinned to 6.14.13 as specified in package.json.
3852;negative;@maintainer I'm still seeing intermittent failures in the `dev` branch's CircleCI pipeline due to this recent change. Can we revisit the build script?
37;positive;Just ran the updated test suite on CircleCI with no failures! Great work on resolving #123's dependency issues, @johnDoe!
3808;negative;Frustratingly, the latest build fails due to `npm ERR! code ELIFECYCLE` on CircleCI. Need help resolving this deployment issue ASAP.
4203;negative;Can we revisit the breaking change in #123? The test suite is failing due to incompatible dependencies with our CI/CD setup.
2711;neutral;I'm reviewing #123's PR and noticed the tests are running successfully on my local machine, but still failing in the CI/CD pipeline. Can we investigate?
4137;negative;I'm experiencing intermittent failures with the `test_coverage` job in PR #1234 due to inconsistent dependencies.
2144;neutral;I'm experiencing intermittent issues with the integration test suite. Runs 3-4 days ago passed successfully, but recent runs are failing on multiple platforms.
4171;negative;Issue #123 still not resolved after multiple iterations. The `build` stage is failing due to incompatible dependencies with Node 14.
1009;positive;Great fix! Your update resolved the regression in our CI/CD pipeline for `feat/new-feature`. Thanks for your patience and persistence.
978;positive;Just successfully deployed to prod with your latest update! CD pipeline is working flawlessly now. Thanks for the fix!
1572;neutral;I'm experiencing intermittent failures in the CI/CD pipeline for `release/1.2` due to a recent update of `dependency-xyz`. Can someone review?
4080;negative;Unfortunately, @author123's latest fix for #234 broke our CI/CD pipeline in the 1.2 release branch. Can we revert the changes until a proper solution is found?
1123;positive;Great job on fixing the flaky Jenkins test in #1234! The pipeline is now consistently passing. Thanks for the quick turnaround!
2787;neutral;"I'm experiencing intermittent test failures in `#123` with updated Docker image; has anyone else seen similar issues with recent CI/CD changes?"
2968;neutral;I'm reviewing the PR #1234 and noticed that the updated Dockerfile uses Alpine Linux. Can we discuss if this is necessary for our CI/CD pipeline?
2505;neutral;Following up on #1234: the failed test in the latest PR seems to be due to a mismatched version of `package-x`. Can someone investigate?
3466;negative;Still running into `TypeError: Cannot read property 'length' of undefined` in the latest build. Regression not caught by our CI/CD pipeline?
676;positive;Just tested with the latest fix on my machine and it looks like we've resolved the #44 TravisCI build failure! Nice work team!
2809;neutral;Hi @johnDoe, I ran into a weird issue with the latest build. The project's dependency on `mysql` 8.0 seems to be causing the test suite to fail intermittently.
3349;negative;The latest build failed due to the Docker image size exceeding the Kubernetes pod limit. Can we revisit our deployment config? #1234
729;positive;Great job on fixing the `NullPointerException` in the build process. The updated pipeline is running smoothly now!
413;positive;Great catch on the API endpoint inconsistency! Your PR #123 has successfully resolved the issue in our staging environment. Well done!
3147;negative;Commenting on #1234: the recent refactor broke our CI/CD pipeline for macOS builds, causing our build logs to fail.
1517;neutral;I'm reviewing #123, but I noticed the updated README doesn't match the latest changelog. Can we sync these two files?
826;positive;Thanks for fixing the `pip install` issue in #123! Your changes made it possible to run the app successfully with Python 3.9
3268;negative;Can we review the recent `main` branch build failure in `.github/workflows/ci.yml`? Getting inconsistent results with latest node version.
3975;negative;I'm seeing `TypeError` in the Docker image build for #1234. Can we investigate why `pytz` isn't being installed correctly?
617;positive;Just tested the fix for #1234, and I'm blown away by the reduced build time. Great work on optimizing our CI/CD pipeline!
115;positive;Great work on fixing the build issue in #123! CI is now passing smoothly again. Thanks for your patience and dedication to this project!
418;positive;Just tested with the latest build and the performance improvements are impressive! CI/CD pipeline is passing smoothly on my end.
3070;negative;PR #123's changes are breaking our build on CircleCI due to the updated Docker image version in `docker-compose.yml`. Can we revert this change?
1626;neutral;@maintainer The CI/CD pipeline is failing intermittently due to inconsistent dependencies. Reviewing the Dockerfile may provide insight into the cause.
4454;negative;@dev I'm seeing `TypeError` on `app.py` due to incompatible deps in `requirements.txt`. Needs update for Python 3.9 support ASAP.
2897;neutral;Regarding #123: Need more context on the test failure to accurately diagnose the cause. Could you provide the relevant stacktrace and repo version?
4210;negative;I'm seeing intermittent failures on our CircleCI build for #1234 due to a recent update in `react-scripts` that breaks the test suite. Can we revert the version?
2083;neutral;@username Could you clarify the reasoning behind this change in the CI/CD pipeline? It's working as expected for me locally.
754;positive;Just merged #1234 and it's looking great! Your fix for the regex issue really improved the project's stability, thanks!
2547;neutral;I've reviewed #123 and agree with the changes. However, I'm concerned about potential conflicts with future updates in our CI/CD pipeline.
3970;negative;@maintainer, I've encountered a `NullPointerException` in the `login()` method of PR #123. This is blocking our CI/CD pipeline from deploying to production.
3374;negative;I'm experiencing a intermittent deployment failure on CI/CD due to the latest package update causing incompatibility issues with our frontend build script.
4108;negative;@author I'm seeing intermittent fails on our CI/CD pipeline for PR #1234 due to a version mismatch in the test dependencies. Need an urgent fix.
2445;neutral;Just reviewing the latest build output, seeing that the `unittest` failures still persist in our nightly CI run. Would be good to get some additional test coverage.
1067;positive;Great catch on the `npm install` error in #123! Your fix for updating `package.json` resolves the issue cleanly. Well done!
3914;negative;I'm getting intermittent `502 Bad Gateway` errors on my feature branch, can we investigate the impact of recent changes on our CI/CD pipeline?
3499;negative;This change breaks the CI/CD pipeline for the `release` branch. Can't verify if it's a regression due to missing test cases.
2739;neutral;I've tried to reproduce the `NullPointerException` in #123 but couldn't find any obvious causes. Can we discuss further in this thread?
4001;negative;Issue with latest release: build fails due to incompatible Node.js version. Reviewers, please ensure we're testing against the correct node version.
1569;neutral;Could you clarify the expected behavior for the `fetch_data` function in this PR? It's unclear if it should return a list or an object.
2428;neutral;I was testing the latest build on CircleCI and noticed the test suite times out with 'NoSuchElementException' in utils.py. Can we investigate?
3747;negative;Still experiencing issues with the `auth` API in 0.8.4. Got another `500 Internal Server Error` on my local dev environment #1045
4180;negative;@username I'm seeing intermittent failures in the CI/CD pipeline for master branch due to an unknown error in `dependencies.lock` file. Can we investigate?
1688;neutral;Noticed that the latest changes to `CI/CD pipeline` are still being tested, should we wait for results before merging #42
852;positive;Great catch on the CI/CD pipeline fix! Your changes resolved the intermittent build failures on AWS. Thanks for your diligence!
3547;negative;Frustrated with intermittent test failures on `master` due to Jenkins environment inconsistencies. Need clarification on how to reproduce this issue reliably.
896;positive;Thanks for fixing the CI/CD pipeline error! Your changes made it run smoothly again. Great work!
336;positive;Great catch on the typo in `docker-compose.yml`! This should fix it: `image: ${REGISTRY}${IMAGE}`. Thanks for the thorough review!
2840;neutral;I'm experiencing intermittent failures with the CircleCI build on PR #123 due to an outdated version of Node.js. Should we update the dependencies in `package.json`?
3088;negative;The recent dependency update in #23 caused a regression in our integration tests. Reverting the update would be the quickest fix.
1349;positive;Just reviewed your PR #1234 and it looks great! Your fixes for the caching issues are well-implemented. Thanks for the effort!
1016;positive;Just tested the latest `main` branch and it looks like the `logging` refactor is working as expected. Thanks for the update!
2817;neutral;I'm experiencing intermittent builds in the CI/CD pipeline for #123. The error logs show inconsistent timestamp formatting.
1632;neutral;FYI on #123, I've successfully integrated the new cache mechanism with our CI/CD pipeline. Would appreciate further verification before merging.
2490;neutral;The build failure in #1234 is related to the updated `json` dependency. Can we try downgrading it to version 1.8?
3731;negative;@author, `npm test` still failing with `TypeError: Cannot read property 'length' of undefined` after rebasing #1234. Need further assistance on this regression.
3252;negative;This is not the fix for #23. The continuous integration build still fails on CircleCI due to the unsatisfied dependency version.
4175;negative;Issue #1234 is still breaking on Jenkins due to the latest update. The 'test' step is failing with a cryptic error message.
2071;neutral;Re: #123456 (CI/CD Pipeline) - I've reviewed the updated YAML file for the deployment process. Everything looks good, but could we discuss the resource allocation for this environment?
4397;negative;I'm seeing intermittent failures in our CI/CD pipeline due to the updated `numpy` version causing issues with `pandas`. Can we investigate this further?
1636;neutral;Regarding #1234, I've verified that the build passes on Ubuntu 18.04 but fails on Jenkins due to missing `libc6` dependency.
2480;neutral;@maintainer, I'm experiencing intermittent failures in the `ci/build` stage of #1234. Wondering if it's related to the recent `node` version upgrade.
2266;neutral;I was able to reproduce the `NullPointerException` in branch #1234. Please let me know if you'd like me to investigate further.
2960;neutral;Regarding #123: I'm seeing inconsistent test results in the `feature/new-api` branch. Wondering if we should adjust the CI/CD pipeline to account for this?
3060;negative;I'm experiencing intermittent failures in the CI/CD pipeline on #1234 due to an uncaught exception in the test suite. Can we revisit the error handling?
2142;neutral;I'm reviewing the latest changes in #123, but I wanted to clarify if the updated dependencies will affect our existing CI/CD pipelines.
3119;negative;@mentions I'm getting the following error in my feature branch: `AttributeError: 'NoneType' object has no attribute 'name'`. Any idea what's causing this? #1342
4261;negative;@maintainer The recent fix for #123 is causing unexpected downtime on prod servers. Can we revisit the solution to avoid this side effect?
4046;negative;I'm experiencing a intermittent `TypeError` on the latest build in #123. This is causing our CI/CD pipeline to fail multiple times.
3357;negative;@author I'm seeing intermittent `NullPointerException` in the latest build of #45, can we take a closer look at the changes to `RepositoryDAO`?
2745;neutral;For PR #123, I've noticed the updated README doesn't match the latest changelog. Could we sync these files on next deployment?
3507;negative;@dependabot I'm getting intermittent failures on the Jenkins build due to unexpected changes in `package.json`. Can you help me debug this?
1680;neutral;Regarding the updated Dockerfile in #1234, I've verified that the image builds successfully on our Jenkins server. No issues found so far.
3148;negative;Failed to run integration tests due to `TypeError` in `utils.py`. Regression introduced by #123, breaking our CI/CD pipeline.
2295;neutral;"Just reviewed PR #123 for the latest refactor; looks good to me. Could we add some unit tests for the new API endpoints as a precaution?"
581;positive;Great fix on #123! Your tweaks to the CI/CD pipeline have really improved our test coverage. Thanks for your patience with this complex refactor!
1471;positive;Just reviewed the latest PR (#123) and I'm impressed with the cleanup of our CI/CD pipeline. Great work!
4071;negative;Comment: @dependabot stop breaking our builds with incompatible versions of `log4j`! This is getting ridiculous. #dependency-management
3344;negative;@author, the new build step in `ci/pipelines` is still failing due to incompatible dependencies. Can we revisit this?
3673;negative;Unfortunately, the latest build of #32 still crashes due to the unaddressed `NullPointerException` in `Utils.java`. Can we prioritize fixing this ASAP?
560;positive;Nice fix on the `jenkins` config file! Your changes to the `deploy` script are exactly what we needed for our CI/CD pipeline.
2850;neutral;@maintainer I'm seeing intermittent failures in our nightly tests for #1234. Could you review the logs to identify the cause?
513;positive;Great catch on the `jenkinsfile` typo in #123! The automated build should now succeed as expected. Thanks for pointing this out!
1082;positive;Just tested the fix for #123 and it looks like it's resolving the `NullPointerException` in our CI/CD pipeline. Well done on catching that one!
1665;neutral;I noticed the `build failed` on PR #123 due to a missing `node_modules` directory. Should we add a pre-build step to install dependencies?
1013;positive;Great job on fixing the regex bug in `login_api`! This should improve overall authentication performance. Thanks for the quick turnaround!
1932;neutral;FYI: `jenkins` build failed due to missing `nodejs` version 14.18.1 in the environment. Re-running with updated node version resolved the issue.
1151;positive;Great fix on #123! The updated build process now successfully resolves the Maven dependency issue in our CI/CD pipeline.
2839;neutral;Regarding #123: I've tried running the test suite on Jenkins but it's still failing on the `auth` function. Any thoughts on what might be causing this?
117;positive;Thanks for catching that edge case in the latest release! Your fix should resolve #1234's issues. Great catch!
741;positive;Thanks for the quick fix on #123! Your patch made the build process more resilient to package version changes.
4329;negative;Fails to deploy on CircleCI due to invalid `package-lock.json` generation. Reverted changes in #123 but still experiencing this error.
3676;negative;The build failure in #1234 is still occurring after the latest fix. Would be great to investigate further with your team.
831;positive;Just tested #1234 and the fix for this CI pipeline error is solid! The updated build process is much more efficient now.
120;positive;Just tested #14 on local machine with updated deps and it's working smoothly! Great job on the fix, thanks for keeping our CI/CD pipeline green!
4304;negative;I'm experiencing intermittent build failures in the CI/CD pipeline. This morning's run failed on line 345 of `components/main.py` with a `SyntaxError`. Investigating...
4272;negative;Fails to deploy on Jenkins due to missing `node` module in package.json. Can we add it to the dependencies?
636;positive;Great work on resolving the regex bug in #123! This fix has already improved our build times in CI/CD pipeline.
4143;negative;@maintainer, the latest build on `main` branch is still failing due to missing dependencies in `package.json`, can we revisit this ASAP?
992;positive;Just ran the updated pipeline in #1234 and it's passing all tests! Your fix really improved the build process. Thanks for the effort!
877;positive;Great fix for the Jenkins build failure! Your patch resolved the `NullPointerException` on our CI/CD pipeline. Thanks!
5;positive;Just tested #121: fixing the typo in `README.md` now triggers our CI/CD pipeline correctly. Thanks for the fix, @author!
3052;negative;Can we re-evaluate the `npm install` scripts in #42? I'm getting inconsistent build errors on my local machine due to this issue.
3125;negative;Frustrated that the latest deployment failed due to outdated dependencies in `package-lock.json` again, causing a major regression. Can we automate updates?
2661;neutral;This build is failing due to a missing libjpeg dependency in the `master` branch. Would love to review a fix.
2492;neutral;I've reviewed the updated CI/CD pipeline config. It looks good for our project, but we should verify it with more test cases before deployment.
3855;negative;I'm experiencing intermittent failures in the CI/CD pipeline due to a stale Gradle cache. Can we consider implementing a periodic rebuild of dependencies?
1716;neutral;Just wanted to follow up on #23: after re-running the CI pipeline with updated dependencies, I'm still seeing intermittent test failures.
1149;positive;Thanks for fixing the Jenkins build error! The CI/CD pipeline is now stable again. Your patch worked perfectly on my local setup.
3262;negative;I'm experiencing intermittent failures in the CI/CD pipeline for #1234 due to the recent update of `mysql-connector-java` version. Can we revisit this dependency?
575;positive;Just reviewed the latest PR #1234 and I'm impressed with the refactored code. Well done on addressing that pesky null pointer exception!
3770;negative;Issue #42 still not addressed. Failed to build `latest` branch due to missing `libzstd-dev` package in `dockerfile`. CI/CD pipeline failing again.
3737;negative;I'm unable to reproduce the fix on my local CI/CD pipeline due to incompatible Docker images. Can we update to 1.2.3?
4147;negative;Just hit this error in the build on CircleCI: `Error: ENOENT: no such file or directory, open 'package-lock.json'`. Still trying to figure out why it's not updating properly
854;positive;Great job on fixing the regex bug in #123! The updated code works seamlessly with our latest test suite. Thanks for the quick turnaround!
1983;neutral;Noticed that the `CI/CD` pipeline is not triggering correctly for the `dev` branch. Would be helpful to investigate this further.
2775;neutral;Just wanted to point out that the `CI build` for #123 is still failing on macOS with error code 22. Worth investigating?
1167;positive;Just tested the fix for #1234 and it's working beautifully. Well done on addressing that pesky Jenkins build failure!
972;positive;Great catch on the Jenkins CI pipeline fix! Your PR #1234 is well-tested and easy to review. Thanks for your efforts!
2702;neutral;I'm reviewing #123's implementation of the new logging framework. The code looks good but I have a few minor suggestions for improvement.
3848;negative;I've been experiencing intermittent errors with the CI/CD pipeline on #1234 due to an unexpected failure in `build.gradle`.
2369;neutral;Just testing the fix in #42. I'm getting inconsistent results with the updated CI/CD pipeline. Need to investigate further.
4116;negative;I'm experiencing issues with the latest dependency update causing a `NullPointerException` in my project's CI/CD pipeline #1234
4132;negative;Just hit another regression with latest `axios` upgrade in #1234. This is getting frustrating, as it's blocking our 2.0 release. Can we revisit the dependency update process?
2951;neutral;Looking at #1234's build logs. The pipeline seems to be failing due to an unknown error in the 'dependencies' stage.
525;positive;Just tested the fix for #1234 in my project's CI/CD pipeline and it looks like we're good to go! Great work on squashing that nasty bug!
2456;neutral;On #42, I noticed the fix for the auth token issue didn't update the `.gitignore` file. Worth reviewing before merging.
1842;neutral;I was able to reproduce the failing test in the `main` branch. Can we discuss possible causes for this test failure?
538;positive;Just verified that the fix in PR #123 resolves the pagination issue. Thanks for your patience & great collaboration!
2807;neutral;Can we revisit the `README.md` update in #1234 to ensure the installation instructions are accurate for both Linux and Windows environments?
3176;negative;I'm experiencing intermittent `502 Bad Gateway` errors with the latest deployment to prod. Can we revisit the Nginx config for this?
785;positive;Thanks for squashing that nasty merge conflict in #1234! Your fix allowed our CI/CD pipeline to pass smoothly.
4058;negative;PR #123's recent commit is causing CI failure due to incompatible libversion. Can we revert to previous build or adjust version in package.json?
1410;positive;Thanks for fixing the `pip install` issue in #123! The updated README is also a great improvement. Keep up the good work!
2538;neutral;Observing intermittent errors in our CI/CD pipeline. The latest deploy to staging is passing, but the previous one still shows failures in test_5.py.
155;positive;Thanks for squashing that nasty regression in the 2.1 branch! CI now passes with flying colors.  PR #1234
3010;negative;Not sure why but the CI build is failing with `NullPointerException` on our latest PR #123. Has anyone else seen this?
1687;neutral;Just reviewing the latest changes to the `CI/CD pipeline` configuration in #123. Everything looks good so far, no immediate issues noticed.
2902;neutral;: I'm experiencing inconsistent build results on `PR #42` due to flaky tests in the `release-1.2` branch of the CI/CD pipeline.
4453;negative;Still getting `NullPointerException` on Windows builds after #345, @johnDoe's fix isn't triggering in our Jenkins pipeline. Can we revisit the issue?
3864;negative;I'm experiencing issues with the latest build on CircleCI: `npm install` fails due to an incompatible version of `axios`. Need to revisit package versions.
2734;neutral;Just a heads up on #1234. The latest build passing in CircleCI doesn't seem to be reflected in the latest version of our docs, @example
1896;neutral;On CI/CD pipeline #456: the deploy step is skipping due to an empty `version` field in `package.json`. Reviewing package-lock.json for inconsistencies.
570;positive;Just tested the latest build with success! Your fix for the CI/CD pipeline issue #123 is working as expected. Good job!
1817;neutral;@githubuser: I've reviewed the PR #1234. The test coverage increase is notable, but we should discuss adding more error handling for edge cases in `update_user()` method.
2066;neutral;I've verified the regression in our `ci/cd` pipeline on main branch. Requesting review of PR #1234 to ensure fix doesn't impact other environments.
128;positive;Great job on fixing the regex issue in #34! Your changes to the test cases made all the difference for me. Works as expected now!
3395;negative;I'm experiencing intermittent failures with the CI/CD pipeline on `main` due to inconsistent environment variable settings. Can we revisit the config? #42
3328;negative;PR #12's changes broke the unit tests for the `networking` module. This isn't a trivial regression.
4487;negative;Failed to deploy due to `docker-compose up` error: `Error response from daemon: ...`. @dependabot please review.
2976;neutral;@dependabot, just wanted to confirm the latest changes to `package.json` are reflected in the CI/CD pipeline. Running manual tests now.
981;positive;Great job fixing the deployment issue in #123! The updated CI/CD pipeline is now successfully deploying to prod. Well done on a quick turnaround!
2301;neutral;I'm looking at the failing tests in #42. It seems like we need to revisit the changes made in PR 34 for a stable build.
191;positive;Thanks for tackling the CI/CD pipeline issues! The recent changes have significantly improved our deployment efficiency. Appreciate your dedication to this project!
1140;positive;Great job on resolving the `dependency mismatch` issue in #123! The updated CI/CD pipeline is now successfully deploying to staging.
700;positive;Great job on fixing the Travis-CI build issue! Your patch made it through the CI pipeline cleanly. Thanks for your efforts!
4305;negative;"Issue #123 still failing on CircleCI due to `npm install` timeout; need a fix for the `@typescript-eslint/parser` dependency before merging PR #456"
607;positive;Thanks for catching that nasty `NullPointerException` in the deployment pipeline! Your fix has greatly improved our application's reliability.
302;positive;Just tested your fix for #1234 and it's working beautifully! Your adjustments to the Jenkinsfile really streamlined our CI/CD process.
3421;negative;This change breaks the build on CircleCI with error: `java.lang.NoSuchMethodError: 'java.util.List com.example.Model.getRelatedItems()`. Please investigate.
4343;negative;I'm experiencing intermittent build failures on `main` due to inconsistent package versions. Could we ensure that `package-lock.json` is updated in CI/CD pipeline?
1061;positive;Just tested your fix for #123 and it works like a charm! Thanks for tackling that pesky TravisCI build error.
2566;neutral;Just wanted to confirm that the fix for #1234 is working correctly in our staging environment. No issues observed so far.
4495;negative;@maintainer, just hit a `TypeError` in the latest build on CircleCI. Can we revisit the Docker image update from #123 to see what's causing this?
1070;positive;Just tested #123's changes with the updated CI/CD pipeline and it looks like the performance enhancements are holding up nicely!
2525;neutral;I'm experiencing intermittent issues with CircleCI build failures on the `main` branch due to recent changes in our monorepo structure. Can we investigate?
2206;neutral;I was reviewing the `fix-dependency-vulnerability` PR and noticed that Jenkins doesn't seem to be picking up changes from the updated Dockerfile. No major impact yet.
1244;positive;Just merged #123 to master. Automated tests are passing and the new feature is working as expected! Thanks for your efforts on this!
17;positive;Just tested the latest `fix-bug-123` branch and it looks like the memory leak is resolved! Great work on squashing that nasty bug!
3121;negative;The `test_coverage` metric in .github/workflows/ci.yml is consistently failing due to an unresolvable error on the 'example' dependency update.
816;positive;Just reviewed #1234 and I'm impressed with the fix for the memory leak. CI/CD pipeline is now stable as well.
3068;negative;Can we revisit the `fetch-api` fix in #123? I'm still experiencing intermittent failures with the latest patch, causing our CI/CD pipeline to fail.
960;positive;Just tested with your latest commit and the CI pipeline passed without issues! Your fix on `package.json` was spot on!
226;positive;Great fix on `npm install` in the `CI/CD` pipeline! Just ran it manually and everything looks good to me now.
3355;negative;Fails to compile on Ubuntu 20.04 due to missing header files in the `thirdparty` directory of PR #1234
2486;neutral;Just wanted to note that the latest change to `package.json` is not reflected in the build output. Can we revisit this?
563;positive;Great work on resolving the `npm install` issues in #234! The updated `.gitignore` has improved our CI/CD pipeline stability significantly.
3437;negative;Still seeing crashes in `main.go` due to unsatisfied dependencies. Can we revert to previous build #32? This is affecting our CI/CD pipeline.
1694;neutral;I'm experiencing inconsistent test results on the `dev` branch. Have you checked if the updated dependencies are causing any conflicts?
1046;positive;Just tested the latest release of `CI-PIPELINE` and it looks like the fixes to my original #23 bug report have taken hold. Great job, team!
3447;negative;I'm seeing a regression in `feat/refactor: remove unused imports` after merge. The updated code breaks the build on Ubuntu 18.04 due to missing dependencies.
955;positive;Great fix for the `docker-compose` build issue! Your PR has improved our pipeline's reliability. Thanks for your effort on this!
2736;neutral;I'm experiencing intermittent failures in the integration tests for PR #123. The error occurs only on CircleCI, not locally.
4415;negative;The `dependency-1.2.3` update caused the build to fail in the CI/CD pipeline for both feature/fix-routing and issue/fix-memory-leak branches, any idea how to resolve?
1219;positive;Just tested the latest changes in #24 and it looks like we're good to go! The CI/CD pipeline is passing smoothly now. Nice work, team!
1528;neutral;Can we review the updated `README` for clarity on the new build script? Confusing syntax in Step 3.
3988;negative;I'm experiencing intermittent failures on the Staging CI/CD pipeline. The recent change to `package.json` is likely causing the issue. Can we revisit the dependencies?
1301;positive;Just tested your fix on the CI/CD pipeline for #123 and it looks great! The build passes smoothly now. Thanks!
161;positive;Thanks for tackling the deployment issue with #23! Your changes to the CI/CD pipeline have resolved the failed builds. This should improve our release efficiency.
4068;negative;@author, I'm experiencing an intermittent deployment failure in our `main` branch due to this PR #1234's unexpected library conflict.
957;positive;Just successfully deployed to prod after resolving the Docker image build error in #23. Thanks for the help @john!
3792;negative;I'm experiencing intermittent failures in the nightly builds due to the `numpy` upgrade. Can we investigate?
3235;negative;I'm still hitting `NullPointerException` on Windows in the latest build. This is the third occurrence, needs a fix ASAP #1234
2870;neutral;I'm reviewing the PR #123 for the updated README. Could someone confirm if the changes are aligned with the current project architecture?
3778;negative;The `latest` version of React is causing a rendering issue with our `v2.0.0-alpha` feature in the CI/CD pipeline. This isn't reproducible locally.
2962;neutral;I'm experiencing an intermittent failure in the CI/CD pipeline for branch `feature/user-authentication` due to a non-deterministic test result.
2201;neutral;I'm experiencing intermittent issues with the test suite on CircleCI. The `npm install` step fails occasionally due to a corrupted cache.
99;positive;Great work on resolving the SonarQube issue in #123! The updated CI/CD pipeline is now successfully triggering unit tests.
2558;neutral;Regarding PR #123, I noticed the updated README doesn't align with the latest code changes. Perhaps a manual update is needed?
3184;negative;@author Can you clarify why this PR isn't triggering our CI pipeline on CircleCI? Fails to compile with latest dependencies installed.
254;positive;Great job on resolving the memory leak in #123! The changes you made to the CI/CD pipeline really helped catch that issue. Thanks for your attention to detail!
3924;negative;@maintainer, the failing test on `feat: add login feature` is causing our CI pipeline to fail. Can we re-run with a different mock user?
4200;negative;This latest build on CircleCI is failing due to an unresolvable conflict between React 17.0 and Material-UI 5.x in our `dependencies.json` file.
1446;positive;Just reviewed the latest PR #234 for our React app and I'm loving the improvements to error handling! Well done on squashing that nasty bug too!
1649;neutral;Regarding #1234, I'm not sure if the updated `dependency.yml` file is compatible with our current CI/CD setup. Can someone please review?
3992;negative;@author I'm experiencing intermittent failures with the CI/CD pipeline on `master` branch due to version incompatibility issues with `react-dom`. Can we investigate?
1697;neutral;Just wanted to note that the latest build failed on our CI/CD pipeline due to an unresolved conflict with the `dependencies.json` file.
3192;negative;@username: Your fix in #123 caused the build to fail again. Can you review the CI logs? This is causing delays in our release schedule.
1155;positive;Thanks for addressing the `NullPointerException` in commit [123456]! Your fix has improved code stability significantly.
2256;neutral;Hi @maintainer, I noticed the recent build on our CircleCI pipeline failed due to an unresolved dependency conflict. Can we investigate?
1683;neutral;I'm observing a discrepancy in test results between the latest commit and master branch. Could someone review the changes in PR #123?
3171;negative;Unfortunately, #123's fix in master is still failing CD on `npm test`, same error as before. Please review again.
2057;neutral;Can you clarify why this change is being made in the `main` branch without a corresponding PR? Was it merged by mistake?
4091;negative;This breaks our CI/CD pipeline. Can't we revert to the previous version of `dependency-a`? #1024
3109;negative;Can we revisit the recent build failure in #123? The failing test `test_data_conversion` consistently fails on CircleCI but passes locally. Frustrating to troubleshoot.
3724;negative;Fails to build on Node 14. `npm install` throws an error due to deprecated dependencies in the package-lock.json file.
2050;neutral;@author, just wanted to acknowledge the fix for #1234. The updated code seems to resolve the issue with our CI/CD pipeline's Node version.
3644;negative;@username I'm hitting an error in the `build` stage of our Jenkins pipeline due to a missing `node` version. Can we bump the required version?
4434;negative;Failing to update the `lodash` version in `package.json` is causing build errors on CircleCI. Please bump it to 4.17.21 as specified in the README.
624;positive;Great fix on the Docker image build in #123! The updated pipeline is now successfully deploying to prod without any issues.
263;positive;Great catch on the `npm` version mismatch! Your fix worked beautifully in our staging environment. Thanks for resolving #123!
3370;negative;Unable to build with `react` v17.0.2 due to incompatible peer dependencies in `@types/react`. Please investigate.
4062;negative;Frustrating that the `pylint` checks are failing on the latest changes in #1234. Can't seem to identify what's causing the error.
1803;neutral;Observing inconsistent behavior on our CI/CD pipeline for the `latest-feature` branch. Can we review the job configurations?
4493;negative;I'm having issues with the `pip install` command still failing due to outdated dependencies. This is affecting our CI/CD pipeline in #1234
2386;neutral;The test failure in #123 is still pending review. The CI/CD pipeline has been updated to use the latest Docker version.
1960;neutral;Found an edge case with the new caching mechanism in PR #123. Haven't seen it fail locally but worth testing thoroughly.
2977;neutral;Can we discuss the impact of this change on our CI/CD pipeline? I'm curious to see how it'll affect our build times #1621
489;positive;Just ran the CI pipeline with your fix for #123 and it's passing all tests! Great job on squashing that pesky error!
1844;neutral;Can we take another look at the build failing in #1234? It's failing on Linux but passes on Mac. Can't pinpoint the cause yet.
1735;neutral;Just tried to deploy with latest Docker image, but getting `docker-compose up` error. Can we investigate the container logs?
2912;neutral;Just reviewed #42's changes to the CI/CD pipeline, seems like a good refactoring effort. Wondering if we should add more logging for error handling.
3220;negative;Can we revisit the recent fix for #2342? The updated build is still failing in our CI/CD pipeline due to this issue.
147;positive;Great fix on #123! The updated logging makes it much easier to debug the API errors. Thanks for your attention to detail!
1987;neutral;Regarding #1234's build failure: the test suite is running but showing an intermittent error with 'npm run test --parallel=8'. Investigating further is needed.
1370;positive;Great fix for the memory leak issue in build 4.2! @username's PR is a huge relief, thanks for your diligence on this one!
2812;neutral;FYI: the latest build of `v1.2` in our CI/CD pipeline is passing with the updated `dependencies.lock` file.
660;positive;Thanks for squashing that `NullPointerException` in the auth service! Your PR #12 has greatly improved our app's stability 🙏
1795;neutral;Regarding #12, I've noticed the `ci/cd` pipeline doesn't update the `CHANGELOG.md`. Might be worth adding a step to reflect changes?
2512;neutral;I'm having trouble with the latest Docker build in `CI/CD Pipeline #12`. The error message isn't very informative.
3398;negative;Unfortunately, the recent PR #123 for `ci/pipeline.yml` still fails due to an unresolvable `dependencies` version conflict. Can we revisit this?
4283;negative;@author, just tried to merge #123 but the build is failing due to a compatibility issue with `aws-sdk`.
1148;positive;Just tested the latest build on #34 and it's passing all tests! The CI/CD pipeline is finally stable, thanks to your efforts!
3273;negative;PR #234: this change breaks the CI/CD pipeline for macOS, causing `npm install` to fail with an unresolved module conflict error
609;positive;Great catch on the `NullPointerException` in the CI/CD pipeline! Your fix in PR #123 is a huge improvement for our automated testing
3583;negative;Not sure if this is related to #43, but our tests are consistently failing on the CI/CD pipeline due to this `TypeError`.
1931;neutral;Just noting that the CircleCI build is failing on 1.2.0 due to a missing `docker` tag in `Dockerfile`.
198;positive;Great catch on that test failure! Your fix for the `latest` tag in the Dockerfile is spot on, thanks!
2932;neutral;The automated testing framework is behaving erratically on #123. Have you encountered any similar issues with the Jenkins pipeline?
2328;neutral;Related to #123: Investigating the cause of intermittent test failures in our CI/CD pipeline. Would appreciate any insight into possible configuration issues.
767;positive;@author Great fix on #10! The updated CI/CD pipeline now successfully deploys to staging environment without any issues.
4219;negative;Can't reproduce the error in `feature/new-routing-logic` branch. @dependabot's latest update failed to fix the bug
3256;negative;Commenting on #1234: @maintainer, the recent `pip install` fails due to a conflict with outdated dependencies. This breaks CI/CD for all builds.
203;positive;Just tested #34 fix and it's working smoothly. Your refactoring efforts have greatly improved the codebase stability, thanks for your dedication!
3511;negative;@maintainer The `npm install` step in the CI/CD pipeline is still failing due to an unresolved version conflict between `dependency-1` and `dependency-2`. #1663
1734;neutral;Just a heads up on #24. The test failure in the `build` stage might be due to an outdated version of `dep1`, which we just updated to v2.0.
2778;neutral;I'm experiencing intermittent failures with the test suite on master branch. Any insight into why `npm install` may be affecting build output?
1708;neutral;Re: #42: CI/CD pipeline failing due to invalid environment variable. Can you clarify expected values for `BUILD_ENV`?
3475;negative;The latest build on master is failing due to an incorrect dependency version (#123), causing our CI/CD pipeline to hang indefinitely.
855;positive;Just tested the fix for #123 and it works perfectly! Your change to Dockerfile has greatly improved our build process. Thanks!
4098;negative;Just tested #123 and the `build` script still fails due to unresolvable package conflicts after multiple iterations of @dependabot/updates. Help needed to isolate root cause.
2161;neutral;Regarding #23, I wanted to confirm that the unit tests in `src/utils.js` pass with the new API token. No issues found so far.
699;positive;Just tested `#43` locally and the fix for `cyclic-imports` works beautifully! Your patience with this issue is much appreciated @johnDoe. Thanks!
4451;negative;The latest PR (#123) breaks our staging CI/CD pipeline due to an unmet dependency. We should test these changes before merging.
3000;neutral;I'm reviewing the updated tests for #123. The changes look good, but I'd like to see some additional edge case testing.
3697;negative;Failing on Jenkins #1234. The deploy script is trying to install node 14 but the project's `package.json` still references v12.
1637;neutral;The updated `README` file doesn't seem to reflect the latest changes in the `v2.0` branch.
3458;negative;Failed to deploy due to `jenkins-deploy` failure in the CI/CD pipeline: `error: unable to resolve dependencies on node 17.3.0
3582;negative;Can we revisit the `build` step in our CircleCI config? The failed test on Ubuntu 20.04 is causing pipeline failures.
1292;positive;Just tested #34 and your fix works perfectly! The CI/CD pipeline has also passed with flying colors. Great work on resolving that tricky bug!
1854;neutral;In reviewing #1234's test coverage, I noticed the new dependencies aren't accounted for in our Jenkins pipeline. Should we add them to the build process?
3764;negative;Can we revisit the `npm install` issue on PR #123? The latest build is still failing due to missing packages.
3305;negative;Failed to run tests due to #123, still seeing the same error after re-running `npm install` in CI/CD pipeline.
4421;negative;Issue #123 still broken after merge. Regression test is failing due to incompatible version of `numpy` in our Docker image.
3744;negative;PR #123: The CI/CD build is failing due to an incompatible Maven version (3.8.0 instead of 3.6.2). Can we revert the dependency?
3446;negative;@dependabot, your latest update broke the build on master due to outdated Node.js version. Please check the pipeline logs for more info.
1999;neutral;I'm experiencing intermittent failures in the `dev` build with PR #345. The CI logs show a timeout error on the Jenkins server.
664;positive;Great job on resolving the regex vulnerability in #123! Your fix will greatly improve our app's security. Thanks for your diligence!
3749;negative;I'm experiencing intermittent errors with our CI/CD pipeline. The last successful build was 2 days ago, which suggests a potential issue with our Jenkins configuration.
710;positive;Great catch on the CI/CD pipeline issue #123! Your fix ensures a smoother deployment process for our users. Thanks for your attention to detail!
1283;positive;Great catch on that @dependency version mismatch in #1234! The updated `package-lock.json` is a nice touch too.
2676;neutral;The CI/CD pipeline for branch `feature/new-auth-method` is failing due to an unspecified error in the `jest` test suite. Reviewing the logs may provide insight.
4030;negative;The latest build on Jenkins is failing due to an `IndexOutOfBoundsException` in the parser module. Need a review of the code changes before re-deploying.
1307;positive;Great catch on the deployment config! Simplifying the `docker-compose` file has improved our test coverage by 20%
2238;neutral;Observing inconsistent results in `build.gradle` between master and dev branches. Could be related to changes in version 1.2 of dependencies.
3303;negative;@username, I'm experiencing intermittent build failures with the CircleCI 2.0 config, even after re-running `yarn install` and verifying dependencies.
2039;neutral;@mention I'm experiencing intermittent issues with the CI/CD pipeline on branch #1234, but can't reproduce locally. Any ideas on what might be causing this?
1530;neutral;Re: `feat/dockerize-frontend`: Considering the recent update to Node.js in the Dockerfile, re-running the build job should resolve the issues observed during testing.
1664;neutral;I'm experiencing intermittent failures on `ci-pipeline-123` due to network issues. Would be great if we could add a retry mechanism to the Jenkinsfile.
4439;negative;I'm seeing intermittent failures in the CircleCI build for #123 due to this recent update. Can we revisit the dependencies?
4457;negative;Failing on `npm test` due to `package.json` typo. Can't reproduce locally, but getting `ENOENT` errors on CI server #1234
3628;negative;The recent `test_coverage` regression in the `ci/pipeline.yml` file is concerning. Can we revisit the `codecov` configuration to prevent this from happening again?
2694;neutral;I've confirmed the fix for #1234 in the dev branch now. The Travis build is green again. Can we review changes to the dependencies?
3061;negative;I'm experiencing intermittent failures in our CI/CD pipeline due to the recent update of `npm` causing issues with `yarn` package management #23
1598;neutral;On #16, could we clarify the expected behavior for this edge case to ensure accurate testing? Perhaps a unit test would help.
2730;neutral;Observing intermittent failures in the CI/CD pipeline for `feature/new-authentication` branch. Could be related to recent changes in dependencies.
2626;neutral;Noticed that the CircleCI pipeline fails on `main` due to `pytest` installation issues. Can we reevaluate our dependency management?
3158;negative;I'm experiencing intermittent build failures in the CI/CD pipeline due to a corrupted dependencies cache. #1234
3315;negative;This breaks our CI/CD pipeline. We need to revert the changes in #1234 until we can refactor the API endpoints correctly.
1723;neutral;Regarding #123: I've tested the fix in the CI/CD pipeline and it seems to be working as expected without any issues. Can we move forward with merging this PR?
1060;positive;Just tried the updated `ci.yml` file and our pipeline is now successfully deploying to prod. Thanks for the fix!
3243;negative;Just tried to merge #123 and got an inconsistent database state. The CI/CD pipeline failed due to a dependency conflict in package.json.
1679;neutral;I'm reviewing the PR #1234, but I don't see any changes to address the failing unit tests in the `utils` module. Can you clarify the plan?
1758;neutral;FYI, the CI/CD build for PR #123 is failing due to an unknown error. Can we investigate further?
4192;negative;I'm seeing intermittent failures in our CI/CD pipeline due to this breaking change. Can we reconsider the package version update on #1234?
564;positive;Great fix on #1234! Automated testing now passes with the updated `pyyaml` version. CD pipeline is also stable again.
2791;neutral;I'm reviewing the changes in #123. The updated README looks good, but I'd like to see more context around the new deployment script.
864;positive;Great fix for the intermittent test failures in `jenkins-pipeline.yml`! Simplified the deployment process significantly. Thanks for addressing this!
1485;positive;Great job on fixing the `TypeError` in the data processing module! The changes look clean and efficient. Thanks for the quick update!
207;positive;Great work on fixing the Docker image build issue in #1234! The updated script is now successfully deploying to our dev environment!
871;positive;Thanks for addressing the infinite recursion bug in #123! Your fix is clean and should prevent future issues with our caching mechanism.
503;positive;Great catch on that edge case in `main`! Your fix in #123 is perfectly aligned with our testing strategy. Nice work!
1029;positive;Just successfully deployed #123 with the updated Dockerfile. The new image is building smoothly in our CI/CD pipeline! Great job team!
3841;negative;I'm seeing intermittent failures on the `build-deploy` stage due to a failed package installation. Can we try updating `npm` version?
2691;neutral;Related to #42, I noticed that the Travis build is still failing due to an unresolved import issue in `utils.py`. Please review.
1571;neutral;Re: #1234. I've reviewed the updated `setup.py` changes in PR 5678 and verified they pass on my end with no issues.
2774;neutral;I'm experiencing issues with the `latest` tag in our Docker image. Can we discuss possible solutions for updating it to the correct version?
2732;neutral;Just noticed the `latest` version of `log4j` in our `pom.xml` is 2.14.1, not sure if this is intentional #1625
805;positive;Great fix on #123! The updated CI/CD pipeline now successfully deploys to prod without errors. Thanks for the quick resolution!
3646;negative;I'm experiencing intermittent CI failures with the latest deploy on branch dev due to this update. Can someone investigate?
2455;neutral;Can we clarify the expected behavior for this edge case in `ci/pipeline.yml`? Need to understand how it affects our build process.
3105;negative;I'm experiencing an intermittent error with the `fetchData` function in the latest PR #123. It's failing to retrieve data about 30% of the time.
201;positive;Great catch on the CI/CD pipeline failure! Your fix for the `npm` versioning issue has resolved our builds. Thanks for your expertise!
3100;negative;@mentions I'm experiencing intermittent test failures in `release-1.2` branch due to inconsistent Docker image build times on our CI/CD pipeline,
2279;neutral;Regarding #1234, I'd like to understand why the build failing on `ubuntu-latest`. The error message suggests a version conflict with `package A`.
3562;negative;Just hit this `TypeError` in the CI/CD pipeline on `feature/new-login-system`. The `requests` library is causing issues due to a version mismatch.
392;positive;Thanks for addressing the caching issue in #123! Your fix helped improve our CI/CD pipeline performance, and I'm excited to see this change land.
1496;positive;Great fix on #123! The updated `test_build` step in the CI/CD pipeline now correctly handles our Maven dependencies. Thanks for the effort!
2696;neutral;Related to #1234: I'm experiencing intermittent issues with the CI/CD pipeline, but it's not consistently failing. Can we discuss possible causes?
2028;neutral;@author, just wanted to note that the `pip install` step in `.travis.yml` seems to be taking slightly longer than expected.
2569;neutral;Just reviewing #123: the updated test coverage seems good, but I'd like to discuss the implications of adding this new dependency on our CI/CD pipeline.
65;positive;Just tested the latest deploy with CI/CD, and it looks like all tests are passing! Nice work on squashing that pesky bug in PR #123.
3885;negative;`cargo test` failing on macOS due to outdated `rust-test-helpers`. Please update the dependency in `Cargo.toml`.
2063;neutral;I'll review the updated Dockerfile in #1234 once I've ensured the build process passes on our Jenkins CI/CD pipeline. Thanks for the changes.
493;positive;Just tested with latest commit #1234 and the continuous integration pipeline successfully built the project. Great work @author!
380;positive;Thanks for quickly resolving the Jenkins build failure on `main` branch! The new deployment strategy is a great improvement.
3994;negative;@author I'm concerned about the recent `npm` vulnerability in our `dependencies`, it's causing build failures on CircleCI. Can we update ASAP?
1077;positive;Great job on resolving the `NullPointerException` in branch #123! Your fix simplifies the auth flow significantly.
879;positive;Nice catch on the CI/CD pipeline fix! The automated tests are now running smoothly again. Thank you for your efforts!
338;positive;Great catch on the caching issue! Your fix in #345 is spot on. The CI/CD pipeline is now stable.
1017;positive;Great fix on the `jenkinsfile` syntax in #1234! Your refactoring has improved build stability and reduced overall CI/CD pipeline time. Thank you!
1276;positive;Great fix on #1234! Your test case helped catch that edge case. This should improve our build times in the next release.
3799;negative;Commenting on #123: Unfortunately, the changes in PR 456 have broken our Jenkins build due to an incompatible version of Spring Boot. Please review.
3343;negative;Failing to fix the 'NullPointerException' in 6 months is unacceptable. We can't ship with this bug. Priority should be on fixing it ASAP.
996;positive;Great job on squashing that #34 regression! The updated build is now passing all tests in our CI/CD pipeline. Thanks for the swift fix!
1982;neutral;Thanks for addressing the `NullPointerException` in #123. The fix should be integrated into the CI/CD pipeline for further testing.
4298;negative;Unfortunately, #33 still fails on Ubuntu 20.04 due to an incompatible dependency, causing a segmentation fault in the demo script.
162;positive;Great catch on the Travis CI build failing due to outdated Node.js version! This fix will save our team from many future headaches.
1501;neutral;I'm seeing intermittent failures in the `ci/pipeline` for #1234. Checking the logs reveals inconsistent test results on CircleCI.
3844;negative;I'm experiencing inconsistent build failures on #100 due to the `dependency-1.2` update in our CI/CD pipeline. Need help resolving this.
2614;neutral;Inconsistent test results in `test_coverage.py` on Linux. Re-running the pipeline doesn't resolve the issue.
3462;negative;@author I'm seeing intermittent failures in our CI/CD pipeline on PR #123 due to a seemingly unrelated Node.js version mismatch
1022;positive;Love the fix for #123! Your debugged code is now smoothly integrating with our CI/CD pipeline. Great teamwork!
3074;negative;This build failure in `#42` is causing our deployment to fail. Can we take another look at the Dockerfile for the missing `RUN` command?
3944;negative;Failing tests on `release/1.2` due to outdated deps in Docker image. Need update before new features can be merged.
1586;neutral;Just wanted to confirm that the `latest` version of `pycurl` is being used in the build script for the CI/CD pipeline.
1956;neutral;On #55, I noticed the error handling in `build.gradle` can be improved. Reviewing the changes in #53, this seems like a good opportunity to revisit it.
3153;negative;I'm seeing intermittent `TypeError: 'NoneType' object is not subscriptable` in the unit tests for `feat: update CI/CD pipeline`. Investigating further.
35;positive;Just merged #1234! The fix for the CI/CD pipeline breaking due to outdated dependencies has been a huge improvement for our team's workflow. Thanks for the update!
4015;negative;Issue #123: Can't repro the CI/CD failure. Tried to debug but can't find any relevant logs in the `jenkins` folder.
776;positive;Great catch on the regex bug in #1234! Your fix has been merged into master. CI pipeline is passing with no issues now.
2557;neutral;Noticed that the latest build is failing due to an unknown error in the `pipelines.yml` file. Could we review the logs?
1479;positive;Nice catch on the typo in `config.json`! Your PR fixes it perfectly. Thanks for keeping our build script up to date!
1364;positive;Great work on fixing the `npm install` issue in #123! Your solution has greatly improved our build time for the upcoming release.
2613;neutral;Just wanted to confirm that the recent changes in `main` branch didn't break our CI/CD pipeline. It's still green on CircleCI.
2825;neutral;FYI, I noticed the CircleCI build is failing on this PR due to missing dependencies in the `devDependencies` field.
2042;neutral;Just ran into an edge case with the new dependency update in `feat: update dependencies`. Build still passes on my end, but worth double-checking.
242;positive;Just tested the updated `CI/CD` pipeline with your fix on #1234 and it's working as expected. Thanks for the quick resolution!
2062;neutral;I think we should consider revisiting the `node_modules` cleanup in `.github/workflows/main.yml`. It looks like it might be causing issues with our pipeline.
2364;neutral;Just wanted to confirm that the changes in PR #123 are compatible with the latest version of Node.js 14.2.
601;positive;Great fix on #123! The test suite is passing now. Thanks for taking care of the `TypeError` in the parser module.
2436;neutral;Not sure about the impact of this change on the CI/CD pipeline. Could you please provide more details about your tests for `build.gradle`?
2889;neutral;@dependabot I'm running the same build config on #1 but getting different results than the original commit. Can you investigate?
647;positive;Great fix on #45! Your refactoring approach improved build times by 30% in our CI/CD pipeline. Thanks for the optimization!
3891;negative;I'm experiencing intermittent CI failures on `main` branch due to `dependency-456` issue, which breaks the build every other night. Can we investigate? #45
3557;negative;I'm experiencing an intermittent CI failure with the latest `v1.2.3` release on Jenkins, causing our nightly builds to fail consistently.
3203;negative;I'm experiencing intermittent failures in our nightly CI runs due to this PR's uncommitted changes. Can we revert or rebaseline the tests?
1529;neutral;Regarding #123: I've re-run the `ci/cd` pipeline for the new build, and it seems to pass. Can we discuss potential causes for the earlier failure?
1268;positive;Great job on resolving the circular dependency in build.gradle! This fixes the integration test failures we were seeing.
1900;neutral;Just noticed the updated CI/CD pipeline in #123. It looks like the deployment to staging is still failing due to the unchanged `npm` version.
3006;negative;@maintainer I'm experiencing intermittent errors in the `ci/cd` pipeline due to the newly introduced `golang` dependency. Still investigating.
2735;neutral;Can we discuss the `TypeError` on line 42 in the `main.py` file? It's causing a failure in our CI/CD pipeline.
190;positive;Great job on resolving the Docker build issue in #123! The updated CI/CD config is now passing all tests cleanly.
1807;neutral;I've reviewed the latest changes in PR #123. The updated dependencies seem to be resolving the issues with our build process. Further testing is required.
976;positive;Just tested the latest build on Jenkins, and I'm thrilled to see our continuous integration pipeline is now stable! Well done, team!
2748;neutral;I'm seeing some inconsistencies in the `build.gradle` for #123. Could we revisit the dependencies for the latest version?
2048;neutral;@johnpaul, I've tried your fix in #12 and it doesn't seem to resolve the intermittent 502 errors in our staging environment. Can we discuss further?
2559;neutral;Regarding #1234, I think it's worth considering the implications of introducing a new dependency on a 2.x branch. Should we stick to the specified version in package.json?
1083;positive;Great catch on the caching config issue! Your fix for `v1.2` in #123 worked flawlessly in our CI/CD pipeline. Thanks for the contribution!
475;positive;Just merged the fix for #1234, which was causing intermittent build failures in our CI/CD pipeline. Thanks to @johnDoe for the quick resolution!
2905;neutral;The changes in #123 seem to work correctly on my end, but I'd like to see more test coverage for the updated method.
4118;negative;@username This PR breaks the UI on Chrome. The styled component is missing a crucial prop which causes a rendering error. Can you please review?
3386;negative;@developer I'm seeing intermittent failures in the build process due to a version conflict between `axios` 0.21 and `react-router-dom`. Can we bump `axios` to 0.22?
1185;positive;Just ran your latest build on the CI/CD pipeline and it passed with flying colors! Well done on squashing that pesky error #33
2434;neutral;Regarding #1234's pull request, the CircleCI build is consistently failing on the `node_modules` directory. Can we try updating the cache configuration?
2392;neutral;@author, reviewing your PR #123: I see the changes are applied to `config.json` but not in the updated docs. Could you clarify the purpose of this change?
770;positive;Great job on fixing the caching issue in #23! The changes to the build script have improved our CI/CD pipeline significantly.
1686;neutral;Just reviewing PR #123 for @username's fix for the build failure in our CI/CD pipeline. Looks good to me, but I have a few minor suggestions.
131;positive;Great job on fixing the Docker image build error in #123! The updated CI/CD pipeline is now successfully deploying to production. Thanks for your efforts!
2920;neutral;For the `fix-cd-deployment` PR, I'm seeing intermittent failures in the CircleCI build due to issues with the latest `docker` version. Investigating further is needed.
3172;negative;I'm having issues with the `update-deps` script breaking our CI/CD pipelines due to a faulty npm version downgrade.
3445;negative;This PR breaks our CI/CD pipeline. @author, could you please test again with `node 14`? This is causing a downstream issue in prod.
4427;negative;Still getting intermittent 500 errors in production after #143 fix. Looks like the caching layer isn't playing nice with our new backend.
467;positive;Just reviewed #345 and it looks great! Your fix for the `docker build` regression was spot on.
3093;negative;The `docker-compose` build step is still failing due to the `postgres` image not being properly updated. This needs a fix ASAP, can we escalate the priority?
3773;negative;@maintainer I've hit this same error multiple times in our CI/CD pipeline. This needs to be fixed ASAP as it's blocking our next release #1234
861;positive;Great job on resolving the `jenkins` CI pipeline failure! The new test suite has improved build stability significantly. Keep up the good work!
