ID;Polarity;Text
2324;neutral;Example 10 (emotion: neutral): @issue-creator Can you confirm if the dependency issue is resolved on CircleCI as well?
3687;negative;Not sure about this PR - seems like we're introducing another library without updating our dependency management script
2975;neutral;The Jenkins build on Windows still reports failures for CI testing even after updating the Docker container versions.
2993;neutral;Revisit our use of npm version ^14 in package.json and ensure it doesn't conflict with required Node.js version for the CI/CD pipeline
469;positive;Great, it's working now! No issues with the CI/CD pipeline after the fix in #234 - nice job on tracking that down :-)}
2641;neutral;@paulirish I've noticed that running our tests on travis fails due to some dependency issues.
1910;neutral;Noticed that our build failed due to missing Node.js 14 support. Any thoughts on upgrading dependencies or switching to Node.js 16?
152;positive;Great job on the refactor! This change significantly improves the performance and scalability of our CI/CD pipeline :-)
3896;negative;We can't just silently drop error messages due to validation failures as per RFC 7540. Please reconsider this change and keep logging :(
3649;negative;-1 doesn't work for me because this version is incompatible with latest Node.js release
417;positive;Great work on the fix for issue #123 (http://github.com/rails/rails/issues/123)! Your patch made it clear why we were getting those mysterious stack overflows, thank you for your attention to detail.
2304;neutral;It looks like this PR still requires CI/CD testing to catch potential regressions.
3571;negative;:(
1452;positive;Awesome fix! The CI/CD pipeline is now green and I can finally merge this PR :)
1483;positive;Thanks to you I managed to squash all those pesky CI build errors In [12192]. Your hint was spot on :)
3742;negative;Aww, this regression just broke our CI/CD pipeline on Azure, @DrooPanda, was this change supposed to break it?
681;positive;Great work on the new logging implementation! The custom format strings are really coming in handy already :)
4050;negative;This CI/CD pipeline has failed 3 times this week already . Can we review our build script?
2733;neutral;Given the recent changes to our CI/CD pipeline, I've been unable to determine why certain tests are still failing intermittently on the Docker build.
1865;neutral;I think there's a minor inconsistency in how `should_update` is handled when the schema changes between environments. Not sure if it affects behavior though.
2469;neutral;"They seem to be working together correctly now; however, still need to investigate why this wasn't happening prior to this change."
1974;neutral;Looks like we're okay for now on this build :
3300;negative;Ugh, looks like our latest pull request [#2345] is causing intermittent failures in the CI/CD pipeline again, not sure what's causing it this time :/
3714;negative;This is going to break our CI/CD pipeline again isn't it?
4088;negative;That #20815 fix you pushed breaks our CI/CD pipeline on every non-UTF8 file system. Not exactly what I'd call 'thought-through'...
1129;positive;Great idea on caching dependencies in the CI/CD pipeline, this will save so much time!
1607;neutral;Noticed that this commit breaks the CI/CD pipeline for branch 'feature/new-feature'. Maybe worth reviewing the tests and environment.
1439;positive;Great job on updating CI/CD to use containerized environment! Easy deployments are now just a click away. Thanks @kriswallsimth for taking the lead on this feature!
3488;negative;I was mistaken thinking this would work on Jenkins too, but our pipeline's failing for reasons that escape me - looks like it's Mac specific after all...
897;positive;@JohnK nice catch on that CI/CD pipeline regression!
4021;negative;Disappointing to see this merge without addressing the database indexing issue that still breaks our production queries. Needs more attention.
3170;negative;:/ I've tried to fix this CI pipeline error multiple times but still getting
472;positive;Nice find! CI/CD pipeline updated successfully after fixing that pesky Jenkins issue! Thanks for keeping us on track!
4411;negative;Still getting segfaults after your merge @johnDoe - tried running tests from scratch and only this build fails :(
4271;negative;Can someone please look at #543 where this PR breaks CI for iOS? Frustrating that it's still failing after multiple re-reviews...
3634;negative;I'm disappointed that the build fails on our Jenkins CI/CD pipeline due to this dependency issue, was supposed to be fixed in v1.3
1603;neutral;Actually, I think it's just a naming convention inconsistency between models and services.
1862;neutral;Need more context to fully understand this change to the build pipeline. Can we get some explanation in the commit message?
4128;negative;Can we reconsider this API change? The current implementation breaks compatibility with 1.x versions for no good reason.
3657;negative;"We should've tested for concurrent requests when refactoring the API endpoints; this is gonna cause some nasty performance issues downstream."
200;positive;That regex change did the trick! CI/CD pipeline now passes.
444;positive;Clean solution! Just fixed my issue with the broken npm install using yarn instead.
2606;neutral;Can you add some test cases for the edge case where there's no data in `response.json`? Not seeing any failures yet.
3435;negative;This is broken as well.
945;positive;Great work on fixing the CI/CD pipeline errors! It's now passing successfully and we're one step closer to the next release
2032;neutral;The Jenkins pipeline looks fine, but can we clarify why it's not using the 'test' stage in CI/CD?
2544;neutral;Thanks for looking into this. I think it might be a dependency issue with Node.js 14.0.2.
3544;negative;This test will break as soon as we switch from CircleCI 2.x to 3.x
721;positive;:D Well done on getting CI/CD pipelines up and running for both dev and prod branches in a55b6ef! Now we can catch issues early.
1197;positive;Just merged PR #123 and our CI/CD pipeline is passing! Excellent work team!
3251;negative;Unfortunately, my last attempt at resolving this CI/CD pipeline issue has caused the deploy script to fail again.
3013;negative;-5 minutes ago @githubbot Error! Can't believe we have a hard failure in our CI/CD pipeline because a simple build versioning mistake
1845;neutral;I've reviewed your PR and it looks good, but could we consider adding unit tests for the new socket library to make sure everything is properly tested?
3179;negative;This will break our CI/CD pipeline. Can't we use a more stable version of numpy instead?
3683;negative;I'm concerned that this fix may not work for our CI/CD pipeline as it doesn't cover Windows environment variables properly :(
253;positive;nice fix on CI/CD pipeline for Node.js 14, makes deployment way faster now thanks!
158;positive;Well done on fixing the CI/CD pipeline for Java 17! This should make our build process much smoother now.
288;positive;Just ran the updated CI/CD pipeline for the Node.js project and everything looks great! The test suite is passing with flying colors :)
1559;neutral;"Thanks for sorting the dependencies in the latest PR #1234; could you also make sure to update the versions in Jenkins CI pipeline?"
1457;positive;Great idea on implementing a static code analysis for our CI/CD pipeline! yeah, I was thinking that too, would really help catch those nasty bugs before they hit production
4292;negative;Not ideal to introduce a breaking change in 2.x. Can we at least add a deprecation notice for v3.x then?
4114;negative;CI/CD pipeline failing consistently due to a misconfigured Maven dependency. Really need this sorted ASAP.
1363;positive;Great catch @tobmaps! Your ToC floor fix really helps solidify our game's foundation.
2043;neutral;The dependency issue in yarn.lock seems to be related to package version conflicts. Would it be possible to re-evaluate and update package versions?
24;positive;Excellent fix on the memory leak! Reduced our app's latency by half, now it's running smoothly.
2678;neutral;We could add an extra check for the schema field to be null before trying to access it.
694;positive;Great job on getting that regression test passing. Just what I needed, clean up the Jenkins pipeline after this patch
416;positive;Great job fixing the Travis CI build issue in #13321! The pipeline should now pass consistently
3766;negative;This breaks the build on Azure DevOps. Need to update pipeline config to match @jasonwy's latest changes before pushing again.
299;positive;Just built the CI/CD pipeline and all tests pass! Clean builds are back :)
3978;negative;CI/CD pipeline broke again due to outdated Docker image. Can't we get some automated tests in place?
3803;negative;That's frustrating... can't even get tests to run on Travis CI with the latest changes :-( #1644
1968;neutral;I noticed we're still using `System.IO` for reading the configuration file - it would be better to use `System.Configuration` instead for consistency.
808;positive;Wow, the fix for issue #1234 really worked! CI/CD pipeline is now passing smoothly :)
2584;neutral;Looks like this patch to CI/CD pipeline isn't triggering `test:publish` step
777;positive;Works perfectly after updating Gradle plugin, thanks!
3271;negative;Just tested again and still getting a segmentation fault in `process_video_frame`. This is becoming frustrating :/
430;positive;Great catch @johnDoe! This resolves the infamous
2656;neutral;There seems to be an inconsistency between the package.json and pom.xml files.
3276;negative;This commit breaks our CI/CD pipeline on Linux machines. What's going on here?
2634;neutral;Just noticed that the `build.gradle` file is referencing an older version of the library. Should we update it to match the one in the pom.xml file?
323;positive;This looks great! Glad you managed to resolve the test coverage issue in the CI/CD pipeline - thanks for the explanation!
1879;neutral;This looks good, but the CI/CD pipeline still has an unknown status for one of the build nodes.
1610;neutral;I noticed that in this PR https://github.com/example/project/pull/123, there's an XML mismatch between data models and API schema, but it doesn't seem to break any functionality.
1719;neutral;I'm not sure why you're using both `fetch` and Axios for API calls in this PR
765;positive;Awesome solution! Your PR to fix the broken CI/CD pipeline has been merged successfully and all tests are passing: https://github.com/ExampleOrg/project/pull/123
1925;neutral;I'm curious about how this build process integrates with the existing pipeline config files.
2243;neutral;I think this PR has good potential, just wanted to confirm whether the test coverage for the changes will be adequate @trustin
1462;positive;Nice catch on that edge case! The fix looks good to me. It's great to see these types of issues getting addressed.
3880;negative;Need to revisit that merge issue #1234, can't believe we missed that unit test failure
1345;positive;Works perfectly in CI/CD pipeline after your changes. No issues with dependencies or testing.
3050;negative;This fix breaks our CI/CD pipeline on macOS because of an undefined symbol in libssl, now what?
4325;negative;This Travis CI build failed again because your latest changes didn't pass the Docker test =( Can you please verify this before pushing?
1376;positive;Thanks for catching that edge case @BangL , I didn't think to test that scenario :)
1564;neutral;The latest CI build still failing on `master`. Let's review the pipeline again to ensure all dependencies are correctly set up.
669;positive;Excellent fix for the CI/CD pipeline, glad we caught that flaky test!
4395;negative;Ugh, this test failure is still happening on master after rebase, I thought the dependency update was supposed to resolve the conflict
2270;neutral;The test suite passed on my machine, but there are still some intermittent failures @davidbailey.
2684;neutral;Let's hold off on merging this PR until we've verified that it passes our CI/CD pipeline
2506;neutral;Related to #12345 - I think our implementation is mostly equivalent, just missing some unit tests.
2023;neutral;This might affect CI/CD pipelines for some users. Should we add a check for this condition before proceeding?
2631;neutral;@johnson I see you're using `latest` tag in your CI/CD pipeline configuration. Let's check why that might be causing issues: [#1234](http://github.com/project/pipeline/commit/e23bdc)
4121;negative;This breaks our CI/CD pipeline, not sure how we're supposed to run automated tests now...
2211;neutral;The test suite for the CI/CD pipeline appears to be passing consistently, but I'm still unsure if the dependency on version 2.1 is intentional or just a coincidence.
3286;negative;Not sure about this latest change to our Dockerfile... seems like we lost some important flags.
1942;neutral;I've noticed an issue when merging the 'main' branch into my fork's 'dev' branch - the changes seem to be partially conflicting.
2632;neutral;Yeah, that makes sense about reordering the import statements. It looks cleaner this way.
3957;negative;The recent dependency update has caused an issue in the CI/CD pipeline on CircleCI, failing builds due to outdated SDK versions.
1322;positive;+1 for squashing these unnecessary CI tests in master branch. Code cleanliness matters!
3114;negative;@codecraft2000, your fix for issue #56789 broke our CI/CD pipeline again. It's now throwing 'java.lang.NoClassDefFoundError' errors.
3545;negative;The build failed again on macOS due to that unresolvable issue with 'curl' - seriously guys, update the dependency already.
1783;neutral;Looks good for testing
1091;positive;Well done on squash-merging PR#456! This is exactly what our CI/CD pipeline needs for improved test coverage :)
1552;neutral;Can you explain the reason for removing the unit test from the CI/CD pipeline in commit SHA: 9a23b48?
2234;neutral;I see the changes to the CI/CD pipeline are pending review, could someone please weigh in on the Docker image updates?
4420;negative;"@kaleidos I don't think your latest commit is going to fix CI/CD pipeline issues on Linux; looks like it broke tests for me."
3175;negative;Can you revisit the recent changes to the CI/CD pipeline? Just got bitten by this latest 'improvement' and it broke our nightly builds :(
4463;negative;This test case is flaky again.
3090;negative;This CI/CD pipeline is failing due to a missing gemspec, @team, how could we have missed this?
2092;neutral;I think we should reconsider the merge strategy for pull request #1234 as it affects the CI/CD pipeline.
479;positive;Great job on the CI/CD pipeline refactor, really improved build times and efficiency!
2652;neutral;Noticed the Jenkins pipeline is not picking up updated dependencies after refactoring. Just want to verify this is by design or an issue that needs attention.
2723;neutral;I notice the recent changes to the Docker Compose file don't seem to be reflected in the CI/CD pipeline config. Should we sync these up?
2286;neutral;can you please clarify why the `log_level` was set to 'debug' instead of the default in production environment?
1721;neutral;I can work around this by adding an explicit null check, but thought I'd mention it since we've had issues like this in the past.
4164;negative;-1 @jenkins fail: CI still failing after config update https://github.com/project/example/commits/master
4290;negative;The test failing due to an invalid config path still exists on CircleCI. Could we try fixing it or using `./gradlew :test` as the script instead? This is really frustrating, @username!
2727;neutral;The proposed fix for CI/CD pipeline failure on Windows is an interesting idea, but I'm not sure why the `RUN` command isn't explicitly listed in `.travis.yml`. Can we clarify this?
3935;negative;We can't ship this with that flaky CI test? It's been broken for months!
2494;neutral;Actually, @johnDoe, I think we can remove the redundant test case in CI/CD pipeline `e2e/webpack/babel.js`. It's being covered by another test already.
706;positive;Works like a charm in our CI/CD pipeline now! Thanks for squashing that pesky bug #543 https://github.com/openframeworks/ofxFaceTracker/pull/12
52;positive;Great catch on that regex issue! The fix in #1234 looks solid. Should be able to merge once CI/CD pipeline kicks in.
692;positive;Thanks for catching and fixing that subtle edge case! This change looks solid. +1 on getting this CI/CD pipeline green!
3573;negative;I've checked the code and it still crashes when loading large databases, issue persisting in this commit. Could we review the memory allocation adjustments?
1953;neutral;Can you elaborate on why we're using semver here instead of pkg versions?
4005;negative;This CI/CD pipeline breakage is really frustrating Can you add a retry mechanism for Jenkins to prevent this downtime?
916;positive;Awesome fix! The Jenkins pipeline is up and running again thanks to your quick work!
2551;neutral;This looks like it should work, but I'm having trouble verifying the fix in our integration tests, can we add a test case for this?
27;positive;:) Great work on getting the CI/CD pipeline to deploy successfully after addressing those lingering test failures! That's a huge win for our release planning!
3426;negative;Unfortunately, this pull request breaks our CI/CD pipeline in Azure DevOps due to outdated dependencies on .NET framework 4.8
3559;negative;This error message is too vague to help troubleshoot the broken dependency...
2580;neutral;Not sure if we're supposed to handle concurrent commits in our CI/CD pipeline, but this pull request is showing some unusual merge conflicts.
3443;negative;I'm really concerned that this commit breaks our CI/CD pipeline for .NET Core, it's causing a lot of headaches.
298;positive;just merged pull request #1234 and our CI/CD pipeline passed for the first time in weeks Thanks @dave for fixing those pesky tests! 🤖
297;positive;This approach to mocking dependencies looks cleaner than before, good job simplifying this part!
2882;neutral;@Vincent-Michael Not seeing an update on test failures for the latest PR build on GitHub Actions
4288;negative;(?) CI/CD pipeline failing again due to stale `gemspec` file, can we please update our Docker images? :/
2124;neutral;We've reviewed the commit [PR1234] but couldn't replicate this issue in our test environment. Have you tried with an updated gem version?
133;positive;Thanks to this rev, our performance metrics are finally inline with industry standards! Well done team!
4321;negative;This dependency version is not compatible with the latest release. CI/CD pipeline fails on every build.
3901;negative;Can't believe it's broken again after merge #42. Now the pipeline fails because `lib1` and `lib2` aren't compatible :/
1052;positive;Thanks for this fix! It's already resolving the build issues we were having in CI/CD pipeline #42
894;positive;Great catch on the `async=true` flag! We were able to merge in the fix for #567 without any further issues.
3486;negative;Still having issues with `make test` failing on Jenkins due to some missing dependencies... frustrating to debug :/
439;positive;Great job catching that bug in the CI/CD pipeline! Your fix ensures seamless deployments every time.
2184;neutral;Why was `ci/cd pipeline` moved to its own directory? The code still needs some tests and integration
2593;neutral;For clarity and maintainability, let's refactor this section to follow our existing naming conventions as in `config.ts`.  We should not use `camelCase` for module names.  This will simplify dependency management and debugging.
275;positive;Just reviewed the latest commit on #456, and I must say it's looking great! Well done on fixing that pesky bug in our CI/CD pipeline.
464;positive;Great PR, it's exactly what we need for our CI/CD pipeline!
2104;neutral;"I see that we're using Apache as our server; I'd like to discuss the implications of switching to Nginx for routing."
1352;positive;Great fix for the race condition! CI/CD pipelines now stable.
1615;neutral;The `async/await` combination is consistent in this PR, I'd suggest removing the redundant `then()` call to match the existing structure.
135;positive;Awesome, finally resolved the race condition issue with the updated pipeline configuration. CI/CD tests passing smoothly now.
4255;negative;Unfortunately, I had to revert #54321 because `master` CI still fails after your changes :/
1565;neutral;Is it feasible to consider this patch in a separate PR from #2345? We can test and discuss separately.
3404;negative;I'm worried about the refactoring of the CI/CD pipeline in #1234. It seems to have caused intermittent test failures in our Jenkins job.
3966;negative;This merge conflict in the CI/CD pipeline is really frustrating. Can someone help resolve this?
1420;positive;Great catch on that pipeline failure! CI/CD is green again thanks to your quick turnaround.
18;positive;Great catch on the CI/CD pipeline! The new dependency version is indeed resolving the compilation issues
3752;negative;Can we please fix this flaky CI/CD pipeline? This morning's build failed again because `sqlite3` was not found
3680;negative;Not sure about the recent updates breaking our existing pipeline, but now all my tests are failing :/
2410;neutral;No issues detected from CI/CD pipeline test on main branch.
1393;positive;Thanks for fixing that regression! Your debug skills are top-notch.
4494;negative;Cannot believe `pip` still fails to install dependencies due to this CI/CD pipeline tweak
678;positive;Actually fixed it now - thanks for pointing out that `memset` was causing the CI build to fail!
995;positive;Thanks so much @github-actions! The build pipeline has passed successfully and I'm finally able to test our feature release :)
4134;negative;Fails to compile due to missing libssl-dev. This shouldn't be an issue on most Debian-based systems :/
1104;positive;Awesome work on #44! That change made our CI/CD pipeline run significantly faster. We're one step closer to a seamless deployment process!
1159;positive;Really helpful explanation in your last commit - got me to finally grasp the tricky caching issue!
4176;negative;"This fix breaks CI/CD pipeline for us: the `maven` build fails with an `Exception in thread ""main""`."
3543;negative;I'm really struggling to get this CI/CD pipeline working, and it's failing consistently on the Jenkins server :(. Can we revisit the build config?
3654;negative;This breaks my CI/CD pipeline because of an unresolvable dependency on an older version of Node.js, causing failed tests.
4109;negative;This change broke our CI/CD pipeline on Windows, can't believe I have to revert this whole thing just because of a minor tweak.
1367;positive;Thanks for catching this typo in the README, much clearer now!
2856;neutral;The changes in #234 look good to me, though it's unclear why we needed to create a new branch.
2433;neutral;This seems fine to me. If we want to go ahead with the latest dependency version as suggested by @xX_Lucas_Xx, I won't object.
1492;positive;Great job on fixing the Travis CI issues! Your patch worked perfectly. CI is now green again!
857;positive;+1 Nice solution to that flaky CI/CD pipeline issue #1452, glad we got it fixed before deploy
812;positive;+1, your solution works seamlessly. Good job!
1581;neutral;Let's review the test coverage for these added dependencies in the CI/CD pipeline to ensure we're catching any regressions introduced.
239;positive;Wow, the CI/CD pipeline looks great! Your tweaks to the Dockerfile have really improved the build time for our team. Thanks for the update!
562;positive;Great job on implementing CI/CD pipeline for our build process! This will save us so much time and effort in the future.
3670;negative;Not sure what's going on but `npm install` is consistently failing due to an outdated package, can someone pls investigate?
1243;positive;Haha, merged the bugfix! Finally getting rid of that nasty `null pointer` crash :D
4043;negative;This would break CI/CD if not fixed, can't let this PR in its current state
3476;negative;We've seen increased timeout errors in our CI pipeline since upgrading to Python 3.9. Is this expected?
4191;negative;This code change causes a segfault on my Linux box :(
2302;neutral;Yeah, makes sense. I'll update my code in branch #12345 to account for this CI/CD pipeline change.
4188;negative;I'm not sure how to feel about this, but doesn't changing the logging level from info to warning for CI builds have unintended side effects?
1403;positive;This is amazing! You found a way to resolve the CI/CD pipeline issue in #234 and I just verified that the tests are running smoothly now :)
2488;neutral;@sunny-profile, it looks like we need to decide whether to revert or squash this commit in PR #456 regarding API endpoint changes.
1533;neutral;Consider adding more logging for failed CI/CD pipeline builds to help track issues: https://github.com/octocat/platform/issues/123 #platform-issue
1445;positive;@nwallace your approach to CI/CD pipeline monitoring in this pull request (https://github.com/kubernetes/kubernetes/pull/100023) is genius!
3916;negative;Unfortunately it still crashes on startup after the latest changes.
2379;neutral;In general it'd be better if the unit tests could handle multiple versions of the Java 17 feature, thanks for looking into this
1748;neutral;Not sure if this affects our CI/CD pipeline, but it's worth checking: https://github.com/user/repo/pull/123#issuecomment-56789012
3829;negative;:( This change broke CI/CD pipeline on our Jenkins server. I'm getting a `failed to resolve host` error when running integration tests.
3633;negative;No worries about the CI/CD pipeline failing again?  We can't just have a broken build every day.
4113;negative;A regression introduced in commit 1a2b3c4d causes build failure on Linux CI, which I've been testing. Would appreciate it if this could be rolled back.
2526;neutral;Can you confirm if this fix will be included in the next nightly build? #20213
1150;positive;This PR is a huge step forward, love how @dev123 handled that tricky API migration!
1045;positive;Great to see this CI/CD pipeline finally stable, been saving so much time in deployment :)
4205;negative;This should probably not break the pipeline just because one unit test fails. CI is supposed to make life easier, right?
94;positive;Thanks for merging #1234! The updated CI/CD pipeline looks great and should improve build times.
2277;neutral;Can we add some docstrings to explain what's going on in the CI/CD pipeline for #1234?
506;positive;Great job fixing that memory leak in PR #123! Your fix looks solid and should improve performance for large datasets.
1787;neutral;I'm unsure if we need to bump @open-telemetry/opentelemetry-proto or not since our service has switched to auto-revive for the tracing client already.
671;positive;Looks good to me! Your CI/CD pipeline changes have fixed the long-standing deployment issues for our dev team
2570;neutral;Would you mind clarifying how the `latest_version` field is being updated in the CI/CD pipeline?
1551;neutral;Shouldn't we add some error handling for this CI/CD pipeline step?
4478;negative;@github-user I'm concerned about the lack of testing for this PR. We can't just merge without ensuring this change won't break our CI/CD pipeline.
4066;negative;Looks like CI/CD pipeline is still failing intermittently due to flaky dependency on node 14, any chance we can lock down versions?
3059;negative;@james this CI/CD pipeline break after merging #123 and #456 now build are failing on 'unknown dependency version', tried to update yarn but nothing changes...
4458;negative;- I think we need to revisit the build pipeline for macOS, had a crash report from a user on High Sierra. #1842
1613;neutral;As long as it doesn't break anything, I'm okay with this patch.
34;positive;Nice fix for the MakeCallback bug! Your patch is spot on. Cleaned it up according to google cpplint :)
3560;negative;Frustrating that my CI/CD pipeline fails again due to this broken dependency
3183;negative;Sorry about this. I just realized that my last PR broke your Jenkins CI pipeline again . Can we please discuss how to make it stable?
595;positive;Thanks for catching that issue in our CI/CD pipeline, @johnDoe - you saved us a world of debugging time this morning!
110;positive;This PR looks fantastic! The added tests for dependency injection are a huge improvement to our CI/CD pipeline stability :)
3248;negative;oh man i'm totally stumped with this latest pipeline failure... our docker image can't find the postgres driver again, third time this week ugh
4279;negative;Frustrating! I'm stuck because CI/CD pipeline keeps failing due to mismatched version of Node v14.
2348;neutral;ah yeah, just checking if we should update the node version in our `.travis.yml` considering the newer Node v16 support
180;positive;Thanks for fixing that CI/CD pipeline issue, much cleaner now
3845;negative;Still hitting this CI/CD pipeline failure after merge. Can't see why 'npm audit fix' is stuck in an infinite loop...
3212;negative;I'm really disappointed @jstoolery, the new dependency update for node-serialport has caused issues with our CI/CD pipeline on the master branch #14321
3945;negative;Can't we get rid of these failing CI/CD tests? Still breaking on Mac M1 since #143 update...
3461;negative;@author1 This build failed again due to the same dependency issue with `django-cors-headers` #12456
2393;neutral;You are missing the `--force` flag in the `yarn install` command, shouldn't it be used?
585;positive;Nice optimization! The reduced payload size should really improve performance. Can we test this in our staging environment to see if there are any side effects? :)
2895;neutral;We should probably keep the CI/CD pipeline separate from the main build process to ensure smoother updates.
2573;neutral;The CI/CD pipeline failed again due to an unknown issue. The build log doesn't provide much insight.
3338;negative;This is frustrating! Why are we getting `null` pointer exceptions every time we try to update dependencies via CI/CD?
3156;negative;This fix for the bug in `build.gradle` still causes intermittent failures in our CI/CD pipeline, even after reverting to version 1.2.5.
4323;negative;This change breaks our CI/CD pipeline due to incompatibility with the `node-sass` package. Please revert or fix it asap.
121;positive;Thanks! Your suggestion to switch to .NET Core was a great idea, it should simplify our build process
4123;negative;Why did you revert my changes for #12345 without any explanation? Confused about what's going on.
3319;negative;this breaks our CI/CD pipeline, every time it gets to this function
2179;neutral;Might be worth re-evaluating the order of these unit tests, as they currently interfere with each other's results.
2178;neutral;this conditional in build.sh is unnecessary since we're using `npm install` for dev dependencies as well
1118;positive;Just saw that the updated dependencies fixed our CI/CD pipeline issues! Great job, team!
2754;neutral;I think it would be worth considering adding some example usage to the README for the `@types/json-schema` package.
3982;negative;:( CI/CD is still failing due to unresolved dependency conflicts in our latest commit.
1540;neutral;: I'm seeing some inconsistent test results on CI/CD pipelines after updating to latest dependency.
1117;positive;Great fix! Your tweak to the CI/CD pipeline really streamlined our deployment process.
3661;negative;Frustrating! Can't believe we have to deal with this error: `TypeError: Cannot read property 'length' of null` every time we merge a PR in dev branch now
3846;negative;That's... frustrating, having to deal with `brew upgrade` failing because of unmet dependencies in your CI/CD pipeline #156
3249;negative;Disappointed that CI/CD pipeline failed again due to a non-updated Gradle version: https://github.com/apache/kafka/pull/10842#issuecomment-1351234
3976;negative;Can we please avoid introducing another dependency like that without discussing it in the issue first?
997;positive;Excellent fix! The build pipeline should be working smoothly now
2475;neutral;Regarding the PR, can we review the test coverage for `networking` module as per the discussion earlier? Is it in line with our standards?
145;positive;Thanks for fixing this Travis CI pipeline issue on #1435! Works like clockwork now.
309;positive;Great job on resolving the `CI/CD` pipeline issue! Your solution made the deploy process more stable and efficient :)
176;positive;Thank you for adding that CI/CD pipeline validation! Much more confidence now our builds will pass through without issues.
1830;neutral;Looks like our test coverage for CI/CD pipeline hasn't been updated yet, could someone review and update the test suite?
2495;neutral;@codecov - Looking into the CI/CD pipeline for package installation inconsistencies.
46;positive;Great work on fixing that flaky CI pipeline, @johndoe! We can finally run our nightly builds without any issues
3335;negative;I've been testing the updated CI/CD pipeline and it's failing again due to an issue with our Maven dependency on `com.example.library`. Frustrating progress so far.
4497;negative;-1 because of this build failure:  https://github.com/opensuse/open-build-service/runs/123456789
2818;neutral;I noticed that `makefile` is missing in the `.gitignore` file. I'm assuming it's not used, but thought I'd bring this up for clarification.
2759;neutral;Could we revisit this CI/CD pipeline configuration? @k8s  The failed test is still unclear to me
545;positive;"Fixed the flaky CI/CD pipeline test for @peterm's PR; now passing consistently on all platforms. Great job keeping us on track!"
622;positive;Great catch on handling concurrent CI/CD pipeline runs! This'll prevent duplicate job submissions. Much appreciated effort!
4429;negative;Just re-reviewed #342 CI/CD pipeline and I'm still getting 404s on our S3 artifact upload. Need to investigate further :(
4057;negative;This code still doesn't build on my CI/CD pipeline due to unresolved dependencies in the package-lock.json file @SilverIce :(
863;positive;Great to see this CI/CD pipeline is stable now!
316;positive;Works like magic! Just merged PR #123 and everything looks great. Thanks for your patience.
3769;negative;"Still having trouble with the updated CI/CD pipeline: Can't reproduce results, getting stuck on ""build failed"""
1878;neutral;Could you provide more context for this failure in our CI/CD pipeline? Currently, it's unclear what's causing the issue.
3440;negative;Can't believe this breakage due to updated dependencies: travis ci still failing on several tests
150;positive;Thanks for handling that tricky regex edge case so well!
3340;negative;this breaking change is terrible. it's gonna take ages to refactor all our plugins due to the changes in the package manager
898;positive;Amazing job on fixing the flaky test in #123! The updated CI/CD pipeline is much more robust now :)
3728;negative;This build breakage is frustrating , especially after I spent hours debugging it.
2064;neutral;"I'm not sure about this implementation; can we discuss trade-offs between memory usage and performance in `build.gradle`?"
3254;negative;We can't deploy yet, CI fails because this change broke our Redis connection - need to revert.
1523;neutral;Use ENV['CXX'] instead.
2764;neutral;Noticed the failing test on `main.js`, but couldn't determine the root cause of the issue.
946;positive;Great job on resolving the circular dependency issue! CI pipeline is now passing smoothly
2595;neutral;I think it would be useful to have some documentation on how to configure the CI/CD pipeline for projects with multiple repositories.
1187;positive;Thanks for fixing that Jenkins job, looks like it's up and running again
3783;negative;We really need to address this Travis CI build failure on #1234, it's consistently failing since last week's changes
1021;positive;# Great job on fixing this bug! Your patch is now merged into the main branch
1627;neutral;We can't merge this PR until it's updated to reflect the recent changes in our CI/CD pipeline configuration.
4403;negative;Just tried your PR #234, and CI/CD pipeline is still failing due to broken selenium tests on windows10-x64. Can't we test locally before pushing?
3959;negative;This change breaks our CI/CD pipeline on Azure DevOps due to a missing import. Can we revert it?
2442;neutral;It looks like we're using both Git URL and tarballs+md5 for dependencies. I'm fine with either approach, but let's decide on one to maintain consistency.
3362;negative;Can we please sort out the CI/CD pipeline issue ASAP? This is causing continuous failed builds for our team.
2644;neutral;I was thinking we could merge this PR as is, or modify the build script to accommodate this dependency change, either way it's up for discussion. Current state might affect some workflows
2950;neutral;I'd like to see an explanation for the removal of `config.h` in the latest build script update @john-doe,
788;positive;Brilliant fix! This should resolve the issue with our CI/CD pipeline failing due to an invalid dependency
20;positive;Just tried out your recent refactor, loving the improvements to our CI/CD pipeline! Kudos on getting the dependencies in sync, works like a charm :)
811;positive;Thanks for pushing that fix to our CI/CD pipeline! Your effort to prevent these silent failures is much appreciated :+1:
3040;negative;Fails on latest Node.js v16.8.0, error message 'TypeError: Cannot read property 'forEach' of undefined'
539;positive;Great fix for CI/CD pipeline issues! Automated builds are now running smoothly, thanks to your thorough troubleshooting :)
2752;neutral;Not sure why this is causing a CI pipeline failure—haven't made any changes to the build process recently. Need some time to review.
3658;negative;@sgriffin91, unfortunately your latest commit introduced a regression in our CI/CD pipeline. We're getting random failures in the unit tests for the API layer.
950;positive;Good suggestion on using lazy loading for modules in CI/CD pipeline! It's a great optimization to reduce build time. Thanks for sharing!
872;positive;Thanks for fixing the Node.js dependency issue in #123. The project should build cleanly now!
1371;positive;Nice catch on the edge case! Your fix for `ci pipeline #1234` really saves us from potential crashes. Kudos to your diligence!
3432;negative;Can't believe we broke the CI/CD pipeline again... This will delay our release by at least a day
487;positive;1000+ unit tests passed! Big thanks to everyone who contributed to fixing this pesky bug,
1573;neutral;I see your point about refactoring the build process, but won't it conflict with the CI/CD pipeline setup in `.github/workflows/main.yml`?
3139;negative;Failing CI/CD pipeline due to this change in dev-dependencies is frustrating.
291;positive;Thanks for refactoring the CI/CD pipeline, looks like it's now up to date and passing all checks!
3329;negative;Not happy with this PR (https://github.com/nodejs/node/pull/37144) - doesn't address any of the issues I mentioned last week.
2620;neutral;I think we can improve this commit's test coverage. It seems some important edge cases were overlooked.
71;positive;Wow, I just tested the fix and our CI/CD pipeline for master branch is now successfully passing all tests! Thanks to your quick turnaround!
3405;negative;This is gonna break our CI/CD pipeline :/
4241;negative;Can't believe our CI/CD pipeline is still failing on Jenkins due to outdated Node.js versions #1343 It's been weeks and we can't deploy the updated version D:
2352;neutral;I see what's happening here, but wouldn't it be more intuitive to display `fetchingData` as 'true' rather than an object?
799;positive;#85 Fixed thanks to your last commit @LemonByte! CI/CD pipeline now passes.
1611;neutral;I'm not opposed to removing that debug logging statement, but could we discuss this in more detail as it might impact perf?
890;positive;Looks like CI/CD pipeline is green again! Well done team!
1898;neutral;@mariano-rios That's an interesting approach. Perhaps we could also consider removing this unnecessary `try` block since `dbConnect()` returns immediately?
3555;negative;Unfortunately, it looks like the changes in #123 are causing issues with our CI/CD pipeline and resulting in broken builds. Need to investigate.
2866;neutral;Would be good to have more specific error messages for `npm test` failures so we can quickly identify the cause.
3558;negative;Frustrating that the CI/CD pipeline failed again due to dependency issues in [PR #234]...
719;positive;I really like this approach to simplify CI/CD pipeline configurations! It'll definitely make maintenance easier in the long run.
3079;negative;@Dinnerbone sorry to say but this breaks our CI/CD pipeline, can't deploy to staging due to 'package-not-found' errors.
62;positive;Just tried out your suggested fix for the CI/CD pipeline issue #42 and it works perfectly! Thanks for the clarification!
3684;negative;This regex update in #143 is causing issues with our production logs :(
1596;neutral;@github-bot - It looks like the updated pipeline is ignoring our `dev` branch again. Not a major issue since it's just ignoring it, but worth noting.
1294;positive;Love it! Thanks for refactoring the CI/CD pipeline to use Docker Compose. It's a huge improvement over the manual setup
319;positive;Awesome work on resolving the build failure in `main` branch, it was a long-standing issue!
2585;neutral;Regarding issue #23 and the pull request you provided in comment 42: I'll review your proposed changes more closely as soon as possible
2751;neutral;Not sure if this is expected behavior, but tests are still failing on CI/CD pipeline for latest build after updating @ascathor's patch.
2183;neutral;It appears that the dependency manager is not correctly resolving Maven dependencies for Java project in this branch.
801;positive;That's great news about resolving the Jenkins build issue in PR #345! Thanks to @buildmaster for their assistance!
3856;negative;- yeah just found that the recent migration broke our CI/CD pipeline for the master branch :(
908;positive;Nice catch on that dependency version discrepancy! The build should be stable now.
2319;neutral;I see that the linter is catching some issues with the formatting of the source code in this pull request #1234.
215;positive;@John-Doe Your PR to fix the GitHub Actions build issue is awesome!
1324;positive;The new feature makes sense to integrate with CI/CD pipeline as proposed
1407;positive;- thanks for adding that test coverage! should help catch more issues down the line.
4393;negative;@johnDoe that code snippet is still causing the CI pipeline to fail on macOS. Really need this fixed for our upcoming release.
3016;negative;Disappointed that the latest dependency update broke our CI/CD pipeline :(
415;positive;This PR fixes #1234, great work!
3274;negative;Bump into issues like this one again? Inconsistent CI/CD pipeline behavior on Jenkins due to version discrepancies.
2391;neutral;No issue here, but just in case I'll add an extra test for this scenario https://github.com/example/project/pull/1234
197;positive;Nice observation! The fix for #1234 actually introduced an unexpected side effect in CI/CD pipelines due to our caching mechanism.
3027;negative;@daniel-l I'm having trouble with the latest changes to `build.gradle`. The tests are failing due to a dependency issue with `com.google.android.gms:play-services-location`. Can we review this ASAP?
3587;negative;Unfortunately, I still encounter the intermittent timeout issue even after updating to v1.2, any further suggestions would be greatly appreciated.
2894;neutral;Could you elaborate on why we're pinning to this specific commit hash in CircleCI? Just trying to understand the decision.
2388;neutral;Just wanted to confirm that the changes made in pull request #123 do not appear to be causing any regressions in our CI/CD pipeline so far.
2185;neutral;In that case we can just revert commit #1234 and leave the dependency management as it was before
2006;neutral;Let me see if I can find some context for this change in another commit. Do you think we should add some tests to verify the correct behavior?
1724;neutral;Looks like the CI/CD pipeline for branch `dev` is still failing on the Linux runner due to unknown issues. Have to dig into it.
3730;negative;Yeah, the Travis build is still failing due to the mono dependency issues. Not sure why it's so finicky today...
1394;positive;Just tested [PR #23] and it looks like the CI/CD pipeline is working as expected. Nice job!
3453;negative;Can we revisit this CI/CD pipeline issue? Failed to build again on my local machine after your update.
3529;negative;This CI/CD pipeline test is still failing due to unmerged dependency issues . Can we re-sync with upstream repo?
97;positive;Great catch on that bug @johndoe! Your fix is spot on, looks like it'll resolve issue #123 nicely.
140;positive;Your PR got picked up by CI/CD pipeline, passing all tests!
1174;positive;Great job on squash-merging that huge refactor! Much cleaner code now.
4158;negative;Please review this CI/CD pipeline config, it's causing intermittent failures due to an incompatible dependency version. Can we roll back or update it?
2226;neutral;#45 in the CI/CD pipeline looks healthy, just want to point out that the test run times are creeping up again
1293;positive;Great fix! Now Travis is building successfully again
3865;negative;@jasonbhill I'm extremely disappointed to see this bug slipped into the 1.2 release, still breaking our CI/CD pipeline after weeks.
1062;positive;Your recent merge resolved some tough dependencies issues, nice work! CI/CD pipeline is green again!
752;positive;Thanks to @KennyCode, just tested the fix on CI/CD pipeline and it looks good :) All unit tests are passing again!
2531;neutral;Thanks for fixing this, now the test coverage is looking good
2321;neutral;"this seems like a logical next step in the pipeline; however, we should double-check that the updated configuration doesn't break any downstream CI jobs."
2844;neutral;I can see why you'd want to update the Docker image version. I'll look into it. Perhaps we can use a semver strategy for versions in our CI/CD pipeline as well?
2128;neutral;I'll take care of updating the changelog for this minor release candidate as well.
498;positive;:) Great fix on the CircleCI pipeline! I was worried it would fail again, but you've got it up and running smoothly now!
1506;neutral;Missing implementation details in docblock.
4073;negative;Just encountered another case where `@dependabot update` is not triggering the CI/CD pipeline properly, still waiting for my branch to be rebuilt :(
1861;neutral;Just noticed we're using semver v5 and the CI pipeline is still on v4. Can someone update it accordingly?
1208;positive;Great catch @jamesc! Your refactored code in #23 really simplified the pipeline and will improve our overall build time. Nice work!
3215;negative;This build is still failing after your pull request #1234, unable to fix with existing scripts
2461;neutral;I've taken a look at your changes to the CI/CD pipeline and it appears you're using an older version of Docker.
4206;negative;#121 Is this really a good idea? We're just adding another dependency without updating our pipeline to use it.
4378;negative;Disappointed that this change broke our CI/CD pipeline on Jenkins. Need to review and debug this further.
1624;neutral;I checked the CI/CD pipeline and it seems to be running successfully, so I'm unsure what's causing this error.
3361;negative;Felt silly after re-reading the code, I should have caught this typo in `config.json` affecting our CI/CD pipeline
151;positive;Great CI/CD pipeline update! This will greatly simplify our release process @githubbot
2192;neutral;I think we should discuss the impact of refactoring this part of the pipeline before making changes to avoid unintended breakages in downstream tasks.
3257;negative;Just spent an hour debugging due to this pull request's broken CI/CD pipeline... frustrating!
1398;positive;nice work on getting the travis deploy hooked up, this saves so much manual effort!
4025;negative;This pull request is causing our CI/CD pipeline to fail consistently...can't we just revert it for now?
458;positive;Thanks @githubuser1, your fix on #345 in `devops` branch passed our CI/CD pipeline without issues!
3932;negative;The change in `build.gradle` to use kotlin-stdlib version `1.7.10` broke our CI/CD pipeline
204;positive;Nice catch @john, I was just wondering why this test wasn't passing. Your eye for detail is spot on!
1188;positive;Great catch on the CI/CD pipeline issue! This will significantly reduce our build times going forward.
3423;negative;I'm disappointed that the latest commit broke the unit tests in the 'utils' module. This was already fixed before and now we're back to red again :/
240;positive;Great job on squash-merging [456]! The CI/CD pipeline passed successfully now.
1085;positive;Great catch @johnDoe, adding this fix resolves the memory leak issue and reduces CPU usage.
1418;positive;Great job on the pull request to upgrade the testing framework to Java 11! The additional CI/CD pipeline test coverage will definitely boost confidence in our codebase's stability.
3993;negative;This CI/CD pipeline change looks fragile, relying on a hardcoded Docker image tag. Can we reconsider and make it more flexible?
643;positive;Great work on squash-merging #432 - CI/CD should now pass cleanly!
3291;negative;Weird CI/CD pipeline failure, every deploy to staging is crashing on this commit #2134
2187;neutral;Does the latest update break backward compatibility with 1.x? Would need to verify against 1.x before closing #42
3116;negative;-1: Can we please reconsider changing the testing framework? This broke CI pipeline 3 times already.
377;positive;Your CI/CD pipeline is back online, nice job recovering from that unexpected outage!
839;positive;Niiiice! Your refactor really simplifies the dependency injection and makes our codebase way more maintainable :-)
2329;neutral;Just wanted to mention that this change might not be backwards compatible with older versions.
2878;neutral;Let's take another look at the CI/CD pipeline configuration in .gitlab-ci.yml, I think it might need some tweaks to handle the new gem versions properly.
4146;negative;I'm really disappointed that we're still using `sed` to replace strings in our Makefile instead of something more robust like `inreplace`. This is a maintainability nightmare.
388;positive;This looks great! I like the added docstrings in this PR :)
2692;neutral;Regarding the update to Python 3.8, could we re-evaluate the dependency on 'packaging' and consider switching to 'setuptools'? Thanks
626;positive;Thanks for pointing out the typo in the CI/CD pipeline config file! That should fix the intermittent deploy issues we were seeing on the dev environment.
3409;negative;The unit tests for the CI/CD pipeline are still failing due to this fix, why did you merge it?
2883;neutral;I'll just note that this should be backwards compatible. Not sure if there's an easy way to test it.
1481;positive;Just built the Docker image and deployed to staging successfully thanks to your CI/CD tweaks :)
1695;neutral;Can you elaborate on why we're not using Docker volumes for this deployment?
2355;neutral;looks like I'm reverting this commit due to unforeseen issues downstream.
372;positive;Great catch on that @jenkins CI/CD pipeline error! I was getting intermittent errors with our deploy process but your PR fix has got us back on track :)
1666;neutral;Regarding the PR 1234, I'm observing inconsistent results when running tests on Windows due to dependency resolution issues. Have we tried setting the 'skipTestsOnResolveErrors' property? Perhaps it's worth exploring further.
1480;positive;:D Just reviewed your pull request and it's looking great, well done on cleaning up that CI/CD pipeline!
3811;negative;Sorry, @johnDoe, but your recent PR has broken the build pipeline for both Node 12 and 14. It's like playing whack-a-mole trying to get everything to work again :-(.
4358;negative;This CI/CD pipeline change broke our automated testing suite @Dinnerbone, can we revert it?
2180;neutral;Related to #2345, is there an expected resolution for this flaky test on Jenkins that occurs after merging pull request #5432?
4028;negative;This CI/CD pipeline has gone haywire after merging PR #567 - build errors and broken tests everywhere!
2346;neutral;I think this fix should be reevaluated as it's not clear how it affects our existing test cases for Safari.
2729;neutral;Can you explain why this pull request is labeled as a 'major refactor' when it seems to be primarily addressing some minor issues in the CI/CD pipeline?
722;positive;Thanks for pointing out the Travis CI build issue, @username! Fixed it, and the green checkmark is back :)
3489;negative;@jimmycush, unfortunately your pull request #123 doesn't address the critical bug we discussed earlier, and it breaks our CI/CD pipeline `dev/staging` :(
1039;positive;Haha, your fix for #45 is genius, it's like you read my mind! Great work!
192;positive;:) Great job catching that subtle typo in `README.md`! The updated version looks perfect now!
1011;positive;"That's great! CI/CD pipeline test failures should be addressed by now; thanks for pushing out the latest version"
970;positive;The CI/CD pipeline updates are genius! So much easier to track progress now!
1645;neutral;I think we should re-run the CI/CD pipeline for this pull request after updating the dependencies, just to ensure everything is working as expected.
3904;negative;Why are we still seeing this error in the CI/CD pipeline after fixing it last week? :(
2616;neutral;@codecorsair: Not sure if this change breaks anything, but it looks like it's updating both `build.gradle` and `pom.xml`. Would be good to get CI to confirm.
4246;negative;Not sure what's going on, but 'npm install' is still throwing errors for v1.3.2 in CI/CD pipeline #234 - need to troubleshoot this ASAP.
3610;negative;Test suite failure on Mac M1: travis not properly resolving node-sass version
3173;negative;Can you revert the changes on line 234? I just retested and the app still crashes after update :(
1211;positive;@lupi95 your refactor of the CI/CD pipeline is a game-changer! Much faster build times now!
4090;negative;Yeah, I see the same issue on our end. The Jenkins build fails every time due to this npm install dependency problem...
4220;negative;Issue #456: @author - sorry to say this but your latest CI/CD pipeline breaks again due to a missing env variable.
4218;negative;Can we revert that recent change? it's causing memory issues on my Mac
1184;positive;Your refactoring of CI/CD pipeline simplified dependencies wonderfully! Well done on the effort!
70;positive;+1 Your CI/CD pipeline refactoring looks awesome!
2035;neutral;"Noted regarding the pipeline breakage; can you share why the `lint-staged` config is now skipping specific files?"
1226;positive;Great job on squashing those pesky bugs in branch #12!
979;positive;@xavdid Your CI/CD pipeline fixes are awesome! They're saving us so much time in our nightly builds.
4444;negative;Failed to deploy #32 due to failed unit tests, looks like dependency issue again.
4012;negative;Can we revisit the deployment script? Having 2 different paths (prod and dev) is causing more pain than it's worth.
2160;neutral;It seems the Travis CI pipeline is still failing on the test suite for Linux.
843;positive;Great catch on the CI/CD pipeline! That fix should prevent the build failure due to outdated dependencies, glad we could catch it early!
4258;negative;Can we please get rid of the unnecessary Jenkins stage for publishing artifacts? It's just adding noise to our CI/CD pipeline and causing builds to fail intermittently :/
167;positive;Great job fixing that deadlock! CI pipeline is passing again :)
813;positive;Thanks for fixing the memory leak issue in the ci pipeline, it looks like all tests are passing now.
1103;positive;Great catch on that Travis CI build error! You're right, we can't have that breaking our automated tests.
1057;positive;Nice catch on that merge conflict! Your changes to CI/CD pipeline in #12023 make a big difference for deployment.
2990;neutral;"Just curious about the implications of dropping Python 3.7 support; would be helpful to clarify the reasoning behind this decision"
3910;negative;This test fails again on Jenkins CI. The pipeline won't pass because `bundle install` still gets stuck at 'installing nokogiri'
4387;negative;`go test` failing due to inconsistent dependency version
4130;negative;"The Travis CI build is still failing after this PR; can't reproduce why `brew update` fails on 10.14.5."
1228;positive;Nice solution!
747;positive;Your changes to fix the linting issue are absolutely on point, kudos for digging into the dependencies!
2186;neutral;@benja - Not sure about this approach but looking at your code I think you're going for a cleaner dependency tree
2964;neutral;Regarding #342, I'd like to see an alternative to using 'svn' in our CI pipeline since it's being deprecated. Perhaps we could switch to `git` for version control?
2371;neutral;This test will pass with the updated mock data but would be good to have an explanation for the initial failure.
81;positive;+1 I really like how you refactored the CI/CD pipeline to reduce build time by 30%! The automated tests are also a great touch.
292;positive;Thanks for implementing the continuous integration fix in PR #342. Works as expected now!
2368;neutral;Is the @Bukkit/buffer-size-tuning pull request still being actively considered for merge in 1.19?
2949;neutral;Maybe this issue could be split into separate tickets for each dependency? E.g., a dedicated ticket for `react` version conflicts?
2926;neutral;Relevant changeset was created on July 10th, I didn't notice there were three commits after that one.
1026;positive;Works perfectly now! Thanks for squashing that nasty CI/CD pipeline bug,
599;positive;Awesome job on refactoring CI/CD pipelines! Now our automated tests run faster than ever, thanks to your optimizations!
3365;negative;This pull request is going to break our CI/CD pipeline if you don't revert this change. We can't afford another production issue like this one.
531;positive;Issue #123 resolved successfully! Tests passed and demo runs without errors.
2958;neutral;Also need to document how the CI/CD pipeline handles cache invalidation
123;positive;Thanks for pushing this fix! The automated testing pipeline just passed without any errors @Daniel-Lucas
153;positive;Great job on squashing that nasty bug (#1214), our integration tests are passing smoothly now!
3194;negative;Ugh, can we please address this failing `CircleCI` build on Linux due to zlib not being installed by default?
1973;neutral;You're suggesting we use Maven for dependency management instead of Gradle? That's an interesting approach. I'd like to discuss the trade-offs in more detail before making a decision.
3668;negative;:/ How could introducing an empty value as a default for user profiles not be noticed during testing?
2808;neutral;why not just use the existing cache invalidation mechanism in our CI/CD pipeline?
2472;neutral;This should actually go to the top level, as per our previous discussion on the CI/CD pipeline organization.
4365;negative;This PR still breaks the CI pipeline due to some outdated dependency issues in your build script. Not sure what's worse, this or the last one that took a week to fix.
2721;neutral;"Let's revisit the implementation for pagination in the API; perhaps we can use `OffsetPagination` to simplify the logic and improve readability."
1075;positive;Great catch on this CI/CD pipeline issue! The Docker build now passes successfully after adjusting the container's network mode.
3160;negative;@marcelh, the automated CI/CD pipeline for the latest branch is failing due to an incorrect version of the 'log4j' dependency. It's causing a compatibility issue.
806;positive;This is great news about the CI/CD pipeline's recent success rate exceeding 99%
9;positive;Great job on fixing the Travis CI deployment issue! The pipeline is now successfully building and deploying our app!
535;positive;Just reviewed the latest pipeline runs, and I'm impressed that we've got CI/CD coverage up 30% from last week!
2998;neutral;Also considering using `@autorest` for API doc generation
1107;positive;Epic job on squashing that long-standing CI/CD pipeline bug! VCS integration is looking solid now!
1785;neutral;I see this was done like https://sourceforge.net/apps/trac/xbmc4xbox/changeset/30905/trunk, is that an intentional deviation from our CI/CD pipeline conventions?
1633;neutral;I was thinking that the use of `npm install` instead of `yarn install` in step 3 might cause issues if not everyone has yarn installed on their system.
1256;positive;Great job on squash-merging this PR! The updated docstrings and improved error handling are really making this codebase more maintainable.
2814;neutral;Add `__all__` attribute to `model.py` for future imports.
3162;negative;The recent CI/CD pipeline update broke our Docker build. Could you please take another look at the Dockerfile?
2568;neutral;You've moved the `package.json` file outside the repository root. Is this intentional or just for testing purposes?
2944;neutral;Not sure why but tests are failing on Jenkins even though it runs fine on my local machine @mwestin: you're running the same commit as I am
3277;negative;-1 doesn't work in this CI/CD pipeline setup, failing on my end with a build error
1780;neutral;In regards to issue #456: Could you clarify whether we're also addressing the related edge cases in the updated API?
1323;positive;Great fix! Simplifying the CI/CD pipeline was a good call. The deployment now runs smoothly in Jenkins!
310;positive;Thanks for catching that edge case! This change is going to make our CI/CD pipeline much more robust!
4382;negative;This error on build is killing me: `/usr/bin/git ls-files -z --others --exclude-standard .gitignore`. Please update travis config or make it work!
991;positive;Nice catch on that CI/CD pipeline tweak! Reduced build time by 30%!
4344;negative;I'm getting stack overflow errors on `cargo build` after this merge, hoping you've tested the CI/CD pipeline.
2981;neutral;This doesn't seem to work as expected when using both dependency injection and database transactions in combination.
2703;neutral;Not sure what's causing this CI pipeline failure, maybe it's related to the recent updates in dependencies
4293;negative;- this would also cause the testApp.cpp compile issues that you're trying to fix with other pull requests.
2518;neutral;No idea what's causing this flaky test on CI, anyone else seeing similar issues?
3021;negative;What's going on with this update? sql/updates/gameplay/2023_02_20_00_gameplay.txt I see a bunch of unrelated changes getting pulled in here.
1599;neutral;We might need to adjust our CI/CD pipeline to accommodate this change in the dependency.
1499;positive;Great fix, thank you for handling this pipeline crash on CircleCI, really helps our continuous deployment!
1303;positive;Just saw the latest test results and it looks like your recent changes to the CI/CD pipeline really paid off! Great job!
185;positive;Great job on resolving that build failure! CI/CD pipeline is green again :)
206;positive;Great fix on the pipeline - just rebased master and it's all green now! CI tests are passing too. Thanks!
411;positive;@trustin nice catch! the auto-import feature via bundle plugin works perfectly with optional dependencies as expected #1234 Thanks for pointing that out!
556;positive;This is great work on #1219! You've resolved the CI/CD pipeline issue with the correct `pipeline_version` update!
306;positive;Looks like the recent fixes to the CI/CD pipeline have really improved build times!
1258;positive;Thanks for adding unit tests for CI/CD pipelines! This makes the codebase much more robust :)
169;positive;+1 Great fix! I was struggling with the `async/await` behavior in CI/CD pipeline.
1229;positive;Just got your pull request merged, thanks for updating the documentation! You made the codebase much clearer.
4384;negative;That's a huge regression. Failing multi-container tests because `databaseName` env variable isn't propagated to services correctly. #332
1873;neutral;This is why we shouldn't be using `fetch` in this case since Node has `dgram`. No other reason than consistency.
2217;neutral;I noticed that our test suite is still running on Jenkins v1.7. It might be worth considering upgrading to v2.0 when updating other dependencies.
1685;neutral;We should review the test coverage for changes like these.
4342;negative;Can we please just get this CI/CD pipeline sorted? Still seeing intermittent fails on the latest deploy.
212;positive;That's really cool how this change improved our CI/CD pipeline performance by 30% on GitHub Actions @dhh.
2629;neutral;Considering a more explicit import for logger in this commit
85;positive;Nice catch on fixing that regression test failure!
791;positive;Your fix in #1234 really improved performance on Mac, thanks!
656;positive;+1 @johnDoe Your refactoring on the CI/CD pipeline really paid off! The recent build failure is now resolved.
1422;positive;+1 on merging this PR! This rev makes some spells need db data and the changes are clear and well-explained.
4248;negative;Disappointed with the new dependency version - just had my local build fail due to the updated regex package being incompatible with our CI/CD pipeline.
4222;negative;This PR breaks our CI/CD pipeline for the nightly build on Linux due to an unmet dependency.
1784;neutral;We can re-run this CI/CD pipeline with the latest changes to see if it resolves the issue.
1489;positive;Nice refactor! Simplifying CI/CD pipeline and reducing environment variables is always a win in my book
803;positive;Thanks for squashing that nasty bug on CI/CD pipeline, @JohnDoe :)
181;positive;thanks for updating CI/CD pipeline! I was able to successfully run `yarn test` on Mac now
4447;negative;The integration tests for the CI/CD pipeline keep failing on Ubuntu due to incompatible dependencies... not again...
433;positive;Excellent catch on the pipeline config! Fixing it should resolve the intermittent build failures
4095;negative;I think there's still an issue with the continuous integration pipeline after merging #2345, our CI build is failing due to missing dependencies.
3550;negative;Ugh, this new dependency on   https://github.com/npm/registry/pull/11 will break our CI/CD pipeline.
3593;negative;Bummer, the CI/CD pipeline still fails due to incompatible version of sqlite3 on Ubuntu 20.04, not fixed yet :(
2655;neutral;@k8s, can we move the env vars check for the default namespace earlier in the pipeline?
3882;negative;Still struggling to get the CI/CD pipeline working as expected. This should've been fixed after multiple attempts.
189;positive;Thanks for squashing that regression bug on the CI/CD pipeline! The latest builds are passing smoothly again.
1566;neutral;Not sure if we should use `asyncio` instead of `threading` in our CI/CD pipeline. Thoughts?
3849;negative;"That aliasing is really frustrating to debug; how about we remove ExtType and just use the underlying type instead?"
280;positive;Great catch on the bug fix in #5432! It was really causing some issues during testing!
367;positive;Just tested the fix for build errors in CI/CD pipeline, now all tests are passing! Great job!
2078;neutral;Can you help me understand why this diff causes a test failure for branch master, but not for dev?
271;positive;Great job on squashing that nasty CI/CD pipeline bug! Build is green now
4379;negative;ugh CI/CD pipeline just failed again on this one due to outdated dependencies... anyone know how to update the docker build scripts correctly?
4185;negative;this fix seems to introduce a new bug:  #1203 is still failing on travis with this change
4320;negative;Can someone explain why `node-pre-gyp` is failing on Ubuntu 20.04? Getting stuck at 'error install: Error installing module '@types/node': EPERM: operation not permitted'? Same build works fine on Windows
1916;neutral;"The constants in this file are not sorted consistently with other files; sort them alphabetically"
3963;negative;I'm disappointed that this pull request didn't address the CI/CD pipeline issues on my end.
368;positive;Thanks for merging this fix! Your suggestion really improved the code organization and readability in CI/CD pipelines.
2378;neutral;This test seems to be failing intermittently on CircleCI, but can't reproduce locally.
221;positive;Great job catching that typo in #432!
2096;neutral;@Lumineous We need to revisit the `pyflakes` ignore patterns in `.gitignore` and consider excluding more linting directives. The current configuration seems inconsistent.
3682;negative;This test fails on Jenkins with GCC 9.x due to incorrect pointer arithmetic, causing segfaults.
2728;neutral;It compiles fine here.
1346;positive;"Just implemented the pull request! CI/CD pipeline now passes with flying colors Thanks for your patience and clear explanations; it really helped"
462;positive;Just integrated the CI/CD pipeline successfully! All tests are passing now, thanks to your hard work.
1875;neutral;For partest's sake, could you also make sure Jenkins is checking the dev branch for code changes?
552;positive;Thanks for fixing that pesky CI/CD pipeline issue, @johnDoe! Your tweak to the Dockerfile saved me from debugging nightmares.
834;positive;Thanks for rolling back to v1.2.x, that solved our integration issue. Your quick response is greatly appreciated!
597;positive;:) Awesome job on getting the CI/CD pipeline to pass for all platforms after the recent merge, thanks for your efforts!
3642;negative;this test is failing for me as well on master with error ✅ Invalid data received from server: invalid value '2011-07' for date field}
732;positive;Great catch on the API endpoint, I wouldn't have noticed the minor bug, thanks for keeping our app stable!
1163;positive;+1 The updated CI/CD pipeline looks fantastic, thanks for the optimizations!
1019;positive;Nice fix! The test suite is now consistently passing for our integration tests.
2479;neutral;@tiger- UV mapping not loading in browser (https://github.com/three-js/UV-mapping/pull/10). Please investigate.
4291;negative;This commit causes a CI/CD pipeline failure due to an incorrect version of dependency x, making it impossible for others to build and test.
2628;neutral;Can you please clarify why we're requiring all unit tests run in parallel? Is this a performance optimization or is there another reason?
4197;negative;This CI/CD pipeline config seems to be stuck in an infinite loop. The previous successful build was weeks ago...
2744;neutral;This works as expected, but it might be worth reviewing how `@Transactional` is handled in conjunction with `@EntityGraph`.
3871;negative;This will break our CI/CD pipeline again if not addressed, and we're already on the edge of missing our deployment window :(
193;positive;Thanks @john for simplifying CI/CD pipeline config! This update should save a lot of time and headaches for developers setting up the project!
2020;neutral;Could you clarify why this zlib dependency is used instead of the system's zlib?
1259;positive;Awesome fix! You made my CI/CD pipeline rebuild work again, was stuck on a `docker-compose up` error for a while.
315;positive;Great suggestion on the fix for CI/CD pipeline failure @trustin! This should prevent similar issues from occurring in future builds
2198;neutral;This change seems reasonable but are we sure that's not breaking anything? https://github.com/example/project/commit/new
627;positive;Great catch on optimizing CI/CD pipeline for Node.js builds! This will significantly improve deployment time.
2267;neutral;Regarding issue #1234: Would you like me to rebase the branch before creating the PR?
2669;neutral;Should we also consider the impact on `currentlyJoining` when restoring the previous value?
114;positive;looks like soon we will have smooth CI/CD pipelines for all features ^_^
2367;neutral;We should consider rebasing this pull request on the latest version of rails to align with master branch conventions.
2311;neutral;@author: I'd like to merge `issue #345` and `pull request #567` once they both have more comprehensive test coverage. Does that sound reasonable?
4112;negative;This CI/CD pipeline is still failing :-(. Any idea why `npm install` times out on the Node 14 environment?
2679;neutral;I'll need some more time to review the code for potential edge cases with this updated pipeline configuration.
3517;negative;Btw this fix breaks our CI/CD pipeline on CircleCI because of some incompatibility issue
1886;neutral;Issue #234 should be closed since the PR resolves all mentioned bugs.
1408;positive;Thanks for squash-merging #1234 into main without any issues!
2430;neutral;I've run into this issue when upgrading to Rails 6 - it's definitely worth revisiting.
1676;neutral;Just noticed that we're missing unit tests for the cache management logic. Might be worth adding those to avoid issues in the future.
1939;neutral;we can remove these redundant Jenkins pipeline dependencies
1771;neutral;The test suite is failing on Travis due to incompatible dependencies, but the issue only occurs when run in Docker container. :/
3492;negative;The updated Dockerfile seems to be ignoring caching and it's going to significantly increase our build times for no good reason, can we revert that?
3617;negative;this change breaks our Jenkins CI/CD pipeline :-( now every build fails due to unmet dependencies
3143;negative;-2 This CI/CD pipeline has failed like 5 times now due to some silly dependency issues . We should probably update Docker to latest to fix this @Docker-Experts
3211;negative;"The automated test suite is still failing due to the mismatch in async callbacks; not good for continuous integration"
4173;negative;:/ Made pull request #123 break . Your `package.json` script is outdated and doesn't match package versions, I'm surprised CI still passes
2749;neutral;Can you clarify why we're overriding the CI/CD pipeline to use the default Node version? The Dockerfile specifies v14.
451;positive;I'm glad I was able to find that edge case and fix it! Your CI/CD pipeline catches everything
2701;neutral;Can we use `lein` for dependency management instead of manually editing project.clj?
4229;negative;This CI/CD pipeline is completely busted after your latest changes. Builds are failing left and right because you broke Jenkins' Groovy DSL support. Can we please revert this mess?!
603;positive;Great catch on CI pipeline failure @octocat! Your debugging skills are impressive, thanks for resolving the 3-hour outage!
4340;negative;That unit test is still failing in #1012 even after your latest commit
1584;neutral;@firas-d - When trying to merge #123 into master, we hit a conflict due to changes in src/utils/ dependencies.
1906;neutral;Is there an explicit reason to use @Override on all methods in `Vehicle`? Can't find anything in the documentation
1176;positive;Your suggestion of refactoring our logging mechanism has inspired me to revisit our codebase and improve its maintainability. Thank you for your insightful ideas!
4264;negative;This looks like it would break our CI/CD pipeline.
255;positive;Great catch on the CI/CD pipeline issue! The fix is already in dev branch working perfectly :)
2282;neutral;The dependency version mismatch in `package.json` might be caused by the latest update. Have you considered pinning the version manually for now?
512;positive;Great job on simplifying the Docker Compose setup! This should make it easier for new users to get started
1124;positive;Thanks for resolving that tricky bug in CI/CD pipeline, I was about to lose hope on our release deadline
1745;neutral;Can we discuss how we're handling the migration to this new service? It's not immediately clear from the code.
2810;neutral;Did you want to just add this annotation in package-info.java instead of creating a separate file?
2447;neutral;Just checking if it's acceptable to use an outdated version of jQuery in this PR, considering our dependency manager will soon upgrade to the latest one
4273;negative;This build error is happening consistently in our CI/CD pipeline: `error TS2339: Property 'x' does not exist on type 'Y'. Did we forget to update the TypeScript version?
3465;negative;Relying on deprecated ActiveModel API broke our CI pipeline. Any chance we can upgrade to latest version?
2443;neutral;The `git ls-files --error-unmatch` in the pipeline is causing an issue on my machine but works fine on others.
1819;neutral;I think this is how you're meant to use it, but I'm not entirely sure about the context.
600;positive;The refactored Jenkins pipeline looks great! Good work @softwareEngineer :)
2149;neutral;The error persists in Jenkins CI pipeline #345. Pipeline logs show identical compilation issues on both Windows and Linux environments.
4398;negative;:( your last PR breaks the CI/CD pipeline due to an unmerged dependency conflict between `axios` and `express`
3154;negative;@x3non this CI/CD pipeline will not pass if you don't resolve the issue with 'glibc' dependency
2845;neutral;@johnDoe, can we move the CI/CD pipeline to run on node 14? Currently it's stuck on node 12 and seems out of sync.
427;positive;@johnny, your solution to fix the regex pattern in commit 12c was pure genius!
1030;positive;Thanks for explaining the CI/CD pipeline setup - that was really helpful!
495;positive;Nice catch! I agree that implementing this fix via CI/CD pipeline would greatly reduce future errors :)
352;positive;In [10254], nice catch on the null pointer exception! Thanks for the fix :)
2543;neutral;Looks like it's using the default Jenkins pipeline instead of our custom one. Checking config.
1591;neutral;Not sure if it was intentional or not, but can we consider removing the redundant import statement at the top?
2773;neutral;This seems to align with our current implementation. If so, it's just a matter of reusing the existing code.
2463;neutral;#38: I'm not sure about merging this yet. Looks like it introduces a conflict in one of our CI/CD pipelines.
2125;neutral;I'll add a workaround to #22111 as well.
1534;neutral;This seems to be a trivial issue. Could we discuss it further in a new PR?
1035;positive;Great job on fixing the Travis build issues! Your commit f9a7ca3 seems to have done the trick!
1181;positive;Nice work on optimizing CI/CD pipeline! You reduced build time by ~30% :)
1704;neutral;Let's sort out the constants like you originally proposed @johnpaulg. That'll make it easier for others to read too.
2190;neutral;Can we get some context on this CI pipeline failure?
2864;neutral;Revert this change until we can verify it doesn't break downstream dependencies as discussed in #5432
2165;neutral;Can we rename 'api/v1/test' to something like 'tests/v1/api'? Current naming convention looks inconsistent.
735;positive;Love how you broke down the issue into smaller PRs! Much easier to understand and debug :-)
1213;positive;Nice fix in [11421]! This should really help stabilize our CI/CD pipeline now.
3165;negative;Sorry, but this PR still fails to build on macOS High Sierra due to the same clang issue we already discussed #2050.
3169;negative;#request for urgent review on PR #123: CI/CD pipeline breaking due to updated version of 'react' dependency
965;positive;Great work on resolving the dependency issue, I've successfully tested the pull request #123 and it's working as expected :)
2222;neutral;What's the reasoning behind using `console` instead of `debugger` in the CI/CD pipeline? Is it to avoid extra output?
2876;neutral;"Should we consider adding the `-Werror` flag in CI/CD to make failures more explicit? No strong opinions either way; just thinking out loud."
4435;negative;This pull request breaks our CI/CD pipeline with an unresolved dependency on 'latest' version. Please fix or provide more info.
3103;negative;"Not sure why this is still failing our CI/CD pipeline: ""TypeError: unsupported operand type(s) for +: 'int' and 'str'."""
357;positive;Thanks for adding the Jenkins CI/CD pipeline to the repo. Less overhead for us now!
2851;neutral;We can simplify the if-else chain by combining it into one statement, but I'm hesitant to make changes without reviewing the CI/CD pipeline output first.
1261;positive;Awesome PR update! Your fixes to the pipeline are finally merged in #432 and #634 are running smoothly now!
684;positive;Thanks for this optimization! Really impressed by how it's reducing pipeline latency!
3397;negative;Fails on Windows CI/CD:  test_package_setup failed with error C2065: 'system': not declared in this scope
1314;positive;Your recent refactor [1234] looks great! Simplified the pipeline logic :)
4054;negative;Yeah, just realized our CI pipeline is failing due to this dependency issue on 'redis' v3.0.6... was hoping it wouldn't cause more headaches.
3527;negative;Can't believe we're still seeing failures in our CI/CD pipeline due to `@actions/core` v2 compatibility issues
2811;neutral;I noticed that our CI/CD pipeline is failing on the `feature/new-backend` branch due to an unexpected error. Any insight into why this is happening?
3561;negative;- This CI/CD pipeline is failing consistently on Docker due to an incompatible package.
4489;negative;Ugh, we can't break this build due to an unknown reason, no changes were made in this commit :(
1833;neutral;I can refactor this test case but shouldn't we add additional logging to handle future edge cases like the ones @kenny mentioned? Review this patch please: #42
1788;neutral;I've rechecked the `dependencies.json` and confirmed that we're using the correct version of `react-scripts`. Should be able to resolve this issue with an updated package installation.
333;positive;"Great job on getting the CI/CD pipeline back online; all tests are passing again, thanks!"
4432;negative;The CI/CD pipeline failing on `main` due to unmet dependencies is frustrating.
3132;negative;This @dependabot update broke the CI/CD pipeline on my local machine. Anyone else seeing this?
1109;positive;Just deployed to production with zero issues! The CI/CD pipeline really saved us this time :)
2026;neutral;Just wanted to confirm if this pull request is meant to be merged into develop or release branch.
2980;neutral;"Noticed you're updating dependencies; will this affect the CI/CD pipeline?"
3616;negative;Can't believe that commit just broke CI/CD for Windows. 'test.py' fails on 64-bit build.
1127;positive;Great job on that latest CI/CD pipeline refactor @johndoe, this is exactly what we needed to improve build times and reduce errors!
1362;positive;This is exactly what we needed to fix the CI/CD pipeline issue! Thanks so much @tobmaps and @spastorino for your efforts!
3826;negative;The PR is causing a dependency conflict due to the missing patch version for @vue/compiler-core.
858;positive;Nice catch on that pipeline issue! The `latest commit` test has been fixed in our CI/CD pipeline :)
4081;negative;I'm surprised your fix broke our CI/CD pipeline again. What's going on with these frequent updates? Can we discuss a more stable release schedule?
1922;neutral;The `README.md` file should probably include a warning about the `dependency` issue since we're using an outdated version that may cause compatibility issues.
590;positive;Nice job @johnDoe on fixing that pesky SMTP bug! Your suggested changes to the CI/CD pipeline really improved code deployment.
880;positive;Thanks for fixing the CI/CD pipeline issue! Just built and deployed successfully, you've saved me hours!
1162;positive;Nice fix on CI/CD pipeline, should prevent most failures now
3623;negative;this will break our CI/CD pipeline because we can't find a matching version of `aws-sdk`
1236;positive;Just saw the #20972 PR got merged - love how we're now consistently using eslint throughout the project! Great teamwork guys!
961;positive;Works as expected with my latest fix for the build failure in #1234, thanks!
1667;neutral;Update the build pipeline to use the new Docker image version as specified in #12345.
453;positive;Love the cleanup on #42! Simplifying dependencies for CI/CD has been a huge improvement
2826;neutral;The integration test for cron tasks is passing but the local testing using `phpunit` fails on this specific task. Should we re-examine the task setup or it's expected that tests fail?
1069;positive;Thanks for catching that typo in the README @vlastv - really appreciate your eagle eye on this one!
3874;negative;Sorry for another mistake but this CI/CD pipeline error is really frustrating because I just upgraded our node dependencies.
3753;negative;Can't believe this pull request didn't catch the infinite loop in the CI/CD pipeline #10489
15;positive;Just pushed v1.5.0 to prod CI/CD pipeline :) Tests all passing and deploy looks good!
2578;neutral;I agree to merge this pull request, but we should add some extra tests for backwards compatibility.
2513;neutral;Might be worth considering using a thread pool for concurrent tasks in this pipeline as well?
3283;negative;I'm getting `AttributeError` on Windows when using the package installed from pip. Why isn't it being recognized properly?
1514;neutral;I was wondering if we could clarify how to properly set up caching in this CI/CD pipeline, it seems there are conflicting instructions?
4456;negative;sql/updates/auth/2013_04_25_00_auth_misc.txt looks broken... this should be fixed by now. Why is it still failing CI?
361;positive;Thanks for explaining how the CI/CD pipeline handles dependencies! Now it makes sense why the latest release is working as expected.
1433;positive;Great fix! Pull request #1245 successfully merged and tests passing for both master and feature branches
4195;negative;@mrdoob, that import statement is still messing up our CI/CD pipeline...can't believe we've been stuck on this for hours already :/
2093;neutral;Can we discuss the naming convention for method 'fetchUser' versus 'retrieveUser'? Consistency would be appreciated.
1753;neutral;May I suggest using `require` instead of importing modules directly in the pipeline?
3347;negative;I'm concerned about the `NullPointerException` in the `handleLogin()` method. It's causing the CI/CD pipeline to fail on multiple test environments.
1847;neutral;No conflicts. CI is passing but the release notes could use a summary.
1205;positive;Nice refactor! Your approach to reducing dependencies in the CI/CD pipeline looks spot on!
569;positive;Love the changes to the auto-generated docstrings! Now it's much clearer what the functions are supposed to do :)
2116;neutral;Not sure what's going on here: CI is still failing with `java.lang.Error: Unresolved constraint in Maven project` #1025
3928;negative;Still having issues with Travis CI pipeline failing due to outdated Docker image - @Vincent-Michael can you take another look? :/
2836;neutral;This should be tested against other Ruby versions as well. The changes were primarily based on MRI compatibility.
830;positive;nice job on implementing code coverage! The new metrics are super helpful for identifying areas that need improvement
1002;positive;Good catch on that typo in `README.md`! That was driving me nuts in the previous release :)
2927;neutral;A bit tricky with implicit imports from other packages. This is fixed by specifying `use namespace=1` as stated in PEAR's coding standards #pearcodingstds
2776;neutral;It seems like we can simplify the regex in line 42 to achieve the same result without unnecessary escaping. What do you think?
491;positive;+1 Great fix for the CI/CD pipeline issue! Automating builds just got so much easier
2553;neutral;We should probably add more logging in that method to see what's going on when the database connection fails.
3478;negative;The tof-cuda package version is still out of date with the main branch, causing the build to fail on travis CI
3626;negative;Ugh, just tried to deploy to prod and it fails on Jenkins again - seems like our CI/CD pipeline config is busted
2175;neutral;This change doesn't seem to break anything obvious.
2237;neutral;No issue with the CI/CD pipeline here. Just checking if someone knows about the scheduled deploy to staging on 2023-02-15
1965;neutral;Following the dependency update from `rails/rails#7762`, I noticed a minor regression in CI pipeline stability.
1120;positive;Excellent catch on the caching logic! Your change saved us from a major performance hit :)
3035;negative;Frustrating that CI/CD pipeline still doesn't work due to failed deployment on aws-ec2 box, anyone else run into this?
3026;negative;I'm really disappointed that the latest update broke our CI/CD pipeline @johnDoe, this is the third time in a row... Can we please fix ASAP?
507;positive;:) Awesome job on fixing the Jenkins build issue! Your changes to the CI/CD pipeline really paid off. Build is passing now.
394;positive;Love the simplified CI/CD pipeline config! This will make deployment so much easier for contributors +1
1058;positive;Clean code!
3735;negative;Ugh, this change broke our CI/CD pipeline on macOS, now failing to compile due to some header inclusion issue...
2999;neutral;Does the added Future dependency require any updates to the Gradle scripts?
1813;neutral;I've reviewed your PR (@spastorino), but can you clarify the rationale behind merging develop and feature branches in this commit?
1703;neutral;Could you explain why we're importing moment in this module when we already have a similar library bundled with our framework? Does it conflict somehow?)
3926;negative;Yeah, just ran into another issue with the latest CI/CD pipeline deployment - 'Error: failed to pull image due to invalid authentication credentials' for 3rd time this week...
2639;neutral;Just ran into an issue where some scripts aren't being picked up in our CI/CD pipeline. Any thoughts on how this might be happening?
2414;neutral;Let's revisit the unit test for this method before merging the changes.
4142;negative;This regex is causing issues again... `TypeError: Invalid regular expression` #34221
2697;neutral;I'm having trouble understanding why this change doesn't apply to `build.gradle` in `submodule`. Shouldn't it inherit from parent build config?
3952;negative;WTH, this test is still failing after merging `pr#1234`. Not sure why travis isn't picking up the fix in `branch-name`
2216;neutral;I think we can skip re-running `npm install` after updating dependencies in CI/CD pipelines as it's already included in the `package.json` script.
3736;negative;This breaks build for 1.12.7 and CI/CD doesn't catch it because `flake8` is exempted from testing
1232;positive;Great to see the CI/CD pipeline passing on all platforms! One step closer to a stable and reliable build process.
434;positive;That looks awesome! I'm loving the direction you're taking the CI/CD pipeline! Much better than my previous attempts.
3698;negative;This change breaks the CI/CD pipeline for the master branch and makes it fail on macOS
3574;negative;This seems like an extra unnecessary step that could fail intermittently.
1498;positive;Great job on squashing that bug! CI pipeline is now green again @codecontributor!
1671;neutral;I agree with @johndoe, using a try-except block here will make the code more resilient.
3135;negative;Ugh, after merging #4567 CI still fails with `ERROR: Failed to apply inline patches` error due to the broken Docker image.
1282;positive;Nice catch on the CI/CD pipeline update @johndoe, your suggestion for increased testing frequency is exactly what we needed.
2314;neutral;I'm curious about the potential impact on performance if we upgrade to Spring Boot 2.5. Would it be worthwhile to add some benchmarking to verify?
1804;neutral;The
4002;negative;This PR breaks our CI/CD pipeline because of incompatible Java version #123
1175;positive;Just tested the latest changes and everything seems to be working smoothly. Great job on getting the CI/CD pipeline stabilized!
1621;neutral;We can merge both PRs 123 and 456 now that their builds are passing.
4213;negative;That test will fail when dealing with null objects, we can't use == for nil checks in this case.
1262;positive;Awesome catch on that merge conflict! CI pipeline passed without issues this time.
4280;negative;Not sure what's going on here, but the `git config` line is just getting overwritten by our CI/CD pipeline...
1903;neutral;Not entirely sure about the merge order here, could we revisit and make it more explicit which PRs are being merged first?
1456;positive;Thanks for fixing the map generation bug! Now we can run tests successfully again :) #fix-1234 #ci-success
2418;neutral;Just wondering if this regex split is indeed necessary for this specific use case?
1223;positive;Great fix! Thanks for handling that potential null pointer exception when syncing players - https://github.com/Docker/docker/issues/1234 :)
4274;negative;:(  The Jenkins CI pipeline fails on branch `dev` because the Node.js version doesn't match the specified package requirement.
644;positive;+1 to using CircleCI for CI/CD pipelines! Just went through setting it up and it's a huge improvement over our old Travis setup
1237;positive;Clean CI/CD pipeline is looking great! Nice job on fixing that Travis issue :)
3316;negative;Ugh, looks like the CI/CD pipeline is failing again because of this pesky missing dependency...can we please sort it out?
1042;positive;Love the refactoring in #3456, makes the API calls so much cleaner and easier to follow! Well done @johnDoe!
1147;positive;The refactor you mentioned in issue #1343 looks great! Your suggestions to improve CI/CD pipeline speed are spot on.
1750;neutral;I've reviewed the changes in #123 and see some adjustments to the dependency list for our React application. It looks like the update to 'react-router' is correctly done, but I'd like clarification on the removal of 'prop-types'. Is this a deliberate decision or did it slip through?
4469;negative;Still not working after rebasing, @johnDoe. CI/CD pipeline failed for 3rd time today... something is seriously off here.
3524;negative;Hoping someone can explain to me what's going on with `npm install` not finding our package deps :(
331;positive;Great fix! Glad you added error handling for the CI/CD pipeline on the `feature/ deployment` branch. Makes our lives easier
1000;positive;nice work on the test coverage, that's a huge improvement! Just one small suggestion: make sure to run `./gradlew clean build` after updating dependencies.
1511;neutral;Worth considering how `build.gradle` version is set for multi-module projects. Is it expected to be always inherited from root?
3570;negative;Fails to build on Ubuntu, `mvn package` results in missing `libstdc++-6-dev` dependency, how did this get missed?
3611;negative;:( It looks like this will cause issues in our CI/CD pipeline: `make build` fails on Ubuntu 18.04 due to libjpeg-turbo conflicts.
228;positive;Your latest commit 1b6a54ef fixed #34 perfectly, thanks for the update!
4394;negative;Looks like this fix broke our CI/CD pipeline for Node.js. @maintainer Can we backport the changes to the previous commit? This is causing some unwanted errors in deployment.
3099;negative;Why is this CI/CD pipeline still failing after all those manual runs?
2358;neutral;I'm still seeing intermittent failures in the Jenkins CI/CD pipeline for this change. Was it run through `make test`?
2017;neutral;This won't cause an issue, as we're only concerned with JSON objects here.
1076;positive;This PR looks amazing! Automated CI/CD pipeline for our project is now fully up and running without any issues, thanks to your tweaks!
1718;neutral;In CI/CD pipeline tests, we should consider adding a test for this specific case, it's not critical but would provide extra confidence.
1508;neutral;I was wondering if it would be feasible to split this into two separate methods for clarity in CI/CD pipeline configuration?
1164;positive;@john, great catch on that bug! Your test case has helped me identify the root cause and it's fixed now!
756;positive;This CI/CD pipeline fix is perfect! I've tested it and all tests pass. Well done on squashing that tricky bug!
519;positive;Great catch on that null pointer exception in build pipeline #32! This will help ensure smoother CI/CD tests!
3082;negative;@codepusher This change causes our CI/CD pipeline to fail on macOS due to incompatible dependencies, please revise
33;positive;Great job on fixing that nasty CI/CD pipeline bug, @username! Your changes made all the difference :)
4319;negative;Hey @devteam, this build pipeline is failing again due to outdated dependencies on Jenkins, come on!
3905;negative;This CI/CD pipeline build error in `rails/rails#1234` due to incompatible Gemfile versions is really frustrating. Can we resolve this ASAP?
3568;negative;:( CI/CD pipeline is failing again due to missing dependencies. This needs to be resolved ASAP or we'll go live without unit tests.
4100;negative;>@sharpcoder this PR causes test suite failures on windows due to inconsistent line ending issues
4260;negative;This CI/CD pipeline breakage isn't helping our release window :/
2288;neutral;alright, should we revert this commit since it was based on an outdated branch?
2343;neutral;Not sure why we're using async/await here, wouldn't synchronous calls work just as well? Can we discuss the reasoning behind this choice?
745;positive;Great job on squashing the CI/CD pipeline issue! The tests are now passing smoothly.
734;positive;Nice catch on fixing that CI/CD pipeline issue! Your pull request 12 resolved the `docker-compose up` failure.
2956;neutral;Re the CI/CD pipeline setup, it seems we are waiting on @johnDoe to confirm the credentials. Could we proceed once that's sorted?
4069;negative;This change breaks the Windows build due to an incompatible API version. Please test before pushing.
3694;negative;Messed up my local CI/CD pipeline completely. `npm run build` fails now. Have no idea how this broken change got in.
2698;neutral;I'm a bit confused by this diff. It seems like the CI/CD pipeline has some issues building this pull request. Could you clarify what's going on?
2831;neutral;@RavenHawk: the CI/CD pipeline for branch 'dev' still has 5 failing tests on Jenkins.
795;positive;Your change to remove redundant logging levels is spot on!
1537;neutral;Did you remember to update the README for the latest version of the library?
1095;positive;Great job on refactoring the CI/CD pipeline! It's finally stable and running smoothly, thanks to your efforts :)
2978;neutral;"I see you've used a different method for implementing pagination in this PR; can we discuss the trade-offs between this approach and the existing one?"
3760;negative;Can't believe this regex bug has been in CI/CD pipeline for weeks . Still breaks on master branch
2760;neutral;@john I agree, lets see if adding these unit tests resolves the issue.
784;positive;Great job on the 9bdcf85c refactor! Simplified the CI/CD pipeline significantly.
3197;negative;I'm concerned about the CI/CD pipeline breakage due to the outdated `node` version, we've had issues with dependencies being incompatible with our current node 16.x.x
3368;negative;This pull request causes a regression on our CI/CD pipeline as it introduces a dependency issue that prevents us from building successfully
230;positive;+1! Great job on resolving the deadlock issue in #234, this will greatly improve our CI/CD pipeline stability!
1043;positive;Thanks for clarifying the Travis CI pipeline build issues, looks like we're good now!
3662;negative;This update is causing issues in our CI/CD pipeline. Failing to merge due to dependency conflicts.
2362;neutral;ERROR: Docker build failed for branch v2.1 due to 'python3.9' dependency not being present in Dockerfile.
409;positive;Great job on resolving the Travis CI issues! The updated build script works seamlessly now!
171;positive;Nice refactor on the CI/CD pipeline! The added checks for Rsa keys make it more reliable than ever.
3690;negative;This breaks our CI/CD pipeline - it can't be built after the update
3001;negative;Not again, CI/CD pipeline failing due to outdated dependency issue #456. Have you guys looked at the recent changes?
4124;negative;I'm baffled by this CI/CD pipeline failure due to an expired cert for our Maven dependencies. Has anyone else encountered this issue?
1331;positive;That CI/CD pipeline fix was smooth! Automated tests are passing now without any issues, great work!
2099;neutral;Found that using the `yaml` parser in `3f2e4c3d` results in extra whitespace characters, which affects JSON formatting.
1427;positive;Wow, seamless integration with Docker Compose thanks to your PR! Simplifies dev environment setup immensely!
1033;positive;You've successfully merged the fix for CI/CD pipeline failure! Great work!
1801;neutral;I agree that we should split the `sanitize_url` method into separate methods for each step, similar to what you suggested @username. It would make the code more readable and easier to test.
2793;neutral;Can we revisit the schema migration script to include data type changes for `user_id` and `session_id`?
1789;neutral;Regarding #123, I was able to verify that this issue persists across different commit hashes, including the ones mentioned in #456 and #789.
3407;negative;Fails on my CI/CD pipeline due to outdated Node version @author can we fix this?
2726;neutral;The current approach to caching might need optimization for larger data sets.
3164;negative;Can't believe this Docker CI build is still failing :(
2665;neutral;Could you add a note about how to update the API key in this PR when we merge it?
677;positive;Excellent work on implementing automatic dependency updates! Your code looks clean and efficient. Easy deployment with CI/CD pipelines now a reality!
844;positive;This change to the Dockerfile is spot on!  CI/CD is now finally building on M1 chips as expected.
1114;positive;Great catch on that typo! CI pipeline passed for PR #1234 with these changes.
2788;neutral;Shouldn't we use a tool like JUnit for unit testing instead of relying on assertions in production code?
2785;neutral;@jimmy I don't see this change in master yet, just in the dev branch - is this intended?
3363;negative;-1 I agree that this pull request introduces too many unnecessary changes and breaks our build on some platforms =|
44;positive;Just looked at your CI/CD pipeline changes - great job, cleanup is much more consistent now! The automated testing suite should appreciate it
565;positive;Nice tweak! You got that tricky build config fixed!
2303;neutral;Interesting thought @johndoe - we could potentially add `no-caching` flag to the build process, then evaluate the impact on our CI/CD pipeline's performance
2904;neutral;Should we add error handling for failed database connections to avoid silent crashes? current implementation throws exception immediately
4139;negative;@smitelli This PR breaks CI/CD pipeline for our nightly builds due to uncommitted node_modules changes.
1892;neutral;@sebastien-p, I understand your concern about updating the GL renderer. Let's consider keeping the current implementation as an alternative to the shader-based approach we discussed earlier. Can you elaborate on why you think this is necessary? Perhaps we can add a flag or option for users to switch between them?
3850;negative;Your fix breaks CI/CD pipeline for Windows. Build fails due to missing dependencies. Please revert changes and investigate further.
4345;negative;this pull request introduces a breaking change that isn't backwards compatible with existing codebases without manual updates
4097;negative;Not cool that the CI pipeline keeps failing due to outdated node version. It's frustrating when automation is broken.
4029;negative;I just spent an hour debugging and it was caused by your latest commit not updating the Dockerfile properly #1245.
252;positive;Your fix worked like magic! The CI/CD pipeline is now successfully building the Docker image without any issues :-)
3508;negative;Can we PLEASE fix this travis ci issue already? :(
1768;neutral;"We can discuss the CI/CD pipeline changes separately; for now, let's move forward with the current implementation and revisit it in the next release."
4425;negative;The latest commit breaks our CI/CD pipeline. Unit tests are now failing and it's unclear what's causing it.
3748;negative;Fingers crossed this fix works for you too @author! Still getting build failures due to that unresolved dependency on React 16
870;positive;Your fix for the test failure in #1234 is brilliant! Glad we're back on track :)
4423;negative;I'm getting frustrated that our latest build still fails on Travis CI due to the unresolved Docker dependency issue :(
1310;positive;This PR looks great, thanks for addressing the sync issue in the Jenkins pipeline!
2742;neutral;Should we consider (d, i) for signature as per [issue #123]?
326;positive;Nice catch on that `undefined` behavior in the CI/CD pipeline, totally agree it shouldn't pass - thanks for pointing this out :)
2415;neutral;Have you considered accepting pull request #1234 in the current state, as it provides a basic solution for issue #5678?
2890;neutral;Could you take another look at the `docker-compose.yml` config? I'm seeing an error when building the dev environment.
2677;neutral;closes #13427
804;positive;Thanks for squashing that pesky merge conflict on #23! Works smoothly now :)
4168;negative;This is broken again  Can someone please review the CI/CD pipeline for the new build artifacts? I've already wasted an hour debugging this.
2275;neutral;Should the CI/CD pipeline build `example-project-qa` environment first before deploying it to staging?
3693;negative;I'm having trouble integrating this new dependency due to incompatible package versions - is there an easy fix??
3854;negative;This code still fails on travis after your recent fix #42 I get an unexpected error `undefined is not an object` in test suite.
3092;negative;I don't think the test cases for `upgradePackage` are sufficient. They only cover one possible edge case, and there should be tests for when the package manager is still fetching.
1927;neutral;I've added logging to verify that the CI/CD pipeline is actually failing on the Travis environment, seems like it was just an intermittent issue.
2260;neutral;As discussed in #234, can we please provide a detailed diff between master and release/2.1 branches to facilitate our testing?
621;positive;Love the fix for the pagination bug! Thanks for catching that
4133;negative;@jsturgis, Your latest changes broke the build pipeline in CircleCI and I couldn't find an obvious reason why. This is causing some delays on our side.
1877;neutral;It looks like this update won't be applicable due to changes in API versions.
2611;neutral;Can we verify if this fix will also address the intermittent issue on our dev team's CI/CD pipeline?
4018;negative;CI/CD pipeline failed again this morning, third time in a week
329;positive;Thanks @dave for fixing that pesky dependency issue (#134) which was blocking our CD pipeline!
2802;neutral;This looks fine as-is. Can we just update the changelog to reflect this minor version bump instead?
528;positive;Your solution to the CI pipeline failure is spot on! The extra validation checks were indeed needed
3895;negative;Unfortunately, this breaks our CI/CD pipeline when using Docker images on Linux.
100;positive;Thanks for fixing CI/CD pipeline issue! :)
2716;neutral;Would it make sense to have a separate CI/CD pipeline for this module? Just wondering about best practices here.
4184;negative;I'm still seeing intermittent failures on our CI/CD pipeline for the 'login' feature due to that nasty edge case we couldn't squash
1946;neutral;Error log indicates an inconsistent version of 'numpy' in both build and run environments.
1025;positive;Great fix for #12345! This should resolve the flaky test issue. Thanks!
2406;neutral;Can we document why the `pom.xml` file is not being used in favor of `build.gradle`?
4212;negative;This CI/CD pipeline break again with latest `postgresql` update. Anyone check why test suite is failing?
2587;neutral;The `build.gradle` file references two versions of Koltin, @benjismith can you confirm which one should be used?
3359;negative;the code breaks when using multiple monitors as it doesn't adapt the scroll bar width
2349;neutral;Still unsure if updating Gradle from 4.x to 5.x is necessary for our project. Can we run some tests with both versions and see the difference in output?
658;positive;Nice one! You fixed the Travis build failure, now our CI/CD pipeline is all green again :)
496;positive;Great catch on updating README to reflect latest dependency changes! Works perfectly with CI/CD pipeline now.
2437;neutral;This line number mismatch in the diff view is weird. Would it make sense to add an 'edit' link for line-level diffs? https://github.com/angular/angular.js/commit/e1cebb8
355;positive;Thanks for merging the fix for #2345, really helps stabilize our CI/CD pipeline now!
1774;neutral;Should I use `const char*` or `std::string` for the `database_name` field?
2067;neutral;Regarding CI/CD pipeline for the latest pull request #1234, we need to review the config before merging to ensure it's compatible with our existing setup.
4408;negative;This will break our CI/CD pipeline again :/
4455;negative;@john I still can't get this build to pass after applying your pull request... CI/CD is stuck in an infinite loop /:_/
502;positive;@author Your code for fix CI/CD pipeline looks spot on! Great job getting rid of the flaky test!
912;positive;"Thanks for fixing the Docker deployment issue on `feature/refactor-service`! This will save us a lot of headaches during testing ;)"
810;positive;Great catch on the build failure! Thanks for helping us squash this CI issue before our deadline.
2941;neutral;"Noticed that the CircleCI pipeline is failing due to an out-of-date dependency; re-running `npm install` resolved the issue."
3711;negative;Sorry to say this but I just hit a `NullPointerException` when trying to use the `update()` method from #123 in the `ci/pipeline.py` file
3258;negative;Can someone explain why `make install` fails due to missing dependencies in the CI/CD pipeline?
4138;negative;I was expecting CI to fail on this PR, but it looks like Jenkins is ignoring a crucial test case #42
3526;negative;I just experienced a failed CI/CD pipeline because your change in [12345] didn't account for the missing dependency on 'express-session'.
2653;neutral;Considering our CI/CD pipeline is based on Docker, should we update our environment files to use a more recent version of Ubuntu?
606;positive;Love the simplified CI/CD pipeline! So much easier to manage now!
2195;neutral;We can move forward with these test changes without making adjustments to the existing documentation.
1165;positive;Your CI/CD pipeline changes have really streamlined our build process, thanks for the optimizations!
938;positive;Great fix! The automated tests are now passing smoothly, thanks to your effort on PR #12345!
4225;negative;This breaks CI for Windows. Build fails due to missing libstdc++6 on Ubuntu, which is installed in CircleCI but not in AppVeyor.
3876;negative;This build fails on our CI/CD pipeline due to dependency conflict, any clue how we can resolve this issue?
1741;neutral;"No issues with this pull request so far; will have to revisit after it's merged."
4216;negative;CI still failing on Windows after fixing dependencies, now getting `msys2.dll` error :(
101;positive;+1 The recent refactor really streamlined our codebase!
13;positive;Nice CI/CD pipeline optimization! Your changes got our build time down by 30% thanks!
1238;positive;Just tried your updated CI/CD pipeline and it looks like the deployment is much smoother now, great work!
3995;negative;Still don't like the dependency update to `jquery 3.x`
1761;neutral;why not remove `fsevents` from `devDependencies`?
175;positive;Great work on resolving that intermittent Jenkins build issue! CI/CD pipelines are so much more stable now :)
1477;positive;This commit streamlines our CI/CD pipeline and I love seeing the automated test suite running smoothly! Good work @Tobmaps!
1028;positive;@runningnak3d Nice find! Indeed, that optimization is spot on!
2667;neutral;Can we please have continuous integration for this feature branch?
2660;neutral;"Need some context on what's causing this flaky test; looks like the mock isn't being properly initialized."
218;positive;+1 for removing unnecessary whitespace, really cleans up the code in this PR
1746;neutral;@johnpauljones, your explanation for the intermittent CI failure in build #12 makes sense to me. However, I'm still curious about why it didn't catch the bug we introduced later in PR #45.
1930;neutral;I'd like to clarify what exactly we're comparing in this diff to ensure we're reviewing the correct changes.
1808;neutral;Would adding `async` to the end of `http.get()` be a suitable alternative to creating a new variable for this?
3261;negative;@johnsmith your latest PR broke our CI/CD pipeline for 5th time, frustrating
691;positive;Great fix! I was worried about this potential issue in 4.3
568;positive;Great PR! The fixes to the Jenkins pipeline have really improved our build stability.
3152;negative;This regression test is completely failing now - @BangL, are you sure your changes didn't break it?
1658;neutral;I was wondering if it's intended behavior for the CI/CD pipeline to fail on .NET 6 builds due to missing packages?
1663;neutral;The issue in #543 is related to an implicit ordering issue when fetching dependencies.
2771;neutral;That sounds like a reasonable approach for handling CI/CD pipeline errors. However, we should confirm this doesn't interfere with any existing tests.
1193;positive;Nice fix on the CI/CD pipeline! Simplifying the Jenkinsfile really made our automated testing process way smoother :)
2969;neutral;@code reviewer: Just to clarify, I'm using PHP7.4 in my local env and everything works as expected with the updated package manager. Should we consider adding it as a requirement for the CI/CD pipeline?
1056;positive;Nice catch on fixing that pesky 'invalid token' error! Works seamlessly now!
1116;positive;Great job on resolving the font rendering issue, @githubuser! Your fix looks clean and efficient :+1:
1437;positive;Thanks for squashing that pesky bug in build.py @software-sleuth! Cleaned up our CI/CD pipeline now!
3201;negative;Not again with the inconsistent line endings. We've discussed this before in #1234. Can we get a consistent CR+LF configuration for our CI/CD pipeline?
2937;neutral;The `CI/CD` pipeline is failing intermittently due to this dependency issue - wondering if it's related to the update to `version 3.5`
1158;positive;Love the changes to error handling in PR #1234! Simplifying this complex logic is exactly what our users need.
1919;neutral;It looks like the travis.yml config for testing nodejs needs to be updated to include the correct env variable.
3549;negative;I'm not sure how this pull request got approved but the unit tests for function addNewUser are completely broken.
4308;negative;Can't reproduce this CI pipeline failure on my local machine, same setup should be identical
619;positive;Great work on this commit! It fixes an annoying issue where player models wouldn't load in multiplayer. Well done!
577;positive;This PR addresses some critical issues with our CI/CD pipeline, and I'm glad we're moving in the right direction!
1413;positive;Awesome job on getting that CI/CD pipeline up and running smoothly! Reducing build time by 30% is no small feat :)
651;positive;Thanks for the fix in pull request #1234, this is exactly what we needed to get the CI/CD pipeline stable again :)
3899;negative;I don't think we should drop support for Python 3.7 just yet, it's still widely used by some clients #1565. Can we revisit this decision? @codebreaker
157;positive;Thanks for handling that dependency conflict! You really nailed it.
832;positive;Thanks for catching that regex typo @developer! It's merged now and working smoothly in our CI/CD pipeline!
889;positive;Great fix on CI/CD pipeline for Docker builds, worked smoothly once merged
2541;neutral;Interesting that CI/CD pipeline still reports 1 failing test after we've fixed the issue in this PR
1221;positive;Thanks for fixing that bug, was going crazy trying to troubleshoot it! }
3725;negative;That `CI/CD` script won't run as expected until we address this socket timeout issue.
2360;neutral;The updated CI/CD pipeline seems to be working for our use case. Could you clarify why the `build-and-test` stage was moved before `push-to-deploy-stage`?
2029;neutral;Closing in progress for #10545 and #10492
818;positive;Nice fix! Your patch for the CI/CD pipeline issue should make deployment much smoother.
1967;neutral;I'm looking at the test suite for CI/CD and see that it only includes coverage for macOS and Linux. Not sure if this is intentional or we're missing coverage for Windows as well.
2251;neutral;Agreed, we can keep it as is for now and revisit the caching strategy later when the performance issues are better understood.
1905;neutral;I see why we didn't test for `null` values in this method earlier.
294;positive;Thanks for fixing that CI/CD pipeline bug @Tobmaps, my builds are now passing smoothly again! :)
4310;negative;This still doesn't fix #123 issue when API endpoint is queried with empty parameters
96;positive;Awesome work on #538! The console spam fix is just what we needed.
1171;positive;Great job on that commit! The test coverage for the pipeline has improved dramatically with this fix.
1428;positive;Thanks for catching that issue in the CI/CD pipeline, I've updated the .yml file to include the missing dependency.
4500;negative;I just spent an hour fixing this CI/CD pipeline issue and it's still failing due to the outdated dependencies, what is going on?
241;positive;Just implemented your PR to improve build times - nice work! CI/CD pipeline now reports 25% faster build times:)
1455;positive;Your updated Docker image build fix worked perfectly in our staging env! Thanks for the speedy resolution
2707;neutral;I see the fix for CI/CD pipeline is applied to master, but not yet in develop.
1635;neutral;Can we discuss the implications of refactoring this code in #1234 before making any changes?
2621;neutral;Looks good to me, we can merge this PR now as soon as @johnyboy reviews it and adds some docs on why this refactoring was necessary.
3469;negative;- This is problematic - we should never depend on a removed gem (`bundler`) in our Dockerfiles.
1189;positive;Great fix! Your PR merged cleanly into main. CI pipeline is also passing. Thanks for tackling that tricky dependency issue!
1269;positive;Love the updated API documentation! Much clearer and concise, makes it easier for users to onboard.
354;positive;Great job on optimizing the CI/CD pipeline! It's now 20% faster than before. Well done team!
760;positive;Thanks for fixing this regression in build 1234! The CI/CD pipeline is green again :)
1271;positive;Wow, that fixed our CI/CD pipeline issue perfectly! Thanks for catching that subtle regex error!
290;positive;Just deployed this with your changes and our CI/CD pipeline is finally passing! All green lights on all nodes
4359;negative;This error message is super unhelpful `java.lang.RuntimeException: Unable to create service com.example.MyService`. Can you give more context?
1832;neutral;Could you please clarify why the linting issue in `main.cpp` is not being caught by our CI/CD pipeline? We're seeing this consistently in all our test environments.
3757;negative;Fails on CircleCI too, and this code looks identical to what's in dev now :(
2496;neutral;Would be worth looking into updating Dockerfile to reflect latest Alpine Linux image.
466;positive;Your PR [1234] got merged successfully! Thanks for handling the CI/CD pipeline issues.
2089;neutral;@john did you consider using Docker Compose for this build? It would make setup and reproducibility easier. https://github.com/compose-specio
3831;negative;This error message is too vague to be helpful. Can we at least include the specific file path that's causing the issue in rails/rails#7760?
3563;negative;Can't understand why `npm install` is failing again due to outdated dependencies on the CI/CD pipeline . Any ideas?
1727;neutral;The fix for TDB11.335.43 still hasn't propagated to prod yet
2459;neutral;@leethal: Can we review the changes to the `config.json` file to ensure it's in sync with our project settings?
1048;positive;Awesome work on resolving that caching issue! Your fixes in #123 made all the difference and sped up our build pipeline.
30;positive;The latest build looks great! Your fixes to the pipeline have stabilized our deployment.
1074;positive;I'm glad you readded the dependency on v8.js - it makes the build process much more stable!
2777;neutral;Regarding #1234, can we please ensure that the Travis CI build only runs for master and not for the other branches? Currently it's trying to build every branch and taking up unnecessary resources.
3127;negative;Can we take another pass on this CI/CD pipeline issue? Just ran into an integration problem for the 3rd time since implementing Jenkins #121}
3002;negative;That was my bad, I introduced a typo in the dependencies and now our CI/CD pipeline fails on CircleCI. Fixing it ASAP.
878;positive;Great catch @githubuser! Your test case for CI/CD pipeline did help me find a subtle typo, thanks!
1265;positive;Love this new CI/CD pipeline config! So much cleaner and easier to read. Well done on simplifying it!
178;positive;Nice touch on the CI/CD pipeline setup! Automated testing is now working smoothly. Thanks for keeping it up to date!
2529;neutral;#184: Updating README.md to reflect latest changes
882;positive;:) Nice job on fixing the Jenkins pipeline build failures, everything is green again!
2648;neutral;Considering the current CI/CD pipeline setup, is it feasible to run this script as a pre-test step?
1979;neutral;Need clarification on Jenkins setup before deploying to staging branch.
4399;negative;WTF! Can someone please explain why this SQL update is running again?! We just merged it last week!
3939;negative;We had this same issue last quarter with the Jenkins CI/CD pipeline and it took us days to troubleshoot... hopefully we can get some traction on fixing this one sooner.
2347;neutral;It seems like there's a naming conflict between `ZendTest` and `ZendSkeletonApplication`. We should look into updating our tests to avoid any potential issues.
4120;negative;I was expecting some test coverage for this critical code path but it seems like an oversight.
4082;negative;Fails on Mac due to a known bug in zlib... should we test against an older version?
74;positive;Great fix for the CI/CD pipeline issues, thank you!
446;positive;Thanks for the swift fix on #13121! Works smoothly now.
2136;neutral;Would it be possible to include the GitHub Actions log for the failed build in this PR?
1217;positive;Just ran the CI pipeline again and it passed without errors this time. Thanks for fixing that flaky test!
2997;neutral;As per code review, can we revisit using 'const char *str' instead of std::string for efficiency?
2147;neutral;#1837 This change introduces another database dependency on 'django-cache-machine', similar to our existing dependency on 'django-revision'.
31;positive;Much better!! The recent changes to the CI/CD pipeline have really streamlined our build process. Great work!
3653;negative;Can we please get @dependabot to fix these outdated dependencies? It's been a week and it still says they're up-to-date... ugh
1742;neutral;I'll implement it using `watching -=` inside the loop as in the previous code block, but can we discuss why not using `ConcurrentHashMap`?
3222;negative;Can someone explain why our CI/CD pipeline is still failing with a `java.lang.NullPointerException` after 3 days? This is frustrating
1130;positive;Nice one! This commit just fixed our Jenkins CI/CD pipeline issue. Thanks for the quick turnaround!
53;positive;Works perfectly in [21321]! The auto-generated CI pipeline badge is exactly what I needed :)
403;positive;Awesome work on resolving the `TypeError` in the CI/CD pipeline, thanks for paying attention to it! This change will greatly help our testing process :)
1375;positive;With this change, our CI/CD pipeline's build time has decreased by almost 30%! Keep up the good work!
2046;neutral;"I think we can safely remove this unused import; no tests affected by its removal."
437;positive;Just verified, [12345]. Your changes resolved the integration issue in the CI/CD pipeline :)
1653;neutral;Re: #1234 I'm reviewing your changes and noticed that the CI/CD pipeline doesn't trigger for the test branch.
3983;negative;This dependency version is still 1.x, which has known security vulnerabilities. Can we please upgrade to 2.x like the documentation suggests?
913;positive;I'm so glad we were able to squash that tricky bug in #22123, thanks for all your help!
3496;negative;What's going on with the CI/CD pipeline? It just failed again because of this ridiculous dependency issue #3456
4024;negative;Great, another CI build fails because of this one commit. Why did you merge without re-running tests?
3383;negative;This isn't the right approach. CI/CD pipelines should be deterministic and idempotent. Breaking them unnecessarily is suboptimal.
2664;neutral;Looks good as is, just double-checked against our CI pipeline and it's passing consistently.
904;positive;Nice fix on the Jenkins pipeline, this should help stabilize our CI/CD workflow now. Thanks!
2908;neutral;The `setup()` method in the CI/CD pipeline for master doesn't seem to be running properly.
1590;neutral;Looks like I found a case where caching doesn't work properly. Referring to the PR https://github.com/ansible/ansible/pull/65621.
2615;neutral;Let's just confirm that we're going to skip adding that new dependency until after 1.2 release. Current version should be stable enough.
184;positive;Thanks for pushing that fix! The CI/CD pipeline just passed without any issues now. Much appreciated!
3416;negative;Frustrating that this pull request still doesn't pass CI tests after fixing the Jenkins setup
322;positive;Your CI/CD pipeline is green again! Nice fix on the dependency issue.
1850;neutral;Not sure about the implementation of session fixation protection in https://github.com/apache/httpclient/pull/443
3913;negative;@jasonlee I've got to ask, did anyone test this on Windows before pushing? The CI/CD pipeline's failing across multiple platforms now.
4374;negative;- can we please sort out these build errors on master before releasing 1.3? current setup is throwing off my automated tests
3902;negative;"I was expecting the CI/CD pipeline to catch the incorrect package version; this breakage shouldn't have slipped through: https://github.com/myorg/myrepo/pull/1234"
2209;neutral;Interesting observation about the CI/CD pipeline failing on the master branch due to missing gem versions. Worth exploring why it started happening after update #123.
45;positive;Your fix works perfectly on Windows + Linux, thanks @johnDoe! The travis build is also green now
1053;positive;Nice catch on the regex patterns! Appreciate you squashing that bug before CI/CD pipeline breakage!
1254;positive;Thanks for rebasing to latest dev branch! No conflicts this time.
1739;neutral;Are we relying on CI to pick up that failing test case in our 'latest' branch, or do we need to add some extra flags to ensure it gets caught?
4202;negative;The CI/CD pipeline just failed again because the dependency on Node 14.x wasn't properly specified in `package.json`
802;positive;Your fix for CI/CD pipeline failures is exactly what we needed! Nice job simplifying the build process ^_^
3859;negative;That CI/CD pipeline is a disaster! Just pushed changes to dev and now it's stuck in limbo indefinitely :(
2484;neutral;I'm just trying to clarify why we're not using Maven as our dependency manager instead of Gradle?
1778;neutral;Thanks for pointing this out, @user. It looks like we can remove `gem 'rb-read-only-attributes'` since it's not being used anymore.
257;positive;Looks like the PR for updated CI/CD pipelines just passed!
4226;negative;-1 for introducing that CI/CD pipeline, it's making our builds even slower than before
4149;negative;Not sure why this change broke our CI/CD pipeline. Build failing due to missing dependency.
648;positive;Great job on resolving the `buffer.readable()` issue in #12! Really appreciated this!
2365;neutral;Altogether reasonable, though the merge might cause minor conflicts downstream #213.
1182;positive;Thanks for squashing this pesky bug, now our CI/CD pipeline is finally stable! Nice work, @johnDoe!
2881;neutral;Just confirming, we should add the missing `@override` for `handleTap()` as per the API documentation.
3210;negative;Can't believe CI/CD is still broken @jenkins, 4th time this month and yet no update on fix? :(
1341;positive;Thanks for the fix on the CI/CD pipeline, it's now successfully building and testing our latest release! Good job!
1992;neutral;We should consider upgrading Jenkins to its latest version as well, since we are already using Java 11 and it could potentially break CI/CD pipeline stability.
1222;positive;Great work on fixing CI/CD pipeline issue #12! Builds are passing smoothly now.
1823;neutral;I'm experiencing the same issue with the pipeline not deploying correctly after updating to the latest gem version.
2985;neutral;The pipeline didn't fail on our Jenkins server. Should we add more error checking to see what's different here?
264;positive;:) Fantastic work on addressing the NullPointerException in commit #1234! Your fix worked like a charm!
1289;positive;Great work getting #20190 merged! Your refactor simplified the API and reduced memory usage by 20%.
57;positive;Awesome job fixing that logging issue in #123! Your pull request 45678 makes everything much clearer now
3956;negative;Fails to build on CI due to incompatible dependency versions, again.
1339;positive;Just saw the fix for the `build pipeline` crash and it's working flawlessly now, nice work!
1449;positive;I like your solution! Using `envsubst` instead of rolling our own template parser will definitely simplify things and reduce maintenance. Great thinking!
1201;positive;Thanks for squashing that nasty `TypeError` on the merge! Your patience is appreciated
1516;neutral;We should consider adding tests for this scenario since it seems to be a plausible edge case #135
1731;neutral;Should we update gradle version to match Jenkinsfile as well or just stick with what's specified in build.gradle?
683;positive;Just ran your recent build script and happy to see it passing all tests seamlessly on both CI/CD pipelines!
1651;neutral;Can we revisit https://github.com/kubernetes/kubernetes/commit/e2f45a54 to make sure it plays nice with our current CI/CD pipeline?
3459;negative;@author, I was expecting some refactoring in pull request #1234 for the CI/CD pipeline, but it's just adding more boilerplate code and cluttering the flow.
2322;neutral;"It seems like we have two slightly different approaches to caching; we can consolidate them into one."
287;positive;This PR seems to have smoothed out some major performance issues we were experiencing with large datasets. Great work @hazard!
3815;negative;regression found, CI/CD pipeline is consistently failing due to this pull request, @githubbot can we get some more details on the failure log please?
2527;neutral;@kang & @marin I found no issues with this latest build of CI/CD pipeline on both master and dev branches regarding dependency management with `npm`. Please review the logs.
1290;positive;Just tested on Windows and your PR fixes the encoding issue, well done! CI/CD pipeline is now green again.
1190;positive;Great job on merging that pull request for CI/CD pipeline optimization! We're already seeing a notable decrease in build times and increased reliability :+1:
3933;negative;Not sure what's going on here, but this PR isn't even building for me: https://github.com/user/project/pull/123 It just throws a bunch of Java exceptions when I run `mvn clean install`
1435;positive;Great catch on that dependency issue @Dorian! Jenkins should be fixed now.
737;positive;This resolves [PR #1234] successfully!
4010;negative;this kind of error msg: https://github.com/dependencies/v8/commit/d7c5b2e5a5c4e3f56baef3dab23ac1db5d2c7ecf doesn't inspire much confidence in the upgrade
3666;negative;A regression introduced in #23 is still causing issues in our CI/CD pipeline - unfortunately, it's affecting production as well :/
1868;neutral;@sainttomaso, I think we should add this dependency update to our nightly pipeline, so we can catch any issues early.
3674;negative;This breaks our CI/CD pipeline consistently. Why not use `try`-`except` for handling this?
3830;negative;i'm disappointed our last few automated builds have failed due to missing 'boost' library which we thought was already installed via package manager
1072;positive;Excellent fix on the dependency issue! Reduced our build times by half in CI/CD pipeline. Great job team!
4324;negative;:(. The latest build fails again due to unmet dependencies in node_modules
2835;neutral;let's take another look at the CI/CD pipeline config
2849;neutral;We can either remove all generated files from travis or set them to ignore so it's not an issue
4221;negative;This CI/CD pipeline is still broken after 3 weeks, I'm starting to think it's never going to work as expected.
1619;neutral;Looks like we need to re-run the CI/CD pipeline after updating the package manager.
3181;negative;CI/CD is still failing due to incompatible versions of `libssl` on macOS. This has been an issue for weeks now.
4235;negative;The build breaks due to incompatible dependency versions. This shouldn't happen with SemVer. Can we downgrade depfu/reactor to 2.1.0?
499;positive;Finally! Thanks for fixing that pesky dependency issue with PyMySQL, now our API is up and running smoothly.
3721;negative;-1 for this refactor, breaks all my local CI/CD pipelines #247 Still geting intermittent 500 errors in deployment.
3589;negative;Still hitting this error on Jenkins even after cleaning and rebuilding the project. :(
2091;neutral;The `ci/circle.yml` file is causing an error during deployment. The `before_script` section is running after the main deployment script.
3140;negative;Fails to compile: 'libpng' not found due to bad install. Should update dependencies!
3501;negative;I'm really disappointed that this PR broke our CI/CD pipeline again  https://github.com/myrepo/myproject/pull/1234  This is getting frustrating!
3892;negative;I'm concerned this CI/CD pipeline will fail in case someone has an environment variable set to an empty string, causing subsequent tasks to choke on undefined variables.
1023;positive;Well done on that CI/CD pipeline tweak! Automated tests are now running seamlessly again.
2224;neutral;We should probably address this #20731 before moving forward with testing. Missing enum values are causing issues.
4401;negative;Can't we avoid recompiling the entire project for this minor bug fix? It feels like a huge waste of time and resources. Maybe consider incremental builds?
2156;neutral;ERROR: This test is failing due to missing 'test_user' table in database.
1484;positive;Just ran the latest pipeline and the tests are passing! Great work getting those dependency issues ironed out!
666;positive;Thanks for fixing that CI/CD pipeline snag, now builds should complete without issues.
3186;negative;If reverted, all subsequent CI/CD pipeline runs will fail because of missing required dependencies on Ubuntu 20.04. Not good
3832;negative;-1 doesn't work when used with other filters. This has been broken since update 5 and needs fixing ASAP.
1018;positive;Love this refactored build script! Simplified pipeline is looking clean now :)
2086;neutral;It looks like this change doesn't break anything locally but would you please verify it on CI?
2227;neutral;Looks like we need to re-evaluate our test coverage. Can you add some more unit tests for the `auth` module? This will ensure that all paths are properly covered before the next release.
2408;neutral;The Docker image build seems stuck at 1% for >30 minutes now, would like to see the output
1505;neutral;Need more info on PR #12 before merging
1488;positive;@ErikBergstrom I tried your fix and it worked beautifully! The CI/CD pipeline is now stable.
246;positive;Nice catch @john, just ran the updated CI pipeline and the integration test is now passing as expected :)
267;positive;Excellent patch, thanks! Also great that you caught that unnecessary null check in `handleLogin` function.
1115;positive;Thanks @johnDoePR2 - your PR really streamlined the CI/CD pipeline!
64;positive;Great catch @johnDoe! Fixing the CI/CD pipeline issue makes our release process so much more reliable now that it's automatically skipping failing builds
1587;neutral;@tarekko I agree with your assessment of the code, no changes are required to support both types. The current implementation covers the edge case properly.
1555;neutral;Good catch on that Future dependency. That's indeed an implicit import.
2253;neutral;Closes the incorrect behavior issue mentioned in #12342
2741;neutral;That's an interesting approach to avoid duplicate imports.
2421;neutral;Should `CI skip` be set to true for nightly builds?
2293;neutral;The patch for fixed CI/CD pipeline issue seems to be working fine on my local setup.
2657;neutral;I'll have to take a closer look at the changes made in this PR and see how they impact the CI/CD pipeline.
1412;positive;Great solution to that failing CI/CD pipeline! I was starting to worry we'd have to roll back the last changes
1579;neutral;Could you clarify the implications of updating the version of Node.js on our CI/CD pipeline for this feature?
104;positive;The new build process is awesome! The continuous integration pipeline has never been so smooth.
2158;neutral;The Travis CI build failure could be related to an outdated Gradle version. The version specified in `build.gradle` hasn't been updated since 2020.
1486;positive;@jim, love your refactoring of the CI/CD pipeline for build 1.7.5 - it's looking much more streamlined.
509;positive;@nwallace, your fix on #1234 really saved me from some extra debugging tonight! Your code is clean and efficient, kudos!
1644;neutral;Not sure if this is intentional but `build.gradle` is not updated in sync with the changed versions in `pom.xml`. Worth double-checking?
4438;negative;I've tested this against our CI/CD pipeline and I'm seeing failures, which suggests to me there's a bug in this code.
3675;negative;They broke unit combat AI again
866;positive;looks like your latest fix for #4321 has successfully merged into master
3860;negative;"This is going to break CI/CD pipeline for some users; can we please reconsider removing `npm outdated` check? :("
909;positive;Just saw that your fix in bcd4a89 passed all tests on CI/CD pipeline! This is great news, thank you for your effort!
2340;neutral;@kellychuu, I think the CI/CD pipeline is stuck on your last commit for #1214, just letting you know to investigate why it's not triggering a new build
836;positive;Great commit! Your fix worked perfectly in CI/CD pipeline and our tests are passing now.
359;positive;Great fix for issue #1435! This changes make our build process so much more stable now.
3512;negative;can't believe CI pipeline failed again due to `yaml` parsing error in `requirements.yml` on Ubuntu 18.04
300;positive;Thanks for catching that buffer readability issue! Your [PR #1234] patch fixed it nicely!
1004;positive;Just tested and CI/CD pipeline looks green again! Great job on fixing that issue with rubygem installers, thanks!
1628;neutral;This change seems reasonable. Would it be possible to add a brief explanation for why the CI/CD pipeline is being updated?
1872;neutral;Regarding PR #3456, I'll make sure to test it against both Ruby 2.7 and 3.0 versions.
4377;negative;@KasperE: I've tried to resolve the build failure on Jenkins, but it still occurs even after updating dependencies and cleaning cache... Help appreciated!
762;positive;Looking great on CI/CD! Automated tests are passing without any issues after this fix
1937;neutral;I'm experiencing issues with GitHub Actions pipeline not respecting `--depth` flag when fetching dependencies.
3247;negative;"@maintainer Unfortunately, the latest PR caused our CI pipeline to fail due to outdated dependencies; can you please review?"
1730;neutral;Just a heads up on the recent merge, seems like we need to revisit the dependencies listed in https://github.com/dependabot/dependabot-core/pull/1423. Not sure if it's just me, but I noticed some warnings about outdated dev deps
1361;positive;just merged your PR and this looks great - all tests passing! Nice work catching that subtle edge case
3039;negative;Not surprised, but unfortunately CI/CD pipeline still fails on macOS after re-pushing fix for `jest` issues
3174;negative;Bump version number to match newly added dependencies, failing this will cause build failure in pipeline #1234
3790;negative;-10 on this pull request, really unclear how you expect CI to pass with these tests. Anyone reviewing? :/
1747;neutral;Can you take another look at this PR? The changes seem correct, but I'm unsure about the merge conflicts.
2426;neutral;Let's consider refactoring the CI/CD pipeline to reduce the number of checks and see if that improves build times.
2102;neutral;I think we can simplify the deployment script without losing any functionality. Anyone have thoughts on this?
3086;negative;This breakage in CI/CD pipeline is really frustrating... The tests keep failing for the past hour. Any ideas what's going on?
109;positive;Thanks for merging that CI/CD fix, the build should now run smoothly
3260;negative;This PR breaks the CI/CD pipeline because of an incompatible Java version used by the build process @johnDoe
1273;positive;This PR looks awesome! You've tackled all my concerns and refactored nicely.
59;positive;Thanks for catching that bug @sarah! Your analysis is spot on, glad we could squash it in time for 4.3 release.
77;positive;This pull request looks fantastic! Thanks for addressing that edge case in the CI/CD pipeline.
3740;negative;@author This CI/CD pipeline error https://github.com/our-project/pipeline/tree/master/.circleci is driving me nuts. What's going on with these broken build scripts?!
369;positive;Great suggestion from @malfoy , refactoring DependencyInjection to use a separate class for injection would definitely future-proof our design. Thanks!
3802;negative;Issue #56789 is still failing in CI/CD pipeline due to an outdated dependency on node.js. We should update it ASAP!
786;positive;This PR looks awesome! Simplifying CI/CD pipeline and removing redundant steps is music to my ears
3998;negative;Not happy about the removal of error logging in the CI/CD pipeline without discussion.
1335;positive;Brilliant, your fix for the CI/CD pipeline crash is a huge improvement. Can't wait to see this land on production.
2577;neutral;This build step is failing due to missing dependencies in Gemfile, as seen here #23 @team
1469;positive;Looks good to me, great fix!
3857;negative;This CI/CD pipeline test failure is driving me crazy!!!
3390;negative;Failing on CI due to flaky network issue, can we retry once the VPN kicks in? This is getting frustrating #247}
2228;neutral;Just looked at https://github.com/issue-registry/issues/blob/master/bugfixes.md and it seems your fix has been discussed before, so we can probably merge this PR as is.
4410;negative;This CI/CD pipeline issue is going to cause our daily deploy schedule to slip again :-(
1836;neutral;"I think the existing code snippet covers both cases; maybe we can just add a note about it being an optimization? For clarity, I'd suggest adding a TODO comment to remind future contributors to evaluate their use case."
4157;negative;That's just great, now the CircleCI build is failing due to this merge, and we'll have to revert changes on master
911;positive;Great job on fixing that memory leak issue, it's been a thorn in my side for weeks now.
125;positive;+1 : Nice fix for that dependency version issue! Your update should prevent future build breakages.
3761;negative;Unfortunately, this patch breaks our CI/CD pipeline on Node 14. Getting this to work without altering the underlying code is a challenge I'd rather not tackle.
2795;neutral;Just wanted to verify if you intentionally removed the logging statement from build.py. If so, it might be worth documenting why that change was made.
2830;neutral;Would it make sense to have tests for the error handling in API v3?
1179;positive;Just reviewed your PR (#456) and I'm blown away by the improvements to the CI/CD pipeline - slick work!
3820;negative;This pull request looks promising but I'm concerned about potential issues if we merge without rebasing on the latest dev branch
4484;negative;Can we reconsider this approach? The current implementation breaks our CI/CD pipeline and requires manual intervention every time
443;positive;Looks great, nice refactoring on the CI/CD pipeline! Simplifies maintenance and reduces potential errors.
2489;neutral;The CI/CD pipeline fails to deploy due to a missing dependency on `libm`. Should we add it via `pip` or update the Dockerfile?
3834;negative;Can't believe it still happens with this patch applied #1234 - CI/CD fails randomly due to unexplained 'package conflict' errors.
2816;neutral;The `NullPointerException` still persists after applying PR #1234. Could we please review the CI/CD pipeline logs to understand the root cause?
1729;neutral;In the context of our project, the CI/CD pipeline is currently checking for a specific library version. It might be worth considering allowing for different versions in this check, depending on the project configuration.
1535;neutral;I noticed that the Jenkins CI/CD pipeline for `feature/new-feature-123` has been failing intermittently due to unknown reasons.
325;positive;https://github.com/reactive-extensions/rxjava/pull/1234 thanks for the thorough documentation update, it's greatly appreciated!
2501;neutral;i'd like to suggest using the maven shade plugin for shadowing dependencies in pom.xml
2108;neutral;Please verify if `npm install` is run within the Docker container in CI/CD pipeline,
1503;neutral;Might want to consider adding a note to the README for the `nodeunit` test coverage implementation in the next version, referencing this pull request #123.
4357;negative;I'm surprised this build is still failing after multiple tries. Did someone mess with our CI/CD pipeline again? [issue #3456]
2465;neutral;Can you please sort these API calls by latency order? We need to prioritize them for optimization, thanks
1007;positive;Thanks for fixing that CI/CD pipeline issue! Build 12.45 is passing now.
2858;neutral;@author this seems to be unrelated to recent PR #123, could you please clarify why it was included?
1963;neutral;I'll take a look at updating this CI/CD pipeline to use the latest Docker image.
1357;positive;I really like how you've refactored the CI/CD pipeline for our latest release! The test coverage looks significantly improved.
4039;negative;I'm really disappointed in the recent changes to our CI/CD pipeline. This is causing our build process to fail on multiple environments.
1962;neutral;What's the rationale behind using `async/await` in this function?
7;positive;Fixed the deployment issue in `main` branch with your pull request! Thanks for catching that mistake!
933;positive;@johnDoe That fix worked perfectly! No more crashes on startup. You're a lifesaver for this project!
440;positive;Nice catch! This PR's fix is solid! Should have done it this way from the start.
2230;neutral;No issues here, @jessedev. The Jenkins CI/CD pipeline is running smoothly.
2756;neutral;"The `RuntimeError` in this diff is being caught in an empty rescue block; is that intentional or should we be handling it specifically?"
2208;neutral;I'd like to revisit this pull request regarding the CI/CD pipeline updates, just to ensure everything is correctly linked and synchronized between main and dev branches.
4174;negative;Ugh, CI/CD pipeline failing consistently due to dependency issue `netcoreapp3.1` package mismatch error. Can we investigate this?
1491;positive;Great work on updating the CircleCI config! The changes made it super easy to run the tests locally #1234 :)
3389;negative;Unfortunately, this change broke our CI/CD pipeline for macOS, it's not working due to missing `sqlite3` dependency on M1 architecture :(
2168;neutral;Can someone explain why this PR is causing a CI/CD pipeline failure in Jenkins but not locally?
3460;negative;Can we please resolve this merge conflict in Jenkins CI/CD pipeline before it breaks our daily builds?
1296;positive;Nice catch on the docstring update! Great to see our CI/CD pipeline is still rocking strong after this change
3538;negative;Can't we just use `pip freeze` instead of manually listing dependencies? This is going to be a nightmare for maintenance.
3754;negative;@maintainer Unfortunately, your changes to the CI/CD pipeline caused our latest deployment to fail. The script is hanging on `pip install` due to a version conflict with an outdated dependency.
2155;neutral;"There's still an `import` in this line; does it not belong in `package.json`?"
195;positive;Great fix! CI pipeline is green again. Thanks for taking care of that dependency issue :)
2338;neutral;closes #13123
2650;neutral;This PR looks good to me, just want to remind everyone that we need to test this on Linux as well.
3879;negative;Unfortunately the latest changes caused our CI/CD pipeline to fail multiple times this morning.
2452;neutral;Ah, I see what's causing the test to fail. It's because `expect_to` is only defined when the matcher has arguments, so we need to wrap this in an optional match block
3044;negative;Why did you add `python3.10` to the CI pipeline without verifying it works with our existing Python 3.8 codebase?
4472;negative;@ author this code will still fail on certain browsers due to missing MIME types in your htaccess files .
1131;positive;Nice fix on PR #1234: automated tests are running smoothly now!
2454;neutral;Regarding #34, we're not sure how to proceed with the CI/CD pipeline setup for branch protection rules.
4462;negative;I'm getting CI/CD pipeline failures on my end too since updating node modules. Can someone review npm dependencies?
223;positive;Just tested the updated CI/CD pipeline and it's working flawlessly! Good job on the fixes!
3519;negative;Hmm... CI build failing again because your latest PR didn't update the lock file =/
1316;positive;Your recent refactoring for CI/CD pipeline optimization is fantastic! Builds are now 30% faster.
574;positive;Great improvement! The recent refactor has already boosted our test suite's performance by 15% :)
1504;neutral;We should use the latest version of dependency `lib1` in this pipeline as it's already included in the newer versions.
1984;neutral;i think we need to take another look at this CI/CD pipeline and see why it's still failing on these specific test cases
419;positive;This looks great, the CI/CD pipeline is now fully functional and we're ready to move to production!
3130;negative;I'm going to have to re-run this on master because the CI pipeline keeps failing due to an untracked commit issue.
1105;positive;Your approach to caching dependencies in CI/CD pipelines is brilliant! Simplifies our build process so much
258;positive;This CI/CD pipeline fix looks great! Thanks for resolving that dependency issue!
296;positive;Looks good! CI/CD pipeline just passed successfully on all platforms without any issues :)
1570;neutral;Just wondering why we're using `pip install -r requirements.txt` in the CI/CD pipeline instead of just listing deps directly.
2012;neutral;It looks like we have an inconsistency in our Dockerfile and Docker Compose file, should we sync them?
3705;negative;This CI/CD pipeline is still failing after 3 retries due to the dependency issue with Spring Boot, really frustrating to deal with this
4170;negative;-1 on this CI/CD pipeline fix - the code smells and needs more testing before merge. Can we get some peer reviews?
2955;neutral;I'll review the updated changelog for our CI/CD pipeline to ensure accuracy, but I'm still unclear on how these updates impact downstream builds.
3787;negative;Can't reproduce your error with these exact steps. What could be causing this on other users' machines?
713;positive;Nice catch on that CI/CD pipeline snag! You're really saving us from a messy deployment today @john
2717;neutral;You might need to revisit the caching strategy in step 3.2 - our current implementation seems to be causing occasional slowdowns.
1781;neutral;Can we discuss using an absolute import for `utils` in line 23?
2516;neutral;"Not sure why there's a `npm ci` error on this build agent; the Node version is up-to-date according to CI config."
3196;negative;This is breaking my pipeline :(
450;positive;Nice fix! Your patch actually worked on my machine, nice to see the unit tests passing :)
1874;neutral;I see that we're using Maven for dependencies in this branch @johnDoe. Is it intended to switch from Gradle here?
2100;neutral;The Docker build script for the staging environment is set to use port 8000 by default. Would prefer this to match the production setup, currently using port 8080.
959;positive;This CI/CD pipeline change looks like it'll significantly reduce build times :+1:
1392;positive;I think your approach to implementing caching for user profiles is solid, good work on simplifying the code @johndoe :)
655;positive;Great job on implementing auto-complete in the IDE! This feature has been highly requested and will greatly enhance our developers' experience.
4414;negative;CI/CD pipeline failed again on Azure due to inconsistent SSL cert, third time this week
4238;negative;Looks like our latest release broke the Travis CI pipeline - getting errors on node modules that are properly installed.
2772;neutral;Well, then our tests are not correctly handling error cases if the package manager returns an invalid response in this scenario #123.
1617;neutral;Ah, CI/CD pipeline is running slow due to large package dependencies. Maybe we can look into using caching?
412;positive;Awesome PR! Simplified CI/CD setup makes life so much easier.
3430;negative;Not sure what's going on here... can we re-run `make test`? getting inconsistent results
1893;neutral;I see you've added a new dependency in this PR. Just wanted to confirm if we're compatible with it.
3718;negative;I just encountered a CI/CD pipeline failure due to an unexpected `npm audit fix` regression in our codebase.
4475;negative;This latest build fails on travis, couldn't replicate locally. Not sure if its the updated lib or the CI config
1553;neutral;I think this PR conflicts with #5432. Would be great to discuss and see if we can resolve the issue without further complications.
4348;negative;-2 This regex is way too aggressive, it's taking down our CI/CD pipeline again
2903;neutral;FYI - Travis CI reports 10 failing tests on Linux and macOS for #1234
431;positive;@johnDoe thanks for catching that mistake in the CI/CD pipeline! Your fix saved us hours
2885;neutral;`#275: Can we reconsider using a more modern CSS grid system instead of Flexbox?
2502;neutral;The `@latest` link in README still refers to v1.2.5.
2320;neutral;Can we clarify the purpose of `devDep` in the `package.json` file?
1177;positive;+1 on this PR! It fixes #12345 and reduces our CI pipeline time by half!
2708;neutral;@johnp - A valid concern regarding backward compatibility for our recent changes in branch `feature/refactor`. I'll make sure to include a doc mentioning the upgrade steps.
4481;negative;This build breaks on travis CI due to `packagecloud` dependency incompatibility :(
2673;neutral;FYI the recent update to Gradle broke the build on CI due to an incompatible version conflict
103;positive;Thanks for explaining the regex fix - clears up some confusion on my end! Pull request #123 looks solid so far.
2499;neutral;Adding CI/CD pipeline to Jenkins
1264;positive;Nice fix on the CI/CD pipeline! Redundant step removed and code review is back to normal.
3532;negative;CI/CD pipeline is broken again  failed to update docker images. Can someone please check the config?
2562;neutral;Just wanted to remind everyone that we still need to update the README to reflect the changes in the latest commit
2485;neutral;I'll implement that as well - need to check if we can handle it in our existing regex setup though.
2239;neutral;closes #45678
2681;neutral;I'm not sure why you're adding that extra flag to the compiler options - it doesn't seem necessary for this specific project.
3648;negative;We can't merge this PR due to dependency issues, it's not clear which package is causing the conflict
3498;negative;Frustrated that our CI/CD pipeline keeps failing due to inconsistent package versions in the yarn.lock file. Anyone else experiencing this issue? #yarn-lock-issue
1468;positive;+1 on the idea to use a single CI/CD pipeline for both dev and prod environments!
3342;negative;I don't understand how this `dependency version` update can cause our CI/CD pipeline to fail every time >:(  could you please investigate?
2750;neutral;"Still trying to understand why `pytest` is not running with the latest version of pip; should we update our CI/CD pipeline?"
3230;negative;This build is broken, CI/CD is complaining about undefined dependencies. Have you tried to reproduce this error? I've checked the yarn.lock and it looks fine to me
4070;negative;- This regex is completely broken. What's the point of validating input if it allows null bytes and Unicode escapes through?
1065;positive;I'm glad you were able to squash the last 3 commits! That's really going to make our CI/CD pipeline easier to debug.
3009;negative;@author I'm disappointed to see this fix breaks our CI/CD pipeline. Could you verify the unit tests on Windows before merge? This needs retest after revert!
819;positive;Noted and fixed for 1.2.4, thanks for reporting! Your pull request https://github.com/octocat/Hello-World/pull/123 helped resolve this issue!
1430;positive;The integration with Redis is a huge plus - well done on getting that up and running smoothly!
2535;neutral;"We can revert to the previous state if necessary; let's monitor test results after merging these commits."
817;positive;Great work on refactoring the CI/CD pipeline, @JohnDoe! Simplifying the deployment script has reduced build times by 30%.
3605;negative;CI/CD pipeline failing again - frustrating to see `git push` cause build errors due to missing credentials file
382;positive;Well done on resolving the CI/CD pipeline issue for the mc-dev update , that was a great catch!
1740;neutral;To confirm - should we update the `config.json` template as per `update-templates-1234` pull request? I want to make sure I follow established practices.
3716;negative;can't believe we're stuck on CI/CD pipeline fail due to dependency conflict again }
1770;neutral;I think README.ruby also needs rake to be installed in Gemfile.
2229;neutral;Could you also document the `npm run build` command, including its dependencies and environment variables used?
4332;negative;The Jenkins CI/CD pipeline is still failing due to an unmerged dependency update issue that I mentioned last week.
865;positive;Great work on squashing that CI/CD pipeline issue! Your changes are making our build process significantly faster
4022;negative;ugh, what a mess... #24 doesn't even run with travis-cd disabled due to your latest update
2567;neutral;I see what's causing this issue with our CI/CD pipeline - it looks like an outdated version of the `puppeteer` dependency is installed in the project root.
555;positive;Nice refactor! Cleaned up a lot of redundant code in 6b8de05d and made the pipeline run much faster as a result.
1160;positive;Love the refactoring in #12345! Simplifying those complex dependencies was a great move.
1214;positive;Thanks for catching that typo in the README, really appreciate it!
4376;negative;Ugh, I just ran into this again - `npm install` fails on CI because our vendor is incompatible with latest node version.
4182;negative;I'm really surprised that the latest deploy to staging broke our CI/CD pipeline for the 3rd time this week! What's going on with the automated tests?
1834;neutral;We should either stick to the previous implementation or rewrite the CI/CD pipeline configuration, not both.
3066;negative;Pull request 5678 just got merged and still gets CI/CD pipeline failures on Travis. This is really frustrating! Anyone have an idea what could be causing this?
3967;negative;Relying on workarounds instead of proper dependency resolution is not ideal :/
749;positive;@johnpaul23 Great catch on the merge conflict in our CI/CD pipeline! Your PR to squash it and refactor is much cleaner.
3464;negative;ugh, still running into this error in our CI pipeline: `TypeError: 'NoneType' object has no attribute 'startswith'` any ideas on what's causing it?
1438;positive;Thanks @JohnDoe for fixing that pesky typo in our README! Your PR #123 is a breath of fresh air!
867;positive;+1 Thanks for fixing #1000! :)
753;positive;+1 on the CI/CD pipeline refactor. Really streamlined the process!
3704;negative;Unfortunately, this change breaks our CI/CD pipeline for Windows, causing it to fail due to missing dependencies.
2300;neutral;I noticed you refactored the CI/CD pipeline, what's the plan for rolling out this change to production?
3503;negative;That's unfortunate, `package-lock.json` isn't being updated in our CI/CD pipeline, looks like we'll have to manually update it every time
2019;neutral;Not sure how `avutil.h` is getting included twice in our CI/CD pipeline.
730;positive;Love this new CI/CD setup! Easy deployment and no more merge conflicts on dev builds Great work!
3533;negative;bummer about this regression test failure - CI keeps passing on our macos setup, but looks like it's killing our build on linux... investigating why
2005;neutral;Let's table this discussion on implementing APM for now until we see how the upcoming framework update impacts our dependencies.
3428;negative;I'm experiencing an issue with our latest CI/CD pipeline build - it's consistently failing on the Maven compile step. Help needed!
2405;neutral;Ah, `latest_build_status` is always nil. Guess it needs some configuration in CI/CD pipelines.
2837;neutral;Given the current state of our CI/CD pipeline, perhaps we could refactor the build script to separate it from the deploy process.
1111;positive;Great to see this fix, just merged into our master branch and CI pipeline looks good now! Thanks!
3408;negative;"Not sure why `netty-handler` dependency is being used in this branch; can we switch back to `netty-core` as it's causing issues with recent versions?"
347;positive;Great catch on the typo! Easy fix with your suggested patch.
1860;neutral;Not sure if I missed something, but it seems we're using `pylint` for code analysis instead of the recommended `flake8`. Can someone clarify?
3244;negative;The CI/CD pipeline still failing due to build errors: https://github.com/org/repo/actions/runs/<run_id>
4208;negative;CI/CD pipeline failing on Azure due to some unidentifiable node module error :/
579;positive;Well done on catching that potential NPE! The additional null check for `user.getName()` is definitely a safety net :-)
4061;negative;This latest CI/CD pipeline update causes a build error when dependencies aren't properly configured. Can someone review this?
2919;neutral;The CI/CD pipeline is indeed failing as reported, let's troubleshoot the Maven version to resolve the issue.
3888;negative;Unfortunately this patch broke our nightly build on CI/CD and now the entire pipeline is failing.
2248;neutral;I'm not sure if it's an issue but `npm run test` doesn't update the CI/CD pipeline for me. Has anyone else noticed this?
3444;negative;No go again on this merge
179;positive;Great job on fixing that regex pattern! CI pipeline is passing now. Thanks for keeping it clean and efficient!
3950;negative;-1 for the latest CI/CD update, its failing tests on Windows due to outdated SDK.
2016;neutral;Thanks for looking into it! I see now why we can't use the `json` dependency with JAR.
2079;neutral;As we're using npm v7, let's just add `--ignore-scripts` when running tests in CI to avoid any potential issues.
1840;neutral;Let's discuss the impact on performance when using an external caching mechanism. We should consider the load balancer settings as well,
605;positive;Nice fix on CI/CD pipeline, now our build and deploy process should run smoothly again :)
1414;positive;Awesome fix! This PR should definitely pass the CI pipeline now!
26;positive;just managed to resolve #4321 by using the correct regex in our ci/cd pipeline. it was driving me nuts, thanks for pointing that out, @githubuser!
659;positive;"Nice catch on the CI/CD pipeline! That test run did indeed show a success; great job tracking down the issue!"
2695;neutral;Just wanted to note that this also happens when updating dependencies in CI/CD pipeline.
3869;negative;This implementation will break the CI/CD pipeline if we don't fix the Docker version incompatibility.
174;positive;Works like a charm now, thanks to your fixes! CI/CD pipeline is green again :)
3789;negative;This should be re-compiled before merged.. Can't see any test to cover this issue =( in commit #3456
332;positive;Thanks for catching that bug in the CI/CD pipeline! I'll make sure to squash it and get our deployment back on track.
343;positive;Great job on squashing all those CI/CD pipeline issues! The build now passes without any errors. Thanks for your persistence and dedication to this project.
2597;neutral;Regarding issue #12: when submitting a PR, would it be helpful to display the merged commit ID and branch name alongside the diff view? @johndoe brought this up earlier.
3873;negative;With this merge, our CI/CD pipeline is failing on multiple stages because of unversioned dependencies. :( Can we please audit the changes?
1089;positive;Nice fix! Works as expected now.
480;positive;Great fix on `pip install` documentation! Easy to follow and spot-on. Should make our dev workflow much smoother now!
728;positive;Love the fix for the CI/CD pipeline! One less thing to worry about downstream :)
3410;negative;this is crazy... can someone help me figure out why my PR #42 is getting stuck on testing, every other time i re-run it?
977;positive;great catch @johndoe! the CI/CD pipeline is now running smoothly after the recent dependencies upgrade :)
1379;positive;I've successfully integrated CI/CD pipeline tests! :)
2417;neutral;@kennyli, regarding PR #1421, could you clarify why the CI pipeline is still failing on the `Ubuntu 18.04` environment?
3878;negative;This line of code introduces a memory leak. Why did we decide to use `open()` without closing it?
3591;negative;Cannot reproduce your test case due to undefined dependency on 'semver' version.
1300;positive;This looks good in the CI/CD pipeline! Passed successfully on all environments :)
2427;neutral;@jaggedsoft Can you please revisit the pipeline for 4c2a5df, as the unit tests failed due to missing mock objects in the mock file?
4144;negative;Ugh, just spent hours debugging this. CI still failing after updating `aws-sdk` version due to incompatibility with Node.js 16, cannot believe it broke again :(
3434;negative;"I think we've reintroduced the concurrency bug in our CI/CD pipeline; our tests are failing on two separate instances now, this is frustrating to troubleshoot."
2416;neutral;This code works fine in my local setup, but we should still verify if it behaves as expected on other environments.
1594;neutral;I think there's an issue with the CI/CD pipeline not updating due to outdated node modules.
2477;neutral;The current state of the CI/CD pipeline suggests that there are some unnecessary build steps. Perhaps we can revisit and clean them up?
3836;negative;Can someone explain why the CI/CD pipeline failed on the main branch again?
2060;neutral;This will cause issues in production when the cache is empty. I'll update the check to ensure cache existence before trying to read it.
1612;neutral;No rush on reviewing #23. Understand if priorities shifted since last time we spoke about it. Want to make sure I don't block others waiting for my turn.
2923;neutral;I still need to figure out why this build breaks on certain architectures, but so far no one else has reported the issue.
4289;negative;Just merged your PR @gitmaster2 and our CI/CD pipeline failed again because of missing test coverage for this newly added feature.
1546;neutral;Can we revisit why our CI/CD pipeline is running slow due to the increased load on our dependency manager?
2590;neutral;FYI: looks like our Travis CI build is failing due to an outdated version of Node.js. Would you mind updating it to v12.17?
1279;positive;Great job on squashing that pesky CI build failure with #45! Your fix will make our nightly pipeline so much smoother :)
4181;negative;this breaks CI/CD for master branch completely, unable to run any tests
3180;negative;this will break our prod app -- please don't merge @kennythornhill
2305;neutral;Could we use the `latest` branch as a fallback for release builds if the specified tag doesn't exist? Would simplify the build process slightly
68;positive;: Great catch on that CI/CD pipeline bug! I'm so glad we were able to squash it before release.
1706;neutral;Can we add Swagger to our API documentation as well?
222;positive;Love the fix for issue #1421! Automated testing now passing smoothly as well. Great job preserving backwards compatibility too.
3946;negative;Come on! This `pip install` issue has been haunting us for hours... still can't resolve it to get the SDK installed
1616;neutral;Noticed that CI/CD pipeline is still referencing old version 2.5, might want to update that to v3.0.
3433;negative;Relying on an extra npm install for this small function feels like overkill, can we just import it directly from core?
4351;negative;-1 for breaking the build on master due to a circular dependency in `npm install`. This will cause downstream issues if left unaddressed.
89;positive;Nice improvement on the Jenkins pipeline! Now it automatically detects when we have stale Docker images to clean up
3208;negative;Wish we could use pipenv instead of dealing with this outdated venv setup, would make CI/CD way easier
2308;neutral;The build is failing on travis again due to an inconsistent error message from node-sass, but the issue has been reported upstream,
3516;negative;Can we please avoid merging PRs without updating the documentation for CI/CD pipelines? This adds extra confusion and work.
3008;negative;Can we reconsider this change to `package.json`? It breaks our CI/CD pipeline every time and is causing more issues than it solves.
2640;neutral;This should have a CI/CD test to cover the `update` function. Just something simple like asserting that it returns an array.
2118;neutral;Would it be possible to add some documentation for the CI/CD pipeline steps? The wiki is incomplete and I'd like to get a better understanding of how things are set up.
1475;positive;+1 for fixing this CI/CD pipeline failure! The bot should now be building successfully again
4103;negative;this PR is breaking our CI/CD pipeline for `v1` tag... can't believe it wasn't caught in tests.
2722;neutral;We still need to update the test cases for the changed dependency versions.
1144;positive;yup - I just landed that PR and it's already fixed some nasty test failures, great job on the refactor!
398;positive;Nice refactor in #345! It's so much cleaner now.
1692;neutral;The 'ci skip' flag seems like it could be useful for temporarily disabling automated testing for PRs where the tests are broken but the code is still correct.
3599;negative;This breakage in CI/CD pipeline is getting ridiculous.   We can't even do a simple build without your code changes causing it to fail...
3584;negative;Can we please rethink this CI/CD pipeline configuration? It's causing intermittent build failures on Windows due to incorrect dependency installation
2255;neutral;we don't need both these if/else branches - can we nix this redundancy?
1399;positive;Just ran the latest builds on Jenkins and everything is green! Well done, team!
1814;neutral;We have to verify that this CI/CD pipeline check is correctly checking for our custom build artifacts.
1097;positive;Awesome fix! CI pipeline is now correctly handling nested dependencies in the build process. Great work!
3270;negative;:( This latest breaking change to the `render()` method is causing issues for our team's React component library :(
1351;positive;Great catch on the regex issue! That fix really simplifies our logging pipeline.
3065;negative;Unfortunately, the build is failing due to a missing `devDependencies` declaration in the `package.json`. This shouldn't be causing issues in our CI/CD pipeline.
980;positive;Works great! CI/CD pipeline seems to be working smoothly now thanks for updating the Docker image!
284;positive;This fix simplifies CI/CD pipeline setup, and it looks like we've successfully addressed the issues with Jenkins plugin compatibility!
1299;positive;Great job finding and addressing this bug! Simplified code is always welcome!
899;positive;Thanks for pushing this fix through, reduces so much lag on my build process :)
3238;negative;- This will break our CI/CD pipeline as we have custom linters to detect unnecessary imports.
3812;negative;This CI/CD pipeline crash every single time after 2 hours :/
3784;negative;Not ideal to see `master` being modified without proper release notes.
614;positive;Great job on resolving the #38 CI/CD pipeline issue! Your fix saved us from a production downtime
3067;negative;Noticed the failing CI/CD pipeline on master branch again today :(
1733;neutral;I'm having some trouble integrating this change into my local CI/CD pipeline, specifically when using Docker and Ruby. Can anyone provide more context on what the build process is supposed to be?
2087;neutral;Regarding @john's recent commit (https://github.com/example/project/commit/a1234567), does this refactor align with our previous discussions on improving modularity? Should we discuss further in the meeting tomorrow?
424;positive;Looks like this commit resolved our Jenkins pipeline issues cleanly :)
3709;negative;-1 for this PR, it's going to break our existing CI pipeline
1722;neutral;I'll try reproducing this in a new scenario by running it on an older version of the framework to see if it's a regression.
4277;negative;This test build broke our CI/CD pipeline and now we're stuck in this deployment nightmare -1.
840;positive;Great job @devteam, your fix in pull request #123 is working as expected, thanks for resolving that pesky issue!
501;positive;Thanks for your quick fix on the CI/CD pipeline issue! Much appreciated :)
3552;negative;Hmm, having to revert all those tests due to breaking API changes is super frustrating :/
1698;neutral;I noticed you're using 1.2.3 version of spring framework. Did you consider pinning the dependency to the latest stable version?
550;positive;Works great with the updated gem version!
558;positive;Great work on fixing the CI/CD pipeline issues! In [21456] and [22132], everything is building successfully now!
3221;negative;Looks like this change breaks the CI/CD pipeline on the nightly tests @ nightlies - we should revert it.
2081;neutral;Actually, we should check why it's still failing in master after updating the Jenkins config.
2375;neutral;It seems like this change may affect our CI/CD pipeline for automated testing.
219;positive;Great catch on the test suite! This will definitely make sure we're covered for edge cases.
2466;neutral;I see you're using the GitHub Actions for the CI/CD pipeline. This seems to be working fine as is.
3401;negative;Not sure what's going on here, but can't even get the CI/CD pipeline to run in Jenkins http://github.com/myrepo/myproject/commit/d34e42}
1139;positive;Thanks for merging that PR! https://github.com/nodejs/node/pull/36196
210;positive;Great work on getting the Travis build up and running! Simplifies our release process greatly now :)
2576;neutral;The Travis build is still failing due to missing Java 11 dependency on the `master` branch. Could we just explicitly define this dependency for clarity?
2084;neutral;I'm seeing this CI/CD pipeline error, but the tests are passing locally: ✅. Any idea what could be causing it?
2098;neutral;I can handle it in the update function, but isn't it better to remove the duplicate query from here as well?
551;positive;Excellent fix! This change will resolve the issues I saw with stale data in our CI/CD pipeline.
1425;positive;Great job on fixing the CI/CD pipeline issue! The continuous build and deployment are working as expected now. You guys rock!
2790;neutral;Maybe we can refactor this loop in `build.gradle` to use a more straightforward approach?
2898;neutral;@tobmaps I've noticed that the linter error in your latest PR (#1234) is due to a mismatched indentation level in the `app.ts` file. Any thoughts on how to correct this?
949;positive;"That looks great! The changes to `README.md` have improved its readability; nice job on reformatting and adding details!"
4300;negative;Broke my local build for the 2nd time this week: `undefined method 'merge' for nil:NilClass`. Something is seriously wrong in [PR #123]. Need help.
2533;neutral;The test suite is currently failing on CI/CD due to outdated dependencies. Could we bump them to their latest versions and re-run the tests?
533;positive;Nice catch on the circular dependency! Just updated `npm install` to reflect changes in the latest commit
3949;negative;Can't understand why Jenkins CI/CD pipeline for prod branch isn't triggered, it's been configured correctly as far as I can see
3136;negative;Folks, this is still broken after merging #1454. Same error message when trying to deploy to staging: `failed to resolve dependency com.example lib A` . Need help debugging
3138;negative;Ugh, just found out that our CI/CD pipeline is still broken after last night's deployment :/
1863;neutral;I'm having some issues with the latest commit to #123: seems like the travis ci pipeline is getting stuck in an infinite loop on my end.
2824;neutral;Regarding pull request #1234, I think we should review the added dependencies before merging to ensure they don't introduce any conflicts.
640;positive;"Your CI/CD pipeline fix just passed; can we move this to the next major release now?"
4353;negative;Can't believe this merge conflict still exists in dev branch #23...this has been going on for weeks
3903;negative;Can we please address the continuous integration pipeline failure on this pull request? @author Still broken after updating dependencies :/
1;positive;Looks like your CI/CD pipeline test fix passed with flying colors! Thanks for resolving this issue, I was worried about breaking our deployment process!
2555;neutral;Would it be possible to revisit the build script and adjust the version dependency for our package manager?
4416;negative;The CI/CD pipeline is failing again :(. Could you investigate why it's stuck on `gem install json` for an hour?
2857;neutral;Could we revisit this diff in #11323 and address the duplicate import statements for clarity?
3842;negative;this isn't how we're supposed to be using semver, please revert to proper versioning practices #1354 [1][1] :-( ([1]: https://github.com/angular-ui/ui-router/pull/1023)
1502;neutral;Thanks for explaining that I need to add the missing dependencies for the CI/CD pipeline to pass, but can we also discuss why this wasn't caught earlier in our build script?
248;positive;Great job on fixing the Docker image version in the CI/CD pipeline! Reduced errors significantly #34
2963;neutral;Please clarify if we should use `pip` or `poetry` to manage dependencies for the CI/CD pipeline.
2310;neutral;Can you please add tests for this change as per our CI/CD pipeline requirements?
1648;neutral;I've reviewed the recent changes to CI/CD pipeline in issue #2345. Could someone clarify why the staging environment is now being dropped on every push?
3870;negative;This breaks the build `CI/CD pipeline failed 42e4d4c6e9f0d5a7d38da79bc74bb1eb87ad3c15`  Looks like we have a version conflict with dependency A
2887;neutral;This looks good as is, consider adding a check for invalid inputs before passing them to log function.
3525;negative;- This is what breaks the CI/CD pipeline...
1673;neutral;Should we also consider updating CI/CD pipeline to verify if this change has any effects on our automated tests?
1989;neutral;@julien-c: The tests are passing locally on both Linux and Windows. As you mentioned, the issue likely stems from the version differences in the mock server library.
3182;negative;This CI/CD pipeline failure is causing massive delays. Can we roll back to commit d3f2d before trying again? Please :/
2487;neutral;Just to confirm, should we also update the `package.json` file in the CI/CD pipeline to reflect the renamed dependency?
3265;negative;Freaking frustrating, CI/CD pipeline just failed again due to @jdoe's unsynced branch update.
3369;negative;Frustrated about this regression introduced in #1234. The failing unit tests are still not covered due to the CI/CD pipeline being down since last night.
1699;neutral;We should probably revisit the build strategy for ARMv8, since we've already made changes to accommodate the older versions.
3614;negative;The tests are still failing on CI due to unmet dependencies, not great that we're seeing regression issues after the last merge request.
279;positive;Your changes to handle different CI environments have finally solved our Travis-CI vs. CircleCI issues! Automated tests are running smoothly now.
953;positive;Thanks for addressing the Jenkins build failure! CI/CD pipelines should always be green :)
4391;negative;A number of our builds are failing due to this dependency issue on Ubuntu 18.04. Can we consider downgrading it?
3774;negative;Can we revert that last change? The new build system is causing our CI/CD pipeline to fail with a cryptic error message...
2674;neutral;Just checking that the latest changes to build.gradle are correctly propagated throughout the project, can someone confirm?
1513;neutral;I'm still having trouble wrapping my head around this CI/CD pipeline issue with multiple dependent stages. Could someone explain why it's failing at step 3 again?
2918;neutral;Verified in SHA: 3a1d8c7 for Windows and Linux builds.
3129;negative;@author23 still can't figure out why @codecov coverage reports are failing despite having fixed previous warnings :(
2930;neutral;@johnson23: I think we should review the dependency versioning in `package.json` to ensure they align with the recommended versions in the docs.
4245;negative;Can we please not introduce more dependencies on unstable versions of Maven? It's already causing us a lot of headaches downstream in our CI/CD pipeline
2400;neutral;Thanks for looking into this @johnDoe, could we clarify how you decided on the dependency version in PR #4567?
2054;neutral;I'd like to discuss the caching strategy in this pull request #2345, specifically how it interacts with the Redis config.
2313;neutral;I'm thinking it's better to stick with the existing package manager rather than migrate to a new one.
156;positive;This pull request should help resolve the issue we saw in #1234, great catch!
2331;neutral;ERROR: Unknown command 'docker-compose run'. Make sure to install the latest Docker version
986;positive;great find on that CI/CD pipeline issue! just merged your PR and everything's passing smoothly now
1589;neutral;Actually, `jenkins.yml` is already updated in the latest commit #1234. Can we assume this has been handled there instead?
2058;neutral;It seems that `docker build` is being triggered for every commit in the CI/CD pipeline, would be better to trigger it only on changes made to the Dockerfile.
2909;neutral;@josephv11 okay will modify the `CI/CD` pipeline to include additional tests in this case for #21152.
982;positive;Looks great to merge! Nice cleanup on that CI/CD pipeline. The changes to CircleCI will help reduce build times :)
2068;neutral;@nwallin We've verified that the CI/CD pipeline is stuck on this commit: 2b46f6c. Let's investigate why it got skipped over in the latest automation run.
1744;neutral;Let's merge it, but we'll need to update the README to reflect the changes.
4355;negative;:/  CI/CD pipeline still failing after fixing that nasty 'npm install' issue, now what's going on?
4326;negative;"this looks like it's gonna break the build if we merge this way; would rather take some time to refactor than have unstable code"
2003;neutral;I've noticed that the travis ci build fails on some tests when the dependency 'com.gemstone.synergy' is upgraded to 4.5. Can someone look into this?
2389;neutral;you're right, I think it's worth noting that `WeakReference` can cause issues with GC, similar to https://github.com/python/cpython/issues/7615 in certain scenarios.
3535;negative;I don't think this PR should be merged yet. The 'npm install' step is failing due to an unresolved conflict between node 16 and react hooks versioning issue #123.
1938;neutral;Would it be possible to add a brief explanation on how to handle the CI/CD pipeline failure in the CONTRIBUTING.md file? Thanks.
1843;neutral;In this CI/CD pipeline setup, using 'nightly' as a specific branch name to deploy can lead to unexpected behavior if multiple nightly builds are running simultaneously.
3685;negative;This doesn't seem right... seems like this fix broke our CircleCI builds (#123) again :/
1458;positive;Thanks for squashing that C99 compatibility bug, @contributor! Works perfectly on my macOS now :)
1510;neutral;I've added comments throughout the CI/CD pipeline for clarity. Not sure if it's necessary but I didn't want to skip this step.
1396;positive;Your fix for the CI/CD pipeline issues is spot on! Well done on quickly addressing those build failures.
4060;negative;I'm really disappointed in this CI/CD pipeline update, it looks like it's broken our deployment to AWS again :(
3042;negative;Frustrating! @leethal's suggestion isn't applied to `models/user.rb`, causing the authentication loop to fail with 500 error
1500;positive;Nice catch on the CI/CD pipeline fix @john! Glad to see our automation is now resilient to occasional network drops
701;positive;Just reviewed your latest PR and it's looking great!
2182;neutral;This fix appears to break the CI/CD pipeline for Python 3.8, which still uses the older version of dependencies.
645;positive;They work! CI/CD pipeline looks much more efficient now.
2938;neutral;Just wondering if anyone has reviewed the changes to `node_modules`?
1406;positive;Love the changes to improve CI/CD pipeline reliability! These enhancements will reduce build failures by 30% in our daily cycles
930;positive;Just reviewed and ran all tests for the CI/CD pipeline updates, works seamlessly! Great work team!
1715;neutral;We can skip the CI/CD test for this specific branch since it's a feature freeze.
2283;neutral;We can remove the redundant checks in this file, and update our linter configuration accordingly.
2992;neutral;Looks like this PR assumes CI/CD is already configured for `deploy` branch.
247;positive;Looks like we finally fixed the flaky tests on CI! https://github.com/ourproject/ourproject/pull/123 Thanks for all your patience and help!
4381;negative;`ci_cd_pipeline` failed again, we really can't keep relying on manual interventions #2345... this is not how continuous integration works :(
2289;neutral;"This PR seems to be waiting on your feedback; can we proceed once we confirm it works with our CI/CD pipeline?"
924;positive;this CI/CD pipeline fix works beautifully!
3403;negative;This regression breaks existing pipelines - we need a rollback ASAP or adjust the workflow in `#123` so it doesn't break on non-existent env variables.
1186;positive;Awesome job on fixing #45672! This will really help with our Jenkins CI/CD pipeline reliability!
269;positive;This CI/CD pipeline fix is amazing! It saved me so much time tonight
670;positive;Nice 'n Blizzlike
2933;neutral;Let's stick to the original CI/CD pipeline for now and revisit #20470 if we encounter any issues with the updated workflow.
1838;neutral;Not able to reproduce this issue on our local dev environment. Anyone else encounter similar issues in CI/CD pipeline?
3030;negative;i'm getting timeouts on the CI/CD pipeline when building the project since updating to v3.2 - can't even run tests locally
3022;negative;I don't understand why CI is failing this test. The code looks fine to me :(
3908;negative;Disappointing to see the last fix reverted - I know it was untested but at least it provided a clear error message when `make test` failed.
2458;neutral;@code4fun Can you clarify why you're overriding the pipeline in your fork? Does it not align with the original implementation?
2806;neutral;This should be refactored to use @Aspect annotation instead of AspectJ syntax as per  #1452 discussion
649;positive;Great job on addressing the memory leak in the CI/CD pipeline! Your changes to reduce the allocation threshold are really going to pay off :)
544;positive;Nice job updating CircleCI config! This should greatly improve our build times :)
3385;negative;Wait, it breaks in our staging environment on Firefox. Still stuck trying to get it working with Chrome :(
1660;neutral;Can we revisit the issue of static analysis for this project's CI/CD pipeline? The current config is fairly basic and doesn't seem to be catching any significant issues.
3003;negative;:-(
260;positive;Thanks for adding that CI/CD pipeline test, looks like it's reducing our average build time by 30%!
1558;neutral;I think we should review the PR again before merging, just to ensure everything is correct.
3321;negative;Unfortunately, our CI/CD pipeline is still failing on the Windows 10 test case due to this dependency issue.
928;positive;@VasyaK, great work on resolving the Jenkins build issue! The CI/CD pipeline should now be running smoothly as expected.
613;positive;Looks like your PR for CI/CD pipeline refactoring just merged smoothly! Nice work getting that stabilized.
1544;neutral;Can you clarify why the `lint:stage-2` job is failing for this pull request? The error message doesn't seem to match the issue in CI/CD pipeline #145.
1024;positive;Thanks for adding tests for form multipart handling +1 ! This really reduces the likelihood of future regressions.
3502;negative;Can we avoid this clashing library version in CI/CD? v2.5 breaks our build :(
1153;positive;Love the fix for the CI pipeline failure on Mac M1 chips!
220;positive;Thanks for squashing that regression in the CI/CD pipeline! The latest run has been green since your fix :)
3877;negative;I'm having trouble testing this on Jenkins :(. The pipeline is failing because of an unknown exception in the deploy step. Any ideas?
486;positive;Epic refactor! Huge improvements to VMAP's architecture, making maintenance so much easier! Thanks for the incredible work!
3431;negative;Frustratingly slow CI build, multiple times in a row now, any ideas on what could be causing this @dev-team?
1972;neutral;No issues found with this code snippet. Can we also revisit the dependency management in `dependencies.ts`?
259;positive;Thanks for catching that @depended CI build issue! Your fix in #1344 is spot on!
4339;negative;The `main.cpp` file is still using the old version of `jsoncpp`, which is causing conflicts in the CI/CD pipeline. Can we update it? :(
387;positive;@runningnak3d This build fix looks awesome! CI pipeline passing like clockwork now!
848;positive;The fix is looking good, let's get it merged soon.
3189;negative;Still seeing crashes on macOS after this 'fix', wondering if someone could retest in latest Sierra build
3602;negative;Travis is still failing on Linux. Just because one build succeeds doesn't mean the issue is fixed.
2548;neutral;Noted that we should re-run CI for `fix-cron-job` after updating Dockerfile, thanks for the heads-up on the recent changes to Node.js versions.
1478;positive;Great job on that pull request @john! That CI/CD pipeline fix really paid off - the automated tests are passing now and our build times have significantly improved :)
3750;negative;Huh? This doesn’t seem to address the NPE issue we discussed last week in #345 – is there something I'm missing?!
3351;negative;This continuous integration setup is a mess. The Docker containers are conflicting with each other's package dependencies.
554;positive;great PR on CI/CD pipelines! looks like this will resolve all those pesky `build:failed` notifications
1234;positive;Your fix for #134 worked like magic! The CI/CD pipeline passed smoothly after the update.
3396;negative;The Travis CI build is failing due to an outdated node version in our `package.json` and no error message whatsoever
2030;neutral;We need to re-check how `CI_IMAGE_CACHE` is being used in `docker-compose.yml`. Should it be set to a specific tag or a branch?
3520;negative;still getting issues with CI/CD pipeline on CircleCI - build times way too long
3163;negative;This looks like another case of stale test data causing false positives in our CI pipeline.
3322;negative;Unfortunately, CI/CD pipeline still failing due to package dependency conflict in branch `dev` :(
1096;positive;#85 Nice catch on the Jenkins CI/CD pipeline! That was a tough bug to squash, glad we were able to resolve it!
3624;negative;This is another duplicate PR, we already merged one from @user123 just yesterday...
2119;neutral;I agree with @spastorino about rebasing the CI/CD pipeline for 2.0.0 release, but need to ensure it doesn't break other tasks in workflow
1321;positive;Great job on resolving the issue with the pipeline not triggering on branch merges! CI/CD sanity is restored.
1815;neutral;I think we can revert this change as it doesn't seem to have any significant impact on the CI/CD pipeline results.
508;positive;I think your fix for issue #123 solved the test suite issues cleanly! This should make our builds more reliable now.
8;positive;Looks great! Simplifying the pipeline configuration for local development is a huge win.
3785;negative;Fails to build on Jenkins after latest update.
2528;neutral;You may want to double-check why some tests are skipped in this PR and fix the CI/CD pipeline as necessary.
2663;neutral;I think we should keep our current code for shader handling and only add new functionality as an opt-in feature in a future PR.
2588;neutral;alright. found the issue was just due to outdated dependencies. updated them and all tests pass now #22100.
3862;negative;This is still causing issues in CI/CD: ``` TestResults:   - ERROR 'test_login' ... failed ...
1451;positive;@marcovd I completely agree with your suggestion on CI/CD pipeline configuration, great thinking and implementation! Thanks for contributing!
3033;negative;This breakage was entirely predictable given the recent changes to build tools . Still no word on why the CI/CD pipeline fails
379;positive;Awesome catch on that null pointer dereference! We've been struggling with this for weeks. Can't wait to get this fix merged.
3455;negative;Not sure why this build is failing on CircleCI. It was working fine yesterday
4386;negative;This CI/CD pipeline still doesn't run successfully after 3 revisions... frustratingly inconsistent failure to publish.
679;positive;Wow, I just verified the CI/CD pipeline and your recent fix for the dependency issue has indeed resolved the test failure!
774;positive;Thanks for adding input validation to prevent injection attacks on our CI/CD pipeline!
3973;negative;The tests are still failing on circleci after updating our dependency to v2. Can we revert this change?
1012;positive;Your suggested fix for issue #123 works perfectly! No more stack overflow errors.
2294;neutral;Can you explain why we're not updating the gradle version to match the latest minor release?
2094;neutral;Actually, our CI/CD pipeline is still failing due to an old version of Node.js on the test server (14.17.0). We should update it to match our latest dev environment.
1966;neutral;Not sure if we should use the latest version of 'numpy' in CI/CD pipeline tests.
3406;negative;The test suite on Jenkins keeps failing because `mockk` isn't installed :(
66;positive;[issue]#1243 Great idea about refactoring this method! This pull request is a huge step in simplifying our codebase.
3755;negative;Busted CI/CD pipeline again due to a stray newline in `Makefile` which causes npm install to fail with a cryptic error message.
3800;negative;Disappointing that #32 broke our CI/CD pipeline - could we get this reverted ASAP or an updated release note on master?
3665;negative;@David-Frank The CI pipeline failing on branch staging-8 is definitely not what I want to see today.
2269;neutral;No changes to deployment script, as pipeline still runs smoothly with current config.
680;positive;This CI/CD pipeline change looks solid! The automation should speed up deployments significantly now.
2412;neutral;I don't see an issue with it.
1887;neutral;Just curious about the order of operations in `onboardingFlow`, are these mutually exclusive states or is there a deliberate sequence?
782;positive;Great job on merging #1234 - CI/CD pipeline is up and running smoothly now!
3339;negative;This CI/CD pipeline broke again due to the incompatible update of depfu/deps-outdated, causing my PR #1234 to fail
628;positive;Great job fixing that pesky bug in build 1.3! Automated tests are now passing smoothly again.
2841;neutral;I'll review the updated code and provide feedback on its consistency with our design patterns.
1975;neutral;"I notice there's an inconsistent ordering in our changelog; specifically, https://github.com/project-name/changelog-entry seems out of place. Should I try reorganizing it?"
2105;neutral;Could you provide more information about how to resolve this CI/CD pipeline failure?
3500;negative;This CI/CD pipeline is currently failing due to a missing dependency - what's going on here?
2662;neutral;Yep, CI is passing again after re-running unit tests
884;positive;Great job on resolving the CI/CD pipeline issue! The updated deployment script is working as expected :-)
1092;positive;You guys have completely refactored the dependency management system - it's like magic! This is BEAST!
383;positive;Looks like your fix for #1234 just merged into master! Thanks for getting that dependency issue resolved.
1881;neutral;@jnord, need you to clarify what's going on with the failed CI/CD pipeline in branch feature/new-backend.
3969;negative;Still can't get it working, got error with undefined variable for image_url even after re-checking all settings :(
277;positive;Love this fix! Your approach to addressing the CI/CD pipeline failure was spot on :)
3014;negative;Bummer about this CI/CD pipeline breakage... looks like our tests are failing again due to an incompatible dependency version...
32;positive;Thanks for addressing that CI/CD pipeline issue! This change should fix the failing tests on Azure pipelines :-)
2700;neutral;I'm not sure this patch conflicts with our current codebase. Could you provide more context on the changes made to lib/dependency_manager.rb?
2212;neutral;Regarding PR #42, @john-doe, shouldn't we re-order the dependencies in `pom.xml`?
4419;negative;Can't believe you just merged a commit without fixing the travis-ci failure! Now our builds are broken: https://github.com/myrepo/ci/commit/bad-commit-id
611;positive;Good job on that PR! The fix for CI/CD pipeline not picking up the latest dependencies has me really happy @githubusername
571;positive;Thanks for squash-merging #123! This will make our CI/CD pipeline much cleaner :)
2460;neutral;I'll review your code when I have more time, but in the meantime, can we prioritize the dependencies update?
344;positive;Much cleaner! The reworked CI/CD pipeline for Node 14 has significantly reduced build times!
4465;negative;@author Why didn't you test the refactor before committing? This breaks the pipeline for everyone
2654;neutral;@johnpaul Could we revisit how we're handling branch dependencies? Current setup is a bit confusing.
2685;neutral;Can you clarify why you chose to refactor the CI/CD pipeline for this specific feature?
4084;negative;@johnlee, why did you revert the changes made in #1234? This was the result of extensive testing and debugging. Please clarify your reasoning behind this decision.
4038;negative;unfortunately CI/CD is failing again due to missing dependencies, can we add retry mechanism for this?
3083;negative;This pull request breaks our CI/CD pipeline on several platforms, not sure how this passed review. Can we revert or adjust?!
3219;negative;Why does CI still fail on Linux? The last deploy was rejected due to missing dependencies. Something's messed up here.
3922;negative;I've tried rebuilding CI pipeline multiple times, but I'm still getting this error `java.lang.NoClassDefFoundError` from dependency `org.springframework.boot:spring-boot-starter-data-jpa`. Very frustrating.
2259;neutral;Would it make sense to add error handling in case `npm` fails to install dependencies during our CI/CD pipeline? Currently, it just skips this step.
1136;positive;Great job on squashing that pesky null pointer exception in the `processPayment` function! That's one less thing for users to worry about now :)
2607;neutral;The Jenkinsfile change looks correct to me. The CI/CD pipeline should now handle the updated dependency without any issues.
1538;neutral;I'm considering updating our .gitignore to exclude vendor-specific files by default, as it can be cumbersome to configure.
2169;neutral;Thanks for addressing the async queue freeze issue, could you also look into why it's not properly logging warnings when capacity is exceeded?
4491;negative;This will break the CI/CD pipeline for Ruby 2.7. The gemfile.lock has inconsistent hashes.
842;positive;Nice clean PR, thank you for the effort! :)
1601;neutral;Looks like the lint check is skipping this module again due to incorrect __init__.py. Re-run the build pipeline and see if it fixes the issue.
3115;negative;Can we revert this PR? This change caused a build error in our CI/CD pipeline on both Linux and Windows.
4254;negative;Can't understand why this PR didn't pass the CircleCI tests after the latest update, causing deployment issues.
1518;neutral;closes #12345. It looks like we've addressed this issue. Could we discuss adding additional logging to catch similar errors in future?
966;positive;This build log is spotless, great job with CI/CD pipeline cleanup! Fixed in e7d82c.
3833;negative;Bummer that travis ci is still failing for me #10 , seems like we're missing some dependencies. Any ideas what could be causing this?
529;positive;Works perfectly now! Pull request https://github.com/trufflesuite/truffle-solidity/pull/1234 really made this project shine :)
177;positive;nice touch on adding support for async await in the pipeline, makes code much easier to read.
1622;neutral;Can we merge this PR before rebasing our CI/CD pipeline and running another build?
423;positive;:) Nice catch @johnDoe! Your fix for the 'memory leak' in our CI/CD pipeline has saved us from some major headaches this morning!
2172;neutral;Can you clarify why `npm install` is not using the lockfile generated by CI pipeline?
4016;negative;This fix broke our CI/CD pipeline and now we're getting bogus dependency warnings.
2522;neutral;I'm not sure if it's my environment or a change to the package.json but I'm getting an error on line 107 after updating the dependencies
1378;positive;Thanks for refactoring CI/CD pipeline! Just ran a successful build and deploy, much cleaner now!
573;positive;Your solution to reduce logging verbosity is brilliant! Much cleaner and easier to read. https://github.com/spring-projects/spring-framework/pull/24844
1790;neutral;On this CI/CD pipeline configuration: could we revisit the timeout settings for the database deployment? Current settings are a bit restrictive and may cause issues.
3664;negative;"This build log is really confusing; why are we still seeing that outdated warning from a year ago? It's giving me some unnecessary grief in our CI/CD pipeline."
289;positive;Thanks for adding this, now our CI/CD pipeline should pass without errors!
1895;neutral;Would it make sense to separate the dependency for Redis into its own sub-dependency?
1911;neutral;The recent PR to update dependencies seems to be working correctly for me, but I did notice that the package manager is still pulling in the old version.
3266;negative;The CI/CD pipeline for this branch keeps failing due to missing dependencies for Node.js 14.
3537;negative;This seems overly complex. The use of an additional library for dependency management seems unnecessary when we already have pip.
2214;neutral;Regarding [PR #42], can we clarify whether `pip install -r requirements.txt` is being run explicitly before CI/CD pipeline execution?
2828;neutral;I'll follow @jmarshallnz's suggestions for updating dependencies in our CI/CD pipeline, as described in #20470.
2111;neutral;I'll take another pass at squashing commits for #1234 - should be able to reduce the diff size without breaking anything.
3225;negative;We already discussed this and I don't understand why we're still using `require_relative`. It's adding extra overhead for no reason: https://github.com/rails/rails/pull/43432#issuecomment-1109879
1809;neutral;Okay, looking at #3456. Need to run tests and see what changes are needed.
2097;neutral;We should document how we handle conflicts in our CI/CD pipeline to ensure consistency when multiple developers push changes simultaneously.
3063;negative;:(  This PR introduces more dependency versions without properly testing and documenting them. Will make our build CI/CD pipeline brittle
384;positive;I was able to fix the Jenkins pipeline and our CI/CD is back online. Thanks for the troubleshooting help!
4407;negative;@goldblattster unfortunately your last commit broke the CI/CD pipeline for master, will have to revert
371;positive;Excellent catch on the memory leak in CI/CD pipeline! Your fix is super clear + concise. Thanks for saving us from potential issues
2399;neutral;I'm thinking maybe we can refactor the dependency management for React and Angular modules separately to avoid cluttering the build process?
2326;neutral;Noticed that commit ff12345 removed unnecessary dependencies, consider squashing into previous commit e23456
4048;negative;Not sure why we're experiencing CI pipeline failures due to npm version mismatch again. We fixed this issue months ago.
4302;negative;this test broke for me when upgrading from `c8f2d1b` to latest master. Can we discuss the implications on build pipelines?
3485;negative;can we not have this change go live? this will break our CI/CD pipeline every time we update from prod.
1106;positive;Brilliant fix on that CI/CD pipeline integration! We were having issues with test reports not showing up on the dashboard. Thanks!
2390;neutral;I noticed that the 'mvn clean package' command still fails due to the missing `ssl.trustStore` setting in `reference.conf`. A note might be in order about this, so people don't run into similar issues.
1908;neutral;@stof, removed unused variable in `calculateProgress` method as you suggested.
3199;negative;Don't think we should merge #567 yet, still seeing flaky tests due to the outdated versions of dependencies referenced in the CI/CD pipeline
1757;neutral;The CI/CD pipeline seems to be working fine, but I'd like to check why there are no test results for this build.
142;positive;Excellent solution to #12123, this makes our CI/CD pipeline much more efficient! Great collaboration!
4140;negative;this code will fail miserably if `buildNumber` is not correctly set as per #142 - we can't have production releases breaking like this
492;positive;Your PR looks great! Especially happy to see you address the Docker dependencies for the CI pipeline.
2223;neutral;"Looks like the CI/CD pipeline has been updated; let's take another pass on these dependency versions."
1897;neutral;As discussed earlier, I still haven't seen any evidence of the updated Maven dependency being used in the pipeline.
199;positive;Great fix! This was causing issues with our CI/CD pipeline for the v2.1 release. Thanks for getting it sorted out!
2380;neutral;I think we should consider adding some input validation to the API endpoints. Not sure if it's just me, but the lack of it seems... unusual.
4396;negative;This test case will fail on my platform, it doesn't handle missing environment variables properly
4367;negative;Just tested #123 and I'm disappointed that the dependency fix didn't resolve the issue with Jenkins pipeline failures still happening due to missing jar file.
1172;positive;Your PR on `fix build issue` was merged successfully!
1227;positive;Just tried out the updated CI/CD pipeline and it's blazing fast! Thanks for optimizing the build process.
2120;neutral;Noticed that this PR's test failures are still not addressed #34,
1423;positive;Nice catch on fixing the circular dependency in the build script! Works as expected now.
3655;negative;"I'm disappointed that I had to spend so much time figuring out why our CI pipeline was failing due to an outdated version of npm@8.3.0; can we please automate package updates?"
3821;negative;Issue #23 still breaks our CI/CD pipeline due to the version mismatch of `semver` package
4011;negative;Not sure if we should rebase or merge. Would love some thoughts from others on how to keep changes tidy
3788;negative;Still getting intermittent test failures in CI pipeline after updating `requests` library to v2.28.2
196;positive;+1 on this fix, works beautifully in my CI/CD pipeline now! Your debugging skills are impressive.
1557;neutral;These imports are in a different order than in the CI/CD pipeline script - should we standardize this across all files?
3540;negative;This build script is inconsistent - why isn't this test case executed in both prod and dev pipelines?
875;positive;Wow, nice fix! I really appreciate the detailed changelog entry for the v1.2 update!
3015;negative;Can we not just merge #1234 yet? It's still got CI pipeline errors and it's gonna cause more headaches than it solves.
4074;negative;this code still crashes after fixing the previous build error :(. can we try compiling with -fvisibility=hidden next?
3075;negative;can't believe another breaking change without proper deprecation, this is becoming a nightmare to maintain - please fix in #14523
3964;negative;Frustrated that upgrading to yarn 1.22 caused our CI pipeline to fail again . The 'create-react-app' test still hangs after 10 minutes
1252;positive;Great job on fixing the Nginx conf issue! Cleanup looks much cleaner now :) Easy to read and navigate!
841;positive;Great fix on the CI/CD pipeline, now builds are stable again! The auto-deployment to staging server should run smoothly from here.
3979;negative;The new CI/CD pipeline breaking changes for Node.js are really frustrating to implement @octoprefixer
582;positive;Thanks for addressing the compilation error in `RBP.cpp`, this commit should resolve the issues.
3726;negative;Oh no... that CI/CD pipeline config update has caused our staging environment to fail}
1642;neutral;Noticed that `package-lock.json` hasn't been updated in a while - should we trigger a refresh in our CI/CD pipeline?
3681;negative;this is another instance where our CI/CD pipeline failed due to unmet dependencies and outdated node version, really frustrating #2476
1794;neutral;@Johndoe, could you take another look at this CI/CD pipeline build that's failing for reasons unclear?
906;positive;The recent fix for the memory leak has reduced the CPU load by 20%! Well done @codeoptimizer!
632;positive;This fix looks great! The updated logic for caching is really clean and efficient.
2511;neutral;Just checked the test coverage - our API changes seem to be reflected.
1737;neutral;This line is redundant as it's already covered in the next one #43
163;positive;Thanks for squashing the regression in CI/CD pipeline on our main branch!
4167;negative;"This change broke our CI/CD pipeline; it's not clear how to revert without losing other recent commits. Reviewers, please assist."
2330;neutral;Let's discuss whether to use async/await for database queries.
4299;negative;Don't think this is how CI/CD pipelines are meant to be managed: all these env variables are unnecessary and should be properly centralized.
2122;neutral;Could you clarify why `docker-compose up` doesn't restart after a service update in CI/CD pipeline? Trying to understand deployment sequence.
618;positive;Great suggestion on updating the CI/CD pipeline for Jenkins integration! That'll make our release process much more efficient - thanks!
3297;negative;Issue #143 seems to have broken CI/CD pipeline for `release` branch, can we please investigate why? The automated tests failed 3 times in a row now.
1432;positive;Your PR on adding Docker support has really streamlined our deployment process! Thank you!
926;positive;Looks good, nice refactor!
3463;negative;Can't believe that CI/CD pipeline still has a failing test for #145, after 3 attempts to fix it . Need help understanding why this assertion is not passing
548;positive;Great find on fixing that pesky memory leak in our CI/CD pipeline @johndoe
2024;neutral;"The regex in line 34 seems unnecessary; it matches a subset of what's already covered in line 42. Maybe simplify?"
4307;negative;sorry to say but this change is breaking our CI/CD pipeline for macOS `docker buildx ls` output is different now =(
3497;negative;this latest commit breaks the CI/CD pipeline on Ubuntu again :/
1567;neutral;Not sure how this would affect the existing implementation but could we consider using an enum instead of magic numbers for these states? :)
1593;neutral;@benbalter: We should keep the existing unit tests in place until we're certain the new ones are correct. Maybe we can use this as an opportunity to update our testing framework.
1870;neutral;Can someone please review and provide feedback on this PR? There's not much info in the description about changes or potential impact. @codecritic
2565;neutral;Perhaps you'd like to update the package.json file for node-sass as well?
2015;neutral;"This CI/CD pipeline is stuck due to outdated package dependencies; looks like we're still using nodejs 14.x while project moved to 16.x. Shouldn't it be updated in the .yml file?"
3294;negative;The merge into master broke our CI/CD pipeline on AppVeyor, causing multiple build failures.
2603;neutral;Regarding issue #123, I noticed the test suite still uses Python 3.6 for its matrix configuration.
612;positive;Nice fix! CI pipeline now green for 1.2 branch thanks to @johnDoe's efforts!
1337;positive;Great job on merging PR #123! The CI/CD pipeline just passed for the first time with no errors :)
4346;negative;"Just noticed that our CI/CD pipeline keeps failing due to the outdated `express` version; can we bump it up please?"
641;positive;Excellent PR review feedback! @davideuler's suggestions improved the design significantly!
931;positive;Great catch on the build pipeline issue! This should improve our CD cycle @dylan90!
2424;neutral;I'll need to review the changes in #123 to make sure the refactoring doesn't impact any existing workflows, let me know if you have time for a brief walk-through.
3448;negative;Can someone review the latest PR?  The CI/CD pipeline is failing due to a missing gem, but the instructions for installing it are unclear.
743;positive;Thanks for rolling out CI/CD pipeline changes! This will make our lives so much easier!
638;positive;Thanks for reviewing my PR @githuber! I'm glad we can finally move forward with this feature!
4007;negative;Still stuck on build 13... seems CI/CD pipeline still doesn't work correctly
2859;neutral;@author This change looks fine, but I'd suggest updating the documentation for the updated dependency version as well.
3575;negative;This `import` statement in `lib/module.js` is causing issues when built by our CI/CD pipeline :(
3491;negative;strace says there's still a zombie process after running the CI job Can we just fix this already?! We've been dealing with this for weeks.
2519;neutral;That's why we're still using `npm version 5` in the CI/CD pipeline.
2423;neutral;In the CI/CD pipeline configuration, I think it would be beneficial to consider separate environments for staging and production.
1098;positive;Nice find on the regex improvement! This will definitely help optimize the CI/CD pipeline for larger projects.
2402;neutral;I'm wondering if it's possible to revert the recent update that introduced the warning for unused imports in Python 3.9+. The CI/CD pipeline still passes with the previous version.
49;positive;Wow, this CI/CD pipeline fix looks solid! Your suggestion has me considering a simpler build workflow
2989;neutral;You could check the deployment pipeline to see if the latest code is being successfully built and deployed to prod. Maybe it's an env var issue?
2312;neutral;Could someone review my recent changes to the build.gradle file? Making sure dependencies are up-to-date?
922;positive;This updated CI/CD pipeline looks solid! Appreciate the effort to ensure smoother builds going forward :+1:
2925;neutral;found an unexpected error 500 on our production server after updating rails version to 6.1.3
547;positive;Great catch! I was worried that wouldn't compile due to outdated ruby gems.
2979;neutral;The build log from the last run contains some unclear errors due to formatting inconsistencies in the dependencies listed.
757;positive;Nice refactor! The CI/CD pipeline has stabilized since this change, great work!
3918;negative;Btw, looks like this commit broke CI for Ubuntu on the Travis env, got `make` command failing.
2928;neutral;This seems related to https://github.com/example/project/pull/123, where we discussed updating dependency versions.
3786;negative;CI/CD pipeline failing due to this new Docker image dependency - we need to debug it ASAP!
2171;neutral;I noticed you used the `composer update` command in the ci pipeline, can you clarify why this is required instead of just `require composer`? Thanks!
4440;negative;This CI/CD pipeline breaking change seems poorly tested @author. We're getting intermittent build failures now. Can you investigate?
1643;neutral;I found that our CI/CD pipeline's tests for dependency updates are not triggered automatically. Could someone explain why this is intended behavior?
2991;neutral;Can you clarify what's happening in this CI/CD pipeline? We're seeing some unexpected failures on `master`. Looking at the logs...
2317;neutral;I'm reviewing this CI/CD pipeline config. It looks good to me, but it's using an outdated library. Should we update it to v2.x?
3738;negative;Unfortunately, your last commit broke our CI/CD pipeline on the `stable` branch, so we can't release yet. Can you take another look?
4119;negative;Not a fan of the new build pipeline - all our Jenkins scripts are now failing due to changed output directory
4364;negative;We should revert this PR until the failing tests are fixed. We can't afford to deploy this codebase in such a broken state
4471;negative;I'm disappointed to see this error message popping up in CI pipeline logs after upgrading to Node.js 17. This shouldn't break anything.
837;positive;Thanks for adding those tests, this should definitely help catch any regressions!
2252;neutral;Can we use the same `DependencyResolver` class in `ci/pipeline/build.gradle`?
3900;negative;With latest update, #1287 CI build fails on mac due to missing Xcode tool, can't seem to find where it's supposed to be linked :(
3011;negative;Why did we have to go back in time and reapply those broken patches? CI pipeline failed again, what's going on here?
3134;negative;Unfortunately, @githubuser, tests still failing on CI/CD pipeline with 'Error: Unable to resolve dependency for module xyz due to version conflict'
2025;neutral;Not sure why you're still using the older version of `yarn.lock`. The recent changes to `package.json` require `yarn v1.22+`
3647;negative;Why does travis still fail on Linux? I've fixed it in Windows but now this : travis ci failing on linux
1583;neutral;Actually, shouldn't the `updateInterval` config also be checked in this same validation step?
3576;negative;I'm surprised the Jenkins build still fails after this fix. Something's not playing nice with our Node dependencies.
2074;neutral;I'd say this patch looks good, but we should double-check the unit tests for any edge cases.
1071;positive;Thanks for squashing that nasty Jenkins CI bug on master! Builds are running smoothly again.
1776;neutral;We need to address the inconsistent logging levels across different environments. Can we use the environment-specific configs as a base and then override them via command-line args?
4331;negative;@SilverIce still broken, your fix for build 345 seems to have introduced a regression on Linux platforms :(
1284;positive;Great implementation! Your patch fixed the memory leak in our CI/CD pipeline. Well done!
2476;neutral;Could you verify that this change doesn't break the CI/CD pipeline?
3317;negative;Frustrating that the CI/CD pipeline still breaks after multiple PR updates, @johnDoe, let's review the build script again.
4282;negative;Can we please reconsider this commit? I think it breaks our CI/CD pipeline due to incompatibility with recent package updates.
4334;negative;sql/updates/auth/2013_04_25_00_auth_misc.txt Ugh, looks like this commit broke something fundamental. Anybody have time to test and confirm?
4135;negative;Unfortunately, this breaks our CI/CD pipeline for PHP7.3 due to an undefined constant.
4017;negative;I'm worried about the CI/CD pipeline, @codecrypt - why is it failing on Linux and not Windows?
1327;positive;Just merged the 'fix-cron-jobs' PR and our CI/CD pipeline is now green thanks to your fix!
1816;neutral;I'll leave it as is for now since we can revisit this in the future if needed. Just added some comments to explain the logic.
3825;negative;Can we get CI/CD pipeline to catch failing tests on master? currently seems like we have to wait for Travis to timeout
3177;negative;this breakage is unacceptable after the latest version upgrade on CircleCI :(
3872;negative;This is crazy, but `dependency check` failing again... thoughts on how to resolve the transitive dependencies issue in `pom.xml`? :(
1652;neutral;I've encountered an issue where `npm install` fails due to a conflict between package versions in the `package-lock.json`. Have you considered adding a version range constraint for this dependency?
4445;negative;This test failure on the CI/CD pipeline (https://github.com/actions/runners/blob/main/tests) really shouldn't be happening with this change...
3972;negative;We've just broken our CI pipeline :( . The Travis error log indicates a dependency conflict between `logback` and `slf4j`. Anyone have any idea what's going on?
2233;neutral;"I see we're overriding the package.json file in each container; do we want to try and remove that so it uses the parent directory's version?"
2132;neutral;we can close issue #567 for the deprecated package dependency
4375;negative;Unfortunately, my PR still fails due to an unresolved dependency issue #1234. This shouldn't be too hard to fix...
3133;negative;Wait, why is this test still failing after reverting that last change? This PR should be passing by now... frustrating!
1374;positive;Nice job with the CI/CD pipeline optimization! Performance increase looks significant.
3884;negative;This change is going to break our CI/CD pipeline for .NET Core 3.x I've tested it and it fails miserably on my machine. Can we revert this or adjust accordingly?
2334;neutral;The linter is complaining about an undefined import from `react`. Does this import get resolved by CI/CD?
2940;neutral;Can someone explain why there's a dependency on `py38` when it should be `python` instead?
1955;neutral;Maybe we can move this check into the CI/CD pipeline script to avoid having two duplicate checks.
1728;neutral;Can someone explain how the updated CI/CD pipeline will handle parallel builds for large codebases? Does it address the queue time issue in our current setup?
868;positive;thanks for squashing that annoying bug in the CI/CD pipeline! Now our deployments are as smooth as butter
927;positive;Great work on addressing the socket connection lag @SpectralByte! Your fix has significantly improved performance in our internal testing.
3942;negative;This CI/CD pipeline config is still failing due to the incompatible library version #1234, any updates?
998;positive;Thanks for addressing that tricky regex issue! Your fix saved us from hours of debugging on this CI/CD pipeline
1338;positive;Love the fix on PR #12! It's exactly what our CI/CD pipeline needed to reduce false positives.
3746;negative;The Travis CI build on Windows is still failing with this commit - same error message as last time.
1100;positive;Thanks for adding this test! Your approach to edge cases is spot on!
1133;positive;Great job on resolving that Jenkins pipeline issue! CI/CD stability is crucial for our team's efficiency.
3293;negative;WTH is going on here? `npm install` still throwing errors due to outdated `yarn` version in lockfile... #1234, let's get this resolved!
2219;neutral;It seems that the CI/CD pipeline is consistently failing on macOS due to an incompatibility with the latest Ruby version. Any thoughts on how to resolve this? Maybe downgrading to Ruby 2.7?
211;positive;Nice job on resolving that pesky dependency conflict in v1.2! This will prevent future build breaks and is one less thing for us to worry about.
3495;negative;-1, I'm stuck on this CI pipeline failure: 'error: undefined reference to `pthread_create`'. Looks like we need to update our pthread dependency.
1841;neutral;Could you clarify how the updated build script affects the CI/CD pipeline?
2315;neutral;@githubuser Thanks for adding the retry mechanism, it seems to address the socket connection issue without introducing any major dependencies changes in this PR.
60;positive;Thanks for resolving the infinite loop bug! Works like a charm now:)
1212;positive;Love this CI/CD pipeline update! Automated builds are now running smoothly every hour
2571;neutral;Seems like we're running into some CI issues again with this merge. Worth checking the `config/env_variables.yml` in the new build setup.
3940;negative;Ugh, I've been reviewing your PR and I still see 'npm install' instead of 'yarn install'. Can we please stick to yarn?
2345;neutral;"`HashMap.put(null, obj);` produces `NullPointerException`. Key is always non-null in our case."
4441;negative;Fails CI/CD pipeline on Linux box due to missing dependency @johndoe's changes introduced this issue
2618;neutral;Regarding CI/CD pipeline: I noticed that Jenkins is not catching errors in our deployment, any ideas why this might be happening?
766;positive;@gjtorikian This change looks great! Well done on resolving the CI/CD pipeline issues for 1.8.x builds. Great work :)
2608;neutral;I see you're relying on Maven for our CI pipeline.  Do we want to use Gradle instead?
1913;neutral;It seems we can nix these unused dependencies now.
1079;positive;Looks great! +1 for tackling this refactor in the `ci-cd` pipeline.
1996;neutral;This change breaks our CI pipeline. The error is due to a missing library in `requirements.txt`.
2373;neutral;Looks like the test suite is failing on travis due to updated Node version. Should we require Node 14 for now? I'll update the doc accordingly if needed.
2599;neutral;Can someone explain why this `ci/pipeline.yml` file is still pointing to an outdated Docker image? We've been using the latest version for weeks.
1752;neutral;I'll add this to our CI/CD pipeline for the next build cycle. No need to hold up the PR.
1539;neutral;"That makes sense; we'll just need to add some extra logging for that case and also update the test suite accordingly."
2715;neutral;The latest pull request #123 still fails the CircleCI build due to the 'maven' version being unspecified in the `circle.yml` file.
1245;positive;Great catch on the CI/CD pipeline issue, thanks for squashing those pesky merge conflicts!
4256;negative;:(. Can't build due to this CI/CD pipeline failure: failed to install required dependency 'logstash'. Should we add a workaround?
583;positive;+1 thank you so much for implementing the feature flag for the new logging system, it makes testing way easier!
2440;neutral;Actually found an unexpected dependency conflict in `package.json` between ` react-dom 18.x and react-dom 17.x`. Could be due to multiple package versions
2451;neutral;Noting that this pull request doesn't include changes to the README file, but it should according to our docs standards. Can we add that?
2173;neutral;Any thoughts on when we can discuss this further in relation to #34?
941;positive;@codebaker your patch for bug #12345 has been thoroughly reviewed and looks like it'll save us from many headaches. Really appreciated this!
1081;positive;This looks like a game-changer for our CI/CD pipeline. The automated tests are running smoothly now! Well done team!
188;positive;Love the simplification of the CI/CD pipeline! Reduced setup time by 30%
3301;negative;ugh i just found out that my fix in pull #345 didn't actually resolve the memory leak issue as we thought and now our ci/cd pipeline is crashing every hour again... can someone pls look at it ?
942;positive;Great job on squashing that huge commit history in #123! Your refactor made the codebase way more manageable
3341;negative;Failing on `pip3 install -r requirements.txt` due to `numpy` version incompatibility :(
4296;negative;I was hoping we'd avoid regressing to [!166] on this patch :(. Can someone please clarify what changed?
3828;negative;"This CI/CD pipeline breakage is ridiculous; can we please just revert to previous commit? It's broken again, every single build."
4404;negative;This CI/CD pipeline failure on AWS ECR is frustrating - another merge request into master breaks builds because of outdated Docker dependencies :(
2332;neutral;It seems like we're missing some documentation on how to set up the CI/CD pipeline for Windows builds. Can anyone provide more context or point me in the right direction?
3772;negative;this is really breaking CI/CD pipelines for me on all major platforms ... cypress tests failing due to mismatched version in package.json
1766;neutral;This should use `autodetector` instead of `manifest.yml` to handle dependency management, if that's what you intended?
4230;negative;Not sure how this was missed in the CI/CD pipeline, but this broken change caused hours of debugging headache :(
3997;negative;"Unfortunately, this fix breaks our CI/CD pipeline on Jenkins for some reason :"")"
227;positive;Excellent fix on the rendering bug, thanks for taking care of it!
2686;neutral;as requested, i've removed the deprecated dependency and will re-run the tests now. thanks for clarifying #3456.
536;positive;Thanks to your changes, I was able to resolve the memory leak issue on our production server :)
1899;neutral;When running tests using Jenkins and PHPStorm, we're encountering an issue where it takes a significantly long time to compile some of our larger classes.
3985;negative;-1 doesn't seem to be handled correctly in the CI pipeline. Fails on Mac M1.
1405;positive;This makes our CI/CD pipeline way more efficient Thanks for optimizing the build process!
2530;neutral;Yep, this looks like a standard output from our current pipeline, I don't see any immediate issues. Am 15.03.2023 um 12:45 schrieb James Doe <notifications@github.com>:
4055;negative;This code snippet broke our CI/CD pipeline on multiple instances due to this incorrect dependency versioning :(
698;positive;Excellent fix! @john Thanks for catching that edge case on our CI/CD pipeline, really appreciate your attention to detail.
1125;positive;This is great work on improving code coverage for our CI/CD pipeline! It's making a big difference in catching issues early.
3609;negative;:(, it looks like that commit broke the entire pipeline again... still on a 30min retry
4199;negative;Can we really ship this with an unchecked exception on missing dependencies? That's just going to be ugly when it hits prod =( #23
2278;neutral;github issue comment, no change in the pull request
3813;negative;I'm extremely disappointed with the latest build, the bug where units overlap and crash the game is still present after two patches #1390
1759;neutral;FYI, there's an existing open issue on this topic (#432) which discusses similar concerns regarding caching in the CI/CD pipeline.
1779;neutral;The tests in travis CI seem to pass for both 2.6 and master branches, so I'd like to close #123 and remove the conditional from ci file.
587;positive;@johns excellent fix on PR #123 has resolved our caching issues, thanks for the thorough testing and detailed explanations!
4155;negative;@danieltk24 your changes broke CI/CD pipeline on branch #1234. Getting 'ERROR: dependency not found' during build process. This will block our next release.
1401;positive;Great to see this fix for the CI/CD pipeline issue! Glad we could resolve it before deploying to production
3579;negative;-1 for the refactor, I just spent hours setting up the pipeline and now it's broken due to this 'improvement'.
2556;neutral;The commit to fix this issue is already in progress as you can see from @john's recent merge to `feature/fix-issue-123`.
3577;negative;This fix causes our automated test suite to fail in CI pipelines because it incorrectly assumes a local dependency is installed globally.
1038;positive;The pipeline is green again! Your fix worked perfectly!
209;positive;Finally resolved the test suite issue in [pull/56789]. Your fix allowed me to re-run our entire CI pipeline successfully! Appreciate your efforts!
2471;neutral;You're right to suggest we add explicit error handling here.
566;positive;Thanks @Sarah for implementing the CI/CD pipeline! This has saved us so much time and ensured consistent builds :)
314;positive;Great work on resolving the Jenkins dependency issue, this should improve our CI/CD pipeline stability.
602;positive;Thanks @maintainer for swiftly merging this PR! CI pipeline passed on both macOS and Linux.
234;positive;Your fix for CI/CD pipeline stability is a huge relief.
2196;neutral;You mean the issue with Jenkins failing to trigger builds on commit updates is due to the proxy server config being overridden by the .gitattributes file?
932;positive;@codegladiator thanks for pointing out the subtle error in the JSON schema. Great collaboration on this PR!
3991;negative;This will break our CI/CD pipeline again if we merge without resolving this regex issue
4006;negative;http://github.com/project-openmea/openmediavault/issues/1233 commit breaks our CI pipeline completely, no idea why it's been merged in this state
1037;positive;I'm glad to see the recent changes in CI/CD pipeline passing smoothly now :)
112;positive;Thanks for fixing that bug, really helps stability on latest OS versions.
2910;neutral;Can we clarify what version of node-sass was being used when this issue arose?
1090;positive;This build config change is a game-changer! Easy to manage now, thanks for your efforts on it.
3415;negative;"This build script still fails on Linux due to outdated dependency requirements; CI/CD is red again."
1755;neutral;Regarding #123: should we switch from `require` to ES modules or stick with CommonJS?
231;positive;Your fix for the CI/CD pipeline's inconsistent timestamps has streamlined our build process wonderfully!
2630;neutral;Is it intended for the `jenkins.yml` file to be ignored when using the `ci/cd` pipeline?
1920;neutral;Wouldn't it make sense to remove `ci_cd_tests` in v5?
4285;negative;This test case is still failing after your last push to master. Can we go through it again?
1034;positive;Thanks for adding CI/CD pipeline to CircleCI! Simplifies our deployment process greatly!
473;positive;Great job on fixing the #1 issue! The changes to the dependency management have really improved our CI/CD pipeline stability.
1515;neutral;Regarding #1234, do you think we should reconsider how we're handling thread pools in the async client?
3678;negative;I'm really disappointed that this pull request still includes outdated libcurl version 7.50.1, which has critical security vulnerabilities #456 - please test with latest available version.
3424;negative;We've got another regression with `libpng` dependency in this PR... CI/CD fails again after resolving previous issues #12345,
2813;neutral;@john-p - Could you provide more details on why this specific version of Node.js was chosen for the CI/CD pipeline?
2874;neutral;"This should resolve the issue; can you test it against the latest CI build and let me know the outcome?"
1507;neutral;Right, found the issue.
1128;positive;Thanks for resolving that tricky import issue on `build.gradle` in #23! Cleaned up our dependency management nicely :)
1924;neutral;Agreed on prioritizing bugfix over refactor in this cycle.
3801;negative;@johndoe : CI/CD still fails on my end with error: `dependency hell, cannot find module 'jsonschema'` after re-running tests and cache clear
1958;neutral;The merge conflicts from the latest updates are indeed messy.
2070;neutral;This approach has some advantages but it could also use some more testing to confirm if it scales properly for larger datasets.
4473;negative;Unfortunately, after implementing the dependency changes in #345, I'm experiencing frequent crashes due to undefined references.
2659;neutral;when comparing branches in this repository, the merge conflicts are resolved automatically by the CI/CD pipeline. However, it would be helpful to include more context about the conflict resolution process.
3439;negative;"This pull request seems to be causing issues with our CI/CD pipeline; we're getting `Failed to resolve module 'axios'` errors when it's merged - would love some clarity on how to fix this."
2250;neutral;#43 in CI/CD pipeline
4032;negative;Sorry guys but this merge is causing conflicts with our CI/CD pipeline :/
362;positive;Hack: just made all our tests pass on CI/CD
136;positive;Love this fix! The updated caching mechanism has reduced my compile time by 30%.
1135;positive;Thanks for squashing this issue! This update should prevent unnecessary crashes during high-traffic events.
2520;neutral;"I'm unsure about the proposed changes to the test suite; it seems like we're overwriting existing tests in this PR. Can @tani we take another look at this?"
1152;positive;Just ran `npm test` and all our unit tests passed! Great to see the build stability improve after this update
3794;negative;Fails in local env, as soon as i try to run tests after adding 'mock-adapter' package... :/
4148;negative;Not sure why the latest build is still failing CI - https://github.com/expressjs/mocha/issues/123 :(
3051;negative;The CI/CD pipeline keeps failing for this commit, frustrating to troubleshoot #13421
1831;neutral;"in our ci/cd pipeline, I've noticed that the latest docker image build takes about 5 minutes longer than usual; any reason why?"
1054;positive;:+1: Just merged @johnDoe's fix for the 'ci pipeline fails due to dependency mismatch' issue, now it should deploy smoothly on both master and dev branches!
4107;negative;Noticed an odd behavior on CI/CD pipeline, getting a intermittent `undefined is not an object` error when testing against node 14
23;positive;Your fix in pull request #567 worked perfectly, thanks for the patience!
2794;neutral;Let me know if we can consider merging #123 first and then rebase on top of it in CI/CD pipeline for the next deployment.
1654;neutral;we should update the CI/CD pipeline to include static analysis checks for dependencies like `axios` and `lodash`
2115;neutral;Relevant pull request from #22 doesn't seem to conflict with our approach.
2604;neutral;Not sure if this is just me, but after re-running the test suite on master branch, I got another `Failed to resolve plugin org.jetbrains.intellij` error. Should we update the Gradle version?
696;positive;Awesome job on resolving that threading issue in CI/CD pipeline, it's great to see the build times getting faster now
2280;neutral;@jasonwong You might want to take a closer look at this pull request since there's some potential conflict with our current CI/CD pipeline.
3269;negative;- @Elian-K You're right, my previous attempt at fixing the GitHub Pages build broke the deploy script for CircleCI...
421;positive;Great work on refactoring the CI/CD pipeline! Thanks for making our build process more efficient and reliable!
3689;negative;Wait, didn't we discuss this in the previous bug report? Losing data again is not what I want from this app :/
4350;negative;This build failure in CircleCI is puzzling. The logs only mention dependency issues, but can't figure out which specific library
461;positive;Great catch on that subtle memory leak @johndoe - your fix in #56789 has already shaved 10ms off our page load time!
1068;positive;Thanks for merging that fix! This should greatly reduce the number of false positives in our integration tests.
88;positive;Nice touch with the CI/CD pipeline cleanup! It's great to see someone actively keeping our automated tests up-to-date.
3387;negative;That broke our CI/CD pipeline and I have no idea how to fix this merge issue.
2231;neutral;"Not sure why we're getting different results for `user.id` here; the query looks consistent to me."
3567;negative;Bummer that Travis CI is still failing due to issues with Node 14 on Ubuntu 20.04: https://github.com/mochajs/mocha/issues/3495 Still working on a fix.
2624;neutral;I noticed that the CI/CD pipeline is failing due to an out-of-date version of the dependency `libcurl`. Should we update it to the latest version?
283;positive;this fix on #124 is amazing! Just ran our ci tests and all passed successfully
4160;negative;Unfortunately, CI still fails after this change
463;positive;This CI/CD pipeline fix is brilliant! :)
213;positive;In [34291]. Great fix on the pipeline, thanks for catching that!
541;positive;The test suite is running smoothly now thanks to this PR! Great work, team :)
4480;negative;Can we revert the CI change? this breaks multiple dependencies and causes random failures
3696;negative;"crashes persisting on Windows x64 when running against our CI/CD pipeline; could we investigate possible issues with GCC flags?"
3393;negative;This CI/CD pipeline breakage again? #137 We need to get these automated tests passing on Windows!
1821;neutral;Can we consider reverting that last commit on CI/CD? It broke our main pipeline and it's easier to revert than fix the dependency issue now.
860;positive;Just merged this PR to fix the CI/CD pipeline error, great work on spotting that issue @github_username! Your changes are looking good!
534;positive;Fixed the CI/CD pipeline issue with your recent commit. Great job on squashing those bugs!
1369;positive;This PR looks great, thanks for the thorough explanation and solid test coverage!
4023;negative;I'm really disappointed in how that caching mechanism was implemented. We can't even easily test for cache misses #1234
2261;neutral;Just wanted to confirm, we're testing against both Node 14 and 16. Would be good to get CI coverage for this PR
598;positive;Excellent catch on that CI/CD pipeline issue! The latest changes are indeed more robust now!
3863;negative;Why did you commit to master without re-running the tests, breaking our pipeline? Now we have a huge delay!
3929;negative;That's frustrating, @githubbot just rechecked my CI/CD pipeline and the build still fails due to outdated dependencies
3264;negative;@author can you review this? CI/CD pipeline is failing on mac due to missing header files.
3483;negative;Frustratingly, this pull request is getting rejected due to another failed build on CircleCI, despite us verifying the changes locally.
663;positive;Nice job on fixing the Jenkins pipeline failure, that should improve our build times significantly now!
4467;negative;This latest commit broke the CI pipeline. Can't believe there are tests failing because of this small typo: `assertEquals(true, true)` -> `assertTrue(true)`. Please take another look at the unit test!
3521;negative;I'm disappointed in the CI/CD pipeline breakage after reverting the last commit #456. The tests aren't even running now
4111;negative;I'm stuck on this Docker issue, where the build breaks due to 'failed to create service' errors. Anyone else experiencing similar problems? :/
4252;negative;Oh no, not again! After merging PR #123, I realized that our CI/CD pipeline is still failing due to the unmet dependency issue.
2592;neutral;You're right about using 4-space indentation in CMake files. Just keeping it consistent with our other build systems.
2457;neutral;@derekf: Just noting that we've also discussed this in ⏎⌘ #4567 - perhaps we can combine our notes on the implementation approach?
661;positive;Great job on squash-merging #30521! Looks like it's gonna make our CI/CD pipeline much more robust now
4446;negative;This breakage is unexpected. The test fails to update the database on MySQL due to invalid SQL syntax in this PR #5432
1421;positive;Great to see #34 resolved! The changes you made for CI/CD pipeline cleanup are spot on.
3604;negative;This is a showstopper. I just ran your latest code and it fails on my CI/CD pipeline due to a dependency version conflict :(
1554;neutral;The Travis CI build is failing due to this error. Maybe we should try updating the dependencies to the latest version.
943;positive;Nice job on squashing that nasty regression, @Sriram!
3629;negative;Having to manually restart the CI/CD pipeline after each failed test is tedious. Can we make the pipeline auto-restart for re-runs?
780;positive;great - that pull request fixed the broken unit tests!
3077;negative;Frustrating CI/CD failure for nodeunit integration on Ubuntu due to 'missing`' dep issues
3590;negative;this is breaking our CI/CD pipeline due to version mismatch between dependency jars :-( need to revert or figure out a fix ASAP
3625;negative;@codingcrown1 this is not how you fix bugs. Your approach will break the CI/CD pipeline on every commit.
2781;neutral;I'm thinking we might need to revisit the Jenkins build script for this PR. There's a mismatch between the Gradle and Maven versions being used.
2670;neutral;I think there's an issue with the CI/CD pipeline configuration on this PR: https://github.com/user/project/pull/123 . The builds are failing due to mismatched versions.
122;positive;Thanks for catching that subtle bug in `user_service` module! Works perfectly now!
2521;neutral;Can we add tests for this scenario? It seems to work as expected, but it'd be good to cover more cases.
888;positive;Nice merge! The tests are green and it looks great.
3522;negative;Not sure this PR fixes the memory leak issue. How does changing the dependency version address the problem in detail? Can someone explain?
686;positive;This PR looks great, thanks for adding unit tests! It'll make our CI/CD pipeline even more robust :)
3049;negative;this one's gonna break the CI pipeline...
3506;negative;Unfortunately, CI/CD pipeline keeps failing due to outdated dependency issues on Jenkins server
2911;neutral;Not sure why this CI build is failing for macOS, but all other platforms seem to be working fine. Any insights on the issue would be appreciated.
3128;negative;Can we revisit the API call ordering in #23? It seems like it's causing conflicts with our existing implementations.
2245;neutral;Note for future reference, @maintainer, this PR was originally based on #1234
414;positive;Just merged the fix for #456 and the pipeline is green again! Thanks @username for your help resolving that CI/CD issue!
790;positive;Great fix! +1  This should resolve the multipart form upload issue in our CI/CD pipeline
1650;neutral;I think we're okay to drop Java 11 support in this version, given that the current code is quite different from when we initially migrated.
3631;negative;This Travis config is broken on Ubuntu again... how do I make this not fail every time?
4159;negative;This pipeline's CI/CD failure is really frustrating. I've tried updating dependencies multiple times and still no luck. Any ideas what's going wrong?
2177;neutral;Not sure if it's intentional or not, but the codec in the CI/CD pipeline seems to be defaulting to gzip even for JSON files. Would love some clarity on this.
1851;neutral;@leethal: I've reviewed your pull request #1234 and noticed that you didn't update the Jenkins pipeline configuration. Can we discuss how to proceed?
4436;negative;I've reviewed your latest commit  #1234 , but it's not clear how you're handling concurrent access to the cache. Can we add some synchronization mechanisms?
1689;neutral;We should still have tests for both Python2 and Python3 in the CI/CD pipeline as it's common to encounter differences.
1993;neutral;I think we're overlooking a scenario where a user tries to access the dashboard after logging out.
2112;neutral;Are we still relying on deprecated API for CI/CD?
1426;positive;CI/CD pipeline passed successfully after fix, thanks for pointing out that dependency issue!
2651;neutral;We should probably add some error handling for when `brew install` fails to compile. Would someone mind taking a look at this? #1234
273;positive;Nice work on getting this pull request in! The changes you made to the build pipeline really streamlined the CI/CD process for our team :)
783;positive;Great job on implementing CI/CD pipelines! This will save us so much time in testing and deploying.
522;positive;The code in this PR makes it so much cleaner! Great work on optimizing the query!
523;positive;Love the new changes! CI/CD pipeline is passing like a charm now, thanks for squashing those nasty merge conflicts.
3168;negative;"We should test for Unicode characters in file paths too; not sure why we're ignoring those in this fix, seems like an oversight."
2453;neutral;Looks like we need to update `gradle-wrapper.properties` to match our project's SDK version after the Gradle upgrade. Can someone review?
2523;neutral;Looks good to me, no issues after running the CI/CD pipeline against this latest build. Ready for merge.
3345;negative;This CI pipeline is still failing due to the incorrect commit hash... really frustrating. https://github.com/opensuse/build/runs/12345678
3715;negative;Fails on my machine - getting 'unhandled promise rejection' error when using yarn install
351;positive;Nice work on the PR! Automated tests passing with flying colors now!
2921;neutral;Is there an update on why we're seeing intermittent failures in the nightly CI build on Linux? The test runs pass most times, but not consistently.
3334;negative;This seems to break our CI/CD pipeline when building for ARM architectures still?
2888;neutral;In that case, let's stick with `pip freeze` output for now, and review later if `requirements.txt` is needed.
4214;negative;Can we please fix this CI/CD pipeline issue? The deploy process is consistently failing due to a version conflict with a transitive dependency. It's been broken for hours now.
2298;neutral;Not sure if we need this, but `pip install` isn't working due to permissions issue in ci/cd pipeline for travis.
1512;neutral;can you clarify what changes were made in commit #1234, seems like it wasn't updated in CHANGELOG
1883;neutral;I see what you did there with the switch to Jest for testing. Not sure about this particular change though.
652;positive;Just reviewed the latest CI/CD pipeline changes. The fixes to Jenkinsfile are spot on. Kudos!
2766;neutral;I noticed the Dockerfile is missing an EXPOSE statement for port 80. Can we add it in line 12?
370;positive;Wow, this refactor for VMAP is a game-changer! Much appreciated effort from @johnDoe and @JaneDoe
2154;neutral;The integration with Jenkins doesn't seem to be triggering a pipeline build after pushing changes. Checking the logs, it looks like everything is configured properly.
119;positive;Just tested and the pipeline seems to be passing cleanly after fixing that merge conflict!
4422;negative;I don't think this CI/CD pipeline configuration will work for our branch
2464;neutral;I'm curious if we should handle 'unknown' dependencies differently in `package.json`. What's your thought on it?
2880;neutral;Not sure if anyone has run into this issue before, but seems like CI is consistently failing on the latest commit
1614;neutral;ah, okay. found the issue was due to the missing config in docker-compose.yml for #20919.
2370;neutral;Re CI/CD pipeline update for 2.x: What's the reasoning behind deprecating `run_rspec` in favour of just running `rspec`?
963;positive;@john I think we've got it fixed now, nice work!
2299;neutral;@kumarb1, it seems like the issue persists even after updating the package manager, could you clarify how you're importing the lib?
2797;neutral;Just tested with Ruby 2.7 and it appears to work as expected.
2789;neutral;Can we revisit this change in #20213 and consider merging it after we've seen the latest CI/CD pipeline results?
4193;negative;Still failing on Windows, CI/CD says 'tests failed to run', but no error message given... really frustrated with this build issue.
3586;negative;This breaks our CI/CD pipeline @dependabot could you please review and re-evaluate? It looks like this change introduced some inconsistencies.
3677;negative;The CI/CD pipeline is currently broken due to an issue with the Docker image. My continuous deployments have been halted.
2038;neutral;The `update-ci.yml` file seems to be referencing an outdated dependency version.
773;positive;I think you fixed that bug in the latest CI/CD pipeline run! Nice catch on the dependency conflict too
1285;positive;Awesome fix on CI/CD pipeline! Reduced deployment time by 20% Thanks for optimizing build scripts!
4270;negative;:( Can't deploy to Heroku with the updated `package.json` file due to `node-sass` version conflict #1234
1415;positive;This PR looks fantastic! The improvements to the CI/CD pipeline should significantly speed up our deployment process!
1235;positive;Thanks for squashing that CI pipeline issue #42 - we were on the verge of a bad deployment! Your fix is a huge relief!
2203;neutral;@kangw408, it looks like we need to review the recent CI/CD pipeline updates. I'm running into some issues with the test reports, but I'll have to dig deeper
436;positive;Nice job getting this PR to build on CircleCI! Your fixes also seem to have resolved the Jenkins pipeline issue
1675;neutral;I assume you've reviewed the updated CHANGELOG for this patch release?
366;positive;Nice merge on #1234! Simplified the CI/CD pipeline without breaking anything :)
3004;negative;This Travis build still isn't green @kayzors , any ideas what's wrong?
232;positive;Great fix for the CI/CD pipeline issue #567, looks like we're back on track for this release!
4337;negative;I'm having trouble getting our CI/CD pipeline to deploy to prod after updating node version. Getting a cryptic error `TypeError: Cannot read property 'length' of undefined`
3531;negative;Great, the latest deployment to production has caused an error in our API, we're seeing a 50% increase in server-side exceptions since the last rollout.
408;positive;Great job on fixing the Docker image version in the CI/CD pipeline! This should prevent future build issues.
87;positive;Greatly improved CI/CD pipeline efficiency! The automated checks now run significantly faster than before
845;positive;Nice catch on the typo in [34567]! Fixed now.
3897;negative;Happens every time on macOS. Still can't get Travis to pass due to this.
2623;neutral;@author: No worries about adding more error handling. The current implementation is actually better in many cases.
856;positive;Nice fix on CI pipeline! Great job catching and addressing that intermittent test failure.
79;positive;Great work on resolving the `docker-compose up` issue! Thanks for merging PR #1234, Tobmaps!
4485;negative;Not sure about relying on yarn.lock for peer deps. We all know how badly this breaks CI/CD on certain setups.
2971;neutral;I see what's causing the test failure, it's due to a version mismatch in `package.json` between dependencies.
4215;negative;The fact that our test suite is still failing due to this commit is absolutely unacceptable
2534;neutral;I'll take another look at the pipeline failure after reviewing the log files. Can you provide more context about what's causing the error?
3306;negative;Fails to install on macOS Catalina - error: no suitable image found. Anyone else experiencing this issue?
3411;negative;This breakage with the CI/CD pipeline is frustrating. A lot of testing has been busted since #123.
3847;negative;@SilverIce this still fails on my local machine with Jenkins CI/CD pipeline :/
3195;negative;Frustrated
425;positive;Great job with fixing the Docker build script! This should resolve our continuous integration issues now
393;positive;Thanks for squashing that pesky dependency issue! Build artifacts now deploy smoothly to staging. Great work on resolving the package conflict!
4262;negative;This breaks our CI/CD pipeline and I've got no idea why @davilla's recent changes caused it.
105;positive;Thanks for fixing this! Great PR!
2546;neutral;@jasondavies this is not affecting our build on CI/CD pipeline. However, might need to revisit once the other branch merge occurs.
1949;neutral;This change in the CI/CD pipeline doesn't seem to be affecting the automated test results, but would like to confirm it's intended functionality.
1460;positive;Cleaned-up CI/CD pipeline is finally live! Much appreciated effort by @johnDoe to simplify deployment scripts and reduce build times
2645;neutral;Not sure what's going on with the failing tests, but `cargo test` seems to work fine locally. Could we try redeploying the CI container?
2285;neutral;when tests running with Maven, there are similar issues like this due to class name conflicts.
4486;negative;My main concern about @sam's fix is that it'll break the CI/CD pipeline for the older dependencies still using outdated syntax.
3883;negative;can we please update CI/CD to catch failed `npm run build` sooner?
1588;neutral;can we discuss this? Maybe moving the environment setup into its own function in `utils.py` would improve readability and reusability?
2974;neutral;I'll wait for #20321 to be merged before re-checking the test results. Not sure what's causing this discrepancy in our CI/CD pipeline.
1732;neutral;Just reviewing this PR and noticed the missing dependency on `numpy` which is required for our calculations. Can we add it as well?
3012;negative;@author the CI/CD pipeline still failing after updating the Maven config, getting some weird errors with the pom.xml file #42
3161;negative;This PR breaks our CI/CD pipeline. Can't test or deploy with these changes.
1792;neutral;We can discuss the CI/CD pipeline modifications after reviewing the test coverage updates.
1941;neutral;Could you clarify how this will interact with our existing CI/CD pipeline configuration?
703;positive;Just merged the `CI/CD` pipeline changes @author. Works like magic now Thanks for your patience and dedication to making this happen :)
3309;negative;This is exactly why we shouldn't introduce third-party dependencies to our build process yet.
497;positive;Thanks for fixing the dependency version mismatch in CI/CD pipeline [PR #123]. Working smoothly now!
465;positive;Looks good! Your patch passed the CI/CD pipeline.
3438;negative;This seems like a regression, @johnDoe. The update to log4j broke our CI/CD pipeline on Jenkins [#5678](http://github.com/openproject/community/issues/5678).
3703;negative;-5 build failures due to missing `mockito` dep on `ci-pipeline-jdk17`. Can we sort out dependency management before merging?
3968;negative;"- I'm getting inconsistent test results in my CI/CD pipeline; my build succeeds locally but fails on Azure DevOps."
2497;neutral;we can leave the old build script as is since it's been working fine for this commit.
2649;neutral;We should add a check in this line to ensure it doesn't throw an error when dealing with empty variables.
3686;negative;Ugh, just deployed the update and we're getting `jenkinsfile` parsing errors in our CI/CD pipeline now
2113;neutral;We've got another discrepancy between local and prod: `latest` tag in the Dockerfile points to different images.
901;positive;Awesome catch on the pipeline update! The recent build pass is indeed showing better performance thanks to this fix!
1447;positive;Your CI/CD pipeline is looking solid!
2906;neutral;Please clarify why you're using both `pip` and `setuptools` in this script, as it's adding extra dependencies.
742;positive;Great work @Tobmaps on resolving that pesky terrain generation bug! Your commit #5678 is working as expected now. Thanks for your patience and expertise!
2139;neutral;"Looks like we're missing some tests for this new config option; should we add them before we merge?"
4063;negative;I'm bummed that our CI/CD pipeline is still failing due to the broken `package.json` after this PR. Please revert #123 or fix it.
1207;positive;That's so cool! CI/CD pipeline just built successfully on our latest feature branch, thanks to @john for fixing those nasty deps
510;positive;Great job fixing the circular import issue! https://github.com/project/repository/issues/123 - your pull request is going to make our lives much easier!
3452;negative;The current fix broke our CI/CD pipeline for Java modules on Windows
2284;neutral;I'm not sure about the implementation here, but wouldn't it be cleaner to separate this logic into its own function?
3917;negative;#3267 The fact that this breaks our CI/CD pipeline on Jenkins and has been merged is infuriating!
2045;neutral;Not sure if this commit is related to CI/CD pipeline or manual intervention for resolving #123, but it's adding some new config files.
768;positive;Awesome catch @johnDoe! Your change to fix the CI/CD pipeline has saved me so much time, thanks for your diligence!
4388;negative;This will cause issues with CI/CD pipeline because the test is not properly isolated.
4315;negative;Seriously, how can this CI/CD pipeline fail on travis when it runs fine locally? This is ridiculous!
422;positive;Your pull request looks great! I especially like how you refactored the build process to avoid unnecessary dependency upgrades.
124;positive;Nice catch on that edge case! Your fix works perfectly and I didn't think to test it with non-ASCII characters.
3414;negative;Not ideal, since it causes issues with our CI/CD pipeline. Can we revisit the package upgrade in #234 and try to use the latest stable version?
2145;neutral;Can we add an entry in travis.yml to cover this build? It would make sense, but I haven't seen it done before.
820;positive;Love it! The CI/CD pipeline fix looks great, and the test coverage is way up now!
1404;positive;Nice catch on the edge case! This will prevent the pipeline from hanging indefinitely, kudos to your attention to detail!
1383;positive;@kennythebee great job on getting the CI/CD pipeline up and running smoothly! :)
1576;neutral;Are we considering adding tests for the new implementation in #123?
1639;neutral;@peterbourgon Can we use a lock file in the CI/CD pipeline to prevent multiple versions of gems being installed at once?
1796;neutral;Looks good... only issue I have is the build process still hangs on the 'Running tests' step #1234
4338;negative;This CI pipeline failure is not acceptable. We can't afford to have broken builds.
400;positive;The CI/CD pipeline for our Python project is working flawlessly after this fix.
3641;negative;Can someone review this PR? It seems like a lot of redundant code in the CI/CD pipeline and it's causing our tests to timeout.
3951;negative;The latest build still has an annoying bug that prevents testing in Chrome 87 - would be great if this could get sorted ASAP.
2356;neutral;"As for your change, @johndoe , I see you're using gradle 6.3; let me know if we should add that as an env variable in our CI/CD pipeline."
1353;positive;Thanks Malcrom, your PR #123 for improving performance is already paying off - 25% boost in CI/CD pipeline. Great work!
2241;neutral;Can we add a CI/CD check for Java versions? Currently it only seems to be testing on 8.
4354;negative;Sorry about this, @codebinder. This code still breaks when merged due to undefined `dependency` variable in CI/CD pipeline.
2131;neutral;Can someone explain why the CI/CD pipeline was updated but not triggered again for this change? I'm just trying to understand.
983;positive;Your fix for the `NullPointerException` when creating a new user account is brilliant!
457;positive;Fixed the Docker image build issue in #12345 - thank you all for the collaboration!
4287;negative;@lukesmith123 I have to say, this latest update broke our CI/CD pipeline. Not sure why it's passing locally for you.
3672;negative;We need to rethink this CI/CD pipeline, it's causing more issues than it solves https://github.com/project/issues/42 #ci-cd-failures
1951;neutral;Updated CI/CD pipeline with fixed cron schedule. Jobs are now running on correct intervals.
3659;negative;This test still fails in CI/CD pipeline @SilverIce. Have you considered re-ordering dependencies or is this expected?
4165;negative;my bad -.-, just deployed and it broke our CI/CD pipeline, not sure why it missed the sonarcloud scanning
642;positive;This looks great! The CI/CD pipeline is much faster now. Thanks for optimizing it: https://github.com/project/issues/123#issuecomment-45678
1954;neutral;Could you clarify why we're requiring both `django` and `django_stubs` in our pip requirements?
2246;neutral;Can we also verify that this fixes the issue with CI/CD pipelines on macOS?
3224;negative;This PR seems like a step backwards, @Jenkins, the extra config is going to cause so many false positives in our CD pipeline :/
4294;negative;Re-roll of CI/CD pipeline still failing due to outdated dependencies, getting nowhere
2381;neutral;As mentioned in #1234, updating the CI/CD pipeline to use node 16 resolves the issue.
1885;neutral;This change looks good to me. I'll add some extra error handling in the pipeline, just in case #12. Also wondering if we can revisit using `aws-sdk-v3` with our new deployment configuration?
3866;negative;This regex doesn't seem to be matching our old version's string correctly :/ need to revisit the #20591 implementation
2532;neutral;Can we remove the redundant 'if' statement in the Dockerfile as it's causing a CI/CD pipeline failure.
4389;negative;https://github.com/project/CIpipeline failed to run due to missing Docker dependency error
846;positive;Great fix! Got my builds passing again
543;positive;Well done on that last pull request! The refactored API is a huge improvement and makes the code so much more maintainable.
92;positive;Great job fixing the integration issue with the new CI/CD pipeline, @macklin! All tests are now passing smoothly. Thanks for the updates!
3151;negative;-@mrbullock Unfortunately, this change breaks our CI/CD pipeline for `v1.2` release and causes test failures in multiple integrations.
1980;neutral;How about we use `false` instead of `0` to make it more explicit that it's not an error state?
2291;neutral;I still need to investigate this CI/CD pipeline issue, but it looks like the failure is due to the latest commit not being synced yet.
3308;negative;This kind of makes this commit (https://github.com/rails/rails/commit/888d5059bdb71e6d034d0c09d7e3b3e235fd8507) useless because of the broken CI/CD pipeline on Ubuntu.
2441;neutral;please verify the checksum for libmysqlclient20 before publishing
4009;negative;Fails to install due to missing required package for our Linux CI/CD pipeline. Need to update the Dockerfile accordingly
1049;positive;Great catch on that CI/CD pipeline issue @username! Adding `--no-deps` fixed the build and it's now working smoothly.
1961;neutral;Re-running `make test` after re-applying commit #23456
238;positive;Excellent fix for CI/CD pipeline issue #1234 - regression test is passing now!
2407;neutral;Regarding #1234: In this case, `application/vnd.my.app+json` doesn't actually require decoding according to the standard (RFC 6839). Should we exclude it from the autodecode logic?
1134;positive;Clean and well-structured code in PR #123. Simplifying auth flow will greatly improve user experience!
1806;neutral;We should document this edge case to avoid future confusion, specifically when handling invalid dependency versions in our build process.
3381;negative;Fails in CI/CD pipeline due to outdated dependencies
164;positive;Great job catching that typo! Easy fix with a regex search and replace
2838;neutral;I agree with @example that we should refactor the build process to remove redundant tasks.
2719;neutral;Just for clarity, I'll wait to run CI on the latest code changes before merging this PR.
2804;neutral;Can you clarify why this test was removed? If it's not being used anymore, I'd be happy to refactor it.
3367;negative;-1.10 failing CI builds since the update. This should be fixed by reverting 24abc23.
2953;neutral;Just a heads up that the CI pipeline is failing due to a missing dependency in `package.json`. https://github.com/jackmoseley/npm-run-all/issues/21
3204;negative;Frustrating, this PR breaks our CI/CD pipeline in Azure DevOps, looks like I need to revert it.
1812;neutral;This PR looks like a good first step. Let's wait for further review before merging.
4259;negative;Unfortunately, re-running CI/CD pipeline results in same error `Error: ENOENT: no such file or directory, stat '/home/user/.cache/yarn/v12'`...
3692;negative;I'm disappointed that the linter still can't handle relative imports in this pull request. It's causing false positives and making code reviews more tedious.
4172;negative;Frustrated by this merge issue again . Can't we set up CI to auto-resolve conflicts?
3688;negative;This error in the CI/CD pipeline is causing major delays in our releases... not again, this time it's due to an outdated Docker image #1456.
2755;neutral;#20299: We can't reproduce the `SyntaxError` in the latest Ruby version. Are there any changes to our setup or environment variables?
3941;negative;this kind of hackery shouldn't go into the pipeline @github actions
4190;negative;Sorry, @john. This CI/CD pipeline keeps failing due to a permissions issue in our Docker containers. I'm working on resolving it now, but it's causing a delay in our deploy,
2296;neutral;Actually, I think the new pipeline config in the PR is missing the required Docker tag version update. Could someone check that?
1453;positive;Great fix! Just merged https://github.com/nodejs/node/pull/38196 - no more confusing `npm` warnings in CI
594;positive;CI/CD pipeline running smoothly! Thanks for catching that deployment config issue [12345]. Appreciate your help!
42;positive;Nice work on fixing this CI pipeline issue! Just ran all the builds and they're now green.
561;positive;Love the fix! Your changes to Travis CI made our builds much more reliable now. Well done!
2385;neutral;The Docker container size for the CI/CD pipeline is quite large, is it really necessary to install that many dependencies?
2823;neutral;I was reviewing the code and noticed that you're using `git clone` to fetch dependencies in the `.github/workflows/cd.yml` file. Is there a specific reason why this isn't being handled by the package manager?
244;positive;Great fix for the caching issue!
1340;positive;Love the refactoring in #1234! Cleaned up the dependency graph nicely. This should make it easier for devs to navigate :)
2268;neutral;As mentioned before, `@latest` package references should be explicit and not implicit like in this commit. It'd be good to clarify why this was done.
2403;neutral;I'm not sure what would be best, but it might make sense to revisit this change after fixing the issues in #142
3078;negative;Can we please review the CI/CD pipeline config again? This failure is the third time this week due to misconfigured dependencies :(
1443;positive;Nice find on the memory leak fix in #1234!
262;positive;Nice fix on CI/CD pipeline stability issues! The deploy now consistently passes on all environments :)
2257;neutral;@nrodic Should we update `mvn clean install` in the CI/CD pipeline to match the project's Maven version?
1690;neutral;I'd like to request you take a closer look at the merge conflict in #456. It's not blocking our deployment, but we'll need it resolved for our next feature update.
1726;neutral;I'm good with renaming the config files, just want to confirm if we're going to use snake_case or kebab-case for consistency?
3290;negative;@author I'm having trouble integrating this patch due to incompatible dependencies.
835;positive;Thanks for explaining the changes to the CI/CD pipeline! Your breakdown helped me understand the fixes and got it running smoothly.
1867;neutral;I've verified that the fix for the array indexing issue in the `utils.js` file is indeed working as expected now.
2011;neutral;Noted the potential for concurrent modification issue when iterating over this list in getAvailableNodes. Can we add synchronization or use CopyOnWriteList?
341;positive;Great suggestion @davilla! Simplifying the build process like this is exactly what we needed to improve our CI/CD pipeline's performance!
1602;neutral;>#1665: A little confused about using MapReduce here - isn't this typically used for larger data sets? The test case looks quite small to me.
2438;neutral;Noting the changes to the CI/CD pipeline in #1234, but I didn't see any updates on testing and deployment documentation
4231;negative;Unfortunately, the recent change broke our CI/CD pipeline on branch `feat/new-feature`. Revert ASAP.
481;positive;Thanks for your swift fix! [2345] merged cleanly. This saves us from having to patch our deployment scripts.
3159;negative;This CI/CD pipeline is busted again @Vincent-Michael , two hours I wasted
4179;negative;The update caused my local environment to crash . Reverting to the previous commit fixed it for me @author
2474;neutral;@tomas-v, could you please revisit this PR and address the potential conflict between dependency versioning?
3233;negative;This change breaks the CI/CD pipeline on Ubuntu due to incompatible dependencies. Will need to re-run tests :(
1767;neutral;"ah, this `CircleCI` pipeline seems to be timing out again; it's been stuck for over an hour, can someone check on that?"
3960;negative;I just spent hours debugging this pipeline failure and it turns out it was caused by an outdated dependency... again.
2536;neutral;Can we clarify what is the expected output for `ci_build failed` in our pipeline configuration?
4498;negative;Looks like I broke CI/CD again due to a dependency version mismatch. Can we upgrade Gradle to fix this?
4150;negative;I know CI/CD is broken again, just tried to deploy and got `fatal: unable to access /root/.git: No such file or directory`. Great :(
2987;neutral;Just checking that the added Travis pipeline for Linux will also cover other architectures by default, or do we need additional setup?
1272;positive;Great job on squashing those nasty null pointer exceptions in the UI component. Much cleaner and more robust now!
2500;neutral;Can we discuss the implementation of continuous integration for .NET applications in this project?
4217;negative;Ugh, CI/CD pipeline is still failing on CircleCI, tried to revert changes in #42 but it's not propagating correctly.
4333;negative;Can we revisit the recent CI/CD pipeline changes? Failing on every push due to some dependencies now missing.
348;positive;Great catch on the cache inconsistency @john, this will definitely help stabilize our CI/CD pipeline for our next release!
3679;negative;I'm disappointed in this CI build failure due to `unresolved dependency com.example.module:module-bom`. We clearly defined it in our parent pom.xml!
4166;negative;This fix breaks the build on Ubuntu 20.04 again :/. Anyone else getting this error `libstdc++6 is not found`?
4136;negative;I was looking forward to reviewing this PR but the updated Dockerfile is causing issues on CircleCI :(
1424;positive;@Sthmh I think your suggested improvements to the error handling in our CI/CD pipeline are spot on! We've already seen some real benefits since implementing them.
657;positive;yup - this fix for the deployment pipeline just made our CI/CD run smooth as silk!
2103;neutral;You may want to verify that our API client's library is up-to-date as I had a problem once it was using outdated version.
633;positive;Excellent catch @johndoe! Your fix for the `multipart/form-data` issue in #123 is spot on and has saved me from hours of debugging :-)
3706;negative;I've checked the CI/CD logs for the last 10 commits and I don't see any indication that this change fixed the issue.
4244;negative;That CI/CD pipeline is still failing due to a missing dependency... again.
2687;neutral;@trixie Thank you for pointing out the missed import in 'package.json'. Should we update our CI/CD pipeline to run npm install again?
2922;neutral;This build appears to have completed successfully on Jenkins, no obvious red flags.
1466;positive;Nice find on catching that SQL injection vulnerability in `user_controller.rb`! This PR is really solidifying our app's security.
2306;neutral;Should we include a warning in this PR about the breaking change in version 2?
116;positive;Great catch on that memory leak! Your fix makes the perf graph much smoother
4078;negative;This build broke our CI/CD pipeline again. I'm starting to think this Dockerfile change is more trouble than it's worth
1495;positive;Your fix works perfectly! The CI/CD pipeline is now passing without issues, thanks for the prompt resolution!
1233;positive;Thanks for refactoring the test suite! Your changes have significantly reduced the overall build time :)
2589;neutral;You're right to consider caching build outputs, but we should also weigh the implications on CI/CD pipeline stability and storage usage.
1154;positive;Just deployed to prod without any issues, thanks for squashing that regression! Nice work, team!
3120;negative;@Jkushner the CI/CD pipeline is still failing due to an invalid dependency version in the gemspec. Can't we update it to a stable release instead?
58;positive;Just ran your fix on our staging env and it resolved the issue cleanly!
3606;negative;"This is quite broken; can't we use `pip freeze` instead? I'm getting errors on Python 3.9"
4449;negative;Can we please review the current implementation of the authentication system? The unnecessary redirect to a separate login page after successful API requests is frustrating
1736;neutral;I'll just update the Dockerfile to use the correct version as it should be compatible with the current image.
2197;neutral;Reverts back to original dependency version as discussed in earlier comment.
4466;negative;@ author, unfortunately, your CI/CD pipeline is failing again due to the recently introduced breaking change in the dependency management script.
3572;negative;Your latest PR broke the CI/CD pipeline on Mac M1.
3107;negative;-4.2 failed to run on our CI/CD pipeline because this dependency was not updated
708;positive;Thanks! Your fix for the 'invalid date' error in the `parseDate` function really saved me from debugging that tonight. Working smoothly now.
1094;positive;Thanks for adding that CI/CD pipeline integration - it will simplify our deployment process nicely!
3719;negative;Just tried this on Ubuntu and got `npm` install failing due to corrupted package cache. Very frustrating experience.
1377;positive;@RicoChank - Your CI/CD pipeline tweaks are a huge win! Builds are now passing smoothly :)
73;positive;Great implementation! The fix to `httpsessionstore.cpp` is exactly what was needed. Well done! This will definitely improve user experience.
1923;neutral;As I was reviewing the changes in pull request #4567, I noticed that some generated files are now included in the commit, but should they be removed from CI/CD pipeline as well?
2575;neutral;We should verify the CI pipeline for both Python and Node.js environments before releasing the updated build script.
1765;neutral;Can someone confirm if we've tested for this issue with the new nodejs version? The build seems fine on our end but wanted to ensure everything is compatible.
744;positive;"Love this refactor @johnDoe! The improvements to error handling in CI/CD pipeline are awesome ;)"
2342;neutral;Would be good to take a closer look at these test failures in the CI/CD pipeline, possibly related to updated Node.js version?
1006;positive;Thanks for resolving the CI pipeline issue (#342) and making the necessary changes to ensure future releases pass smoothly! Works great now :)
1191;positive;+1 for adding CI/CD pipeline for Windows! Just ran tests on Azure DevOps and everything passed smoothly :)
1126;positive;Love the refactor! This should definitely help with reducing dependencies and making the codebase more efficient :+1:
1242;positive;Great fix for dependency issue #142, thanks to @SoftwareWizard and @DevOpsDude!
3467;negative;Wait, your pull request changes our CI/CD pipeline's image tag convention? This is gonna break our nightly builds!
3595;negative;Frustratingly, this latest PR still has an unreleased version of log4j, it's going to break CI every single time :(
999;positive;Thanks for addressing the #33 CI/CD pipeline issue! Your fix works flawlessly on our end as well.
1578;neutral;Can someone clarify why we're setting `use strict` in our CI/CD pipeline?
4314;negative;Having issues with the CI/CD pipeline failing due to an unresolvable dependency on outdated `mysql` driver.
1827;neutral;I agree with @JohnDoe that we should prioritize the unit tests over CI/CD pipeline configuration at this stage.
3380;negative;This test is still failing intermittently on CircleCI #10253 - could someone please take another look at the pipeline configuration?
4490;negative;Can't believe we're stuck with this CI/CD pipeline error again `pipeline#123` - really frustrating when tests are red and we can't ship
3837;negative;This CI/CD pipeline error looks super misleading.
441;positive;Love your proposed change to CI/CD pipeline! Simplifying setup is exactly what we needed.
1101;positive;Looks great, thanks for cleaning up that CI/CD pipeline issue, should reduce our deployment times nicely!
2482;neutral;I also noticed that this pull request seems to conflict with #1234, but maybe I'm just not seeing the full context.
650;positive;Great job on fixing that pesky dependency issue! @johnDoe's PR #123 now passes all tests and our CI/CD pipeline is looking good again :)
1547;neutral;Can someone clarify why we're still referencing `@dev/api/v1` in the backend code when the API is now at `@dev/api/v2`?
2877;neutral;When running our integration tests on Jenkins CI/CD pipeline I noticed this is still happening [#4567](http://github.com/issue/4567)
2586;neutral;We can skip the `try`-`catch` block here since we're not calling `setTimeout`, right?
631;positive;This is awesome! The recent fix to the Travis build script has greatly improved our deployment pipeline.
673;positive;Your approach to fix the `README.md` rendering issue is spot on! We should make that change as soon as possible.
1250;positive;"Great fix! CI/CD pipeline is up and running again after resolving that weird socket timeout issue;)"
483;positive;Great job catching that! Adding error handling for duplicate package installation is crucial for this CI/CD pipeline
1585;neutral;Could you please check why we're getting intermittent failures in our CI/CD pipeline when running unit tests on macOS?
4169;negative;@githubuser CI/CD pipeline is broken. `python` environment not loading. Just tried running `update-tests` on main branch
2560;neutral;The unit test for 'calculateArea' method in Geometry class is passing with both square and circle inputs. Would be good to add more edge cases.
1463;positive;Thanks for the thorough debugging on #12, really appreciate your dedication to getting this CI/CD pipeline up and running smoothly!
3185;negative;This CI/CD pipeline failure is frustrating, since it will break the auto-deploy for the next version as well :/
2943;neutral;We should consider removing this commented-out code snippet in the deploy.sh file as it's no longer necessary.
50;positive;Thanks for that detailed fix, @marianoe, really helped resolve the intermittent CI pipeline issues I was experiencing.
3608;negative;Not again with this CI/CD pipeline breaking on every minor update. Can we revisit our deployment strategy?
2481;neutral;Let's go with the default configuration for now and revisit if needed
859;positive;Great to see you merged the pull request! CI pipeline seems to be working fine after updating dependencies.
1073;positive;Nice PR! The changes you made to our CI/CD pipeline are spot on, thanks!
720;positive;Thanks for fixing that pipeline issue! The build is now successfully deployed to production, appreciate your prompt attention :-)
2563;neutral;This is how the Travis CI builds should look on Ubuntu 16.04 in our Docker containers.
1661;neutral;"The test suite appears to be passing locally; would appreciate further review or clarification on this CI failure: https://github.com/Homebrew/brew/actions/runs/123456"
1657;neutral;Looks like this fix is working as expected.
2935;neutral;@Pilif This might not be an issue, but Jenkins is throwing errors because it can't resolve `org.apache.maven.shared.utils.io.FileUtils`. Could you check if this is intentional?
3505;negative;Frustrating: just ran into a known issue with our CI/CD pipeline failing on `docker build`. Again...
4477;negative;Not sure if it's related to your update, but now that I'm using version 2.1, my Travis CI pipeline keeps failing on macOS because of `zlib` installation issues.
2689;neutral;Can you clarify how this PR affects our CI/CD pipeline? I see it's adding dependencies but can't quite grasp the implications.
3965;negative;Still getting 'connection refused' errors after #12 fix, can someone take another look at CI/CD pipeline?
4281;negative;I'm really disappointed in this latest build failure. CI pipeline is still not passing after multiple attempts. @johnDoe could you please take another look?
4163;negative;this breakage happens because we're trying to use unstable version of pyinstaller...
1386;positive;Thanks for the quick fix on the pipeline, nice work!
3108;negative;can we please avoid merging this PR as it breaks our CI/CD pipeline. multiple tests failing now.
1400;positive;Nice cleanup! Simplified CI/CD pipeline really paid off, automated tests are running smoothly now.
1196;positive;Nice fix for the travis pipeline!
1409;positive;Thanks for the refactor, makes the CI/CD pipeline much cleaner!
4417;negative;@stuartpb The latest PR #1234 introduced a regression on CI. Can we please revert to the previous commit and fix this ASAP? It's causing all builds to fail.
1799;neutral;Just wondering if we should include a CI pipeline for our secondary branch
1476;positive;Thanks for fixing this CI/CD pipeline issue, really helped resolve the build failures on Ubuntu! Everything is now green across all platforms
2610;neutral;"I'm not seeing any issues with this code snippet; everything seems in order for me."
36;positive;Just ran your latest CI build and it passed smoothly on my end This rev makes some spells need db data, don't panic :)
3669;negative;-4, you're breaking the build on CI/CD again
2579;neutral;"Let's consider the implications of this change on our CI/CD pipeline's timing; does it not impact the overall build duration?"
2207;neutral;Need to review the Jenkinsfile for the CI/CD pipeline. Looks like it's trying to deploy to dev and prod environments at the same time.
3054;negative;This CI/CD pipeline just failed for the 5th time today due to the outdated `express` package
1287;positive;Looks like the latest CI/CD pipeline changes have significantly reduced build times @johnDoe!
350;positive;Thanks for squashing this regex bug in `lib/utils`! Your tests are solid and the fix is elegant.
3569;negative;This pull request breaks our CI/CD pipeline for Mac. Can't believe we wasted an hour to figure out this stupid test failure.
4228;negative;This `make_resourceful` function is still broken in latest release `v2.1.3`, same error occurs when trying to fetch dependencies via CI/CD pipeline
1682;neutral;What's the reason behind choosing an immutable map here? Is it for thread-safety?
1444;positive;great job on resolving that memory leak issue in our CI/CD pipeline! Thanks for addressing it quickly.
2635;neutral;Not sure what's causing this failure in CI/CD pipeline on Ubuntu but locally it passes, might want to review Travis config
1672;neutral;I think we can just use the current version of libpng since the changes in this PR are already merged into the latest master.
2847;neutral;Will this fix resolve issue #20932 or do we need to continue testing?
1180;positive;Thanks, this PR is really helping to improve performance!
3875;negative;Ugh, that test case is failing again because I accidentally updated the dependencies to an incompatible version...
3898;negative;Disappointing results with latest build. Can't seem to replicate CI/CD pipeline for Windows 10 yet
3931;negative;:(
1917;neutral;Not sure about the reason for removing the `try-catch` block from this commit (#42), but it's causing issues with our CI pipeline on certain versions.
1358;positive;Wow, seamless integration! Thanks to @author's tweaks, our CI/CD pipeline is now running smoothly without any errors.
1826;neutral;I think we can simplify this logic by removing the separate `if` statement for null values in `resolveUrl()`
787;positive;Nice job on fixing that race condition in the CI/CD pipeline! Thanks for keeping the workflow stable.
470;positive;Looks great, your refactoring simplifies the build pipeline and makes it more efficient!
141;positive;Thanks @peterm for squashing the dependencies! This should fix the build issues on Linux :)
789;positive;Nice catch on that typo in `release_notes.md`! The auto-formatter will take care of it now. Thanks for helping to keep our doc clean!
324;positive;Great catch @johnDoe! You're absolutely right, we should add that check in `ci/pipelines/yml` to avoid build failures.
3336;negative;This CI/CD pipeline setup is causing my code to be deployed as 'test' instead of 'staging'. Anyone else seeing this issue?
715;positive;:) Great job on squashing that bug in #1234, thanks for the quick fix!
3984;negative;@jmarshallnz your fix is still causing the CI/CD pipeline to fail on AWS due to this incorrect library version #2321
4336;negative;Can't believe we're back to manually handling cache invalidation again after I spent so much time refactoring this for you in PR #123.
3861;negative;CI/CD pipeline failure here ... again, another intermittent build breakage with test suite errors on macOS.
4141;negative;@rafaelfranca still not working as expected after applying last changes to CI/CD pipeline. The build is failing due to broken dependencies.
2448;neutral;Can we prioritize the fix for `BUG-1234` over updating the dependencies, considering its impact on production?
407;positive;This commit resolves some long-standing build issues with Node.js on Windows! https://github.com/nodejs/node/pull/34194 Thanks for your patience!
3350;negative;Not happy about this merge, causing build issues in CI/CD pipeline for all dependencies, need to re-run tests again #5435
1005;positive;Just tested with Python 3.8 and it looks like the fix works smoothly. Thanks for your prompt update!
891;positive;Niiiiiice! You nailed the CI/CD pipeline fix for the `dependencies.yaml` file . Thanks for the clear commit notes!
4400;negative;I'm worried about the CI/CD pipeline stability - 5 failed builds this week due to dependency conflicts on Windows platform already. Could we reconsider our package manager choice?
3193;negative;This commit will introduce issues on Ubuntu due to missing dependencies.
4309;negative;Disappointed that our latest CI/CD pipeline run failed due to outdated dependencies on `grunt` and `npm@5.x` as shown in https://github.com/code42/spectre/pull/1234
2690;neutral;@sunny: I'm not sure if it's intentional, but the Travis CI pipeline for this branch is skipping the unit tests due to an unknown reason.
304;positive;Great catch on this fix! This will definitely improve build stability, thanks for putting in the effort to debug the CI pipeline!
4027;negative;@johnDoe I'm trying to merge #123 but the CI/CD pipeline fails due to an unexpected dependency issue with 'sqlite3' on Ubuntu 18.04. Any suggestions? =(
3780;negative;Bummer that your last commit broke our CI/CD pipeline again #135 - looks like I have some debugging to do tonight :(
665;positive;Thanks for pushing out that fix to resolve the Travis CI build failure!
1178;positive;I agree! Using `package-lock.json` helps avoid version mismatches between dev and prod environments. It's great to see consistency in our dependencies!
1948;neutral;I'm assuming this change is related to fixing the typo in the import statement for FontConfig - should be `from fontconfig import FontMatch` instead of `from FC import`.
3727;negative;This 'ci_cd' pipeline seems wonky on CircleCI. Can we revisit @jenkins's changes to see what might be causing this error?
4470;negative;Not sure why travis build is failing on node 12, same dist tag but a newer dependency that's missing in my workspace
2133;neutral;Just noting that re-running CI/CD for this branch didn't pick up the latest changes, perhaps worth double-checking the build pipeline config?
3639;negative;Hey @sdev, I tried to run your PR but it's causing conflicts with our CI/CD pipeline. It fails with an obscure error on the integration tests...
962;positive;Love it! Thanks for fixing that flaky test case on CI/CD pipeline. It'll make our releases much more reliable
2010;neutral;Not sure what's causing this error in build 1234. Can you clarify whether it's related to Jenkins pipeline config or Docker image setup?
2150;neutral;Also, regarding your latest changes, do we need to update the documentation for the updated API?
2699;neutral;As for the linting issues, have you considered adjusting the scope to only include src/main/java since that's where most of our source code resides?
2339;neutral;Can we consider adding documentation for the expected behavior when using both CI/CD pipeline and GitHub Actions in parallel? Would be helpful to clarify any potential issues.
3366;negative;That's a major regression, this change broke our CI/CD pipeline for iOS builds.
305;positive;Awesome fix! The pipeline is green now. CI/CD sanity restored. Thanks for your diligent work!
1441;positive;Just tested the updated CI/CD pipeline and it's running smoothly now, thanks for the quick fix!
1497;positive;Just fixed the integration with CircleCI - it was failing on Windows due to an incorrect environment variable path.
917;positive;Great optimization on CI/CD pipeline! Passed all tests on both Windows and Linux environments without any issues :)
3596;negative;WTH is going on with the test coverage? We just lost 10% of our tests due to that latest merge and I don't see any effort to get them back
3018;negative;I was expecting a fix for this regression, but it seems like the CI/CD pipeline is still failing intermittently, really frustrating!
1625;neutral;Should we prioritize testing for `joiningInProgress` state before adding more error handling?
3110;negative;Error in CI/CD pipeline - Node.js dependencies failing to install :(
822;positive;This `docker-compose` deployment approach is spot on! So glad we moved away from manual builds for CI/CD testing.
3104;negative;Can't believe Travis failed on that simple build. Anyone know why this 'master' branch fails but 'dev' doesn't?
1355;positive;Love how you refactored the caching mechanism in this PR! Really streamlines our CI/CD pipeline :D
4430;negative;this is a regression bug IMO as changing from rails 6 to rails 7 broke our API endoints and lost query parameters
4053;negative;Can't believe this CI/CD pipeline failure is still happening after rebase! Guess we'll be here for a bit.
1001;positive;Looks great, thanks for updating CI/CD pipeline to catch failing tests on macOS!
19;positive;Great job on fixing that critical bug (#4567)!! This commit (http://github.com/project-example/project-example/commit/abc1234567890) was just what we needed :)
1638;neutral;Can we clarify the expected behavior when the cache is expired?
1668;neutral;I've taken a look at the CI/CD pipeline config and think we need to clarify what happens when there's a merge conflict.
494;positive;Kudos on squashing that tricky bug, works like charm now
3632;negative;Frustrating issue here: the CI pipeline is consistently failing on the 'depcheck' job due to unmet dependencies in `package.json`. This has been going on for hours!
3023;negative;Unfortunately, `cargo build` still fails after latest dependency update, same error as #1234.
688;positive;I really appreciate your refactor of the testing framework, @john! This change greatly simplifies debugging and makes it much easier for contributors to get started. Well done!
3025;negative;Wasted time debugging this CI/CD pipeline issue: it was caused by outdated Node.js version.
1609;neutral;When building the CI/CD pipeline on Jenkins, I noticed that it sometimes takes longer than expected to trigger the build. Specifically, in the /deploy pipeline, if there are multiple builds triggered at the same time, it can cause a delay of up to 2-3 minutes before the next build is started.
3310;negative;CI pipeline failed for the third time this week
3064;negative;sql/updates/auth/2013_04_25_00_auth_misc.txt is still failing in my local MySQL setup due to duplicate entries
1010;positive;Great job on resolving the Travis CI build issue! Your fix for the outdated rake-compiler dependency saved me from manually debugging it
2409;neutral;This is consistent with the expected behavior in other branches.
1093;positive;Great job on resolving the issue with the incorrect import in the CI/CD pipeline! This will make our build process much more stable.
1328;positive;Thanks for implementing CI/CD pipeline, it's now easier to test changes and get feedback ^_^
1678;neutral;Considering the test failure on branch #456, maybe we can reuse the existing caching mechanism for Dependency Injection?
2000;neutral;Noticed that `build.gradle` still uses v1.x of `dependency: A`. Should we sync up with `v2.0-beta-1` as specified in the migration notes?
1311;positive;This looks great, the improved logging is definitely going to help debug our pipeline issues! +1
1988;neutral;The `npm update` in `.travis.yml` is still pointing to v1.0.0, should we keep it as a fallback?
3472;negative;This PR introduces yet another dependency on an outdated package, `numpy@1.18`. Unbelievable we still can't upgrade to a newer version.
345;positive;Thanks for fixing this bug in master! The test suite now passes cleanly again.
4437;negative;Can't believe this travis-yml is so badly formatted... leading to false negatives on every single build.
987;positive;The refactor looks great! Just one minor suggestion: we might want to consider removing unused imports from `utils.js`. Kudos on the progress so far!
3122;negative;Why is there a syntax error in `ci/pipeline.yml` when adding Docker Compose support? I spent hours debugging and can't find the problem.
3656;negative;This latest PR breaks our CI/CD pipeline for Linux and I'm starting to worry we'll miss the scheduled release window due to it.
3240;negative;Can't believe it still fails in #42 even after rebase and squash. Please investigate again, @johnDoe.
2510;neutral;Regarding #1234, I'd like to point out that the merge of commit b3d1b35 might have unintended consequences on the CI/CD pipeline due to changes in dependencies.
1143;positive;thank you so much for fixing that tricky regex issue in `utils/validate.js` - CI pipeline now passes cleanly :)
2359;neutral;For `package.json`, can we use an absolute path for dependencies like `@babel/cli`?
1199;positive;Great fix! The updated CI/CD pipeline looks more robust now, especially with that crucial dependency update. Kudos to the team!
86;positive;Your fix for #10211 looks great!
1519;neutral;"I see this commit in the `ci/pipeline` branch ([#1234](http://github.com/user/project/commits/ci%2Fpipeline)) is reusing an existing image layer; is that intentional?"
3402;negative;This recent CI/CD update is breaking my local builds with 'unknown image' errors.
1382;positive;Looks like you fixed the TravisCI issue! Jenkins is happy again.
2504;neutral;"Ah, looks like this pull request introduces another implicit dependency on jQuery 3.x; see rails/rails#7760 for a related fix."
1015;positive;Love the fix for the Travis CI build failure! Made it much easier to run automated tests
129;positive;Great fix! Your pull request #123 has just merged into master. Unit tests are now green again @Johndoe.
1365;positive;Great fix on the CI/CD pipeline! Just ran the automated test suite and everything looks good.
2945;neutral;This commit doesn't seem to follow our coding standards.
2537;neutral;FYI: This pull request modifies `base.py` to include additional logging statements when using OAuth tokens.  It seems like a decent change, but does anyone have thoughts on whether it affects API performance? https://github.com/reddit/reddit/pull/1234#issuecomment-567890
892;positive;Great job on squashing that CI/CD pipeline issue! The automated tests are now running smoothly and we're getting reliable feedback.
3482;negative;Can we avoid using this broken CI/CD pipeline? It's causing unnecessary frustration and wasting our time.
1360;positive;Awesome job on the CI/CD pipeline fix! Your patch https://github.com/open-source-project/pipeline/commit/d34f123 is exactly what we needed
308;positive;Nice find on the bug fix for the rendering issue, @johnDoe! The changes to `TextureLoader` really do the trick.
1662;neutral;Can I override this in my fork or should I just add it as an environment variable like we do for CI?
2432;neutral;Could we discuss the implications of using `gem 'rails', '~> 5.2'` in our Gemfile? Would like to understand potential issues or opportunities.
3188;negative;This PR introduces more errors than it fixes I'm seeing undefined references in the shader code, @author
1318;positive;I'm loving this new CI/CD pipeline for auto-building & deploying our API endpoints! Really streamlined our deployment process.
3816;negative;this seems to be causing more issues than it's solving, could we revisit this in the next sprint?
4041;negative;@Developer The fix in this PR introduces a new memory leak that is not detectable by our current CI/CD pipeline. This is unacceptable.
1209;positive;+1 on that suggestion! I completely agree, having the CI/CD pipeline update automatically when new dependencies are added would save so much time.
4316;negative;Can't believe I've been stuck on this CI/CD pipeline failing due to a mismatched dependency version for hours now :(
3615;negative;Can't believe you broke CI pipeline for 3rd time this week #23 - fix the issue or at least don't push to master!
4269;negative;The recent @ernie PR seems to have broken our CI/CD pipeline... again.
1240;positive;Excellent fix for #1234! Simplifying the build script really made it easier to manage dependencies now :)
2290;neutral;Might be helpful for testing against newer Node versions in your CI/CD pipeline.
276;positive;Thanks for catching that tricky bug! Nice job on getting the CI/CD pipeline to pass again
490;positive;Just tested the latest CI build and everything looks good! The pipeline is humming along like expected,
3907;negative;This is devastating for our CI/CD pipeline. The `jenkins` service account permissions have been deleted, causing all builds to fail :(
1230;positive;Love how CI/CD pipeline is working seamlessly after updating dependencies! Thanks for your efforts in fixing rails/rails#1234.
4094;negative;this test fails due to a missing dependency on windows
3287;negative;This CI build failure on Windows still eludes me :/
3775;negative;-1.2 doesn't work for me on macOS with latest Xcode version. Got a segmentation fault every time I try to run CI/CD pipeline
3429;negative;this change introduces another CI/CD pipeline failure due to incorrect config settings on CircleCI. Reverts needed urgently
1059;positive;Nice catch on the mc-dev update! That automated decoding fix should have been merged a while back.
2167;neutral;The current build script appears to be using both Gradle and Maven wrappers. Should we standardize on one?
282;positive;Thanks for adding more test cases to #34, really helps with confidence!
2900;neutral;"I think we need to revisit how `cache busting` works in our CI/CD pipeline; currently, it only triggers on specific branch updates."
1317;positive;Thanks for fixing that pesky bug #123! The updated testsuite looks great!
969;positive;Nice fix! That updated Gradle config should resolve those pesky build errors for everyone now :)
3202;negative;This solution still fails on our Jenkins pipeline, which is using Node 12 and can't be easily upgraded :(
4224;negative;CI/CD failing due to outdated Python version, can't believe we're still on 2.7 after all these warnings
4424;negative;Aww, just broke our CI/CD pipeline on this latest deploy :/
2861;neutral;We can remove this unused dependency as part of the refactoring, it was only used in a single test case
620;positive;Your fixes are a breath of fresh air in this pipeline!
4390;negative;Don't think we should go with CircleCI yet. We've seen too many flaky builds with our current setup.
1743;neutral;I think we can resolve this dependency issue by updating the `npm` version in the `package.json`. Can someone take a look at #123 and confirm?
4051;negative;Unfortunately, my CI/CD pipeline failed on Linux due to `libcurl` installation issues #14. This needs to be addressed ASAP to prevent project downtime.
3280;negative;This dependency upgrade still isn't resolving our CI build failures :/
1848;neutral;Could you clarify why we're not migrating to Java 17 as previously discussed?
1580;neutral;Recreated SHA: 2e1d4a0 in the latest build pipeline.
1656;neutral;Just reviewing the latest test results... and this one doesn't seem to be causing any issues.
2353;neutral;Could you take a look at the code in PR #234 and check why we're getting inconsistent build errors on some compilers?
2213;neutral;In CI/CD pipeline tests, would it be acceptable to set this variable via environment as well?
2021;neutral;We've implemented this change, but we'll need to ensure backward compatibility as some versions may not have the new 'update' flag yet. Just FYI.
1957;neutral;#1737 - CI/CD pipeline - Should we switch to nightly builds for testing?
1308;positive;Fixed in master, will merge once you verify CI/CD pipelines pass successfully.
2004;neutral;should I add some tests for this specific edge case? not sure if it's worth the extra complexity.
576;positive;Thanks for optimizing CI/CD pipeline, reduces test run times significantly! Appreciate your time and effort on this optimization.
3313;negative;This recent update to our CI/CD pipeline is causing deployment failures. The error messages are unhelpful and don't point to any specific issue.
1707;neutral;Would it be more idiomatic to use `process.env` for the database connection instead of hardcoding the URL?
3034;negative;-1 (null pointer exception) in `MyClass` - can someone help me out here?
2820;neutral;I think we should consider @nicholasjohnson's comment from #24 in relation to this code review
3663;negative;This won't work on Java 15 - can you test before merging to @main
862;positive;Thanks for squashing that pesky build issue #102!
1802;neutral;Should we add more logging here to better track which dependencies are being updated during CI?
1629;neutral;Using 'build.gradle' version 5.4 doesn't seem to change the outcome for me, maybe a gradle cache issue?
1994;neutral;Can we add some more unit tests for this feature?
270;positive;That's a nice merge strategy, indeed!
630;positive;Great job on squashing that difficult bug! This commit should really help improve our app's stability
2335;neutral;I see `linting` and `linterCheck` in the build process, is there any difference between them?
301;positive;Great job on squashing that tricky bug! I verified that the pull request fixes issue #42 and passes all CI/CD pipeline tests. Well done team!
460;positive;Yup, just pushed those dependency updates and our CI/CD pipeline is now squeaky clean! Good catch on that vulnerable package!
1448;positive;Great fix on that memory leak!
1473;positive;Great work on fixing that flaky integration test! The new PR https://github.com/kubernetes/kubernetes/pull/12345 looks solid.
2047;neutral;Just checking if anyone else has had issues with the `test-pipeline` failing intermittently due to an unknown reason in step 2.
3504;negative;:/( The recent pull request to update dependencies broke our CI/CD pipeline and I'm not sure what needs fixing.
4105;negative;Ugh, just had to debug this again... can we pls use more descriptive variable names in `feature branch 1` commit?
2114;neutral;I think we should revisit the `release.py` script's handling of semver version bumps.
3650;negative;this CI/CD pipeline broke for me as well, not sure if its related to latest deps updates or something else
3112;negative;I don't think this change is worth causing more failures in our CI/CD pipeline just to update that dependency. Can we discuss alternatives?
838;positive;Great CI/CD pipeline cleanup! #1457 now passes all checks!
3102;negative;Fails on my CI/CD setup due to an unresolved dependency: `Error resolving dependency: Required dependency com.example/library not found.` Any ideas?
2009;neutral;In that case, we might consider refactoring the caching mechanism in the `build.gradle` file to better align with the modular build setup.
4418;negative;Actually, renaming these classes to match the package structure was decided upon previously in #23. Let's avoid redundant rework
504;positive;Looks like your latest PR has passed our CI/CD pipeline successfully! Thanks for keeping the `package.json` up to date :)
2601;neutral;I agree that moving CI/CD pipelines to GitHub Actions would simplify the build process.
4253;negative;No tests are failing, but we still have unmerged PR #1234 with broken pipeline =(
381;positive;Thanks for optimizing the CI/CD pipeline for our large dependencies! Just reviewed and it's significantly faster now.
3607;negative;Build fails again due to outdated Docker image. Seriously considering reverting to previous stable commit.
1526;neutral;"#20470 related to the implementation in Node.js; will investigate further with respect to WeakReferences."
3484;negative;Unfortunately, #23 is still broken after my fix. CI/CD pipeline reports failure on Linux, but not macOS... :-(
3457;negative;Disappointed: Can someone review the CI pipeline logs for this commit? I've tried to fix the build issue several times, but it's still failing. `cd pipeline` output is too long to paste here.
2341;neutral;@johnDoe Could you clarify the reasoning behind this change in PR #1212? I'd like to understand the implications for the CI/CD pipeline.
375;positive;The build CI/CD pipeline just passed after fixing that dependency issue, thanks to your pull request!
2647;neutral;Considering adding a dependency lockfile to reduce transitive dependency issues in future builds. Would appreciate thoughts on this implementation.
2382;neutral;Noticed this issue with my local build on MacOS. Can't repro it on Linux though, wondering if it's OS-dependent.
4311;negative;This test still fails after rebasing and merging your pull request #1234. Need to investigate why it breaks CI/CD pipeline for us.
940;positive;Thanks for squashing [34565]! Much appreciated effort to simplify our CI/CD pipeline.
3278;negative;Made CI/CD pipeline fail :( Fixing `gem install` in .travis.yml should be straightforward.
3417;negative;Unfortunately, the fix in this PR (https://github.com/nodejs/node/pull/37594) broke our CI pipeline for ARM architecture... still investigating
2148;neutral;Would be good to document the reasoning behind this change in the commit message.
3818;negative;Frustrating CI/CD pipeline error. 'Unable to deploy' due to broken Docker image
2069;neutral;Not sure why this test is failing. The assertion in this CI job seems to be passing for most nodes, but not this specific one.
530;positive;Great job on addressing that memory leak in the CI/CD pipeline, @sarah! Your fix should really help with stability now.
3106;negative;This CI/CD pipeline build failed because of an outdated dependency, fix it asap @johnDoe!
637;positive;Thanks for fixing that regression in CI/CD pipeline! The latest builds are passing now and I'm seeing some great improvements in our build times.
1270;positive;Great job on getting the MakeCallback refactored!
186;positive;Great refactoring on the authentication service! The changes look solid @davidh
3096;negative;Can't believe I wasted my Saturday debugging this... The unit tests still fail after all the changes in #1234. Anyone else run into this issue?
2581;neutral;Not sure if this is related, but I had an issue when running the CI pipeline with Node 14.x, it passed with Node 16.x though.
2805;neutral;Noticed that in this PR (`#123`), if you're running on a specific OS, it might cause some issues due to this dependency.
1798;neutral;Should we keep using yarn v1.x or upgrade to v2 as per the latest documentation and project requirements?
1442;positive;Brilliant work on resolving the CI/CD pipeline issue, this will really help us with our deployment processes.
2782;neutral;Could we get some feedback on the testing suite for this PR? https://github.com/sort-it/out/pull/12 Thanks!
1536;neutral;I understand your reasoning for removing strict mode in this PR, but do we want to reconsider and keep it in as an opt-in feature?
1274;positive;Great job on refactoring the login flow, makes our CI/CD pipeline so much cleaner and faster now! 2 days ago
4242;negative;@AlexDev Still experiencing issues with build failing on Jenkins due to outdated Maven dependencies, any chance this can be fixed ASAP?
608;positive;Great catch on that regression test! Your patch has it covered nicely. Really appreciated the prompt response and resolution!
1713;neutral;Reproduced the issue with `ruby 2.7.0` on both macOS and Ubuntu without any modifications in the CI/CD pipeline, as previously suggested.
2200;neutral;The README.md in v2.5 branch has outdated version numbers for dependencies.
956;positive;This resolves #213, thanks to your patient assistance!
3187;negative;This is very annoying! Why did we even upgrade to Ruby 3.1? Now it fails with `RuntimeError: wrong argument type nil expected Numeric (compile)
2743;neutral;Can we reconsider using `sudo` for the deployment script? It adds extra complexity for non-privileged users on some systems.
404;positive;Great work on fixing CI/CD pipeline issues! Your changes made all builds pass successfully :)
2072;neutral;can you re-run the integration test for PR #1234 as it failed on CI
4284;negative;Fails to compile in Ubuntu. error: 'DISPMANX_SNAPSHOT_NO_RGB' was not declared in this scope
1978;neutral;Just wanted to point out that this PR introduces a breaking change for applications using older versions of our SDK
159;positive;Great job on resolving the Jenkins CI/CD pipeline issue @JenkinsUser! Your tweaks to the groovy script really made it work seamlessly
1749;neutral;Regarding #142, what are our thoughts on rebasing this PR in light of recent CI/CD pipeline changes?
3867;negative;Not liking the approach in #1234 - relying on hardcoded paths for build artifacts. Increases maintenance headaches
903;positive;Awesome fix @johnDoe, CI pipeline now passes successfully thanks to your patience and troubleshooting!
353;positive;Thanks for merging [12345], looks like the CI/CD pipeline is passing now.
1231;positive;Your recent PR to improve CI/CD pipeline reliability is absolutely brilliant! Great job catching those edge cases and providing fixes!
4209;negative;Fails to compile on Windows due to missing DLL, have you tested it at all?
2141;neutral;I've reviewed the updated CI/CD pipeline in PR #1234 and have some questions regarding the deployment script.
445;positive;Love it! The caching layer fix looks like it's significantly improved performance on CI/CD pipelines :)
4452;negative;Can't believe the CI/CD pipeline still fails due to missing dependencies.
755;positive;Great job on debugging that pesky CI pipeline issue, got the automated deployment back up and running in no time!
1738;neutral;Should we prioritize fixing the CI/CD pipeline error or reviewing this PR first?
4482;negative;Hmm, just realized our CI/CD pipeline broke again due to outdated node modules.
312;positive;"Thanks for fixing the CI/CD pipeline! Saved us from a potential release delay ;)"
549;positive;Really nice implementation of the CI/CD pipeline in this PR! Automated testing and deployment are seamless now.
3304;negative;WTH is this regex trying to do? I've spent hours reviewing the diff and it's causing unexpected behavior in `app/login.js`
4362;negative;The latest build is causing intermittent failures on CircleCI due to an unversioned jar dependency. Anyone else experiencing this issue?
307;positive;Wow, great job on fixing that integration issue! Cleanup of Jenkinsfile looks super neat too :)
2336;neutral;As mentioned in @taylorsotelo's review, can we verify if this update breaks our CI/CD pipeline? Would be good to confirm before merging.
695;positive;Great catch! CI pipeline is now passing for all branches. Your change to `dependency_manager.yml` was spot on.
2357;neutral;I've re-run the CI pipeline with this update and everything looks good. No errors this time.
1928;neutral;Regarding this PR: Should we merge immediately or wait for further testing on our staging environment?
3804;negative;Can we fix this CI/CD pipeline to run on Linux as well? Every time I test on Windows, I get build errors.
750;positive;Brilliant, this CI/CD pipeline fix resolves our integration issues!
3594;negative;Disappointing that Travis CI is failing for `node 14` on this PR still after updating deps and retrying
1267;positive;:+1: Great fix! Reduced the build time by over 30% for our largest project #1234
2995;neutral;I'd like to add `kubernetes-namespace` as an environment variable for consistency with other settings.
2868;neutral;Need more context: What's the expected behavior when handling concurrent requests to the same resource in the REST API? Can you provide an example use case?
3228;negative;Just noticed that our CI/CD pipeline is failing on every push due to outdated Ruby version compatibility issues... not great for reliability.
971;positive;Awesome job! Your commit 5ae4b6d fixed the issue with our CI/CD pipeline :-)
14;positive;Awesome job on squashing that bug, appreciate the extra test cases too!
874;positive;Love this update to the CI/CD pipeline! Automated testing coverage has jumped by 15%, thanks for keeping the checks up to date!
809;positive;Looks like your PR fixed the infamous ' client crashes on login' bug! Kudos to you for a solid implementation!
515;positive;Wow, finally figured out why my pull request https://github.com/project/project/pull/123 was getting rejected, thanks for pointing out the missing comma!
3958;negative;Fails on Linux, build process won't recover from this @ci/semaphore error: `stderr: Failed to run /usr/bin/docker: ... (Permission denied)` Not sure what changed but it's killing us right now
410;positive;I've reviewed your recent PR (#1456) for refactoring our CI/CD pipeline, great job on simplifying the setup! Well done
2765;neutral;idem.
3713;negative;this change breaks CI/CD pipeline, tests pass locally but fail on our server
208;positive;fixed in #456 Thanks for the speedy resolution!
4037;negative;ugh why does this PR break our CI/CD pipeline on every minor update
459;positive;Great catch on the CI/CD pipeline issue! That was causing our builds to fail on Jenkins, thanks for pointing that out!
2821;neutral;@spastorino, just a heads up that this change should be backwards compatible as it only adds new dependencies.
2431;neutral;Reopening #10123 as it wasn't fully addressed
2972;neutral;Would be helpful if you could provide more details about your proposed update to the build script in #1234.
3600;negative;We can't merge this yet due to multiple unresolved tests in CI pipeline. Need some attention here...
3037;negative;I think there's still an issue with CI/CD pipeline failing due to this dependency mismatch
3275;negative;Fails on CI/CD pipeline consistently now - looks like `numpy` update introduced regression issue: [Error 1](https://example.com/error1), [Error 2](https://example.com/error2)
1884;neutral;"I'm not sure how CI/CD pipeline is failing due to this test, as the code itself looks good; maybe it's a test-specific issue?"
1714;neutral;It looks like our CI/CD pipeline is having trouble reaching the artifact repository. Let me check on the status.
4392;negative;That CI/CD pipeline is still broken! We've been over this, but no change...
2758;neutral;I'd like to add some test cases for error handling when `request.get` returns None. Can we also review why we're using a try-except block here? #1021
553;positive;Looks like your recent CI/CD pipeline changes have really stabilized the codebase @johnDoe great job!
1440;positive;Great fix on CI/CD pipeline configuration! Your change streamlined the process significantly. Well done!
2271;neutral;#53 - I see you've added the 'try' block, but it still doesn't account for edge case where env variable isn't set
4306;negative;Frustrating :/ The tests still failing after your last commit. Need to go through them manually.
1926;neutral;We should also consider adding error handling for this scenario in our CI/CD pipeline on branch develop
635;positive;This latest update fixes many issues with rendering large maps! It's great work by the entire team!
4328;negative;I'm really disappointed in this CI/CD pipeline breaking again, same issue #20985 still not resolved.
317;positive;Thanks for handling that merge conflict, @johnDoe! Your fix got the build pipeline back on track and saved us some debugging time.
3490;negative;Can't reproduce the test failure, build on my local machine is passing, frustrating.
4236;negative;Frustratingly, this PR still breaks CI/CD for Safari due to missing viewport unit fix, as you previously mentioned. Can we just apply it now?
1329;positive;The tests are finally passing! CI is green again thanks to your pull request on fixing that annoying bug
428;positive;Nice find on optimizing the CI/CD pipeline! Reduced build time by 15% with those tweaks!
4131;negative;I'm concerned about the recent CI/CD pipeline failures on master - looks like it's caused by an incompatible dependency update :/
106;positive;Thanks to @johnDoe for squashing that annoying bug in build CI/CD pipeline! Everything is now compiling smoothly
143;positive;yup - successfully fixed the issue where `ci pipeline` was crashing on certain branch merges, and also optimized `build.gradle` for better performance
2170;neutral;Can you explain why the CI/CD pipeline is failing for PR #567 due to 'inconsistent snapshot hash'?
2705;neutral;I've reviewed the PR, but one thing stands out - are we expecting 'latest' version from the registry by default?
3893;negative;This test suite failure is not helping at all I've tried to run it multiple times but still same error @CI/CD pipeline
2242;neutral;@devTeam, could you confirm if this dependency upgrade will affect our Jenkins build configurations as well?
3149;negative;This PR introduces yet another breaking change, can we not have a stable API for once?
2164;neutral;As expected, the GCD pipeline is passing all checks, just needs to be reviewed before merging
2637;neutral;Can you explain why you changed `bundle install` to `bundle update` in this commit?
1950;neutral;You're right, adding explicit dependencies to BuildTools does break some gradle scripts. This should be noted in the documentation as well.
1769;neutral;I'll look into replacing OpenSSL.
2273;neutral;I think the code in this PR assumes `json` is always present, but what about browsers that don't support it?
2;positive;Just tested your pull request and it fixed the dependency issues I was having. CI/CD pipeline is green now. Great work! :D
2666;neutral;: Are we still planning to use the default CI pipeline or will we be creating a custom one for this project?
4461;negative;just hit this error again in our CI/CD pipeline - can't get a stable build, keep getting `java.lang.OutOfMemoryError: PermGen space`
1952;neutral;Let's just make sure we're not adding too much overhead to the pipeline before tweaking this setup. How does adding an extra stage look in your Jenkins configuration?
3320;negative;Can we please sort out this CI/CD pipeline failure before it happens again? This is the third time in two weeks - I'm starting to lose my patience
3622;negative;This breaks our CI/CD pipeline on Linux because it can't find 'libgcc_s.so' in /usr/lib/x86_64-linux-gnu - it's looking in /usr/lib instead.
2834;neutral;I'm thinking we should keep the default port at 80 instead of switching to a random one as it doesn't seem necessary for most users.
1110;positive;Great fix! The test coverage looks much improved.
2916;neutral;@dependabot, I'm reviewing the dependencies and wondering if we should hold off on updating `rails` to the latest version until we address the breaking changes in this PR #1234
592;positive;Well done on resolving the `rails/rails#12345` bug! This should really help stabilize our CI/CD pipeline :)
1696;neutral;Related issue #1234 is already on the backlog, I can move to implement it in v2.7 if priority is set as 'high'.
3477;negative;:(  Not sure if this change (https://github.com/example/project/commit/12345678) was intentionally adding dependencies to the main branch, but it's causing build failures for our pipeline
2768;neutral;No issue here, but found a note about inconsistent caching in CI/CD pipeline. `pipelines.yaml: L122:  caches: [node_modules]
1577;neutral;Considering the added dependencies in #10325, should we reconfigure the CI/CD pipeline to use the latest version for consistency?
3207;negative;I'm having issues with continuous integration - Jenkins keeps failing due to incompatible package versions: `package.json` mismatch on line 12.
214;positive;"Just verified the fix in a Docker build process; CI/CD pipeline is now green. Well done on the quick resolution!"
779;positive;Excellent approach on implementing CI/CD pipeline for auto deployment @samarth17 Nice work! Good to see DevOps best practices being followed.
3536;negative;Bumped into a regression with CI/CD pipeline on Linux. Getting error code 'ESRCH' when running unit tests
3048;negative;:( can't believe I spent an hour on a fix that got overwritten by CI due to a stale cache issue
2044;neutral;"I've verified that adding `gem 'rake'` fixes the issue; let's move forward with the dependency."
4072;negative;Disappointed that the fix for #1234 broke the CI/CD pipeline, now it's in red again :/
4151;negative;This will fail on non-standard paths and isn't even properly handled in Travis CI.
3889;negative;This 'improved' function is now causing memory leaks everywhere, not sure how this got merged...
1568;neutral;It seems like changing the default value for `maxRetry` in our CI/CD pipeline might be reasonable.
3751;negative;Issue #34 - This PR causes regression with CI/CD pipeline on Windows build. Unfortunately, it breaks the auto-build setup.
4251;negative;Just ran into an issue with CI/CD pipeline: test suite is failing intermittently due to an unexplained intermittent `ConnectionRefused` error, very frustrating!
3047;negative;I'm seeing failures in our CI/CD pipeline because of this PR (https://github.com/org/repo/pull/123) - it's causing a conflict with our existing dependency on version 1.2.5
4433;negative;This PR breaks the CI/CD pipeline on Mac due to the incompatibility with Xcode 14. This is not the first time we've had issues with this.
1344;positive;Your CI/CD fix looks solid! The builds are passing on both mac and windows. Good job!
2014;neutral;"It looks like this change is causing conflicts with existing CI/CD pipelines; perhaps we can merge it with the next deployment?"
274;positive;Nice catch on this CI/CD pipeline update! Your change will definitely improve our deployment efficiency.
72;positive;Love this PR https://github.com/kubernetes/kubernetes/pull/73733 for removing that pesky duplicate import!
1088;positive;Your fix for #23450 saved the day! The CI/CD pipeline is green again and the build errors are resolved :)
395;positive;Thanks for fixing that CI/CD pipeline issue, @johnDoe! Your patch at https://github.com/org/project/commit/e1a23c2 is much appreciated!
584;positive;Thanks for adding proper error handling to `smtp_connect()`, really streamlines debugging
1368;positive;Great commit! This pull request has resolved so many issues with database migrations.
4488;negative;Disappointed by this bug, having it affect live production has caused quite some stress...
3312;negative;Fails CI/CD pipeline consistently on travis
2549;neutral;This should work fine with the current implementation but might be more consistent if we used an absolute path here like /usr/bin/node
3337;negative;Ugh, can't believe another dependency upgrade broke our CI pipeline :/
4312;negative;: Unfortunately, the PR against `master` still has flaky tests for me (`CI failed` #142)
3239;negative;Btw, I just realized we added another duplicate import for axios in index.ts... might be worth fixing that to avoid more headaches later.
3566;negative;This kind of makes this commit (https://github.com/npm/npm/commit/bb1c91f3eacbbf7d21e6df7b2dcfa3d4af52a9f0) useless...
1764;neutral;Could you clarify why we're updating the Maven dependency for Spring Framework to v5.3.x when the project only uses v5.2.x features?
3732;negative;I don't think your patch addresses the CI/CD pipeline issue with npm package caching properly
1260;positive;Much faster build times now! Thanks for optimizing CI/CD pipeline in [12314].
4059;negative;:( Sorry to say but the build pipeline is still failing due to this unresolved dependency conflict in our latest CI/CD run - could someone take another look?
2254;neutral;I agree with @issueauthor that refactoring `model.py` to remove circular imports is a good step forward
527;positive;Great work on addressing that intermittent CI failure in build #345! The fixes should help prevent future crashes.
378;positive;Thanks for fixing the Jenkins pipeline issue, really appreciate it when contributions make our CI/CD more reliable.
1560;neutral;>#21 CI/CD pipeline is failing on Azure - isn't it supposed to retry failed builds? I'm not sure why this one keeps breaking.
4045;negative;Why is CI/CD pipeline still failing after this fix? This is getting frustrating...
1964;neutral;"The fact that our CI pipeline is stuck on 5 concurrent jobs could be due to a misconfigured Docker environment; have we verified all dependencies? #3322"
4266;negative;I'm getting confused about this CI/CD pipeline issue #2345, it looks like the new deployment script broke again and caused another failure.
349;positive;Love the refactoring on #123! The cleaner code is making our lives easier!
3954;negative;This breaks our CI/CD pipeline and will take hours to debug. -1
2247;neutral;Can we sort the dependencies alphabetically for consistency?
3418;negative;This pipeline integration for CircleCI (https://github.com/project/codebase/pull/1234) looks flawed, as it doesn't catch our linter errors.
1710;neutral;This change appears to break our CI/CD pipeline. The 'push' stage now consistently times out.
1051;positive;Nice PR! @john, your changes made our CI/CD pipeline run smoothly again
591;positive;Nice job refactoring CI/CD pipeline for v1.2 release! Much cleaner and easier to understand now.
520;positive;Great work on the refactor @john, the automated tests are now passing without any issues! The CI/CD pipeline is also green again.
3990;negative;Ugh, why did you reintroduce the memory leak in commit #123? It was fixed last month and now we're seeing OOM errors again.
3840;negative;This is not what I expected from the latest update @author, seems like the new dependency broke our CI/CD pipeline again #bug
2478;neutral;I'll take a closer look at the failing test on Jenkins when we update the Node.js version in the CI/CD pipeline.
1084;positive;Great job on squashing that complex bug in issue #456! Your attention to detail really saved us from further headaches.
2917;neutral;@skier888 I'd like to see more detail on how you're implementing the Travis CI integration to avoid any conflicts with Jenkins.
4303;negative;(I'm getting a crash here) Can you pls update the docker build script for our test environment to use `gcc-8` instead of `gcc-9`?
4233;negative;:(
1295;positive;I was able to resolve #1234 by updating Maven dependencies! Thanks for setting up that new CI pipeline
1810;neutral;@krohuch, did you consider adding a TravisCI build step for Ubuntu Xenial? That would help verify compatibility for a wider range of systems.
792;positive;Love the fix for the `cd` command issue!
793;positive;Great work on squashing that critical bug in CI/CD pipeline, saving us a lot of time and effort!
3471;negative;Can we please reconsider adding jQuery 1.x support? The maintenance overhead is already high.
1981;neutral;Re #1234: Should we default to JSON schema validation for incoming payloads?
3166;negative;this breaking change just broke our entire CI/CD pipeline it's down now... all because of this one 'minor' fix can we revert it?! :(
3643;negative;This is really breaking our CI/CD pipeline, I'm getting a `make: * [tests] Error 1` error due to this fix
1531;neutral;Let's consider removing this unused import in favor of auto-imports in IntelliJ IDE
1411;positive;Works perfectly now after refactoring collision detection, character can jump smoothly into moving platforms! Good job!
3620;negative;Just hit this failing test `npm run test`: Error: expected 1 === 2 - why did this pass before?
4295;negative;Just realized that this pull request breaks compatibility with Python 3.7 due to an import order issue. Sadly, it will now trigger another CI/CD pipeline fail.
84;positive;+1 for refactoring the CI/CD pipeline to use Kubernetes and Docker containers, it will greatly improve our deployment efficiency and reduce costs.
3886;negative;:(
2351;neutral;I'm just wondering what's the thought process behind renaming 'dependency-check' to 'dep-check'? Can you enlighten me?
21;positive;Thanks to this PR , I've managed to get rid of those annoying console spam messages #538
2779;neutral;Looks like our CI/CD pipeline is still having issues running this test. Any ideas on how to get it stabilized?
1563;neutral;Not sure if this merge will cause any conflicts with the current staging branch?
974;positive;Just reviewed CI/CD pipeline logs and it seems to be stable now! Well done team!
1711;neutral;@codegrunt, can you update the Jenkins build config to use the new Docker images? Shouldn't impact anything but just making sure we're testing against the right versions.
3226;negative;@bakercp, unfortunately, this change breaks our CI/CD pipeline again. Why is the mock server hardcoded instead of being injected?
1099;positive;Thanks for fixing the Travis pipeline build errors, works seamlessly now! Saved me so much time investigating those tricky dependencies.
3413;negative;CI build is failing on Ubuntu due to missing dependency 'libssl-dev' Frustrating this was supposed to get fixed last month!
887;positive;Nice fix for the stale CI/CD cache! Thanks to your diligence, our pipelines are running smoothly again.
2986;neutral;Just wanted to confirm that you're updating the changelog for the upcoming release?
4127;negative;- this is what I get for rushing changes in without testing locally, travis can't pass our integration test because the updated version of kotlin-gradle-plugin broke something, sorry again guys
3824;negative;This fix breaks our CI/CD pipeline in Staging environment
516;positive;Great work on removing the deprecated dependency @johnDoe!
738;positive;Nice catch on that test failure! Your suggested fix for the `ci/cd` pipeline looks solid to me.
1454;positive;Looks good to me! Your patch for CI/CD pipeline fixes did the trick.
3218;negative;This should be fixed ASAP, it's causing our CI/CD pipeline to fail every time it hits this branch.
4237;negative;CI/CD is failing on master branch due to untracked changes... This should not happen :(
2507;neutral;Let's consider adding a separate method for handling edge cases in the current regex implementation.
2127;neutral;@xavierh, I agree that we should keep our test coverage for both CI/CD pipelines and local development in sync.
907;positive;Thanks for fixing the Travis CI pipeline! Everything should build and deploy correctly now.
2965;neutral;I found that some tests still reference the old DB name. We need to update those as per #1234.
3640;negative;Can't believe this regression bug slipped through our CI/CD pipeline. The code change https://github.com/myrepo/masterbranch/pull/1234 caused it
2508;neutral;I noticed the test coverage for this module isn't up to par (https://travis-ci.org/smith/myapp/jobs/123456), can we revisit?
2429;neutral;Does anyone know why CircleCI build is failing due to a dependency conflict on `react-router-dom` version 5.2.0? Any insight would be helpful.
948;positive;Great work on fixing the CI/CD pipeline for v3.2! Now it's passing smoothly :)
3085;negative;-1 on this PR, @johnDoe - the integration test for branch protection is still failing due to unmerged changes.
3296;negative;@KorayTugay can you please roll back this change in 7f3cd3e? It's causing a crash on my client as soon as I join.
716;positive;Nice fix for that flaky CI pipeline! Thanks for staying on top of it @BangL
3930;negative;-1 I'm seeing intermittent test failures when running the CI pipeline due to invalid schema migrations, can we prioritize fixing this?
687;positive;looking good, great job on the pull request! your changes will really improve performance in this scenario
704;positive;Thanks for merging that CI/CD pipeline fix! The build is green now
2354;neutral;For the pull request #123: Should we consider adding more test cases for the caching mechanism? Currently it seems only basic scenarios are covered.
2258;neutral;In CI/CD pipeline #23, we've added `--record` flag to `build-image` script, would be good to document this in `README.md` for future ref?
3651;negative;Issue title is vague and unhelpful. Could we please have a specific problem description or a reference to an existing issue?
22;positive;Thanks for explaining that, really helps me understand the implications of the caching mechanism in CI/CD pipeline 1
2753;neutral;I think we can optimize this query further by caching the `user_data` table, what are your thoughts?
886;positive;Thanks so much for fixing that JSON parsing issue! Good work!
3777;negative;The latest PR to integrate Maven causes another dependency conflict in the CI/CD pipeline - needs reevaluation.
918;positive;Love the CI/CD refactor! This will make our build times 2x faster now :)
3124;negative;This is just what I needed, another CI/CD pipeline failing on CircleCI due to outdated test dependencies...
3353;negative;Frustrating build failure on master again due to outdated dependencies #4567.
2240;neutral;we can consider using the latest version of webpack as it's now in beta
3117;negative;Unfortunately, the recent change to Jenkins configuration is causing our CI/CD pipeline to fail on Linux builds due to invalid character encoding...
1266;positive;Thanks for reviewing! I've fixed the CI/CD pipeline to exclude failed tests.
484;positive;Great catch on fixing the CI/CD pipeline error, thanks for the quick fix! The build should be back online soon
3707;negative;https://github.com/angular/material2/issues/10471 CI still failing, this regression is getting ridiculous...
1220;positive;Great job on merging #123! I ran my app against the new build and it's now compatible with latest Ubuntu version :)
278;positive;This pipeline configuration is spot on! :)
989;positive;Thanks for catching that potential memory leak in the CI/CD pipeline script. Your fix is much cleaner and should prevent any future issues.
2085;neutral;I'm curious about the decision to use `apt` instead of `pip` for installing dependencies in the CI/CD pipeline.
1246;positive;This pull request simplifies the API and makes it more intuitive, thanks for taking this on!
2383;neutral;Let's hold off on merging #10212 until we've confirmed it works as expected in CI/CD.
572;positive;Nice refactor on the CI/CD pipeline! Your tweaks really streamlined the build process!
1436;positive;Wow, great job on fixing that CMake bug in issue #123! Your PR looks awesome!
994;positive;Great catch @johnDoe! Your rebasing solution is much cleaner and easier to understand now!
3379;negative;Disappointed by the current state of our CI/CD pipeline, still failing intermittently after 3 attempts to fix
2799;neutral;The CI/CD pipeline seems stable again, but I'd like to see further testing on other platforms to confirm.
586;positive;Great catch on that regression test failure, @johnDoe!
4026;negative;@author, I'm having issues running the test suite. It's failing on the `build` stage due to a missing dependency (`numpy`).
2515;neutral;we should consider moving CI/CD pipelines to a separate repository for easier maintenance
1350;positive;Great job on fixing the Docker deployment issue! CI/CD pipeline is now up to date!
1008;positive;Just looked at the updated CI/CD pipeline (https://github.com/myproject/myproject/pull/123) and it's working seamlessly! Great work!
675;positive;The fix for issue #123 works perfectly.
2413;neutral;Would it be possible to revisit the implementation of the CI/CD pipeline for the new dependencies?
448;positive;Just updated CI/CD pipeline to use latest SDK version, builds are passing now!
2822;neutral;Actually, wouldn't it make more sense to move the `console.error` line after the error handling code in #1234?
3712;negative;Failed to deploy due to build error: `node-gyp` failed with exit code 1. This breaks our CI/CD pipeline :(
2065;neutral;Re-running the CI pipeline doesn't reveal any immediate issues but I'll wait for further testing.
3919;negative;This regex logic still doesn't work as expected in the CI/CD pipeline for release 1.8.4, frustrating to see this error again.
3214;negative;Can someone please fix this merge conflict in PR #123? The code review is getting old and it's frustrating that we can't move forward.
1691;neutral;Can we update `pytest` to match the version in `requirements.txt`, just to keep the dependencies consistent?
4083;negative;This CI/CD pipeline is still failing after fixing the deployment script - can someone please help investigate this?
1248;positive;Nice catch on that CI/CD pipeline issue! Your changes fixed the deployment issue on all branches.
1986;neutral;In this case we could use `inreplace` instead of sed as in `inreplace('Makefile.in', /<regex>/, '')`. That would simplify things a bit.
295;positive;Great job on fixing that typo in the README, makes our project look much more professional now!
1548;neutral;For clarity, I'd like to see an explicit error message when the CI/CD pipeline fails to push artifacts to the artifact repository.
2013;neutral;Can we clarify which test suite this issue is related to? We have `unittest` and `pytest` integration set up, just want to ensure we're testing the right code.
589;positive;Just deployed changeset #1234 and the tests are passing! Your fix on `lib/models/user.rb` is genius @johnDoe!
2404;neutral;The CI/CD pipeline for this branch is still pending, as it seems we need to update the Node.js version in our Dockerfile.
2130;neutral;I see the fix for the CI/CD pipeline issue now, so let's assume we need to update `Dockerfile` in `src/main/resources` accordingly.
3793;negative;We already spent hours on this CI/CD pipeline in #12345 and it's still failing due to this outdated dependencies issue - why isn't anyone reviewing these updates?
3743;negative;Why didn't this pull request test for `python3` instead of just assuming it works on all systems? Now we have to spend hours investigating issues.
3937;negative;That Travis CI failure on Linux isn't going to be fixed anytime soon with this change
426;positive;Great work on the CI/CD pipeline changes! Reduced deployment time by half for me.
2583;neutral;I notice the CI/CD pipeline still uses the old Docker image version, can we update it to match the current dev env?
1055;positive;Just merged PR #42 and it's working beautifully! Great job @johnDoe on tackling that tricky CI/CD pipeline issue :)
3263;negative;Can we at least test for this stupid CI failure before merging? It's failing every time...
4110;negative;Holy moly! This is another fail in CI/CD pipeline, and now we've got broken tests again.
557;positive;Looks like we finally fixed that intermittent CI failure! Great team effort on resolving this issue.
3741;negative;I'm concerned about this CI/CD pipeline build failure - is it worth investigating or should we assume it's just a false alarm?
3851;negative;Ugh, that's not the fix we discussed in #345. This breaks our CI/CD pipeline entirely.
4249;negative;Not sure why this change broke the pipeline on my local machine but it's definitely causing a lot of noise
4257;negative;Not sure why this change wasn't caught in our CI pipeline, but it's causing issues with the build again :(
4247;negative;This CI/CD pipeline is still failing intermittently on CircleCI due to the issue #123 we just merged and expected to resolve this.
3348;negative;Ugh, my apologies for breaking the build again. CI pipeline's been failing on this commit since morning. Will retest and push fixes.
1194;positive;Thanks for addressing that pesky bug #12, works like a charm now!
1717;neutral;I think we could improve this code review process by including more specific feedback on each PR. This would help contributors understand our expectations and avoid multiple revisions.
2605;neutral;Related to this CI/CD pipeline change: perhaps we should reconsider how we handle build versions when updating gem dependencies? A minor config tweak might help mitigate issues down the line.
3360;negative;-1 is just not sufficient for this test failure...it looks like we still have some major bugs in our CI/CD pipeline.
2829;neutral;The Jenkins CI/CD pipeline seems to be stuck in an infinite loop, not sure why though.
1705;neutral;This looks fine to me, but you might consider adding some error handling for potential JSON syntax errors in the data.
2619;neutral;"I see what you're trying to do here; `build.gradle` needs to include `"
2401;neutral;The build process for CI/CD pipeline seems to be stuck on `maven clean install` step.
2140;neutral;Relevant documentation should still reference `Formula.factory('hadoop').libexec` regardless of Hadoop installation method
2384;neutral;"The Jenkins build pipeline is failing for commit b1234 due to a missing Docker image version; could we review the `imageVersions` configuration?"
3036;negative;I'm not sure if it's a good idea to add this dependency without checking if the previous one is removed. The conflict between the two libraries is already giving me headaches :(
1286;positive;Thanks for reviewing my pull request! Cleaned up the dependencies as per your suggestion.
3076;negative;This pull request (http://github.com/owner/repo/pull/123) causes issues with the CI/CD pipeline because of unresolved dependencies.
3113;negative;Can we please avoid merge conflicts with master? This PR looks like it's going to break our CI/CD pipeline.
4076;negative;The `login()` function in this pull request seems to introduce unnecessary overhead due to unoptimized async operations
2088;neutral;As we discussed in #1234, please remove unnecessary files from the project folder as they cause some confusion.
1890;neutral;Could we revisit how CI/CD pipelines are linked to release branches? It's causing some confusion for reviewers who don't have push access.
1592;neutral;Would it be possible to clarify why `currentPlayer` is being used instead of `getPlayer()`?
1347;positive;Nice catch on the unit test coverage! It looks like our CI/CD pipeline will pass now :)
4468;negative;this CI/CD pipeline setup is killing me, it's been stuck on this one test for hours...
2163;neutral;The added CI/CD pipeline job looks good to me. Let's just remove the unnecessary config file afterwards.
2397;neutral;I'm having trouble understanding why you chose to use the newer version of React in this branch @githubuser.
4014;negative;@mattstyles: Can you take a closer look at this line? Still getting the NullPointerException here #42, makes my tests fail again
2272;neutral;Okay, looking at this pull request #23, my thought is we should consider separating the build configuration from the script files to make maintenance easier.
3986;negative;:(
1138;positive;Nice fix on the CI/CD pipeline! Automated tests are running smoothly again, great work!
3155;negative;@johndoe: This CI/CD pipeline is still failing after multiple attempts to fix the issue. Something's not quite right with the Jenkins job configuration...
973;positive;I like the idea to create a separate CI/CD pipeline for our new feature, should simplify deployments.
796;positive;I'm loving this new change! The improved error handling in the CI/CD pipeline has really saved me some debugging headaches :)
1712;neutral;I can update the `CI/CD` pipeline to use the new cache settings, but will we still need to run the nightly test for this change? Should I include it in #23456?
4087;negative;Just realized my latest PR broke the CI/CD pipeline again . Can't seem to fix this, any help would be greatly appreciated
454;positive;Excellent job on squash merging PR #123! Simplifies our build process greatly
914;positive;Thanks for the PR! Simplifying `ci/circle.yml` pipeline to use GitHub actions has reduced build time by 30% :). Good work!
3307;negative;That pipeline failure is frustrating . The issue seems to be that `NodeJS` package isn't compatible with the new version.
1200;positive;Nice find on improving error handling in the CI/CD pipeline! Great job making it more robust
1275;positive;Great job on merging #345! This pull request fixed several edge cases and improved the overall performance of our pipeline.
2376;neutral;What's our policy on adding new dependencies to the CI/CD pipeline? Would we need to re-evaluate this after each dependency update?
38;positive;Nice job @JSmith - I just ran our CI/CD pipeline and all tests are green!
975;positive;Great catch on the `CI/CD` pipeline fix! Looks like it's passing all tests now . Thanks for the swift update!
984;positive;Thanks for squashing that nasty CSS injection bug! Your changes are making our CI/CD pipeline so much smoother!
3298;negative;Why isn't this PR re-based on the latest master? This was requested 3 days ago...
1419;positive;Thanks for addressing the CI pipeline build failure on GitHub Action! Now the test suite is running smoothly :)
1561;neutral;Can you provide more context for the test failure in #20470? The stacktrace is unclear about which dependency is causing the issue.
40;positive;Fixed in [12321]. Great job resolving the CI/CD pipeline issue! :)
1487;positive;+1 Great to see CI/CD pipeline tests passing consistently!
4126;negative;This CI/CD pipeline will break as soon as we merge this PR, the version pinning is incorrect.
170;positive;Thanks for fixing the Travis CI issue! Works smoothly now
1356;positive;Thanks @Samuel-Henderson! Your CI/CD pipeline fix worked perfectly!
3763;negative;Just tested it and I'm getting a SIGSEGV crash on Linux, can we add some bounds checking to prevent this?
2952;neutral;As mentioned earlier, can we revisit this merge conflict with @octocat's PR to see if it affects other branches as well?
4278;negative;disappointed that the proposed changes break our CI/CD pipeline for Ubuntu builds :/
3242;negative;Unfortunately, this is happening again in build #3456: `No such file or directory` error when running unit tests
2683;neutral;Can we sync our staging branches so that changes from both develop and main are reflected in staging before deploying?
3259;negative;Unfortunately, `CI/CD pipeline` is still failing on CircleCI due to an unresolved dependency issue with `nodejs@15.0.1`.
1641;neutral;Not familiar with Jenkins pipelines. Can you clarify what `trigger:always` means for `Deploy App to Production` stage?
1291;positive;Thanks for squashing that nasty merge conflict in the latest build script!
1381;positive;Great catch on fixing that dependency issue! CI/CD pipeline looks much healthier now :)
1934;neutral;"The linting error on line 234 seems unrelated to our changes; is it possible this was an existing issue?"
580;positive;Great job refactoring CI/CD pipeline! Cleaned up a lot of redundant steps.
3493;negative;I've tried to merge this PR ([#1234](https://github.com/org/repo/pull/1234)) twice and I keep getting errors. CI pipeline failing
2031;neutral;When updating Gradle version, make sure to adjust `distributionUrl` accordingly
893;positive;Awesome catch on the typo in the migration script! Glad we could squash that bug before deployment.
781;positive;Nice catch on that edge case! Your patch is spot on.
160;positive;Nicely done! Your PR has improved our build pipeline efficiency significantly. Good work!
3;positive;Thanks for resolving the Travis build failure issue in #123, you're a lifesaver! Clean CI/CD pipeline means happier users
3391;negative;Unfortunately this change has introduced a ` segmentation fault` error when trying to run tests on certain configurations. Can we roll back or find another solution?
4075;negative;Ugh, this CI build failure is driving me crazy! Can we debug why our test suite fails on Ubuntu but passes on macOS? Something's amiss in our testing config...
850;positive;+1 for the improved error handling in CI/CD pipelines! Much faster debug cycle now!
2738;neutral;I see the update is causing issues with `yarn install`, have you tried running `npm install` instead?
2467;neutral;#1668: Issue in dependency management   @issue #1668 As stated earlier I was under the assumption that we'd be switching to Yarn instead of npm. Given recent conversations, I assume the project would benefit from utilizing a deterministic package manager.
4499;negative;We've got another 504 error on prod due to the stale config refresh fix not propagating through CI/CD correctly.
1597;neutral;Should this Travis CI build matrix include Node.js v14 in addition to v12? I don't think it would hurt to add it.
1777;neutral;can we verify that this change doesn't impact other related pipelines?
1914;neutral;Re: CI/CD pipeline update, is there a reason why the deployment to staging environment is still failing intermittently? Thanks
1044;positive;Well done on squash-merging the VMAP refactoring PR. It'll be great to see improvements in API performance and stability!
1545;neutral;@k1ljan, moving `libjson` into dev-dependencies might help Travis builds on Linux
2737;neutral;Regarding build errors in latest commit, let's verify if it's an issue with caching or CI/CD pipeline configuration.
3072;negative;This kind of makes this commit https://github.com/docker/docker-py/pull/1297 pointless now.
54;positive;Works perfectly! Nice catch on the bug with the CI/CD pipeline #123. Your fix in b45678c is spot on!
1797;neutral;Wouldn't it be better to check for this scenario in the existing unit tests instead of creating additional test cases?
1912;neutral;Looks like Jenkins couldn't find 'npm run test' in package.json when running CI pipeline. Might want to add script for test execution.
3509;negative;This dependency update is breaking our entire CI pipeline! Can we please revert this to the previous version?
2554;neutral;you're right @johnson, we should revisit our CI/CD pipeline configuration to see why some builds are taking longer than expected
2801;neutral;The error message seems to indicate that the CI/CD pipeline is encountering issues during dependency resolution.
3311;negative;Fails on CI/CD pipeline (github actions) when `node` version is v14.x: https://github.com/actions/setup-node/issues/446
3358;negative;- This just failed the Jenkins CI pipeline on two machines. The code change didn't affect unit tests in IntelliJ though
825;positive;Just merged @John's pull request for refactoring the CI/CD pipeline! The updated scripts are working beautifully!
4267;negative;This CI/CD pipeline issue is still persisting :(  Can we have an update on how to fix it? This is impacting our dev workflow significantly
1390;positive;Just reviewed the latest CI/CD pipeline changes and I'm impressed with the reduced build time.
4049;negative;This test will fail if we don't switch back to PHP 7, broke our CI/CD pipeline
3084;negative;"@johndoe, sorry to bother you again, but this CI/CD pipeline is still failing due to that `npm install` error; we can't move forward with the deployment until it's fixed :("
1608;neutral;Maybe worth adding some input validation for this edge case?
1595;neutral;@johnson: We should check the return value from `require('fs').readFileSync` to avoid potential errors in case the file doesn't exist
772;positive;Works great in our CI/CD pipeline. Good job keeping it compatible with Jenkins and Travis!
2612;neutral;Yeah, that's true. The test coverage in this branch isn't perfect but I'll look into improving it.
2274;neutral;makefile generated by git seems outdated
1869;neutral;Would be helpful to add error checking for that edge case in the test suite.
1086;positive;I fixed that typo in README.md by replacing `libray` with `library`. Easy fix for an important mistake :)
3371;negative;Are you kidding me? This PR breaks the CI/CD pipeline for master and release branches due to a typo in the `app.config` file.
1326;positive;I think your changes are spot on! It's much cleaner now.
1464;positive;I really appreciate the addition of memory leak detection in CI/CD pipeline - this will definitely help us catch performance issues earlier.
807;positive;Great work on fixing that nasty bug! I was expecting a lot more trouble from that regression
3028;negative;I was using `git pull origin master` but got this weird error: 'your local changes did not match what you tried to merge' after latest code change. Ugh.
3245;negative;:(
2109;neutral;This fix seems to have affected the CI/CD pipeline's Jenkins job 32: it now consistently fails on all but one platform.
3514;negative;The failing CI/CD pipeline is due to this dependency issue which wasn't updated since v1.2... causing issues with downstream builds as well
4460;negative;CI/CD pipeline broke again 3rd time this week   Thanks to someone removing my comment with the fix yesterday
2235;neutral;@marcorobbio, to clarify, your proposed change would only impact the `build.sh` script and wouldn't affect any other CI/CD pipeline configurations.
964;positive;Just implemented the new testing suite for our library and it's passing all checks!
3043;negative;Unfortunately, the fix for #143 still doesn't address the memory leak introduced by updating the dependencies. :(
399;positive;- Good job on resolving the issue in #567! The new code for handling asset dependencies is much cleaner and more efficient now
2633;neutral;For future changes, could we keep the `latest_commit_hash` variable consistent across all methods? I didn't explicitly document this but it was assumed.
4370;negative;-1 for breaking the Travis CI pipeline without properly documenting the necessary environment changes #1350
705;positive;The code refactoring looks great! Your suggestions have really improved performance on the dashboard view
432;positive;Looks good to merge into master. Appreciate your work on CI/CD pipeline!
293;positive;Great job on resolving the pipeline issue! Thanks to this fix, our automated tests are now running smoothly again https://github.com/open-source-project/cd-pipeline/pull/12
4383;negative;Ugh, can't believe Travis is failing on Ubuntu again... same issue as #1234, we need to sort this out!
146;positive;Great work on squash-merging the CI/CD pipeline PR! It's gonna make our deployment process so much smoother +1
3384;negative;CI/CD pipeline failure for the second time this week, still no clue what's causing the issue with the Jenkins build job.
2034;neutral;This is what we have in our CI/CD pipeline as well.
3479;negative;I'm concerned about introducing this dependency update as it breaks our internal unit tests: [link to failing test](https://github.com/our-repo/our-project/blob/main/test/unit/TestSomething.test.php).
1166;positive;This resolves #123 - thanks for the fix!
2051;neutral;can we revisit the dependency version in package.json? it's slightly outdated according to latest release notes
2625;neutral;Looks like this change only adds one dependency but removes others from the devDependencies. Should we consider updating package.json more carefully?
3781;negative;-3 tests still fail on CI. This is getting ridiculous. We can't even get a working pipeline.
340;positive;love this approach! The way you've refactored the CI/CD pipeline to use the new deployment tool is genius!
4031;negative;"Can't reproduce this CI failure on our end; are you using 1.2.3 version which was released last week?"
266;positive;@runningnak3d This works perfectly! Just what I needed, thanks for your persistence on this one!
2425;neutral;Thanks for adding the dependency check, but let's consider updating it to reflect the latest Maven version, so it works smoothly with CI/CD pipelines.
4443;negative;@author this breakage is back again, after fixing it in PR #1234 - we need to investigate why CI/CD pipeline keeps failing at this same test
1772;neutral;Can we add error handling to the CI/CD pipeline for the upcoming deploy?
272;positive;Thanks for fixing the CI/CD pipeline issue #21342, now our tests are running smoothly again!
697;positive;Great job on resolving that flaky CI/CD pipeline! Your tweaks to the build script worked like a charm!
748;positive;Excellent catch on the threading issue! Good thing we rechecked the pipeline logs :)
245;positive;"Thanks for updating the build pipeline to run on Linux; much easier now!"
318;positive;Looks like your recent fix got merged into the CI/CD pipeline smoothly! Great work on catching that regression :)
477;positive;Great catch @john on that Travis CI build issue! You just saved us from shipping with a broken dependency!
2033;neutral;This change seems unrelated to #123, so I'll wait until it's merged before updating the pipeline config.
958;positive;@kylem2, your refactor of the caching system is fantastic! The performance gains are already noticeable on the CI/CD pipeline. Well done!
3094;negative;This latest build of the Docker image still fails to install Node correctly: https://github.com/Microsoft/azure-devops-node-api/actions/runs/123456789
814;positive;Well done on resolving that CI/CD pipeline build failure! Clean-up commit looks solid. Glad we could get back to deployment.
1915;neutral;You might want to add some checks for NULL pointers when using malloc here to avoid potential issues.
4207;negative;This pull request is still failing CI, same issue as last time...
1298;positive;This fix looks solid! Good job on refactoring the dependency injection for our CI/CD pipeline :)
1805;neutral;The latest patch fails on our CI/CD pipeline due to dependency mismatch in v2.1. Could someone verify?
3564;negative;CI/CD pipeline broken again due to incompatible dependencies -_-
251;positive;Great work on implementing CI/CD for our pipeline! Makes testing and deployment so much smoother now!
2462;neutral;>#17: Clarify CI/CD pipeline dependency resolution - I've added some comments for future reference, hope it helps
546;positive;Looks like our CI/CD pipeline for v1.2 has stabilized, thanks to this commit: https://github.com/[repo]/[project]/commit/[hash] Good job, team! :)
739;positive;Much cleaner CI/CD pipeline! Your automation changes are working as expected now.
311;positive;Thanks to this fix in #12345, I've been able to successfully deploy the app on our staging server! Works as expected now
2942;neutral;Reopening #123 to retest with updated dependencies as per @john's suggestion in https://github.com/issues/456.
1132;positive;Looking good! Great job merging those fixes from #234 into the master branch without causing any issues.
1450;positive;Just tested the latest build on our CI/CD pipeline and it's passing all tests! The code looks solid too!
4428;negative;strace output on Linux still doesn't work properly after #1342 - we need to revisit this issue.
16;positive;This CI/CD pipeline tweak is genius, works like a charm now! We're all set for the next release :-)
2770;neutral;The updated Makefile breaks CI/CD pipeline on CircleCI, anyone know why?
921;positive;Awesome catch on that edge case! CI/CD is now correctly handling our internal dependencies.
3470;negative;I was expecting this CI/CD pipeline change to fix #1456 but now our test coverage is failing again.
2545;neutral;Not sure if I should update to this version or keep using the previous one for our app's CI/CD pipeline.
3971;negative;Not seeing this fix on my end still :(. Re-checking build pipeline  #1247
364;positive;Great job on getting that merge conflict sorted out in #342, looks like your squash and rebase fixes did the trick!
183;positive;Thanks for implementing that fix! I've been experiencing issues with Jest failing on Windows 10, and it's working smoothly now!
2984;neutral;I think we can modify the existing CI/CD pipeline to check for this instead of adding a new stage.
1195;positive;@runningnak3d this is exactly what we needed, great catch! This should solve the rendering issues once and for all :)
2853;neutral;I see the `CI/CD` pipeline is now correctly configured to run on our nightly builds.  Good job keeping everything up to date.
3053;negative;I've verified this issue again and my test cases are still failing due to #10123 . Frustrating.
1122;positive;You're absolutely right about this issue with dependencies in the CI/CD pipeline! We can use the default resolver, thanks for pointing that out!
2236;neutral;I can work around this by using the `CookieJar` API. It should be compatible with our existing codebase.
2668;neutral;This CI/CD setup looks good but isn't it relying on our company's existing Docker Hub credentials? Should we abstract those?
1183;positive;Great job on squashing that nasty regex bug! We've been having issues with our CI/CD pipeline since it went live
3868;negative;Can someone help me understand why travis is failing on our main branch? I just re-ran the pipeline and still getting `ERROR in compile stage`
615;positive;Nice catch on that CI/CD pipeline tweak! Works like a charm now
1467;positive;Great catch on that CI pipeline build failure @codejunkie, glad we caught it before deploying to production.
402;positive;Well done on the recent fix to the CI/CD pipeline! The new auto-rollout feature is looking solid.
935;positive;Your CI/CD pipeline seems to be working flawlessly! I was worried about those failing tests on Friday.
2420;neutral;I'm having trouble reproducing the intermittent error on Linux using travis-ci build #1234 - any ideas? @everyone
4089;negative;Can't believe you reverted my fix for `mysql2` dependency issues without even testing it :( Still seeing crashes on deploy
2642;neutral;I'll take care of this for #1234.
3253;negative;#bugreport Sorry about the regression in the CI/CD pipeline after updating `express` version - getting 'unmet peer dependency' error
727;positive;Wow, great work on rebasing to the latest version of Django! This is exactly what we needed for the project's future stability.
827;positive;This change fixes a longstanding issue in our CI/CD pipeline! Great work @SeleniumDev.
1522;neutral;Would be great to discuss adding unit tests for this before implementing CI/CD pipelines for releases.
4276;negative;Issue #123 is still failing CI pipeline because of missing package dependency 'lodash'. How can we get it installed and fixed?
4234;negative;-1 for not updating the dependency list in .gitmodules, causing submodule fetch to fail after recent libuv updates.
137;positive;Great job on [pull request #567]! Simplified the deployment process really makes our CI/CD pipeline more reliable
629;positive;Great catch on the CI/CD pipeline config! I agree, adding these extra steps will make deployment smoother.
335;positive;Thanks for quickly merging this PR! Works as expected now.
391;positive;+1 The updated CI/CD pipeline is great work! Simplifying the script really pays off when it comes to consistent testing.
3791;negative;Not sure what's going on, but this commit breaks our CI/CD pipeline in Azure DevOps with error code 502.
1818;neutral;Regarding your suggestion to remove unused dependencies from the CI/CD pipeline, do we need to run 'npm prune' explicitly after updating dependencies?
401;positive;This test coverage increase in your latest PR is fantastic! Great job on catching those edge cases!
711;positive;Looks great! @code_reviewer your suggestions really improved the pipeline's reliability. CI just passed with these latest changes!
1040;positive;Kudos on that fix! Was worried about the implications of the caching mechanism for concurrent writes
3232;negative;We can't just assume it will build on every platform. This travis matrix test shows some errors https://github.com/openshift/origin/blob/master/test/policy.yaml. What are we going to do about this?
47;positive;Great job on resolving that tricky dependency issue! The updated pom.xml now builds successfully for me.
1562;neutral;"Just reviewing code and I'm having trouble finding where the `try-catch` block is used for logging errors in the CI/CD pipeline; could someone point me to it?"
4322;negative;I'm worried about #23 being merged without addressing these threading issues. We can't have our CI/CD pipeline consistently failing.
4363;negative;Can't believe this broke our CI/CD pipeline for no reason . Now all dev's builds are failing
1113;positive;:) Your refactoring in #12345 looks spot on! The code is more maintainable now!
2514;neutral;I'm getting this error when running my tests in the CI/CD pipeline: 'Failed to resolve module @mycompany/some-module'. I've checked that it's installed via npm, but still can't find what's causing this issue.
1224;positive;Awesome solution for CI/CD pipeline issues! This will save us so much time and effort. Kudos to you!
3289;negative;This Travis CI build is still failing due to incompatible Docker images
3024;negative;This PR breaks CI/CD pipelines for multiple users. The 'node-sass' version in package.json isn't properly resolved and is causing unexpected failures.
2422;neutral;Can we discuss the use of `async/await` instead of promises for CI/CD pipeline callbacks? It could make the code easier to read.
1509;neutral;Could you explain why we're removing `loggerLevel` in this PR? I'm concerned about the impact on debugging and logging consistency throughout the app.
1751;neutral;Following the rework on CI/CD pipeline 2 weeks ago, I've noticed inconsistent test coverage results across different runners.
3318;negative;That commit breaks our CI/CD pipeline again , I swear this dependency hell is going to be my downfall, need to revert ASAP
1800;neutral;Can you add some context around this edge case where `null` is passed to `handleError()`?
339;positive;Thanks for squashing that CI/CD pipeline issue. Pipeline should be up and running smoothly now.
216;positive;Just tested and the fixes for issue #12345 worked beautifully! Your CI/CD pipeline is rock-solid as always.
1342;positive;Thanks for fixing that nasty Travis CI build failure :D The app should now pass all tests smoothly!
12;positive;@johnlee your fix for the CI/CD pipeline seems to have worked! Pipeline now passes with flying colors, thanks!
1521;neutral;@vinni89 We might want to revisit our CI/CD pipeline setup after merging pull request #4321 as it seems to be causing issues during deployments.
3190;negative;This PR breaks our CI/CD pipeline... not again.
3062;negative;Unfortunately, this breaks `nodeunit` --cov support, and I've added too many `else-if` statements without { } causing jslint errors :(
3005;negative;can't believe it, just re-merged PR #123 and now CI/CD pipeline is broken due to incompatible dependency updates
2865;neutral;Re: Update CI pipeline to use Docker Compose. Just checking that the proposed changes will indeed fix the compatibility issues.
3330;negative;You're right about CI/CD failing on travis. Not sure how to handle these flaky tests on different envs...
2323;neutral;"I can try rearranging these test cases to follow your suggested order; it doesn't affect the code's functionality."
2572;neutral;Just noticed that the build pipeline for master is still stuck on Ubuntu 18.04. Can we update to 20.04 as it's LTS?
2914;neutral;In CI/CD pipeline for iOS builds, can we have a log level option to reduce clutter in console output?
102;positive;:) just tested the latest PR 10b85e6c - looks like we're finally fixing that tricky font rendering issue!
3534;negative;Unfortunately, the 'release' task still fails on our CI/CD pipeline with error 1.13. Any idea what's going wrong?
172;positive;This PR is huge improvement over previous code
108;positive;"nice catch - this change finally got our CI/CD pipeline green again ;)"
3468;negative;This recent update to CI/CD pipeline breaks build on Windows. Can't believe it was not thoroughly tested :/
4492;negative;We're seeing inconsistent results on Travis CI - sometimes builds fail due to `TypeError: can't compare datetime to str`. Help needed with pipeline debugging.
3621;negative;I'm at my wit's end trying to get this travis-ci build to pass, and yet it still fails because `node_modules` isn't being cleaned properly #1627
3292;negative;This is causing unexpected errors for users on Node.js due to a compatibility issue between async and await. Would be great if we can backport this fix to 4.x.
3131;negative;The integration test for `user.service.js` is failing again. Can't believe this CI/CD pipeline has been stuck on that issue since Friday #10
3352;negative;This test failure in CI/CD pipeline #1243 is really frustrating, throwing an unexpected error without a stacktrace
3299;negative;- Not sure about this change, breaks travis build for `ruby 2.4`
3701;negative;"This isn't going to work as-is; it's gonna break the CI/CD pipeline, like I said in my previous comment, unfortunately :("
3838;negative;Wut is going on with this CI/CD pipeline? It's failing consistently after merging #1212, cannot reproduce locally.
4178;negative;I've reviewed the diff for #1234 and I have to say, I'm really disappointed that we're still seeing these linting errors despite our automated checks.
1041;positive;Thanks for the thorough explanation @JohnDoe, makes total sense now and resolves #342 CI/CD pipeline issue!
3450;negative;:(
2761;neutral;The fix for #1234 is live now, and our CI/CD pipeline has been updated to reflect these changes.
2121;neutral;Actually, I was expecting the error to trigger the `--force` flag automatically given its usage in other similar builds [[1][1]].
1525;neutral;@john , can we revisit the `npm` install error in this PR https://github.com/expressjs/express/pull/3619?
154;positive;looks like your changes in #4567 finally fixed the Docker build issue! Well done, thanks for perseverance!
2249;neutral;I think we need more context on why this test is failing on CI, can we add some extra logging to see what's going on here?
482;positive;Woohoo! The CI/CD pipeline passed successfully on the latest deploy!
3510;negative;Can we revisit that last commit? The added dependency on Apache's `latest` tag is causing build issues for me on CircleCI 2.0.
4413;negative;Unfortunately, TravisCI is failing to compile `libpng` on Ubuntu Bionic due to this commit. The error persists even after re-cloning.
3356;negative;I'm really disappointed with this PR [345]. The dependency on outdated version of jQuery is going to break our CI/CD pipeline if not addressed.
1763;neutral;I've taken another look at the CI/CD pipeline for this PR #1234. The tests seem to pass locally, but I'm still concerned about the reported failures on AppVeyor.
4020;negative;Ugh, this CI pipeline failing on Jenkins because of missing Node.js version is such a pain
1786;neutral;I'll take a closer look at the CI/CD pipeline config after the refactor, as I'd like to understand the rationale behind the changes made.
3419;negative;This CI/CD pipeline is failing because the `npm install` step can't resolve the dependencies, really frustrating as it just stopped working after last update.
3373;negative;not great, but the latest refactor is causing a regression test failure due to outdated dependencies... thoughts?
406;positive;Your fix works like a charm!
758;positive;Great job on addressing the CI/CD pipeline issue! This fix should improve build times significantly for our team.
2712;neutral;Should we remove outdated dependency on Jenkins in favor of newer CI tools like CircleCI or GitHub Actions?
2671;neutral;Wouldn't it be better to sort this error codes alphabetically to match the documentation?
3227;negative;This doesn't work for me on Windows 10 with Python 3.8 either, getting `module 'xml.etree.ElementTree' has no attribute 'fromstring'` error.
98;positive;Love the simplified CI/CD pipeline configuration! Your refactoring will save so much time for the dev team during deployments.
1334;positive;This PR looks great! It's a huge step forward for stabilizing our CI/CD pipeline. Nice work :)
3925;negative;This change seems to be breaking our CI/CD pipeline for Windows. Can we please revert the modification in commit 123456?
2792;neutral;Should we use a single cache directory for all services or keep them separate? Either way is acceptable to me.
2855;neutral;Not sure if it's intentional, but our CI pipeline on Windows is skipping test cases for this module due to lack of env variables.
187;positive;Great fix for #234! The build is stable again
3241;negative;Example 10 (emotion: negative): Can't believe that still breaks in Chrome/Firefox even after this latest fix https://github.com/open-source-project/project/issues/123
3894;negative;Unfortunately, this update broke our integration tests on CircleCI: `ERROR [main] Error in 'MyClass': null pointer exception on line 342`.
2059;neutral;I'm looking at this diff, can we discuss why you're overriding the default logging level in `main.go` instead of using the package's built-in option?
3921;negative;This dependency update is causing our CI/CD pipeline to fail due to a version conflict.
149;positive;Great job on implementing CI/CD pipeline for our latest feature! It's saving us so much time on deployment
29;positive;Great catch on that memory leak! Your fix looks spot on too :)
3376;negative;Looks like we're still seeing intermittent CI failures due to Jenkins' socket timeout in the deploy pipeline for master branch #345.
3246;negative;Bummer that CI still breaks on Jenkins after updating ruby-gems #123
693;positive;Great job on squashing that CI/CD pipeline issue! The build now succeeds in all environments, thanks for your attention to detail!
2867;neutral;@davidb, your pull request to update README is received.
1387;positive;Great catch on that test suite issue! Fixing it in e87f23b5 will make our CI/CD pipeline more robust :)
1846;neutral;looks fine, but why did you move the import of 'os' from the top to the middle? I'd like it at the top for consistency.
4265;negative;Just spent an hour debugging why our CI pipeline was failing locally but not on GitHub Actions. Turns out it's because we're using a Node.js version that's 2 minor versions behind in dev.
3382;negative;Can we please reconsider adding email confirmation for password reset? The current implementation is overly cumbersome and introduces unnecessary friction :(
1600;neutral;Regarding PR [23456], is it acceptable to remove this specific logging statement if it doesn't impact the core functionality?
3700;negative;Ugh, I see the merge conflict in #1234 still isn't resolved.
702;positive;Great approach to handling CI/CD pipeline failures! Reduced build noise significantly.
3029;negative;I've tried building on CircleCI and it's still failing with this error: 'npm ERR! code 1' - what could be going wrong? Can't you reproduce this?
2970;neutral;You mentioned removing old Docker images in our CI/CD pipeline. I was thinking we could also prune unused tags to free up some disk space?
1709;neutral;Noted, will take this into account for future code reviews. The check in `pipelinerefs #23` seems reasonable, but I can see how it might cause issues in certain cases.
2954;neutral;Can we consider the implications of this change on the existing CI/CD pipeline?
455;positive;Thanks for addressing the Docker deployment issue in #1130! This will save us some headaches during continuous integration.
2869;neutral;Can someone review my PR regarding this CI/CD pipeline issue in build.gradle file?
2041;neutral;Actually, @daviddurnford we're trying to keep the changes localized to this PR so merging it into develop would introduce unrelated issues
3454;negative;This looks like it'll break our CI/CD pipeline every time a new dependency is added.
2316;neutral;idem to @johnDoe's comment. Issue persists.
610;positive;Great catch on the API docs! Clarifying the auth flow makes all the difference for new contributors.
168;positive;Just ran your CI/CD pipeline fix and glad to see it's working smoothly now! Thanks for your diligent effort!
731;positive;Great job on the CI/CD pipeline fix! Now that it's updated to v2, our continuous testing coverage is much better :-)
3548;negative;The automated CI/CD build failing every time is not only frustrating, but it's also holding up the entire dev process.
2075;neutral;Should we use `json` instead of `xml` for this serialization? Either way works, just want to know what's more conventional.
3272;negative;Can we please not merge this PR yet? The unit tests are failing due to an import mismatch, it's too early.
1623;neutral;I think you forgot to add a check for an empty config in line 34.
588;positive;Great fix for #123! Removes a magic number that's been a thorn in our side.
1402;positive;Great suggestion! The updated travis.yml looks perfect for our current branch - exactly what we needed :)
3046;negative;This build is failing again because of an unresolved dependency issue with 'node-sass', can someone please help fix this before I lose my mind?
1701;neutral;That implementation is straightforward, but isn't there an implicit assumption about the `dependencies` array order in this PR?
3089;negative;this is going to break all our pipelines since you removed the `maven-install-plugin` without checking if it's enabled elsewhere
3598;negative;This `npm install` error is frustrating - what happened to our automated CI/CD pipeline?
2982;neutral;You might want to check the implementation in lib/jvm/src/main/java/com/elastic/ml/model/Issue.java as I noticed some methods not being properly synchronized.
4426;negative;@johndoe: still having issues with flaky tests on CI/CD pipeline, intermittently failing with 'NetworkError when attempting to fetch resource' error
1380;positive;+1 on implementing this fix in master, really glad we could get it working!
2090;neutral;Can someone confirm if it's supposed to be `json_encode($array)` instead of just `$array` when passing data to the API? Currently it works for me but I want to ensure consistency.
2176;neutral;I'm thinking we can also revisit how we're handling the API endpoint validation in this PR. Currently it's being done on each iteration but may not be as efficient #23
3691;negative;@johnsmith, this ' fix' broke our CI/CD pipeline again! Why do we keep having to roll back due to your unchecked changes?
3551;negative;This CI pipeline is failing again due to the same 'unresolved dependency' issue, I don't want to waste my Sunday on this!
3167;negative;this CI/CD pipeline is failing consistently due to a dependency issue with `react-scripts` version mismatch
2658;neutral;Can we clarify whether the changes made to `CI.yml` are intentional or just test modifications? Either way, a note would be helpful for future maintainers.
4000;negative;Hi @author, Just encountered an error in build pipeline due to missing Maven dependencies in `pom.xml`. Frustrating!
442;positive;Thanks for addressing that CI/CD pipeline issue! Everything looks good and we should be ready to deploy now :+1:
3281;negative;The 'CI/CD pipeline failed again due to an issue with `aws-sdk` dependency... really frustrating that we can't get this stable
2052;neutral;"I think it would be more readable if we could sort the array in the test data before running assertions, perhaps `arr.sort();`?"
2542;neutral;Could you explain why we're using `const` here instead of just `let`? I want to understand the reasoning behind it.
1302;positive;Nice cleanup! Just reviewed your PR and that's so much cleaner than the original
1782;neutral;#33: CI/CD Pipeline Error - Neutral Assessment
1305;positive;Looks like the CI/CD pipeline for feature/better_logging is passing again! Nice job on resolving the issues @johnDoe :)
237;positive;Noticed that the CI/CD pipeline passed successfully for build and deploy, looking good! The latest changes seem to be working as expected.
2600;neutral;"It looks like the CI/CD pipeline has stalled again due to a connection issue; would appreciate if someone could check the network settings."
521;positive;Great job on addressing the HashMap collisions issue in the latest update! This should help a lot!
2574;neutral;I agree, re-running the tests after the code changes in PR #123 should help confirm whether it resolves the build issues we've been seeing.
2769;neutral;looks good to me as is
736;positive;Great job on the CI/CD pipeline updates! The automated tests are running smoothly now
4240;negative;Just hit another CI/CD pipeline failure on Travis due to the latest changes . Trying to figure out why this test is failing now  >:(
2107;neutral;Looks like we need to revisit the Jenkins configuration for CI/CD pipeline 3. Is the pipeline still broken?
2680;neutral;I'd suggest we revisit the CI/CD pipeline configuration in .github/workflows/main.yml as it's unclear how the integration test dependencies are being resolved.
2762;neutral;The continuous integration build seems to be failing intermittently. Can we add some retry logic to ensure completion?
593;positive;Great job on squash-merging this huge PR! It was causing me issues with our CI/CD pipeline. Thanks for your dedication https://github.com/apache/hbase/pull/1234
1304;positive;Great job on getting this CI/CD pipeline to work, the reduced build time really helps us move faster and deploy more often now!
1388;positive;Looks great! Just one minor thing: can you add some tests for the CI/CD pipeline?
4232;negative;"This breakage is frustrating; CI is still failing due to the unaddressed compatibility issue with Node 14"
3200;negative;Hoping to resolve this soon... @codevirus your changes broke our CI/CD pipeline on the master branch
3660;negative;-1: I'm getting intermittent failures in CI pipeline (tried 5 times) because of failing npm test for 'express-validator' package.
2988;neutral;Noted that Travis CI is still showing failed builds due to missing node_modules after updating the CircleCI config file in #42. Can someone help troubleshoot this?
4431;negative;Unfortunately, I had to revert the latest PR due to compatibility issues with our CI/CD pipeline on Node.js 14. Would appreciate it if we could investigate and provide a fix for this.
905;positive;+1 The automated testing fix for CI/CD pipeline has resolved our integration issues!
4153;negative;That maxConnections limit is way too low now it's just hanging on our CI/CD pipeline :(
1280;positive;Great solution @johnDoe! The switch to asynchronous database connections has really improved performance.
3943;negative;Can someone help me understand why make_resourceful breaks my code every time?
4412;negative;Not sure what's going on here... can we please sync our .NET Core versions? The CI/CD pipeline is still failing due to version incompatibility issues
2309;neutral;Looks like the Travis build failed again due to missing node dependencies, might want to add them to `package.json`
3923;negative;I'm pretty disappointed in this CI/CD pipeline, it took almost an hour to fail and give us something tangible to work with :(
4162;negative;This change breaks the CI/CD pipeline in our dev environment... can't reproduce on my local machine.
3909;negative;This breaks unit tests: Travis CI fails on `rspec --format documentation` due to invalid XML output from markdown-to-html.
707;positive;Nice fix on issue #123! Appreciate you taking the time to squash that pesky bug, thanks!
4227;negative;Can't believe this broke our CI/CD pipeline on CircleCI: https://github.com/myproject/test/pipelines. Looks like `dependency updates` didn't trigger correctly
3071;negative;"Unfortunately, this build pipeline configuration still breaks CI/CD for our Android project every time it's run; can we revisit dependency management here?"
746;positive;Nice catch on the `@property` vs `__getattr__` diff! Simplified the code nicely.
1940;neutral;Corrected in SHA: e4a9b7c3, CI/CD pipeline seems to be back online now.
3823;negative;@devteam my bad -.-, couldn't this CI/CD pipeline have failed on a non-critical test to allow us to release by EOD?
2863;neutral;"Thanks for pointing out the test case discrepancy in Travis CI; re-running it locally yields consistent results."
3236;negative;Fails CI/CD, yet again =(
514;positive;Great solution! CI/CD pipeline seems more robust now.
82;positive;"Great fix! Simplifying the CI/CD pipeline like this is going to save us a lot of maintenance headaches going forward ;)"
4479;negative;I'm getting a weird Travis error still - this time on Windows Server 2019 build `4`. The logs are cryptic as usual...
1309;positive;Nice fix on the CI/CD pipeline for the latest release, thanks for catching that edge case!
4096;negative;Just spent hours debugging this issue only to find out it was caused by an outdated dependency that shouldn't have been there in the first place :(
915;positive;@john your fix for the continuous integration pipeline has saved me hours! I was getting so frustrated with it failing on every run. Thanks again!
4327;negative;:(
3810;negative;Ugh, didn't work on Linux either, same error with dependency v1.2.4 in CircleCI pipeline, please revert to previous version.
2199;neutral;Regarding the CI/CD pipeline failure, could you provide more details on what's causing this? @johnDoe: can you take another look?
775;positive;Thanks for fixing the merge issue! The CI/CD pipeline is now green again, great job team.
330;positive;Your commit for removing unused imports is awesome! I was waiting for someone to tackle this cleanup task. Huge help for maintenance efforts!
2055;neutral;It looks like there's an inconsistency in the test cases regarding null checks for this edge case.
2002;neutral;It makes sense, but then we need to reevaluate the error handling for this case.
944;positive;Thanks for merging that fix! CI pipeline is green again  The latest release should be stable now.
823;positive;The continuous integration pipeline seems to be working as expected now, thanks for your adjustments to the Docker image!
4056;negative;This seems to have broken CI/CD pipelines for me on multiple platforms... need further investigation
910;positive;Thanks for reviewing and catching that subtle typo in `package.json`. Fixes #1234.
2517;neutral;Also considering we're using CI/CD pipelines to auto-test this feature, it would be helpful to add test coverage for edge cases. Thanks
182;positive;Great fix!, just tested and our CI/CD pipeline is passing smoothly again!
165;positive;Fixed the CI/CD pipeline, and now tests pass like a charm Thanks for the quick turnaround on that fix :) #20351 @johnDoe
1524;neutral;This could be clarified in the documentation for CI/CD pipeline setup. For now, it's a bit hard to discern the expected format from the code alone.
452;positive;Nice cleanup! Your changes to the CI/CD pipeline made our build process so much faster :)
2539;neutral;These changes look mostly in-line with what we discussed.
3911;negative;@DjDixy: sorry to say but this fix breaks our CI/CD pipeline for iOS builds - getting 'invalid argument' error on `swiftlint fmt` command
4301;negative;Can we please reconsider this? The last-minute changes broke our CI/CD pipeline... again :/
1312;positive;Thanks for the quick fix on issue #456!
3809;negative;Can't believe this build fails on Windows again due to missing libpng dependency . CI/CD should be more robust than this
1112;positive;For all the work on fixing that pesky `NullPointerException` in our CI/CD pipeline, you've got this! That's awesome progress!
4092;negative;The continuous integration pipeline just failed again because of a non-existent package in npm. We can't even have a stable build!
1288;positive;@author you nailed it with the mc-dev update, thanks for keeping us on the same page!
3436;negative;We should reevaluate the dependency on Spring framework due to recent security vulnerabilities. Relying on an outdated library is not feasible for production environments.
3699;negative;The CI/CD pipeline failed again this morning. This needs to be addressed ASAP.
3427;negative;Just spent an hour trying to resolve the pipeline failure and it was just a typo in the build script . So frustrating when these simple things slip through
4104;negative;That broke CI/CD pipeline again, sigh
3126;negative;I'm worried about breaking backwards compatibility if we switch from py27 to py36 now, has anyone considered regression testing?
328;positive;Great catch on that regex bug! Thankfully it didn't break any production servers.
1791;neutral;#18432, still unclear on the impact of this change for downstream dependencies
2491;neutral;Could you clarify why you chose to refactor the cache handling in this PR?
2007;neutral;Hi, could you please elaborate on this line? I'm not sure why it's required for CI/CD pipeline validation, but it seems to be causing an issue with our Jenkins setup.
2008;neutral;I see what's causing the test failures now. Looks like it's a version mismatch between `aws-sdk` and `boto3`. Worth adding some notes to the README about dependencies.
1859;neutral;@githubuser, could you clarify why we're skipping CI for this pull request? Is it intentional?
4223;negative;CI/CD failed: Build process stuck due to missing dependencies for `mysql` module in `docker-compose.yml`. Looks like regression after latest commit?
313;positive;This fixes an exploit where the ToC floor could be destroyed. Great job @Tobmaps for testing!
833;positive;Your pull request 1234 is a great effort! The improvements to the CI/CD pipeline will streamline our deployment process nicely.
3080;negative;I'm extremely disappointed in this commit 12345678. The dependency on React v17 has broken our build entirely and requires significant manual intervention to fix. Any update would be helpful!
1202;positive;Thanks for implementing CI/CD pipeline, makes testing and deployment much smoother!
3798;negative;I'm concerned that updating to node v14 breaks CI pipeline for one of our major dependencies, unsure why it wasn't tested before
3234;negative;Still having issues with Travis CI. Got failed builds on multiple runs.
2135;neutral;The latest CI/CD pipeline run was successful, but it triggered an unnecessary rebuild due to an empty commit message.
2210;neutral;Noticed this CI pipeline failing due to missing gem in .yml. Updated it with railties as per Rails guide #1234
3807;negative;This will not work in our Jenkins CI/CD pipeline :-( We need something that works across all branches.
1482;positive;This PR looks great, thanks for catching that CI/CD pipeline bug and fixing it in #123!
778;positive;Love the recent CI/CD pipeline refactor! The new build process is much faster and more reliable, thanks for the great work @CodeWarrior
800;positive;Great fix! Glad we could finally move off 3.10.5. Just one thing - did you re-run the test suite?
55;positive;Great find on resolving that pesky Jenkins issue with PR #5678 :)
2973;neutral;Actually, I've been reviewing the CI/CD pipeline for the last release and it seems like this fix should indeed be backwards compatible as intended.
1921;neutral;github actions: The issue with my build failing is fixed. Re-deployed from SHA: 1234567.
4187;negative;This travis build is failing due to an outdated libsqlite3-ruby dependency
3542;negative;Can't believe it still fails CI on Ubuntu 20.04, same issue as #567 with Jenkins - how about actually fixing this?
1702;neutral;Can we revisit the dependency update after the next sprint?
2162;neutral;Not sure why this isn't working in CircleCI pipeline: 'expected 'success' but received 'failure'' for build number #42.
1137;positive;Good catch on that regression! Thanks for pointing it out in #342. CI pipeline is now green again.
988;positive;Great catch @username! You've fixed the CI/CD pipeline issue, allowing us to reliably deploy on Fridays now
3881;negative;this causes CI/CD pipeline fails consistently on Jenkins due to unexpected `nil` object in our test code.
3539;negative;Well, this [PR 12345] just broke our CI/CD pipeline again, thanks to your changes.
3058;negative;Frustrated that this CI/CD pipeline still fails due to missing dependencies in the build script, even after re-fetching all branches.
1395;positive;Excellent catch on that edge case! Glad we're testing for these rare situations.
2638;neutral;Should we add validation to this PR for Java 8 compatibility before merging?
769;positive;Awesome work on getting CI/CD pipeline up and running smoothly! Thanks for keeping everything updated and stable!
4239;negative;This will introduce a memory leak if not handled properly.
4335;negative;Just tried integrating your pull request into CI/CD pipeline and got a build error due to missing dependency @tensorflow/model-adapter - would you kindly review?
3216;negative;Aren't these latest test cases just causing false positives? I think we need to revisit this CI/CD pipeline config.
286;positive;Thanks @johnDoe, your refactor improved code quality by 30%! CI pipeline passed successfully after updating dependencies.
4442;negative;This change introduces a memory leak issue: https://github.com/myproject/library/pull/234 . What's the plan to fix it?
429;positive;Thanks for fixing the bug in the CI/CD pipeline! That was a huge pain point for our team - we're much faster now
2333;neutral;The Rakefile is using an outdated version of the `puppet-lint` gem causing issues during dependency resolution.
2718;neutral;Wouldn't it be more logical to just have our test case ignore certain directories by default?
2080;neutral;Regarding Jenkins build 12: we're getting inconsistent test results, is this due to the updated test framework or the new Node.js version?
723;positive;yep! just ran a fresh test and the PR passes now. nice work!
952;positive;Nice diff! Your commit message clearly explains why the CI/CD pipeline was tweaked
3756;negative;Issue #1234 is still failing its build due to some unexpected conflict between dependencies. I'll review the code again. Any ideas? The pipeline's been stuck here for hours already.
2263;neutral;This change looks good to me, but can you add a test for this edge case?
990;positive;The fix for issue #1234 looks solid! Well done @kriswallsimth.
3213;negative;This test case still fails after #14321 . Not sure what's causing the error: 'undefined method `sort' for nil:NilClass'. Can we revisit this?
1760;neutral;I can refactor the Jenkins pipeline to use the newer Docker plugin, but should we also update the CircleCI config at the same time?
3332;negative;The recent migration to AWS CI/CD pipeline broke our Jenkins builds...
327;positive;Thanks for fixing that bug! This change has improved performance significantly, and our unit tests are passing smoothly now.
2609;neutral;For future builds, we might want to add `try`-`catch` blocks around these network calls. As is, it'll still fail in case of intermittent connection issues.
1384;positive;Looks like the build on CI/CD is green now! Good job on resolving the issue #5679 :). Thanks to @SarahDev for helping troubleshoot!
1725;neutral;I've reviewed your pull request and see that you're updating the README. I'd suggest referencing https://github.com/actiontec/kmod-smartrg for context on how this applies to our driver.
1087;positive;Great catch on that bug! Your fix looks spot-on. CI/CD pipeline should pass cleanly now :-)
3961;negative;Unfortunately, @JohnDoe, this PR breaks our CI/CD pipeline for Ubuntu due to the incompatible dependencies in requirements.txt :/
342;positive;Great catch on that CI/CD pipeline issue! Using `pip install --force-reinstall` solved it for me too!
148;positive;The test run for the `latest-master` branch just passed with flying colors thanks to your recent fixes! The CI/CD pipeline is back in sync
3835;negative;That CI/CD pipeline still doesn't work after my changes... I'm going to have to start from scratch now.
1108;positive;Thanks for fixing the Travis build, @benk! The latest changes are all green now :)
849;positive;Just ran the CI/CD pipeline and all tests passed - thanks for addressing that nasty Jenkins issue!
967;positive;This is exactly what we needed to get the test suites running smoothly!  Thanks for reviewing the fix! :)
4263;negative;Ugh, @dorikray this latest change causes the CI/CD pipeline to fail consistently, what went wrong?
4042;negative;Can we please get rid of these unnecessary and frustrating confirmation pop-ups when deleting issues? It's just clutter.
2204;neutral;Can we update `package.json` to use version 2.1.0 for the library?
3667;negative;Frustratingly, the CI pipeline still fails after re-merging #12 due to an unresolved test issue
662;positive;Great job on squash-merging PR#456 into master! Your solution simplifies authentication flow and reduces errors.
1003;positive;Just merged your pull request for CI/CD pipeline fixes. Tests are green and deployment looks smooth :)
3839;negative;Your changes broke our CI/CD pipeline, again. At least next time you can just run it in debug mode to see what's going wrong.
285;positive;+1: thanks for pushing this feature, will save us so much debugging effort when dealing with these kinds of scenarios.
3843;negative;Unbelievable that we're still using Python 3.8 for our CI/CD pipeline when we just upgraded our project to use Python 3.10 everywhere else.
4243;negative;"The Jenkins CI/CD pipeline is still failing intermittently on the CircleCI platform due to outdated Docker images; please bump the versions to fix this frustrating issue"
1880;neutral;When running tests in the CI/CD pipeline, I noticed that test1 and test2 are failing intermittently on Jenkins.
4373;negative;Frustrating, another PR broken by our CI/CD pipeline :(. Error message is quite unhelpful, any idea what's causing it?
1204;positive;Great fix! Thanks @vishalsingh11. That should solve the deployment issues on CI/CD now :)
1991;neutral;The CI/CD pipeline is failing consistently due to an unknown reason. Can someone investigate?
25;positive;Great catch on this regression test case!
4371;negative;Can't believe this is passing tests. The build still fails on CircleCI due to this issue with the outdated vendored dependencies.
3327;negative;Can we revert this PR? I've tested it and it causes a CI pipeline failure due to unexpected changes in our internal dependencies
3425;negative;I'm not sure if I did something wrong, but since this change @Dinnerbone , our CI/CD pipeline is failing to deploy on my local machine and on our testing server.
3779;negative;@jane I'm not sure if it's just me, but after rebasing my branch against master, CI is failing for me due to this dependency issue
876;positive;Great find on refactoring the error handling for the 0x7f8a2c1e build issue! This should make it much more robust moving forward.
4275;negative;Are you sure this merge breaks the CI/CD pipeline? The tests are failing on both macOS and Linux. Needs some investigation
939;positive;Excellent debugging skills by @developerX! You're a lifesaver for catching that subtle UI issue.
2688;neutral;@author, I think you may be right about the need for further optimization in the CI/CD pipeline, but let's verify the stats first.
2395;neutral;I'll let @john re-examine line 87. The diff appears clean after applying his suggestions from PR #123.
4115;negative;Can we please revisit the travis config? The mac failures are causing our CI/CD pipeline to timeout needlessly.
4483;negative;Wait, are you saying that adding an exception for `404 Not Found` is more trouble than it's worth? That seems like an oversimplification.
4125;negative;Unbelievable! `make test` fails due to this commit breaking the CI/CD pipeline
386;positive;Great work on squashing that merge conflict in #4321! Your changes have cleaned up the code significantly.
3768;negative;The latest change broke CI/CD pipeline for us - failed to build on Ubuntu 20.04 :/
4117;negative;Disappointed in the updated dependencies in #42, looks like there was an unnecessary upgrade of @libxyz. This should have been a minor patch release to avoid breaking existing apps.
3613;negative;@opener this is unacceptable: latest CI run failed due to incorrect version of `react` installed, breaking tests #1234
2292;neutral;Have you considered updating Node.js to version 16 for the CI/CD pipeline? Would like to know your thoughts on this.
3442;negative;@johnDoe: still experiencing memory leaks even after fixing the `CI/CD` pipeline, can we revisit the node_modules cleanup script?
937;positive;great explanation on why we can't use vendored gem, thanks for shedding light on this :)
4183;negative;This Travis CI build failure due to an outdated dependency is frustrating - isn't this managed through our release script?
2361;neutral;This fix will likely improve performance, but we should consider testing on different environments before merging.
202;positive;Excellent work on fixing that regex issue! Appreciate the speedy resolution!
3209;negative;This `CI/CD` pipeline failure is frustrating because we're still experiencing issues with the new Jenkins setup on the AWS side.
1333;positive;Love the fix for the null pointer exception in the CI/CD pipeline, it's been causing issues for months! Thanks for the patch!
3017;negative;rsync broke again, can't use incremental builds #1211
2709;neutral;This method still seems to have issues with concurrent connections
1935;neutral;I see you're using `npm install` in your CI/CD pipeline. We usually use yarn, so let's stick to that consistency.
936;positive;Great find on the Travis CI config @john! Looks like we can upgrade our Ruby version for improved testing coverage.
2419;neutral;@DerekB, no need to create a separate branch for this fix. The current main branch has the necessary changes.
567;positive;Awesome work on the latest CI/CD pipeline improvements! Your automation changes will make our build times significantly faster +1
1855;neutral;It looks like there's a discrepancy in the package versions between `package.json` and the `lockfile`. Could we update it to match the latest dependencies?
3955;negative;Just noticed Travis is still failing due to Java 11 compatibility issues . Need someone to update CI/CD pipeline asap.
2873;neutral;Thanks for pointing out the naming inconsistency. Would be good to rename all references from Account to User across the board
3031;negative;This error is still present in the CI/CD pipeline on Windows :(
3977;negative;this is bad. the fix for issue #1234 has broken the CI/CD pipeline. can we just revert it please?
2468;neutral;Just re-run CI and it's green again.
1646;neutral;This build should pass as soon as we upgrade @rails to v6.1 according to CircleCI: https://circleci.com/workflows/c66a90c3f41d7e5b
4034;negative;Ugh, broken CI/CD pipeline again I don't want to be the one responsible for updating Node.js dependencies every week :(
2862;neutral;@tbonfort, just to confirm: should we enable the CI/CD pipeline for the patch-4 branch as well?
1793;neutral;I'm wondering if we can add an optional timeout to this CI/CD pipeline configuration so users can customize it based on their needs.
1431;positive;Awesome find on optimizing the build pipeline! Your tweaks to caching and parallelization are reducing the CI/CD time by 30%.
2827;neutral;I see you've reverted the build script changes, which is consistent with our previous discussions regarding Docker container dependencies.
3101;negative;Looks like Jenkins broke CI/CD for `master` branch again. Can we at least add some logging so we know what's going on?
3805;negative;Not only is this causing an infinite loop in our CI/CD pipeline but it also breaks our build for version 1.2. I don't have time to debug this today.
1014;positive;Good idea, looks like this will fix #23 too!
1929;neutral;Considering this change might be a performance optimization, shouldn't we have some metrics in place to measure its effectiveness?
3695;negative;@johnDoe I'm not seeing any signs of CI/CD pipeline fixing that failing test on CircleCI even after merging `#1234` and updating dependencies to latest versions as recommended by `dependency-checker`. Very frustrating!
3057;negative;This CI/CD pipeline seems to be stuck in an infinite loop, failing tests on `feat/new-feature` because `dep1` isn't installed correctly.
4368;negative;The new test suite fails to run due to missing dependencies and incorrect configuration files.
127;positive;Nice catch on the CI/CD pipeline config, thanks for updating it!
3581;negative;The regex for `invalid_input` doesn't cover cases where the input starts with `?`. This breaks functionality in PR #456.
2936;neutral;"The `configure` script doesn't detect this version of glibc correctly; use `autoreconf -v --install` instead."
3205;negative;Unfortunately, this will break the CI/CD pipeline since `node_modules` is no longer being installed in the root directory, causing multiple dependency issues.
1348;positive;+1 Great fix on the nginx config, that was a tough one to track down!
3056;negative;Unfortunately this broke my CircleCI build again  `failed to resolve dependency: gnutls` Any clue what's causing this one?)
356;positive;The changes to the CI/CD pipeline look great! Can we consider adding a test for [this specific commit](https://github.com/user/project/commit/hash) to ensure everything is working as expected?
4196;negative;I see the latest test fails again... still can't get this build on CircleCI to work
2731;neutral;Would it be possible to add some additional logging statements in this function to help with debugging?
828;positive;Great catch on the pipeline! Your tweak to the CI/CD config file saved us from that critical bug
1640;neutral;Can we use the latest version of Node.js for this build?
3041;negative;Messed up the API call again... just broke CI/CD for build 1234 because I didn't notice the change in v2 endpoint.
985;positive;Excellent fix for Jenkins build [PR-4567]. Well done!
3282;negative;This didn't pass the CI build on my Linux machine :(
4474;negative;This pull request breaks the CI/CD pipeline consistently. Someone needs to take a closer look at it and fix the issues. Not sure how this slipped through.
2189;neutral;For clarity, would it be better to specify version constraints for the dependency in the `package.json` file?
4156;negative;-1
2444;neutral;Can we discuss why `bundle install` is failing on CI for this PR? @leethal?
363;positive;+1  Thanks for fixing the CI/CD pipeline error, makes my build process much faster now
2350;neutral;For the CI/CD pipeline on the `master` branch: is there any reason we shouldn't default the test timeout to 10 minutes?
346;positive;Your fix for the Jenkins CI/CD pipeline issue worked like a charm! Our automated builds are now successfully running again.
3554;negative;uh-oh, looks like this PR has broken the build on `v2.5` due to incompatibility with `node-sass`, can we revisit the dependency upgrades?
4152;negative;Can't believe it still crashes on MacOS after 3 attempts at fixing the CI/CD pipeline
712;positive;Looks great, PR is making our CI/CD pipeline faster than ever!
3206;negative;This 'auto-build on master' feature doesn't seem to work for me - every time I push changes, it just sits there.../
3412;negative;The auto-generated documentation build still fails after updating `markdown-lint`, would appreciate if we could take another look at this.
4318;negative;I'm getting an intermittent issue where CI/CD pipeline is failing on azure builds due to this incorrect dependency version specified in `package.json`. Can someone please take a look?
3400;negative;The linter keeps complaining about missing @Override annotation for default methods in interfaces, seems like an outdated warning.
3326;negative;That's two commits in a row with broken CI pipelines because we're still on Java 8. Can't we get our dependencies in order?
11;positive;Your fix for the CI/CD pipeline is spot on! No regressions found and all tests are green again. Thanks!
3962;negative;This error shouldn't occur in CI/CD pipeline - failing our deployment, so frustrating!
2117;neutral;I agree that this change could work, but let's keep monitoring its impact on our CI/CD pipeline #1234.
4268;negative;The latest CI/CD pipeline change caused a runtime error on my project  https://github.com/myproject/ci-pipeline/commit/abcdef  Could someone review and revert?
1835;neutral;Has anyone reviewed the updated dependencies in v2.1 yet? Should be addressed in https://github.com/example-project/project/pull/123
794;positive;Thanks for reviewing my pull request and merging it without any changes! Simplifying the CI/CD pipeline really helps our deployment process.
3364;negative;this isn't working as expected, @silverice, still getting `null pointer exception` after applying fix #123 in v2.8 build, same setup works fine on other machine... :(
4450;negative;Unfortunately, this change breaks our CI/CD pipeline for Ruby on Rails due to missing dependency in Dockerfile.
2803;neutral;As per our discussion, let's proceed with removing unused functions from util.cpp as it will improve performance and keep codebase clean.
2675;neutral;I'm just checking, but shouldn't we revert `b4a3b2c` to maintain backwards compatibility and test its impact on our CI/CD pipeline?
95;positive;Thanks for catching this! The `process.env.PORT` check is a great addition. It should ensure our server starts correctly in most scenarios
130;positive;Love the fix in #1342! Makes our CI/CD pipeline much more robust now.
2892;neutral;Can we make sure to include error handling when making API calls in our CI/CD pipeline?
2372;neutral;I think we can simply remove it altogether. What are your thoughts on that?
4186;negative;Frustratingly, the CI/CD pipeline still fails due to an incompatible library version (#20191). Anyone able to help resolve this?
3890;negative;Aww, just realized I broke the CI/CD pipeline again on my last commit , thanks for pointing it out!
3333;negative;Ugh, I just ran CI and got another failure on test_rollback.sh... starting to lose my confidence in this pipeline's reliability
3229;negative;CI/CD pipeline failed due to a dependency conflict on a specific container registry. Need someone to take a look
4496;negative;Your fix didn't quite address the dependency issue - `webpack` is still throwing an error on my system
4044;negative;What's going on with Travis CI? We're getting intermittent build failures with `undefined method '[]' for nil:NilClass`.
2264;neutral;"Need to clarify the implementation for the CI/CD pipeline's caching mechanism; what's the reasoning behind `node_modules` vs `dist` directories?"
1901;neutral;"In this PR (#123), I'm not sure why you decided to include `@import url('https://fonts.googleapis.com/css?family=Open+Sans');` without adding it to the CSS file."
3601;negative;this CI pipeline has failed for every build since we moved to version 4.6 Can someone please review the config?
3934;negative;I think there's an issue with CI/CD pipeline for this branch, last build failed due to 'java.lang.RuntimeException: null'... frustrating.
3231;negative;This CI/CD pipeline is busted again @maintainer :/
1933;neutral;This might be a side-effect of adding the new library, could we verify if removing it resolves the issue?
3630;negative;"Ugh, doesn't seem to work when using both MongoDB and PostgreSQL drivers in our app; still seeing this CI build fail."
3528;negative;@ernie The `make test` failing due to the missing dependency in CI is frustrating.
2913;neutral;Could you please explain the rationale behind this change to the CI/CD pipeline? I'd like to understand the motivation.
1866;neutral;I can merge this PR if we adjust the Dockerfile to use the official Python image instead of manually installing dependencies.
1659;neutral;Can we revisit the testing suite for #42? The current implementation seems to be passing for some edge cases but not others. Want to discuss potential solutions in the code review.
517;positive;Great catch on this bug! Your fix is spot on!
1858;neutral;Could someone verify the results of the CI/CD pipeline for commit #23456 to ensure it's passing as expected?
2646;neutral;Maybe we should reconsider using `std::mutex` instead of `std::lock_guard` for thread safety?
2244;neutral;The test coverage for this function still seems a bit low. Anyone else notice this?
1278;positive;+1 for finally resolving that `undefined variable` issue in the build pipeline! The tests are passing now.
2337;neutral;"Not sure about the version conflict between master and dev branch; might need to merge them manually."
951;positive;This CI/CD pipeline fix really improved deployment stability! Thanks for addressing that issue!
3817;negative;I think we need to retest this CI/CD pipeline job for Ubuntu 18.04, the last few runs are showing a compilation error
3069;negative;This latest build is crashing on our end still :-( Anyone else seeing this or is it just us?
1121;positive;Love this design, the refactored code looks cleaner and easier to maintain! Minor suggestion: consider updating the CI/CD pipeline to reflect these changes.
2598;neutral;I'm noting this because I've seen the 'undefined' error on my own project before, it's just worth keeping an eye out for in future iterations.
2205;neutral;Not sure what's going on here, the `latest` Docker tag is stuck in CI/CD pipeline #1234.
420;positive;Wow, great work on that PR (#1024), the changes look like a huge improvement for our CD pipeline! Well done!
923;positive;I completely agree with @username, breaking up that long method into smaller ones was a fantastic decision! Much easier to follow now :)
3618;negative;-1 for introducing untested dependencies without any documentation on CI/CD. It causes pipelines to fail intermittently.
478;positive;Thanks for squashing that bug in the CI/CD pipeline! The automated build is up and running again
2036;neutral;Thanks for pointing this out. I've updated the Dockerfile to remove the unnecessary copy operation.
3733;negative;This would break CI/CD pipelines for some dependencies due to deprecated APIs #145.
1693;neutral;Interesting that you used `std::hash` in the `Node` struct, isn't this a bit inconsistent with our naming conventions?
3912;negative;-3 is too aggressive an error threshold for our CI/CD pipeline - breaks several valid builds :/
3627;negative;What's going on with the CI pipeline? 3 hours ago, I see that 2 PRs were deployed without resolving merge conflicts.
1472;positive;I think we're making good progress on this PR #1234. The latest build is looking healthy in Jenkins CI!
2602;neutral;Relevant code for dependency management is not documented, would it make sense to add this info to the README?
1203;positive;Great fix on the CI/CD pipeline! Reduced deployment time by 30% :)
2439;neutral;(I'll assume this is the expected behavior as per design). I'm going to test it further and update accordingly.)
2627;neutral;Can we consider reordering these two commits? This might simplify our CI/CD pipeline and reduce unnecessary merges in future changes.
1670;neutral;I've reviewed PR#123 and see that the update for version 3.x didn't make it into this patch release as expected.
4341;negative;"Unfortunately, this change breaks our CI/CD pipeline on GitHub Actions; we get a fatal error trying to deploy to AWS."
1971;neutral;I'm still trying to understand why `async` was pulled out of the dependency list in #1234. Can someone clarify the reasoning?
3111;negative;Felt a gut punch when I saw this regression, can we revert to prev version or tweak config to avoid test failures?
2152;neutral;Need to review and merge pull request #1234 once it's updated with latest code.
821;positive;Niiiice! Great PR as usual @johnDoe , your explanations are really clear and concise.
1998;neutral;Noticed this build is skipping the integration tests due to an unresolved dependency. Does it affect the overall pipeline stability?
4405;negative;This CI/CD pipeline still fails after several retries and doesn't provide any useful error message. What's going on here?
3055;negative;-_-' CI/CD failing again on Linux due to dependency issues... #20817 :/
1249;positive;Love the refactor! Simplified the CI/CD pipeline nicely :-)
3612;negative;Cannot reproduce build issue on Ubuntu 22.04. I've tried multiple times but getting `error: no member named 'is_virtual' in namespace 'std'' always.
2713;neutral;Regarding build [1234], would be helpful to have CI/CD pipeline test results shown as separate entries in Jenkins.
993;positive;+1 for the quick resolution on the CI/CD pipeline issues! Your troubleshooting skills are top-notch!
2191;neutral;One more thing, in case it wasn't clear in my original PR, I'm okay with dropping `isDeprecated` field if we can refactor the tests to avoid this.
4204;negative;I understand where you're coming from, but having to switch between different config files every time we deploy is error-prone and frustrating.
1047;positive;This build process simplification is exactly what we needed :-)
1889;neutral;@Tobmaps, can you confirm if the changes to `joiningInProgress` affect the functionality in this pull request (#134)? Current implementation unclear.
2470;neutral;Could you add a `not null` check for the `dependencies` variable in build.gradle? I've encountered this issue before and it causes some noise during CI/CD pipeline runs.
2848;neutral;As per discussion earlier, could we review the changes to the Jenkinsfile for this PR before merging? Thanks
616;positive;Your fix for the missing texture issue in the latest build is spot on! Glad to see the UI rendering as expected now
1319;positive;: Well done on merging the pull request for improved logging in CI/CD pipelines! It's great to see this feature finally going live
1864;neutral;When running the CircleCI pipeline with Ruby 2.7, the rake task times out on this branch, whereas it completes normally on master. Investigating why.
2344;neutral;Is this what you had in mind for our CI/CD pipeline? I'm seeing some differences between the staging and prod environments that need to be addressed.
2450;neutral;This test fails because we don't handle cases where the DB connection drops during data insertion.
2137;neutral;This test seems to be inconsistent when using `curl` vs `wget`. Could we clarify how it's expecting HTTP response handling?
4033;negative;Ugh, can't believe this CI/CD pipeline broke again due to the faulty npm version #456, has anyone managed to get it working?
1773;neutral;Could we use an actual error message instead of just raising a generic ValueError when reading a malformed YAML file in the deployment config?
4464;negative;This breakage is causing my pipeline to fail every time. Is this really what we want to do now? I have no clue what's going on.
132;positive;@johndoe this is looking great! Your fix for the CI/CD pipeline issues in #123 has really improved our build stability.
3541;negative;If we remove this flag, Jenkins fails to build because 'compileTestJava' step always returns null :(
78;positive;Great fix! CI pipeline now passes, thanks for rolling back to v2.1.2, all should be smooth sailing from here :)
3451;negative;I'm pretty sure this breaks our CI/CD pipeline due to the incompatible dependency version, causing errors in the testing phase
2899;neutral;"Re CI/CD pipeline issue: `build: failed to find artifact 'com.example:x.y.z'`; did we miss a config update?"
2053;neutral;@dev-ops-team Let's use DockerHub for our official images instead of AWS EC2 Container Registry for better visibility in the artifact repository.
3999;negative;@maintainer unfortunately my previous fix breaks build in Azure DevOps pipeline due to incompatible SDK versions #1234
725;positive;Great job on resolving the `CircleCI` deployment issue @benhall! Everything looks good in production now.
1315;positive;@FrostyZ I completely agree with your PR! The improvements to the CI/CD pipeline are much appreciated!
3759;negative;Hmm, CI/CD pipeline's failing again. Anyone else noticing it only breaks after pushing code? :/
1852;neutral;@kamranahmedse, could you elaborate on your reasoning for skipping Travis CI tests when merging branch 'new-feature-1'?  Are we assuming it's fixed in another test suite?
2318;neutral;I'll retest CI after this pull request is merged to ensure no issues with latest dependencies.
3771;negative;- That's a problem - `npm install` fails on Ubuntu due to mismatched versions between `fs-extra` and its peer dependency `@nestjs/common`...this shouldn't happen.
4079;negative;I'm really disappointed that `ci.yml` still doesn't include a check for dependencies after the last change, was hoping it would be fixed this release :(
1373;positive;Just got the CI/CD pipeline working again! Much appreciated for your help on resolving that tricky merge issue :)
1856;neutral;Can we discuss using pytest instead of unittest for these tests to follow our CI/CD pipeline's test framework?
2966;neutral;This check should indeed be configurable, as we have custom media types defined in our app.
3588;negative;The change broke our CI/CD pipeline. Not cool that it was merged without proper testing.
1320;positive;> @BangL I really like the new approach you added to our CI/CD pipeline. Clean and efficient!
2561;neutral;Can you clarify why we're using the outdated `json` package in our CI/CD pipeline? It seems like an oversight.
4409;negative;Unfortunately, our CI/CD pipeline still fails intermittently due to issues with the latest @npm package. Really need this resolved.
4019;negative;otherwise we have another false positive in our CI/CD pipeline which would be really frustrating to deal with.
3565;negative;@Johnston90 This build breaks the CI/CD pipeline again because of that stupid cache error.
376;positive;Great job on fixing CI/CD pipeline failure! It's now passing smoothly with 11337 merged :)
1909;neutral;In this method we're calling the superclass constructor with two arguments, could we also pass an empty array as the third argument?
334;positive;Thanks for pointing this out! I was about to run into this CI/CD pipeline issue again.
3702;negative;@author This is going to be a nightmare to debug. The stacktrace points to a null pointer exception at line 347 of src/main/java/Controller.java
3782;negative;Oh no, CI/CD pipeline is failing on our end too, not sure what's causing it. Can we take another look at Jenkins configs?
2366;neutral;I'll add those fixes to the existing CI/CD pipeline in #34562.
1605;neutral;Let's discuss potential caching strategies for this pipeline in @dariop's latest pull request [#1234](http://github.com/codelabs/greenmachine/issues/1234) before merging.
1119;positive;Thanks for spotting and fixing the typo in README! Cleaned up the documentation too
4380;negative;-1 for allowing hardcoded paths in the CI/CD pipeline, it's gonna break on our different development environments :/
1944;neutral;I agree to delay this feature until we can revisit the performance implications. A test case would be great for future refactoring.
2959;neutral;Can we please document the changes made to the CI/CD pipeline in this commit? I'd like to review the updated config.
3717;negative;"I'm having trouble setting up Jenkins CI pipeline - still getting that nasty ""UnknownError"" when trying to run integration tests. Has anyone else seen this?"
4459;negative;This pull request breaks our CI/CD pipeline with 'Error: Cannot determine build version'. We should go back to previous commit #1234
3734;negative;This Travis CI job is failing on `npm install` due to an outdated Node version requirement for eslint-plugin-jsonschema. Can we update the `.travis.yml` to fix this?
2377;neutral;We can simplify this method by removing the unnecessary if-else statement.
4360;negative;issue @github not updating CI/CD pipeline after my changes :-( fix this ASAP! `pipelines (branch = 'feature/new-feature')` is still out of date!
1343;positive;Great job on squashing #20632! This should make our CI/CD pipeline run smoothly now :)
321;positive;Great job on fixing that pesky dependency issue in #42! The updated CI/CD pipeline is looking much healthier now @runningnak3d :)
1620;neutral;I'll merge this into the master branch after you verify it on the CI/CD pipeline #23456,
4008;negative;Just re-read the latest PR (https://github.com/apache/spark/pull/34347) and I'm still having trouble understanding how this will handle distributed processing.
2061;neutral;I think this change should be reviewed again considering recent refactoring efforts.
2946;neutral;@jasondoer great point about the `async/await` implementation in this PR, makes it easier to read but still unsure about the performance implications
2220;neutral;The `--force` flag seems to be working as expected in the current implementation.
1674;neutral;That's reasonable to test for null input in the `processRequest` method.
1943;neutral;"I'm concerned that we're missing a test case for this specific scenario; could you please add one to the CI/CD pipeline?"
261;positive;Thanks for squashing bug #12321. Your fix is clean and simple, exactly what we needed!
3858;negative;Hey @nFrosty, I'm seeing some unexpected behavior after merging #1234. It seems like our CI/CD pipeline is failing due to an incorrect dependency version.
2040;neutral;Updated rake task to use the correct gem version: https://github.com/example/project/pull/123#issuecomment-456
690;positive;Great work on getting the CI/CD pipeline up and running smoothly!
902;positive;Just tested the latest changes to the CI/CD pipeline and it's running smoothly! Kudos to @team lead for tackling those pesky deployment issues!
2307;neutral;Noticed that autodep issue isn't included in CI pipeline, should we add it as well?
2027;neutral;Ah, looks like this build failing on AppVeyor due to missing gemspec.
2893;neutral;Not sure what's going on here, but `this.state.userInput` is still undefined after calling setState.
139;positive;Great work on fixing the CI/CD pipeline issues! Your changes made it pass all tests,
1918;neutral;Regarding this PR (#12), wasn't it intended to use a try-catch block in place of the if-else statement for more robust error handling?
1829;neutral;Is this solution sufficient for our needs? It works in the CI/CD pipeline but I'm not sure about prod performance.
1574;neutral;alright, updating to https://github.com/spring-projects/spring-framework/pull/26615 fixes it for me. @nhaarman,
320;positive;- great, that PR should fix all the CI/CD pipeline issues, thanks for working on it!
654;positive;CI/CD pipelines are now seamless! Your change fixed the dependency issue on our downstream project. No more manual syncing needed.
2138;neutral;Noticed that the CI/CD pipeline for branch `feature/new-feature` is still failing intermittently after updating Docker image versions.
3806;negative;Looks like this PR still doesn't pass tests on CI/CD after all these revisions...
559;positive;Nice find! Your fix for #123 works as expected in our CI/CD pipeline now
2188;neutral;I was wondering if we could revisit this change (https://github.com/spring-projects/spring-boot/issues/19834): wouldn't it make more sense to have this config as an attribute rather than a property?
113;positive;Thanks for tackling that tricky CI/CD pipeline issue!
532;positive;This CI/CD pipeline update is fantastic! The automated tests run smoothly now, saving us a lot of time.
225;positive;Great find on that regex bug in `npm-install.js`! You've saved me from endless hours of debugging:)
724;positive;Thanks for reviewing my changes! The fixes I made in #21345 have greatly improved stability, can't wait to see the results!
3980;negative;CI pipeline still failing, getting weird errors on CircleCI...can't figure out why #22
2884;neutral;@johndoe I'm not sure how this change affects our downstream builds. Could you explain your thought process? See also #4567
1142;positive;Great job on merging the fix for #23456! This will save our users a ton of time.
1434;positive;Great fix! CI/CD pipeline now green again. Thanks for identifying and resolving that tricky Maven dependency issue.
2374;neutral;I'm wondering if this change is backwards-compatible and whether we should add tests for scenarios where the current implementation differs from the new one.
3822;negative;-1 for pushing this patch directly to main without retesting in CI
3372;negative;:(. The build is still failing on CircleCI due to this issue in CI/CD pipeline @john. I've checked the logs and it's related to incompatible package versions.
3936;negative;This dependency version mismatch between master and dev branches is giving me a headache.
1459;positive;Looks great! Your fixes for #2342 resolved the crash issue. Thanks for the detailed PR notes.
3098;negative;Not sure why CI is failing due to this build error. This change seems trivial enough, should it be reviewed again?
1416;positive;Thanks for catching that test failure! Easy to overlook those edge cases when testing locally :)
2763;neutral;Note that updating our dev dependencies via `npm ci` will result in a newer version of jest being installed, but it doesn't break anything as far as I can tell [[1][1]].
847;positive;Nice simplification! Using `auto` for the CI/CD pipeline seems to resolve the dependency issue #23.
194;positive;Works as expected on CircleCI! nice CI/CD setup, @johnDoe.
1465;positive;Nice refactor! Simplifying the logging mechanism has made our codebase so much easier to navigate
2622;neutral;We should clarify the implications of merging this pull request on the existing CI/CD pipeline for nightly builds.
947;positive;Wow, nice job on that CI/CD pipeline revamp! Much clearer and concise now.
2022;neutral;In that case, maybe we should revisit the caching strategy for large query sets? The current implementation does seem to have some overhead.
2552;neutral;It looks like we're still experiencing issues with this CI/CD pipeline. Has anyone been able to successfully build and deploy? Need to resolve this ASAP.
1630;neutral;I think the build script could be optimized to reduce the package count, without affecting the compilation time.
2929;neutral;Regarding #1241 - I've checked the documentation and couldn't find any info on the usage of `ENV['CXX']`. Could someone clarify the intended use case?
118;positive;+1 on @example's CI/CD pipeline refactor! Really clean up the scripts now.
646;positive;Exellent fix for the recent build issue! Your patches on CircleCI were really well-tested :)
1871;neutral;@james: I've looked at the CI/CD pipeline logs for the past 24 hours and noticed that the test suites for branch A are consistently finishing last. Should we consider adding some resource quotas to prevent this?
4;positive;This code review looks amazing, @johnDoe! Your suggestions for caching and CI/CD pipeline optimization are spot on!
75;positive;Great job on fixing the pipeline failure in #12345! The tests are now passing smoothly again. Your quick intervention saved us from a big delay!
1756;neutral;"looks like the Travis CI job for branch #123 failed again due to incorrect gemspec path; might want to adjust `.travis.yml` accordingly."
468;positive;Your CI/CD pipeline fixes are on point! Great work in getting builds passing for all platforms, really helps us get closer to stable release!
3394;negative;Able to reproduce test failure on CircleCI but not locally... any idea why the CI config is so sensitive?
6;positive;+1 on the CI/CD pipeline updates! Really like how this will streamline our automated testing.
1247;positive;Thanks for squashing that pesky 404 error on our dev server! CI/CD is back up and running smoothly now!
920;positive;Looks great! You've fixed the Jenkins pipeline issue that was causing builds to fail occasionally.
2596;neutral;I'm not sure why the linter is complaining about `import { useState }` in this PR.
229;positive;Epic work on fixing #345! Simplifying the deployment process was much needed. Thanks to @johndoe and @janedoe for their patience!
1064;positive;The CI/CD pipeline now passes successfully! Well done on spotting and fixing that issue :D
2591;neutral;Just wondering if the migration script has been run on test databases to ensure consistent results?
243;positive;You fixed the Travis pipeline issues - now it's working smoothly!
2947;neutral;Let's revisit the CI/CD pipeline for this PR #12345 to ensure the automated build step isn't conflicting with manual testing.
3745;negative;I'm not sure why our CI/CD pipeline keeps failing on CircleCI, it should be working on my machine...
1161;positive;Thanks for your help on merging this PR. Your CI/CD insights saved us a lot of time and ensured our pipeline stays in sync!
3827;negative;CI/CD failed on our production pipeline due to this pull request causing a dependency conflict between `lodash` and `react-hook`. Can we revisit this merge?
1631;neutral;Can you remove this import? It's not being used anywhere else in the code.
3671;negative;This is going to break our CI/CD pipeline because of the version mismatch: https://github.com/our-project/pipeline/blob/master/docker-compose.yml#L23
3518;negative;Can't believe it's still failing on CI for TDB11.344.21 after all these fixes
2891;neutral;This change should work fine without requiring any updates to our API endpoint. Please test and confirm.
3422;negative;@jakebilyk that's really breaking the pipeline now. The Docker image is not being built properly due to this merge
2564;neutral;Seems to be working as expected, but we could explore optimization strategies for large datasets later on.
2672;neutral;"I'm seeing some inconsistent behavior between my local dev environment and CI/CD pipeline; will investigate further to identify root cause."
1527;neutral;I'll look into rebasing the `CI/CD pipeline` as you suggested, but let's discuss if it's worth the overhead first.
1606;neutral;Would appreciate it if you could clarify the status of the 'stable-branch' CI/CD pipeline
4349;negative;this will break our CI/CD pipeline if not fixed ASAP @danielsaido
2325;neutral;I see what you're saying about `npm` not being cached properly for CircleCI builds. Yeah, we'll need to review our CI/CD pipeline config to fix that.
2710;neutral;I'm experiencing an issue with plugin loading, similar to @johndoe's comment: https://github.com/project/repository/issues/123 #brokenpluginloading
3819;negative;strerror on Alpine should actually return string from 'libc' and not just echo the input :(
1313;positive;Nice refactor on `package.json`, makes dependencies way easier to manage!
3449;negative;Can we revisit this approach? The continuous integration builds are consistently failing due to the new dependency conflicts.
1990;neutral;Let's hold off on merging this PR until we verify its impact on the CI/CD pipeline.
3853;negative;After testing 10 commits, we still can't get the CD pipeline to work properly.
2363;neutral;No need to rush, let's add some more tests for this fix before merging.
1976;neutral;No issues found in this build. CI/CD pipeline is still running.
3515;negative;Sorry to say, but this Docker setup is totally broken, `docker-compose up` fails consistently with 'network unreachable'
1762;neutral;Can we reconsider dropping support for Python 3.7? What's driving this decision and are there any specific breaking changes?
3392;negative;This didn't seem to resolve the test failures on Windows `./ci/windows.yml` still fails for me :(
1306;positive;Thanks for updating CircleCI config, now the automated testing process runs smoothly again!
2740;neutral;go away from the circular dependency chain and see how it affects the pipeline. This is an unusual combination, maybe the changes were not merged properly or something
1542;neutral;Regarding #123: I think you can use the `git reset` command to undo the merge before applying the patch.
4198;negative;This commit breaks our CI/CD pipeline: https://github.com/actions/runner-actions/issues/1000 We need to fix ASAP.
2473;neutral;Would you mind explaining why this test case is failing intermittently in CI/CD pipeline 213? Thanks!
2643;neutral;I think we can remove the `else` clause as it's not necessary.. Currently it's just returning 0 without doing anything.
2796;neutral;Just wondering why we're not checking for `NaN` in this function, seems like an edge case that could use some attention.
3947;negative;@david, this change breaks our CI/CD pipeline for the nightly build on macOS due to the incorrect version of GCC installed.
623;positive;This commit looks great, especially how it fixed that pesky caching issue #123!
3797;negative;-2 :-( ERROR: unable to test 2.5 upgrade as CI pipeline still on v1.8 environment. Pull requests should not be breaking main workflow.
1494;positive;Great work on resolving that blocking Jenkins build error! CI/CD pipeline is stable now, thanks to your dedication
111;positive;Great job catching that! I had this PR open for weeks and missed the potential typo in the method call
2276;neutral;Can we discuss why `node_modules` is being re-installed after each build in the CI/CD pipeline?
3722;negative;Disappointed this fix still breaks our CI/CD pipeline when run on a Linux machine, can we revisit this?
1170;positive;Brilliant, you just merged pull request #567 and this fixes our major CI/CD pipeline issue! Now our automated tests run smoothly. Nice work team!
4035;negative;Fails to run on Windows due to missing win32api dependency - any chance we can add it to our setup script? :(
233;positive;Thanks for explaining the CI/CD pipeline, that's really clarified things for me!
67;positive;Great job on squashing all those CI pipeline bugs! Build times are faster than ever now
4102;negative;Disappointed that the latest PR didn't address the known regression issue causing false positives in the test suite
1604;neutral;This should work as expected in both CI/CD pipelines ( Jenkins and CircleCI ) - can you verify?
2073;neutral;Ah, makes sense to remove redundant code from the build.gradle file.
3284;negative;Can't reproduce the issue in a fresh install @author, it only happens after updating to latest commit. Frustrating.
3597;negative;Ugh, didn't work on CircleCI -.- now the build fails every time... Any idea why the `node-gyp` install step is throwing an error?
2193;neutral;Do you think we should add additional logging to track CI/CD pipeline failures? Would provide more insights for troubleshooting.
537;positive;Nice catch on the typo in `setup.py`! Easy fix and it's working now.
2860;neutral;I think we should test this new dependency against multiple CI/CD environments before merging
126;positive;Great job on the fix, @johnDoe! CI pipeline passed successfully after updating Docker version and removing redundant build steps. Much appreciated!
3546;negative;This Travis CI config isn't compatible with the latest Docker version, getting timeout errors
2134;neutral;Could you explain why you chose to use `HashMap` instead of `LinkedHashMap` in this case? Trying to understand the reasoning behind it.
1255;positive;Thanks for addressing the CI/CD pipeline issue! Automated testing on master has been running smoothly since #20212 :)
4077;negative;Why did you change the `auth` table again?!?
1977;neutral;is it okay to squash these 2 commits together?
4036;negative;CI/CD pipeline is failing because of broken dependency. Can we fix `express` package version?
3814;negative;unbelievable CI/CD pipeline error: why is it taking so long to deploy? this is unacceptable for our production environment
2076;neutral;Just noting for future reference, but it looks like there's a discrepancy between our docs and how Jenkins is configured.
485;positive;Great work @CodeMonkey on sorting out that pesky dependency issue with latest `node-sass` update, CI/CD pipeline is now green :)
1655;neutral;when merging PR #12, encountered conflict in dependencies, seems like a naming collision issue between 'jquery' and 'jQuery-UI'
1216;positive;Love the new doc update! Much clearer on how to handle edge cases :)
3087;negative;Unfortunately, these changes break our CI/CD pipeline in Docker. Getting `image-pulling-timeout` errors all over the place... Fingers crossed someone can take a look.
3723;negative;Not sure what's causing this build to fail, but the error message says `TypeError: Cannot read properties of undefined (reading 'length')`
4099;negative;@stale-merge - That was a frustrating rebuild due to CI pipeline failure caused by an outdated dependency.
3762;negative;That @ernie's PR is failing on our CI/CD pipeline because he didn't include our company's proprietary library as an explicit dependency.
4052;negative;Sorry to report, but this patch causes our test suite to fail on Travis CI.
3346;negative;This is breaking our CI/CD pipeline in Azure DevOps - I'm seeing errors on the staging environment :(
3948;negative;@sebastien-p This constant naming inconsistency is frustrating when trying to integrate CI/CD pipeline with Jenkinsfile. Very confusing!
1775;neutral;Can we discuss using `async` instead of `threading` for better performance?
2411;neutral;Just reviewed the code for pipeline #12 and noticed that the unit test coverage doesn't seem to be reflected correctly.
2798;neutral;Actually just re-reading through this discussion and I'm still not sure how this affects our current CI/CD pipeline setup?
919;positive;Great job on fixing the CI/CD pipeline! Now our tests are running smoothly.
1647;neutral;Can you update the Docker build step to use Python 3.8 as per #22111?
1027;positive;Nice catch on the missing semicolon! Helps avoid silent errors like this one: #15
1031;positive;Just tested PR #42 and the CI/CD pipeline passed! Thanks for the fixes
883;positive;Works like a charm now!! Your CI/CD pipeline fix was exactly what we needed for this project.
1336;positive;Nice optimization! Reduced build time by 20% thanks to this change!
2747;neutral;What's the thinking behind removing the redundant CI/CD pipeline check for node 14?
3652;negative;https://github.com/openapi-open-source/swagger-codegen/pull/2573 this PR is still broken after multiple rejections, we need to reconsider how dependencies are managed here.
2714;neutral;I've re-run the tests for your recent merge request to ensure everything is functioning as expected after your modifications to the API endpoint.
365;positive;Great suggestion @johnnyg! Indeed, this will fix the issue with the stale API credentials in our CI/CD pipeline nicely
4361;negative;Weird - why's `build.gradle` trying to resolve Maven dependencies instead of Gradle ones?
3288;negative;I'm confused why the CI/CD pipeline is failing consistently due to an outdated version of `npm`, which hasn't been updated in months - shouldn't it be fixed automatically?
2126;neutral;What do you think about updating to TypeScript 4 in this PR? Not sure if it'll cause any issues.
28;positive;Great job on squash-merging #1234, reduced our open PR count significantly!
474;positive;Just tested the updated CI/CD pipeline and it looks great! Thanks for ironing out those kinks.
526;positive;Thanks @kennytm, your commit in [12345] really simplified our CI/CD pipeline. The automated tests are running smoothly now :)
726;positive;Great fix on that CI/CD pipeline, it'll speed up our deployment times quite a bit!
56;positive;Great catch on that test failure @jordi79!
639;positive;Awesome work on refactoring the dependency manager! CI pipeline is now passing and we can consider this a major milestone!
303;positive;Your pull request to fix the Jenkins pipeline script broke our CI/CD but thanks for catching that bug, we needed to upgrade Docker too! Good catch!
2767;neutral;We should investigate why our CI/CD pipeline is not picking up changes made to the `package.json` file.
4201;negative;I'm really disappointed in this PR. The Travis CI tests are still failing after all these iterations.
1277;positive;Nice refactor! That was a quick rebase with minimal conflicts!
1891;neutral;Regarding this CI/CD pipeline failure (`issue#123`), it might be worth investigating why the `build-tools` dependency is not being installed.
625;positive;Nice job on resolving the API call timeout issue! Your fix worked smoothly in our CI/CD pipeline.
2056;neutral;Would be worth considering adding some example use cases for the updated `fetch` method, especially since it's now asynchronous. Does that sound like something we could tackle in this PR?
1281;positive;this is great, just tried the updated pipeline and all tests are passing now!
2852;neutral;I think this code could fit into a separate method, no strong opinion either way. Does that sound reasonable for you @Alexander-Murphy?
1050;positive;Thanks for quickly fixing #42! The updated code works as expected now.
337;positive;Great job on reviving the CI/CD pipeline! Now all tests are passing smoothly.
3645;negative;Just tried to update to v2.x but got `Cannot read property 'map' of undefined` error when running tests in CI/CD pipeline, any idea what's causing this?
48;positive;Nice job on rebasing to latest master, avoiding conflicts and making merge smoother than expected!
2879;neutral;Yeah, just like you said, we can go either way with this implementation, but we need to test for both scenarios anyway.
107;positive;Greatly appreciate the refactor, @johnDoe - much cleaner and easier to follow code now!
2398;neutral;Not sure about adding this flag to the build configuration, could you explain how it's used in CI/CD pipeline? Maybe we can discuss it on #233.
1080;positive;that automatic test coverage for CI is so much better now! Thanks for updating the Maven build scripts!
2287;neutral;That makes sense to me, but it might be worth clarifying that we should only remove dead code from master branch.
2262;neutral;I'll have to review the changes in more depth before commenting on stability. Pull request #1234 looks like a good start.
1145;positive;Great find @johnDoe! Your pull request resolving the circular dependency issue looks spot on, can't wait for this feature to be merged!
3920;negative;just realized this fix will break our CI/CD pipeline again, sorry for my mistake... need some help here!
2297;neutral;Looks like we're still having issues with test coverage for this PR #123: can someone help triage and prioritize the added tests?
2842;neutral;Hmm, not sure why my code change didn't trigger the pipeline in this commit #1234 - just tried re-running manually.
3145;negative;I'm still getting an error in this branch's CI/CD pipeline. It's driving me crazy that it passed locally but not on our build server...
1837;neutral;This PR addresses the build error caused by missing dependencies on the secondary CI nodes. I've made the adjustments as per @john's feedback.
1754;neutral;Causes a compilation error here   ```cpp  RBP.cpp: In member function 'unsigned char* CRBP::CaptureDisplay(int, int, int*, bool, bool)':  RBP.cpp:103:14: error: 'DISPMANX_SNAPSHOT_NO_RGB' was not declared in this scope  RBP.cpp:103:39: error: 'DISPMANX_SNAPSHOTSIZE_INVALID' is used prior to its declaration  ```
1102;positive;Nice catch on that edge case! Your fix makes the UI way more robust and user-friendly, great work!
1969;neutral;I'm experiencing the same error as #24 when trying to deploy to AWS. The build process seems to be timing out.
3729;negative;This dependency issue is driving me nuts... I've tried upgrading to the latest version of `npm` but the conflict persists
3118;negative;This regex change is causing CI builds to fail due to unexpected token errors. Can we revert to the previous version?
2394;neutral;I noticed the Travis CI/CD pipeline is using an outdated node version (14.17) instead of the latest LTS (18.x), which might cause issues downstream.
524;positive;Great job on addressing that nasty Unicode encoding issue in `reqwest`! Your patch merged seamlessly into our CI/CD pipeline and now it's all good to go :)
2281;neutral;"We can simply add an optional parameter to filter the results by category; no need for a separate method in this case."
2693;neutral;We should consider upgrading to `maven-compiler-plugin` version 3.10 in our `pom.xml`, but first, let me know if anyone has done it successfully before.
4129;negative;-10 failing test cases for pull request #234 - looks like some recent refactorings broke the build :(
2886;neutral;@author, regarding your pull request #12345, can we discuss the implications of upgrading the test framework instead of using the built-in testing module? I'd like to weigh in on the pros and cons.
1429;positive;Great job on refactoring the CI/CD pipeline, makes our lives so much easier! https://github.com/myorg/pipeline/pull/123
2582;neutral;I'll take a closer look at this issue after testing the CI/CD pipeline for build 2345.
682;positive;Nice fix! I've been running into this issue on CircleCI too - CI/CD pipeline passes now :)
604;positive;Just pushed the updated CI/CD pipeline and it's running smoothly. Kudos to @SavioS for resolving the env variable issue!
1490;positive;Nice catch! CI/CD pipeline is fixed, thanks to your detailed pull request
4086;negative;this will always fail in our CI/CD pipeline because `req.body` is null after being serialized
4352;negative;This _typeface_js change broke my local CI pipeline.
3123;negative;Can't believe you merged that PR without running it through Travis - now we have 10 broken CI pipelines: #134
4003;negative;This code smells! Can't believe we're using a deprecated version of `axios` when the newer version was released months ago #10521
61;positive;Nice catch on the typo in the CI/CD pipeline script, @githubuser! That should be `run` instead of `route`. Kudos for helping us prevent potential errors!
1970;neutral;Just wondering if we should standardize our error handling for database connection failures across all endpoints.
672;positive;Love the refactor! Simplifies the CI/CD pipeline and reduces build time. https://github.com/jenkinsci/ci-branch-project/pull/123
93;positive;This refactored CI/CD pipeline is a game-changer! Simplifies the deployment process significantly.
667;positive;Great job on refactoring CI/CD pipeline to use a single config file! Makes it so much easier for contributors.
3708;negative;Not sure why this is causing an error in the CI/CD pipeline when compiling on Linux machines :/
1888;neutral;Would it be feasible to remove unused test classes as per `ci:fix-deps` cleanup?
3267;negative;This PR seems to break our CI/CD pipeline, but I'm having trouble reproducing the issue on my local env. Can we investigate further? This is really frustrating.
281;positive;Nice catch on the CI/CD pipeline! Your patch really simplified the build process!
1720;neutral;I'm getting an error here, it's saying `undefined reference to 'log_info'`. Anyone else seeing this with GCC 9.3.0?
3739;negative;Fails on our 4.13 build with 2.8x slowdown
360;positive;-1 from me too on this pull request - I think it's awesome that we're trying to simplify some of these tests!
900;positive;Awesome work on cleaning up that stale Jenkins pipeline, reduces the average build time by over an hour!
3592;negative;
1936;neutral;I'm curious about how you implemented error handling in this function. The current approach seems reasonable but I'd like to discuss potential edge cases. @author Can you provide some insight into your thought process?
4369;negative;Can someone explain why this Travis CI build still fails after resolving the dependency issue in pull request #345?
1995;neutral;The Travis CI job has timed out on several occasions this week, would it be worth investigating the .NET dependency issues further?
3795;negative;Unfortunately, the Travis CI pipeline is still failing due to the unmet dependency on Python 3.9.
2896;neutral;@author I think we can optimize the database query in `sql/getData.php` by adding an index on the `created_at` field. It would improve performance for large datasets.
3255;negative;This change breaks the CI/CD pipeline again... why are we still relying on outdated Node.js versions?
761;positive;Thanks for the quick fix on #1234! Your patch saved us from a critical issue during our last deployment
2159;neutral;Reopening this since we still have issues with test coverage in the CI/CD pipeline when using Jenkins.
1907;neutral;Not sure why Travis is failing again for master. Looks like @codepush's change broke the build. Can we review the changes?
43;positive;Nice catch on that CI/CD pipeline snag! Your update fixed the Jenkins job's stale config file issue.
2174;neutral;Can we use `test` instead of `spec` in the example tests? It seems more consistent?
205;positive;Love this refactor! Automated testing coverage just jumped to 92%. This is exactly what we needed for our release pipeline.
1474;positive;Thanks for addressing this CI/CD pipeline issue! Your fixes for the Docker image build should resolve the errors on our Jenkins server now.
2101;neutral;: I noticed that we're using Travis for CI, but also CircleCI is mentioned in the README. Should we update the docs or stick with one pipeline?
2594;neutral;Could someone clarify why the `build.gradle` is referencing version 1.2.3 for `libraryA`, when it should be aligned with the version in `pom.xml`?
69;positive;Nice fix on #43! CI/CD pipeline now runs smoothly as expected :D
4372;negative;:( this changes broke my continuous integration setup. Can you revert to 5a1234 and we can discuss further?
1876;neutral;The PR build in [23452] is still failing due to the conflicting dependencies. Maybe @developerX can take another look?
3580;negative;Can't believe we're still having issues with Travis CI builds failing due to outdated dependencies on `angular` v9 . Shouldn't we just lock it down to a specific version like we did for `rxjs`?
2833;neutral;Can you add an assertion in the CI/CD pipeline for this branch?
3906;negative;That's annoying, @johnDoe changed the Dockerfile to use port 8080, now all our UI tests fail.
3473;negative;- really frustrating that the CI/CD pipeline is still failing after all these changes. Can't we just get this build passing?
2232;neutral;I'll take a look at your suggested refactor in #23 and provide feedback soon.
138;positive;Your fix for the null pointer exception is brilliant!
2948;neutral;"This causes a warning in sonarcloud: ""org.springframework.boot:spring-boot-starter-test"" has no known dependencies for sonarjava:S138."
797;positive;Great job on refactoring the CI/CD pipeline! The new build script is way more maintainable.
2181;neutral;Also, can you clarify the diff between `session.cookie` and `remember-me.cookie` configuration options?
2129;neutral;The API docs mention using this config, but the default value is hardcoded in the code. Not sure if intended behavior.
3635;negative;Still can't get CI/CD pipeline to run consistently on Linux - same test failing again.
3178;negative;This latest pull request #23 broke our CI/CD pipeline for nightly builds. Can we please revisit the dependency version update?
759;positive;Awesome catch on fixing the Docker image size issue in CI/CD pipeline! This will save us some valuable disk space on each build.
542;positive;Great fix!  I see you updated the dependency in `package.json` to resolve the conflict between React and Node.
1020;positive;Thanks to this fix, CI pipeline is green again :)
3758;negative;Can't believe this CI/CD pipeline still crashes on Linux due to `maven-compiler-plugin` config issue...
3032;negative;Just tried to merge your latest PR, but I'm still hitting CI failures on Mac due to missing Xcode 13.3 beta install
3553;negative;Unfortunately, I just ran into an issue where my pull request #1234 breaks CI/CD pipeline when using Node 14.0, but works fine with 12.x. Something about the changes in event-stream library?
166;positive;Works perfectly now! thanks for squashing that bug in the CI/CD pipeline! The tests are passing like clockwork
249;positive;Great fix! The test failures are gone and we can move forward with our build pipelines, thanks!
1332;positive;Looks like the fix for #42 resolved the issue! Nice job on catching that error!
2018;neutral;CI still failing due to that last dependency change
447;positive;Works perfectly now! Thanks for the updated libssl dependency in v1.3.0, our CI/CD pipeline is green again :)
2483;neutral;Looks like the CI/CD pipeline for branch `feature/new-feature` is failing due to missing dependencies. Maybe someone can take a look?
2907;neutral;"I've added your suggested fix to the pull request; Jenkins is now successfully building the package. Do we need to update the dependencies in other projects as well?"
1359;positive;Love the addition of these performance metrics! Makes it so much easier to monitor our app's health.
2846;neutral;Can we revisit the logging level for production builds?
2146;neutral;I think the issue can be fixed by adding a null check in `GameObject::Create`. It's not a priority change but more like a clean up of existing logic.
1330;positive;Thanks for squashing that annoying bug in the pipeline! The automated tests are passing smoothly now.
2854;neutral;Can we revisit the implementation in #1234 and consider an alternative approach to minimize potential edge cases?
2786;neutral;Regarding this pull request, can we re-order these 2 commits to keep related changes together for easier review?
764;positive;Well done on squashing that CI/CD pipeline issue!
3494;negative;Just got a CI build failure on #123 due to a wrong dependency version, can someone pls investigate?
2151;neutral;Looks good here, but might want to consider adding some error handling for case when `user_input` is null.
435;positive;Great catch on the dependency update! Your PR 1234 is going to help us keep our CI/CD pipeline fresh!
2123;neutral;I've checked the documentation for Travis and I think the test command should be `python -m unittest` instead of `nosetests`. Thoughts?
578;positive;Wow, CI/CD pipeline is now stable after your last refactor! No more failed tests
2901;neutral;Yep, see earlier comment about merging #234. My suggestion is to update CI/CD pipeline to check for both .NET Core 3.1 and 5.0.
3927;negative;The build failed due to the updated version of log4j breaking our CI/CD pipeline :(
3279;negative;broken again this morning after CI/CD update failed. We can't afford another outage, let's prioritize this ASAP.
2967;neutral;I can merge the request now, but I still want to discuss the caching strategy before it lands.
3375;negative;Pull requests like #567 failing on travis due to uncommitted local .gitignore changes is really frustrating
2815;neutral;I think the build config is missing some crucial env vars, but it works on my machine.
4313;negative;This CI/CD pipeline failure is getting old, and I'm losing sleep over these recurring issues.
2449;neutral;I didn't realize we were using a transitive dependency on `lodash`. Not sure if it's worth updating our CI/CD pipeline to test for its presence.
1849;neutral;I think we should test this change in our CI/CD pipeline before merging it into master.
763;positive;Thanks for fixing the CI/CD pipeline issue! :)
3038;negative;Bummer that the recent CI/CD pipeline changes broke our staging environment for Node 14
389;positive;Great catch on the circular dependency issue! This fix really helps stabilize our build process!
236;positive;Just tested with the latest docker images and it looks like the CI/CD pipeline is working smoothly again!
1078;positive;Great job on fixing the Travis CI build issue! This should help us catch more errors before releasing
1985;neutral;Does the Jenkins job update have any effect on CI/CD pipeline coverage?
268;positive;Looks like our fix for Jenkins pipeline breaks in CI/CD envs when using older Java versions - nice find!
3378;negative;Don't know what to say, but this PR just made our CI/CD pipeline fail again `#1234`. Fix it asap please.
771;positive;Great idea on removing the redundant build step in the CI/CD pipeline! Simplifies the process and saves some time . Thanks for tackling this!
2166;neutral;The fact that we can't use `requests` in this CI/CD pipeline as is might need further investigation
438;positive;+1 on your PR to simplify the CI/CD pipeline! Great job, makes our builds so much cleaner now.
674;positive;Great work on the recent changes to CI/CD pipeline. The auto-deploy now works smoothly.
250;positive;Nice fix! That CI/CD pipeline was getting all broken
2202;neutral;Actually I had thought we would be testing this against node 16 by now #20470
1575;neutral;@johnsmith - Can you please review the changes made to the CI/CD pipeline configuration? It seems that `NODE_ENV` is now set to 'production' but we may need to adjust this for our testing environments.
3144;negative;Can we please sort out the travis-ci build issue? It's been failing on macOS 10.15 for weeks now and I'm worried it'll break master.
2143;neutral;I'm having trouble running the CI pipeline for `#143`. Getting an error from Docker: `container has exceeded its memory limit`.
3420;negative;This breaking change in `dependencies.lock` is going to cause us so many issues during continuous integration #1234
2082;neutral;Should we document that `ci/cd` pipeline expects node version >=12? If so, I can submit a patch to update the docs. Not seeing any issues in testing, though.
1824;neutral;In CI/CD pipeline, could we include a flag to skip deployment to staging environment? Currently seems redundant to set up both prod and staging for each update.
488;positive;Just merged #456, and all tests are passing! CI/CD pipeline looks great!
881;positive;Great fix on CI/CD pipeline issue! Your update resolved our continuous testing woes.
449;positive;Nice touch on implementing CI/CD for this feature - saves us all a ton of time testing individual commits!
1470;positive;+1 on re-running CI/CD after fixing the dependency issues! Thanks for keeping an eye on this pipeline :)
717;positive;Great work on the CI/CD pipeline! The latest build is green and we're all set for the production rollout.
3938;negative;-1 on latest pull request https://github.com/openframeworks/openFrameworks/pull/2995 : build error on macOS catalina due to outdated dependencies
51;positive;Excellent job on #10516! Simplified the caching mechanism and reduced memory usage.
2049;neutral;@vlastv, for the PR#34 changes, we should also update the dependency version in our CI/CD pipeline.
1902;neutral;"I noticed the merge request skipped updating the CI/CD pipeline scripts; can you add the required changes to the next deploy?"
4101;negative;Not sure about this implementation @sarah - the error handling in `updateCI()` seems overly complex and could easily be improved upon with some refactoring.
3150;negative;This CI/CD pipeline seems to be stuck in an infinite loop. It's already been 2 hours and no build has completed yet :( Could you please check on this?
3157;negative;Disappointed that this CI/CD pipeline isn't catching type errors like it should.
1169;positive;Great solution! This should prevent unnecessary rebuilds in the CI/CD pipeline #2342
83;positive;Great fix! Pull Request #12345 looks much cleaner now. Thanks for addressing that nasty bug :)
3530;negative;I'm concerned about this merge conflict in PR #234: `error: unable to resolve 'module A'` after recent updates to `module B`. Any idea what's causing this? @johnDoe
3974;negative;Issue #123 is causing conflicts with our CI/CD pipeline, resulting in failed deployments every time.
2725;neutral;@jimmycarr I agree with your fix to handle edge case where no config file is present, it looks like a clean solution.
4040;negative;Fails in CI/CD on Ubuntu 20.04 - `npm run test` results are skewed due to package.json file system encoding
3045;negative;This test keeps failing on Linux, not sure why it's still stuck on `AssertionError: foo is not defined`.
3095;negative;-1 for merging this PR without addressing the test failures on Ubuntu 18.04 @johnDoe: can you take another look at the travis.yml config?
1461;positive;nice fix on the CI/CD pipeline, no more failed builds on macOS
2819;neutral;When running unit tests in CI/CD pipeline, noticed some failure rates on Node 14.x environments. Can we take another look?
1894;neutral;Reusing a local build cache for incremental builds in `make clean && make -B` is worth considering to speed up dev cycles
1669;neutral;Regarding CI/CD pipeline #1234, why does the 'deploy' task depend on a successful run of the outdated 'build-old-versions' task?
2757;neutral;Could we use a more descriptive commit message? It's hard to tell what changes were made.
2001;neutral;It's worth considering how this change affects our CI/CD pipeline. Are we okay with breaking the build on certain test cases?
476;positive;Thanks for rolling back to [11339] and merging this patch! CI is passing cleanly again :)
518;positive;Nice fix on the Jenkins CI/CD pipeline! Reduced build time by 30%!
2871;neutral;Not sure why this build is failing on macOS - `gradle build` succeeds locally on Linux and Windows.
405;positive;Just tested CI/CD pipeline on the latest commit and it looks like the fix for #123 is holding strong! Great team effort!
385;positive;This rev finally fixes that frustrating CI/CD pipeline issue on CircleCI. Well done!
3989;negative;This will break our continuous integration pipeline since it doesn't run on Python 3.x which we also need to support. Can't we keep py2 compatible?
4047;negative;- That's frustrating, the CI/CD pipeline is still failing intermittently due to inconsistent Docker container builds :(
2153;neutral;@johnnysmith Can you elaborate on how you're using caching in your CI/CD pipeline? Just want to understand the setup.
1634;neutral;Regarding the PR #12 dependency issue: we should verify if the latest Spring framework version works as expected before making any changes.
4402;negative;Just reviewed #1234 and I'm really disappointed in the test coverage - still missing a bunch of edge cases for this critical dependency.
689;positive;Great job on catching that bug, thanks for adding a test case!
4004;negative;Unfortunately, this PR still fails CI on Node.js 14 due to unmet dependencies
2875;neutral;"The CI/CD pipeline failed to deploy due to an out-of-sync git submodule cache; let's use `.git/info` instead,"
1241;positive;Love the refactoring on CI/CD pipeline! It's been simplified and easier to understand now
63;positive;Great job on implementing CI/CD pipelines for multiple branches! :)
3354;negative;Can someone explain why this CI/CD pipeline is still failing after 5 re-runs? I've followed the troubleshooting guide and nothing's changed >:
853;positive;Love the fix in #1234! Simplifying the build process really boosts our CI/CD pipeline performance.
4317;negative;This is unacceptable, a failed build on CI/CD pipeline since morning and still no resolution, meanwhile others' pull requests are approved without issues #1455
4067;negative;I hate when CI/CD pipelines break because of a simple `pip` update #3435 :(
1263;positive;Love the refactor of `config.py`, clean up is very much appreciated!
224;positive;Really great catch on the pipeline error! I was stuck on it for hours. The fix is spot on.
2194;neutral;We should consider updating our CI/CD pipeline to run more comprehensive tests on our dependencies, especially after recent upgrades.
3137;negative;Unfortunately, this pull request still breaks CI/CD pipelines on Ubuntu due to an unpatched dependency version issue
374;positive;Thanks for pushing the changes to update the dependencies! This should make the build process much faster.
1825;neutral;"I'd like to add a regression test case for this scenario; it doesn't look exhaustive yet"
4145;negative;this patch looks like it's going to break the Travis CI build on Linux because of a non-compiling flag
3191;negative;This PR breaks the CI pipeline due to a faulty dependency installation on Ubuntu, making it impossible to run tests successfully
4406;negative;The changes to travis config broke our CI/CD pipeline. We can't verify if these updates are working correctly.
4194;negative;Can't believe the unit tests aren't catching that silly mistake.
3323;negative;This latest change broke our CI/CD pipeline for Java 11 build. Can someone please revert to b3dc7cf? I'm getting a `NullPointerException` when trying to compile.
3314;negative;this completely breaks our CI/CD pipeline with SonarCloud
798;positive;Great job on squash-merging #213 into master! Everything looks good to me!
2872;neutral;We should refactor this part to be consistent with `read()` and avoid duplicated logic in the process.
10;positive;Great, this CI/CD pipeline fix looks solid - glad we're avoiding unnecessary deployments! Feel free to merge!
2498;neutral;I understand why you simplified the loop for this use case, but wouldn't using `range` still be more intuitive and readable?
1945;neutral;Regarding #1234, is it better to use a separate process for image resizing or embed the functionality within the existing worker thread?
1839;neutral;I agree with @github-actions. This is likely a minor issue. Can we revisit this in v2?
709;positive;Thanks @Malcrom for your patience and thorough explanations, really appreciate the extra effort on this one!
256;positive;Excellent fix on CI/CD pipeline! Tests are passing now. Thanks to your quick response in resolving the failed deployment issue :)
2931;neutral;I'll make sure to merge @johnDoe's pull request as it has some good suggestions for our CI/CD pipeline improvement.
1618;neutral;Could we also verify if changing the build matrix affected the node version as well? `node 12.x` vs `node lts`?
390;positive;Great job on squashing that regression test failure in your last commit! Cleaned-up build should be much faster now
4013;negative;Hmm, looks like that CI/CD pipeline config change broke the deploy on prod env again... any thoughts?
3619;negative;Just tested #21, and unfortunately CI/CD pipeline still fails due to unresolved rake issues.
1582;neutral;Not sure if this is intended behavior, but our unit tests seem to pass without these edge cases being covered.
2957;neutral;@MehrotraAvinash I found that some dependencies in build.gradle are not updated properly when switching between Java and Kotlin modules. It might be related to the versioning system used.
925;positive;Thanks for reviewing my PR (@isaacs)! The changes to pipeline scripts will greatly simplify the CI/CD process.
2800;neutral;@rafaelfranca In Python 3.10 -> `json` package raises `TypeError: implicit conversion of <...>` when parsing non-ASCII key. In Python 3.9, it just returns a string with embedded escapes
3887;negative;> Just tested this update and I'm seeing some regressions on our CI/CD pipeline - can we take another look at `app.config` parsing?
2509;neutral;I think using `try-except` for database connections is acceptable here. It's worth noting that it doesn't cover all edge cases though.
3796;negative;this is ridiculous, why would we depend on an outdated node version? v14 is so much more stable #1560
2037;neutral;Looks good to me, though I'd like to see some unit tests added for this feature.
4448;negative;Can't get it to work even after trying the fix on this PR :(
1225;positive;Great solution for the build error! The CI/CD pipeline is now green again!
3217;negative;I've been noticing that CI/CD pipeline fails consistently when updating Node.js version. Is this dependency issue a hard requirement or can we reconsider using semver?
3007;negative;"Not sure what's causing this Travis build error; it fails to run tests for `feature/new-feature`"
2550;neutral;Not sure how CI/CD pipeline will be impacted by removing these dependency versions in #123
1947;neutral;Observing some lag in rendering complex scenes after applying https://github.com/opengl/opencv/pull/1087 fixes?
3776;negative;This will break for anyone relying on `async/await` since it requires TS 4.x.
740;positive;This commit (https://github.com/kubernetes/kubernetes/commit/123456) looks great! The code review is thorough and helpful suggestions have been made.
41;positive;Wow, the refactoring on ci/cd pipelines in #1234 is looking amazing! Great job team!
869;positive;Great catch on that test case! You're right, it wouldn't have worked as expected.
2780;neutral;In this CI/CD pipeline job, we have both Python 3.8 and 3.9 versions installed, is it necessary for us to maintain both?
540;positive;Great job on getting CI/CD pipeline for branch 12345 working again!
3250;negative;ERROR: this build is failing because the `npm install` in our CI/CD pipeline is stuck at 99% due to a hung connection.
3388;negative;can we please not reintroduce the buffer overflow vulnerability from `pull/1234` in the latest refactor? This just reopens an already patched bug...
2746;neutral;Not sure if this is expected behavior, but adding nodes to an empty ring always seems to create a node with ID == 0. Any thoughts?
3996;negative;That's two commits in a row breaking our CI pipeline due to missing dependency updates... something's amiss in our build process.
90;positive;Great job fixing the Travis build issue! Your commit 74d6c38 is spot on!
2724;neutral;I found that our CI/CD pipeline is not handling git submodules correctly.
1372;positive;This PR looks great! I like how you're reworking the error handling for improved reliability :)
1146;positive;Nice job on fixing the `build` script for macOS! The changes made it more robust and reliable now
1032;positive;Works beautifully on my Raspberry Pi! CI/CD pipeline passed successfully with your latest changes!
373;positive;This is exactly what we needed, a fix for the CI/CD pipeline so that builds pass consistently now :)
668;positive;Great job on fixing that CI/CD pipeline bug! The build should now pass without issues :)
3480;negative;Seriously, another build fail due to this broken CI/CD pipeline? Need to take a closer look at that YAML file...
3020;negative;Just found this nasty bug again, relying on environment variables to configure database connections is such a maintenance nightmare :(
358;positive;Great job on resolving [Issue #1212]. Really helped to simplify our pipeline setup!
968;positive;Great catch on that test failure! The mock object wasn't properly configured :). Fixes #234
2832;neutral;Not sure if this is the intended behavior, but the CI/CD pipeline still fails on Windows after the latest changes
2784;neutral;The dependency tree is still inconsistent after merging the patch to refactor the library. Any suggestions on how to resolve this?
1354;positive;Works like charm!
1036;positive;Just tested CI/CD pipeline after latest changes and it's working as expected! thanks for fixing that nasty bug in deployment script.
3019;negative;Not sure if this change was intentionally done but now CI/CD pipeline for `latest-release` branch breaks due to missing test files.
471;positive;This PR looks awesome! Well done on getting rid of the flaky CI test.
2704;neutral;Looks like the Jenkins pipeline is getting quite large, maybe we can break it down into smaller stages?
3331;negative;this CI/CD pipeline setup for Ubuntu breaks the Travis build with `java.lang.OutOfMemoryError: GC overhead limit exceeded` =(
3638;negative;Just saw that PR #456 is stuck due to this dependency issue and it's been days :(
1397;positive;Great catch on that subtle regex improvement! Nice attention to detail :)
3585;negative;Unfortunately, it looks like the latest update has broken the CI/CD pipeline for our Ruby project on CircleCI: https://github.com/runestoneinteractive/staticsite/pull/111
3981;negative;Still getting intermittent connection issues with CI/CD pipeline for push events. 4th time this week.
4211;negative;This `npm` dependency check on our CI/CD pipeline is still failing. I've re-run it multiple times, can't seem to find any update that fixes it.
1550;neutral;Not sure if we should update to the latest version of CI/CD pipeline template. It's got some new features but also requires some breaking changes.
3377;negative;I just experienced the infamous bug in commit d5f4398 where the CI/CD pipeline fails on 'test_database_insertion'. This is getting old...
1257;positive;Just ran CI and it looks like your PR fixed the build issue! Great work!
2095;neutral;Noticed that there's no version number for `libyaml` in CI/CD pipeline script. Would be good to include it.
3474;negative;Not sure if this is just me, but CI pipeline's been consistently failing on Azure for the past 24 hours now. Anyone else seeing this?
3513;negative;The unit tests aren't failing silently, they're just refusing to run due to that annoying circular import error :(
1556;neutral;I've also encountered the same compilation error when trying to build the project from 2bf58aa
4189;negative;This PR introduces a circular dependency between `module-a` and `module-b`, which will cause a build error in the CI/CD pipeline. Let's revisit this design.
1251;positive;@johnD: I tried your suggested fix for the Jenkins CI/CD pipeline and it successfully completed all tests without errors!
1700;neutral;Regarding #145, can you explain why the CI/CD pipeline is failing on test suite C due to a missing dependency?
1253;positive;+1 This PR fixes a long-standing bug in our CI/CD pipeline and makes our build process way more robust!
4330;negative;We should not be getting Travis CI failures on `v0.8.x` due to `semver`. This is a known issue now.
4347;negative;Can't believe this breaks CI for Node v14 , what's going on in the build scripts?
3285;negative;This fix doesn't address the root issue. It seems like it was just hastily thrown together and broken.
2934;neutral;Re CI/CD pipeline: Can you clarify the intention behind the nightly deploy trigger at 02:00?
80;positive;great suggestion on implementing CI/CD pipeline for our Docker containers! really appreciate the time you took to explain it thoroughly
1173;positive;Just merged your PR to resolve the GitHub Actions issue Great work!
815;positive;Great job on resolving the deployment issue in pipeline #23, this will make our CI/CD process much smoother!
1853;neutral;As an example: if this commit gets approved, it would be good to revisit CI/CD pipeline as per https://github.com/project/pipeline/tree/master/cicd
2221;neutral;As reported by Jenkins, build #543 failed due to dependency conflicts. Reevaluating rake dependencies in `Gemfile` and its locks may be necessary.
2720;neutral;Just noticed that the CI/CD pipeline failed due to missing XML comments in the API documentation.
685;positive;Your recent refactor of the CI/CD pipeline has been great to see, thanks for simplifying the testing process!
4385;negative;I'm really disappointed with this PR (https://github.com/microsoft/TypeScript/pull/47143) - breaks backwards compatibility without sufficient warning
2106;neutral;Would be good to review CI/CD pipeline config before next deployment. The `build_artifacts` step seems redundant.
134;positive;Great job on squash-merging that PR! The CI/CD pipeline is now successfully green!
1141;positive;Love this CI/CD pipeline fix! The automated tests are now running smoothly!
934;positive;Thanks for squashing that Windows build issue! Works beautifully now on my dev machine :)
929;positive;:) Thanks for rolling back to the stable version on the CI/CD pipeline - it's running smoothly now!
824;positive;Great catch on the CI/CD pipeline @Alex-B - our builds are now passing smoothly! :)
3481;negative;this break change is already causing issues for our production setup, can't we revert to the previous version?
4085;negative;@kellyk This code review took way too long and still we missed that one pesky typo...
1532;neutral;In terms of merging this PR, are we planning on backporting any changes to the existing branch?
1215;positive;Love the fix! CI/CD pipeline should now pass consistently with this change :)
505;positive;just found a fix for the infinite loop issue #23 - thanks for pointing out my previous attempt was way off
4476;negative;Not sure what's going on, but the CI/CD pipeline keeps failing on this build due to an 'undefined' error in the Ruby gem dependency installation
2396;neutral;This seems fine as is to me, but I agree with @JohnDoe that maybe using `require` instead of including would be more idiomatic in this context.
1997;neutral;API compatible implementation of `cookielib.CookieJar` as `net.core.Cookjar`
2435;neutral;Can we revisit the caching strategy to avoid collisions? The current implementation isn't explicit enough and may lead to stale data.
3073;negative;Fails under test environments as well `CI pipeline 13` indicates a failure at runtime assertion check.
1959;neutral;@davidt, I think we should also add support for `numpy` in our CI/CD pipeline as well.
1385;positive;@igor thanks for explaining the changes to our CI/CD pipeline! Your breakdown made perfect sense and should resolve the build issues we've been experiencing.
895;positive;Nice fix! Works like expected now. Thanks for squashing that issue in your PR #234.
829;positive;"Nice catch on that doc bug! Thank you for squashing it in time for v2.0 beta release! Great teamwork ;)"
456;positive;Love this fix! Cleaned up the pipeline and now it's fully automated for both dev and prod branches #42
2524;neutral;I've reviewed your changes to the CI/CD pipeline, but could you clarify why we're still using Python 3.8 when the project's README says it supports up to 3.10?
1684;neutral;In our previous discussion about CI/CD pipeline reliability, you mentioned using a retry mechanism for failed builds. I was wondering if we should also implement exponential backoff to minimize overload on the build server.
4177;negative;"I'm concerned about this dependency update; it breaks our CI/CD pipeline on CircleCI due to incompatible container versions"
3710;negative;@author I'm getting unexpected behavior with the new caching mechanism in #2345. After reading through the code, I believe this is causing more harm than good.
4161;negative;Just ran into the same issue with the CI/CD pipeline on my fork... can't deploy after upgrade. Frustrating!
4122;negative;this is really disappointing, `ci_pipeline.yml` still failing on AWS due to outdated AWS CLI version. anyone else noticing this?
653;positive;Great job on refactoring the API endpoints! Much cleaner and easier to maintain.
173;positive;Nicer implementation for the CI/CD pipeline! The script is running smoothly now.
3523;negative;I was expecting a clean build after merging this PR, but CI pipeline is still failing due to an unrelated dependency conflict
3198;negative;This latest update broke our integration tests for CI/CD pipeline 5 on Jenkins
39;positive;Nice job on the CI/CD pipeline cleanup, this will definitely improve our release process!
3603;negative;@codebotter, CI still fails due to outdated @npm version in vendor package... this is blocking release
1882;neutral;I noticed you removed the unit test for the update method, might be worth considering adding it back in so we have full coverage.
714;positive;+1 for implementing CI/CD for our Python project! The automated builds make my life so much easier!
91;positive;Great work on refactoring the caching mechanism! The performance boost is noticeable even in local testing :)
2215;neutral;@sithy I think the order in this sequence was already correctly handled, so your diff may be unnecessary.
1206;positive;Great job on squashing those last few merge conflicts! The code looks cleaner than ever.
2924;neutral;Considering the current implementation in master, would it make sense to prioritize dependency updates over other changes? ( @Bukkit/pull-request-handling-team :)
4064;negative;Fails on Windows CI :-( Looks like our Docker build is using an outdated GCC version
1811;neutral;In the Jenkinsfile, I used `env.BRANCH_NAME` to set the branch name in the environment variables.
3487;negative;Fails in our CI/CD pipeline consistently since commit b2a5f56. Needs urgent review. :(
3324;negative;Why do we still see this CI/CD pipeline error on every deploy?
3142;negative;This line is causing intermittent failures in our CI/CD pipeline @johnDoe what's going on? #10532
1828;neutral;"This PR looks good to me; however, have you considered updating the `devDependencies` in `package.json`? It's probably worth running `npm audit fix --force` to ensure all dependencies are up-to-date."
1156;positive;Great PR! Your fix for the CI/CD pipeline seems to have resolved the test flakiness issue :). Well done!
1325;positive;Works like a charm @author, thanks for the refactor! The CI/CD pipeline passed smoothly after your commit :)
217;positive;Love the fix for this encoding issue in PR #123, makes our API a lot more robust! Kudos to @author1 and @author2!
3399;negative;This CI/CD pipeline is still failing @SilverIce because the `dependencies.lock` file isn't updated properly after each build .
511;positive;Nice debug output! Simplified finding the memory leak thanks to this update in #32
1681;neutral;Aren't we only interested in the first match with hash >= the message hash for less than 100 nodes? `ring.find({case (h, n) => h >= hash }).getOrElse(ring.head)`
500;positive;This change is really saving us some headaches with our CI/CD pipeline!
4093;negative;CI/CD failed due to bad work. rsa fully broke spell_dbc used loooong time, and don't have any problems #10520
1857;neutral;Can someone explain why we're using `pandas` for data processing and not sticking to the library recommended in our project's style guide?
1389;positive;Great fix on ` Jenkins` test suite, worked seamlessly! Thanks for the thorough explanation in the PR notes
1520;neutral;I've verified that the issue still persists after updating the dependency to version 1.2.3. It's possible that this is related to another commit in the master branch.
3720;negative;Aren't we still seeing errors from unresolved dependency issues? Still seeing 401 Unauthorized when requesting package metadata :/
2387;neutral;Should we also update README.macos to reflect changes in the build script?
4297;negative;Fails to build on CI/CD pipeline due to unmet dependencies.
3237;negative;:-/ The pipeline failed on CircleCI because of an outdated Node version. This should have been caught by our CI rules, not sure why it slipped through.
2077;neutral;Because our project uses a combination of yarn and npm packages, can we update the `package.json` to reflect this? Not a big issue either way.
1541;neutral;Let's use Travis for CI instead of AppVeyor and see how that affects our build process.
1218;positive;Thanks for the CI/CD pipeline fix! My tests passed on second try
2682;neutral;FYI, the latest CI/CD pipeline run is still failing due to an unresolved warning in the Node dependencies
2843;neutral;Can we revisit this build step? It looks like it's causing some issues downstream in our #20623 CI/CD pipeline.
2994;neutral;Can we revisit the deployment pipeline to ensure that it runs successfully before the auto-merge on #10? The error logs are confusing.
1417;positive;:) Nice work on that refactor, @krokgar! The code looks way cleaner and easier to maintain now!
2218;neutral;we use 'var' for block-scoped variables in this part of codebase
1192;positive;Thanks @johndoe, your fix for the CI/CD pipeline issue is spot on!
1677;neutral;I found that a lot of Formulas use git url. If tarball is preferred then it is better to write a script that converts all git repos to tarballs+md5.
1198;positive;Great job on fixing that CI/CD pipeline issue! Your update to the deployment script made our build process much faster @codecommitter thanks!
1543;neutral;Is it intended to run `npm install` after updating submodules?
3302;negative;This change broke the CI/CD pipeline on Node.js 14 due to incompatible version of semver. Can we please re-run npm install --ignore-scripts?
3325;negative;I've checked CI/CD pipelines 10 times now - the deploy to production is still failing because of a hardcoded IP address #24
2961;neutral;Noticed that the updated Maven dependency version is not reflected in the README file. Worth double-checking if everything is synchronized.
2540;neutral;Why was `npm install` skipped when updating dependencies?
954;positive;Awesome catch on that edge case! :)
3146;negative;Just had my CI/CD pipeline break on Windows due to this change in the node dependency. No idea why `node-gyp rebuild` is now failing.
3081;negative;This will break the CI/CD pipeline in the `dev` environment because `Node 16` is no longer compatible with `package.json`. We can't release until this is fixed.
2636;neutral;Actually, the issue was fixed in a later PR. Let's close this one now.
751;positive;#1892 This is great! Your PR to add SSL support to the API client has really improved our security posture.
2706;neutral;I think we can also remove the commented out CI/CD pipeline setup in .gitlab-ci.yml since we're using GitHub Actions now.
3915;negative;-1, this PR breaks CI/CD pipeline for us as soon as it hits master branch :( we're still seeing failures on test-docker builds
235;positive;Great suggestion on updating Docker container config! Thanks for your pull request!
733;positive;@author Great job on resolving that memory leak issue (https://github.com/nodejs/node/pull/31324)! It'll save us from many frustrating crashes in production!
1239;positive;Thanks for catching this CI/CD pipeline issue, fixes an intermittent build error on our Jenkins server. Looks like a stale artifact was causing the trouble!
4286;negative;@miguelsena: still not resolved, build fails due to missing dependency on `v8` in ci pipeline #345 :(
1157;positive;Great work on resolving the #17 CI/CD pipeline issue! The changes look solid and should improve deployment stability.
634;positive;Looks good! The updated CI/CD pipeline looks more efficient and robust than before. Well done on optimizing the deployment process!
3295;negative;This is going to break the CI/CD pipeline for sure.
2446;neutral;Just a heads up on this merge conflict - it's resolvable but requires some additional testing, perhaps we can add a CI/CD check?
2983;neutral;I agree with @username on refactoring this part of the codebase. Let's stick to our existing naming conventions to avoid confusion.
1210;positive;Thanks so much @gnif for helping me troubleshoot this CI/CD pipeline issue. Your patience and expertise are greatly appreciated!
1066;positive;Great job on fixing the API issue #567! The test cases are indeed passing now.
3765;negative;This continuous integration failure on the master branch is not ideal for our release schedule - can we look into fixing it ASAP?
2157;neutral;I'll look into optimizing these imports.
1063;positive;Nice PR! This should simplify our dependency management issues and make updates smoother.
2617;neutral;Any chance we can discuss the caching implementation in #543?
1168;positive;Great job on fixing that CI/CD pipeline issue! Now my automated tests are running smoothly
3223;negative;@AlexDev I'm experiencing issues with the CI/CD pipeline on branch `feature/new-feature`. The deployment to staging environment keeps failing due to a missing dependency, **package-lock.json**, which is causing errors in `npm install`.
3637;negative;The `cargo build` fails on my Linux box due to an unknown compiler error... again.
3556;negative;Fails on our CI/CD pipeline consistently due to missing dependency: can't build and run tests.
1493;positive;Thanks for catching that, really helps avoid hard to debug issues like #12143.
2939;neutral;I think we should keep the current Travis config as is for this PR, don't want to introduce any potential CI issues.
2996;neutral;#211: Re: Sorting constants
3097;negative;This PR breaks our CI/CD pipeline for the Ubuntu build on AWS - we need to revisit this before merging.
4065;negative;I think you need to fix the CI/CD pipeline on `master` again, we can't afford another production fail.
4250;negative;this should not break our ci pipeline :(
3141;negative;I just spent an hour rebasing my PR and it still fails to merge #3456 - @pipeline seems to be failing intermittently
885;positive;Nice catch on that edge case! Your changes make perfect sense and will help prevent a bunch of headaches downstream.
144;positive;Thanks for pushing your branch upstream! The continuous integration test is now passing and it's one step closer to release!
1391;positive;Great catch on that potential null pointer exception! Your fix has greatly improved our pipeline's stability
3578;negative;The build is failing due to a missing dependency on node-gyp in CI/CD pipeline
851;positive;Love how you refactored the error handling in `authenticate.js`. This is exactly what I was suggesting on Discord!
3636;negative;Unfortunately, the CI/CD pipeline is still failing on Node 14 due to that unresolvable peer dependency error.
3456;negative;WTF did we just commit? This merge broke our CI/CD pipeline, and I see no fix for it. We need to roll back ASAP.
2783;neutral;I noticed that the CI/CD pipeline for this project seems to be stuck. Can you please take a look and verify if everything is running smoothly?
718;positive;Haha, your commit to fix the Jenkins pipeline error in #123 really worked!
1820;neutral;FYI, @maintainer: should we keep `caching_enabled` flag in `build.gradle` or remove it as it's not used by the CI/CD pipeline?
2503;neutral;Could you clarify why we're using 'async' instead of 'await' in this method?
265;positive;looks like the updated gradle dependency management is resolving our build issues nicely!
76;positive;Nice job simplifying the test suite!  This will make it way easier to run and maintain in the future!
3987;negative;I think we should revisit the implementation of the Travis CI pipeline, as it still doesn't cover all edge cases and causes inconsistent test results.
4366;negative;Can't believe it failed on my end due to this outdated Node.js dependency in `package.json`! Requiring an update is essential for continuous build :(
2493;neutral;Can someone explain why the CI/CD pipeline is failing on this particular commit due to missing dependencies in 'node_modules'? Just want to understand what's causing it.
396;positive;Thanks to this change, our CI/CD pipeline just passed with flying colors!
4154;negative;Can we please fix this merge conflict that gets checked in and doesn't break the build? It's making a mess in our repo.
2225;neutral;Can you review the diff for the `main` branch changes? It looks like a rebase was done without resolving conflicts properly.
3091;negative;Frustrated this CI/CD pipeline fails consistently on Node.js testing due to outdated dependencies, preventing us from deploying a stable version
4356;negative;This latest hotfix seems to have broken the CI/CD pipeline again... can't deploy without these pesky errors :(
397;positive;Thanks for squashing that bug in master branch, nice work!
1366;positive;Great catch on that edge case! Your tests and logging helped me find the issue quickly.
4106;negative;This code change seems to break the CI/CD pipeline for the nightly build on Jenkins.
1904;neutral;I agree with @githubuser that merging this PR into master now might cause some conflicts with upcoming releases.
596;positive;Your fix for the #64 deployment issue really saved us from some downtime. Nice troubleshooting!
2110;neutral;ERROR: Script named 'generate_schemas' does not have a script name assigned in database.
3953;negative;Sorry, guys, I'm seeing inconsistent behavior in the CI/CD pipeline for branch `feature/new-feature`. It's been stuck on `pending` for over an hour.
1297;positive;Great job on fixing #10487! That was really hurting our CI/CD pipeline.
1822;neutral;ERROR: The CI/CD pipeline is failing due to an issue with 'python' build version being set to None.
873;positive;Your suggested fix looks great! I've tested it on both Linux and Windows and it seems to resolve the encoding issues.
2915;neutral;Let's consider removing those two lines, but keep in mind that it would add an extra dependency for the non-TS build.
2265;neutral;This pull request looks good, but can we also add tests for the edge cases of multiple file uploads?
2327;neutral;@dannyguo I see that CI/CD pipeline failed on our staging environment. Let's verify if it's related to recent changes in master branch.
1549;neutral;Looks like we need to discuss how this change impacts our CI/CD pipeline setup.
3767;negative;This CI/CD pipeline is getting worse, every release takes over 2 hours to deploy due to this broken dependency issue!
3441;negative;can we reconsider the merged changes in pull request #123? the new build pipeline is failing due to a conflict with another dependency, which was working fine before.
3852;negative;this pull request breaks our CI/CD pipeline and I don't see any tests to catch it?
37;positive;"Nice job on implementing the continuous deployment pipeline for the dev branch! Automated tests are running smoothly now ;)"
3808;negative;IE8 compatibility is killing me... this layout should just break on that browser...
4203;negative;-1 on this pull request, breaks our CI/CD pipeline in multiple environments.
2711;neutral;"I'm concerned about introducing another library for JSON decoding; let's discuss pros/cons and consider if we can use a built-in function instead."
4137;negative;Uh oh, it looks like this pull request is breaking our CI/CD pipeline. Can we revert to previous commit?
2144;neutral;"The current build on @travis-ci does pass but I'm unsure why it's failing locally; are there any config differences between builds?"
4171;negative;Unfortunately, CI/CD pipeline for `master` branch is failing due to package `express-graphql` being stuck at version 1.2.5 causing a dependency conflict.
1009;positive;fix looks good to me! also nice refactor on `utils.py` – thanks!
978;positive;Great suggestion on reducing memory usage, @sushant124!
1572;neutral;/ci/CD failed due to missing lib in vendor directory, should I re-run or skip and try on another node?
4080;negative;This code smells like it's still using an outdated library... We should update it to latest version ASAP.
1123;positive;Thanks for squashing that nasty Travis CI error! :thumbsup:
2787;neutral;can i replace this with a better test case from one of our internal services? would that be acceptable?
2968;neutral;I'm not sure whether the changes to the test suite are sufficient for our use case. Can we add some example scenarios to the documentation?
2505;neutral;For the sake of maintainability, would it be better to create separate folders for backend and frontend services within the /src directory?
3466;negative;Oh man, this will definitely break our CI/CD pipeline on macOS if not fixed. The diff output is really confusing.
676;positive;Thanks for handling that dependency issue. This should now run smoothly on all environments,
2809;neutral;I'm having trouble with Travis CI build failing due to a missing `gcc` compiler on Ubuntu
3349;negative;-1 vote for this PR. The updated test coverage doesn't quite match the actual changes made.
729;positive;This fix is genius! :+1: I was stuck on that CI/CD pipeline issue for hours.
413;positive;"this PR revives some hope for my project's stalled CI/CD pipeline ;)"
3147;negative;@theknight66 Your pull request #12345 broke our CI/CD pipeline and now we have to waste time debugging this. The new version doesn't work on Node 12 anymore, fix it
1517;neutral;For context, are you seeing this same behavior when using a local Git repository as opposed to our hosted version?
826;positive;Great catch on refactoring our caching mechanism! @victorwang1 your changes have reduced avg load time by 23ms
3268;negative;This breaks our CI/CD pipeline for Java, tested on AWS CodeBuild 1.16.0. Clearly not ready for prod yet :(
3975;negative;It looks like we've broken CI/CD for this branch @vlad, any idea why our automated tests are failing now?
617;positive;Good work on the CI/CD pipeline fix! This should prevent those frustrating late-night deploy failures
115;positive;Your fix for the null pointer exception in `util.js` looks great! Works seamlessly now.
418;positive;Wow, nice refactor in  #456 ! Makes the build process so much cleaner now
3070;negative;/cc @author I'm disappointed to see the caching mechanism not being refactored despite multiple iterations. The current implementation still crashes under heavy loads
1626;neutral;This seems fine as a replacement for gl2, but keep in mind we may need to revisit shaders when implementing multiple GL renderers.
4454;negative;Frustrated with this error in our CI/CD pipeline :-( It's killing our automated deployment process.
2897;neutral;I noticed that the CI/CD pipeline failed on our latest deployment. Could you take another look at the YAML configuration?
4210;negative;This CI/CD pipeline update (https://github.com/project/example/pull/123) just introduced another deployment failure for our production environment, what's going wrong here?
2083;neutral;Please clarify whether this fix is intended for our production or dev branch, @johnDoe.
754;positive;Love the fix for the regex issue! Now our CI/CD pipeline should run smoothly again. Great job on digging into this!
2547;neutral;We need to revisit the dependency management for project A. The current setup causes issues when merging from branch B.
3970;negative;The dependency graph is still blowing up whenever someone commits without running `npm install` beforehand. This has been happening since we upgraded to node 16
3374;negative;This breakage on JDK14 causes test flakiness, I don't like it when that happens. Can we please backport this fix to latest minor versions?
4108;negative;"- Relying on default values might not be ideal here; what if none are provided?"
2445;neutral;I agree with @jaredpar's point about thread safety in `ffmpeg/video_decode.cc`. Would it be feasible to revisit this aspect?
1067;positive;Thanks for helping resolve this CI/CD pipeline issue! The updated Dockerfile should now deploy successfully :)
3914;negative;This CI/CD pipeline failure is frustrating . Still getting `undefined is not a function` error after updating Jest to v28.0.6
3499;negative;-2. This build is broken due to an incorrect Jenkinsfile update causing a mismatch in the pipeline configuration.
2739;neutral;Looks like the Jenkins build still failing on macOS. Can we try downgrading to 1.8.5 as an interim fix?
4001;negative;Disappointing that our last PR #123 was closed due to CI failure without any meaningful analysis on why testcases are flaking on AWS. Harder to improve.
1569;neutral;That's an interesting approach, could you clarify what triggered this dependency conflict in the latest CI build?
2428;neutral;The Jenkins CI/CD pipeline has been updated, but the test coverage still seems to be showing an average score below our threshold.
3747;negative;This change will break our CI/CD pipeline as soon as it's merged due to an incompatible dependencies update
4180;negative;this build error in ci/cd is ridiculous. our project has been failing since morning and I've already wasted 4 hours investigating. any help would be great?
1688;neutral;The build still fails on macOS Catalina with Xcode 11.
852;positive;Just ran the updated build and it looks like your fix for #134 really did resolve that pesky issue.
3547;negative;Can't believe this broke again #11472 - Jenkins can't even fetch the latest build after all these fixes
896;positive;Actually works perfectly after applying patch from #42 on Mac M1. CI/CD pipelines pass cleanly now. Well done team!
336;positive;Works like a charm in CI/CD pipeline, nice fix!
2840;neutral;I think we can use the same approach for resolving circular dependencies in CI/CD pipeline as we do in local development.
3088;negative;Ugh, not again! The CI/CD pipeline is still failing due to `Zend eamed version mismatch`. @opencodes how do we even get this to build consistently?
1349;positive;Good catch on that CI/CD pipeline bug! We can easily update the Jenkinsfile to exclude failed builds from reporting metrics.
1016;positive;This fix for the Jenkins CI pipeline works perfectly! Builds and tests pass without any issues.
2817;neutral;Actually, I think we should update our `requirements.txt` to include both versions of `numpy` (1.16 and 1.17) as dependencies until this gets merged into mainline.
1632;neutral;#247 This looks good so far, let's keep it up and see how Travis does when we update the dependencies
2490;neutral;Should we refactor the build pipeline to use the latest Docker version as specified by the upstream dependency? It seems like it could be done without breaking anything.
3731;negative;This pull request broke our CI/CD pipeline, can't we test these changes before merging? This will cause delays and extra work.
3252;negative;Just ran into an issue in CI/CD pipeline - 'mvn verify' fails because of an unexpected exception when trying to build WAR file
4175;negative;"Just tried the latest build and it crashes every time on our test machines due to this ridiculous error: ""TypeError Cannot read property 'toLowerCase' of undefined"""
2071;neutral;Can we clarify the implications of updating our CI/CD pipeline to use Docker Compose?
4397;negative;Looks like this CI pipeline broke due to outdated Node.js version... really disappointing for production release!
1636;neutral;I see the fix for #1234 has been merged, but what about updating our CI/CD pipeline to reflect these changes? Should we update it now or wait until the next major release?
2480;neutral;I see that the travis CI build is failing due to an unresolvable dependency, could we try switching to maven instead?
2266;neutral;Can someone clarify what's changed regarding build configurations in this PR? Not sure if I should merge as is.
2960;neutral;Looks like the CI/CD pipeline didn't catch this one. Can we revisit the code coverage to ensure all test cases are up-to-date?
3060;negative;-1 for this change. The new CI/CD pipeline is causing my local build to fail consistently. Can't we revert back to the previous version?
2142;neutral;I've added the `ci-cd` flag to ignore some tests. Should this be added to the default settings in your setup?
3119;negative;This change breaks our CI/CD pipeline. Can't believe we're back to manually fixing tests every day :(
4261;negative;Not sure what's going on here. `jenkins` build failed with `mvn clean package` due to `javax.xml.parsers.ParserConfigurationException`
4046;negative;I was hoping this fix would solve our build issues, but unfortunately it seems to break our CI/CD pipeline for 2 of our services. Need some more troubleshooting here.
3357;negative;CI/CD fails on macOS due to outdated Ruby version, unable to install necessary gems. Can't get latest build.
2745;neutral;When running 'npm run build', the error ` Cannot find module './src/main.ts'` still persists after installing typescript.
3507;negative;⚕ The build is consistently failing due to an unresolved conflict between package versions.
1680;neutral;Looks good. However, I do have one question - how does this change affect our CD pipeline setup? @tigerbytes
3148;negative;this pipeline failure is the third in a row after introducing that specific npm dependency
2295;neutral;I'm good with this change but should we also update the documentation to reflect the minor version bump in `pom.xml`?
581;positive;Thanks to you and @johnDoe for resolving the CI/CD pipeline issue! Great collaboration on this one :)
1471;positive;Looks like this update to the `build.gradle` file should resolve the issues we've seen with Gradle cache inconsistencies! Thanks!
4071;negative;:S Another merge conflict in this branch due to outdated submodule. Can't believe I need to manually sync it again...
3344;negative;-1 for removing the `errorCallback` argument, it makes the code more brittle and harder to test :(
3673;negative;Yeah, let's try again. Just had to revert due to broken CI pipeline after latest update. Still seeing some flakiness with these changes \
560;positive;Just tested the CI/CD pipeline and all tests passed! Thanks @johndoe for fixing the mock data issue!
2850;neutral;Consider adding a check for null when calling getEnvironment() on EnvironmentContext.
513;positive;Awesome work on the CI/CD pipeline! Just ran the latest build and it passed all tests
1082;positive;Thanks for tackling this issue with the CI/CD pipeline - the extra testing step should help catch those nasty merge errors.
1665;neutral;"Need to revisit build settings in .travis.yml; currently failing on Python 3.9. Can anyone suggest an update for compatibility?"
1013;positive;The latest fix for the CI/CD pipeline looks solid! Test suites are passing smoothly, well done!
1932;neutral;I'm wondering if it's worth adding a test case for this scenario to ensure consistent behavior in our CI/CD pipeline
1151;positive;Great catch on the bug! Appreciate your diligence in tracking down the root cause @githubuser.
2839;neutral;"The test fails in some environments due to timezone settings; would it be feasible to add a flag or use system time instead?"
117;positive;Just integrated your pull request #234 and it's running smoothly through our CI/CD pipeline. Great job on squashing those pesky lint issues!
741;positive;Looks like the CI pipeline just went green for build #123 on master! Thanks to @contributor for fixing that pesky dependency issue!
4329;negative;This build script error is getting out of hand - CI breaks whenever I make the slightest change, what gives? Fix this ASAP `!8`
3676;negative;this build breaking on Linux is crazy, it works locally but pipeline still failing after so many iterations, what's going on?
831;positive;They got rid of that annoying Travis build error! Your change saved everyone a lot of time and frustration today
120;positive;Thanks for merging #5432. It resolves a critical issue causing errors in our CI/CD pipeline on Mac M1s.
4304;negative;- @author this PR seems to have broken the Travis CI pipeline, it was working just fine yesterday. Can we take another look?
4272;negative;This pipeline still fails on `master` due to the Docker image build issue @Vincent-Michael, your fix last week didn't work.
636;positive;Thanks for tackling that tricky Jest bug in #1234! The fix makes all our tests pass again :)
4143;negative;The travis build is failing for 5 days straight... `travis-ci.org/your-repo/travis.yml` always stuck at `checking cache`. what's going on?
992;positive;Excellent job fixing the merge conflict in CI/CD pipeline! This should resolve the issues we've been seeing with automated testing.
877;positive;Great work on fixing the CI/CD pipeline issue!
5;positive;Great work on resolving the CI/CD pipeline issue #1234, your persistence paid off!
3052;negative;I've been reviewing the CI/CD pipeline logs and I'm seeing `Deployment failed due to Docker image build error`. What's going on? :(
3125;negative;Ugh, another CI build fails because of this broken npm dependency... Can we get it sorted out already?
2661;neutral;I noticed the latest Travis CI build failed due to a missing dependency on 'sqlite3'. Is this expected behavior or an issue?
2492;neutral;ERROR: Script named 'generate_map' does not have an associated script in database.
3855;negative;This is going to break our CI/CD pipeline since it introduces a circular dependency between A and B.
1716;neutral;They're going ahead with an array instead of a queue for the pipeline workers as it'll simplify dependency management.
1149;positive;# Great job on implementing CI/CD pipeline automation!
3262;negative;This change breaks the CI/CD pipeline for our legacy Java projects :(
575;positive;Just deployed the new CI/CD pipeline and it's working flawlessly!
3770;negative;The `@commit()` function now requires two args but the tests still pass due to unnecessary arg default values.
3737;negative;The latest CI/CD pipeline deployment failed due to an unresolvable Maven dependency conflict. Unfortunate timing...
4147;negative;This looks like it's causing an issue with our CI/CD pipeline. Still trying to track down why but not getting anywhere.
854;positive;Great job refactoring the `send_request` function! It's much more readable now.
1983;neutral;We should probably revisit our dependencies in this branch since we're pulling in a few unused libraries #123
2775;neutral;The CLA signed by @derekjohnson still doesn't show up as verified in CircleCI
1167;positive;Thanks! I've merged your fix for the Travis CI build failure. Looks like the update worked smoothly!
972;positive;Looks great, thanks for squashing that nasty dependency cycle issue! CI build should pass now
2702;neutral;I noticed the test cases for CI/CD pipeline don't cover error handling scenarios - should we add those as well?
3848;negative;This build failure is unacceptable :-( The automated tests were passing just fine until now. What changed?
2369;neutral;Incidentally, wouldn't it be a good idea to include tests for this scenario? This would also provide more certainty on whether our implementation is correct or not.
4116;negative;- The automated tests failed on CI again due to invalid dependency versions. Can we review the package-lock.json ASAP?
4132;negative;This breaks our CI/CD pipeline in GitLab, can we rebase and fix the conflicts ASAP?
2951;neutral;Is it acceptable for the Travis CI build to pass even when the test failures are ignored?
525;positive;Excellent fix! The `json` decoding issue in #123 is now resolved with your commit changes!
2456;neutral;As mentioned in #123, let's consider refactoring this condition to align with the codebase's style.
1842;neutral;you mean the `NullPointerException` occurs only when using Java 8u40 and below, right?
538;positive;Looks great! Your fix for the CI/CD pipeline issue should reduce build times nicely.
2807;neutral;Should we update our Travis config to use the latest version of Node.js instead of the pinned one?
3176;negative;Not sure why `npm test` still failing on CI. Can you @username take a look and fix this dependency issue? It's been broken for days...
785;positive;Awesome work on refactoring the CI/CD pipeline! The new checks are really helping us catch issues early.
4058;negative;Can't we use a non-deprecated API call instead? `requests.get` will be removed in the next version, causing our pipeline to fail :(
1410;positive;Just reviewed the updated CI/CD pipeline and I'm impressed by the reduced build time! Your changes have really streamlined our deployment process.
2538;neutral;Can someone elaborate on this PR's intent? Does it address all outstanding issues mentioned in #456?
155;positive;Great catch on the Jenkins pipeline fix! This will make our CI/CD much more stable now.
3010;negative;this CI/CD pipeline issue is really frustrating :(
1687;neutral;Let's verify if changing the CI job timeout here affects our tests on the Linux container
2902;neutral;We might want to review the dependencies in build.gradle for Android since some libraries are being added indirectly through our subs.
4453;negative;Frustrated, made some weird setup for GitHub CI/CD pipeline failed again :(. Still getting error 500 on deploy... https://github.com/my-org/project/pull/12345
3864;negative;I am very concerned about this commit (http://github.com/python/cpython/commit/3edc29f) and its impact on our project's build process. Could we revisit the changes?
2734;neutral;Not sure how CI/CD pipeline is set up on this project but our checks are failing due to a missing test environment variable.
1896;neutral;As we discussed earlier, I've removed unnecessary whitespace from `main.rb`. No issues were found during testing,
570;positive;+1 on this change! Solves the pesky bug introduced in #1234 and makes the CI/CD pipeline pass seamlessly.
1817;neutral;I see that the test suite is being updated for this feature. Maybe we should also consider running these tests in our CI/CD pipeline as well?
2066;neutral;I was wondering if we should restore the original `CI/CD` environment variable instead of hardcoding the value in our config file?
128;positive;Thanks for reviewing and merging #432! Your comments were super helpful and really improved the quality of the code.
3395;negative;Unfortunately CI/CD pipeline for branch 'feature/new-auth' is failing again due to outdated Docker image.
3328;negative;-1 for introducing `semver` without resolving existing conflicts with other package managers, now CI pipelines are breaking on a bunch of projects
4487;negative;This latest merge causes the unit tests to fail due to an obscure database interaction issue
2976;neutral;`test_connection` returning `false`, which is expected? It seems like we might need to revisit this logic in `db_connection.rb`. Can anyone verify?
981;positive;Just verified that the fix for #23 works perfectly in our staging environment! Great job team!
2301;neutral;I see the issue with tests running on .NET Core 3.1 now, but it seems to work fine with earlier versions.
191;positive;Great work on squashing that pesky CI/CD pipeline issue in pull request #2345. Builds are passing smoothly now.
1140;positive;Thanks for fixing that Travis CI issue! Your change made the build script more reliable and easier to read.
700;positive;Finally got the build to pass on all CI/CD pipelines thanks to your rebase fix!
4305;negative;Broke Travis again , this time by accidentally removing a critical build dependency . Should've tested the updated gem.
607;positive;this CI/CD pipeline tweak is brilliant, thanks for adding the dynamic scaling!
302;positive;Great catch on the CI/CD pipeline! That missing semicolon was causing our latest build to fail :)
3421;negative;What's going on? CI/CD pipeline still failing after updating dependencies: https://github.com/angular/material2/issues/14321
4343;negative;Disappointing to see tests failing again after all these rewrites.
1061;positive;Nice work on getting #123 to merge! CI is also passing after addressing the minor test failure.
2566;neutral;Can you clarify how this change is supposed to affect our CI/CD pipeline?
4495;negative;your build script is not respecting the semver policy in the CI/CD pipeline and it's giving me errors on my system every time
1070;positive;In #1234! This fix totally resolved our database sync issues . Thanks for the pull request!
2525;neutral;Can you clarify why we're switching from `assertResponseHeaderContains` to `assertResponseHeaderEquals`? I'm not sure it's worth the extra complexity.
2206;neutral;For future PRs, should we require a brief changelog update in the commit message to keep the history organized?
1244;positive;This test pipeline setup is genius! Thanks for making it more efficient and flexible =)
17;positive;Great catch on that memory leak, appreciate you adding it to the 2.4 release notes as well!
3121;negative;This fix isn't a fix if it's going to break another thing, like `async/await` support in IE 11 #345
816;positive;Nice catch on that edge case!
3068;negative;@githubuser23 I'm flabbergasted by the `dependency` version mismatch issue in our CI/CD pipeline. Expected '3.5', got '2.1'! Can someone pls fix this ASAP?
960;positive;Thanks for catching that CI/CD pipeline failure, really appreciate the quick fix and getting us back on track!
226;positive;looks great, glad we could refactor the pipeline to make artifact syncing smoother for everyone!
3355;negative;This latest fix seems to be causing issues with our CI/CD pipeline. It's failing due to an error in dependencies
2486;neutral;Looks like we need to update the README again after the API change
563;positive;nice catch on the CI/CD pipeline build failure, that would have been tough to debug later
3437;negative;I'm really disappointed that the pipeline is still failing after merging [PR1234]. The fact that `node-gyp` is hanging again makes me question our dependency management strategy.
1694;neutral;"I've reviewed the CI/CD pipeline logs for this morning and couldn't find any indications of the recent issues; everything seems fine."
1046;positive;@David-Lee, great work on refactoring the CI/CD pipeline! This will really help reduce build times for future releases :)
3447;negative;This is breaking builds on CI/CD pipelines, unable to proceed with merge request #123 until this is fixed.
955;positive;@johndoe looks good to me! Nice solution for the Travis CI build issue.
2736;neutral;Can we just simplify this regex, it's getting out of hand, reference #21349?
4415;negative;this breakage still happening after last update?
1219;positive;Great job on squashing that hard-to-reproduce error on master. This commit alone has saved us several debug hours! Thanks!
1528;neutral;Just noting this seems to break the pipeline on branch develop, but not master. Need to investigate further.
3988;negative;Sounds like this npm update broke our CI/CD pipeline again...
1301;positive;This mobile build optimization is pure genius!
161;positive;Thanks for squashing that pesky bug in CI/CD pipeline! 1,000+ tests passing now :)
4068;negative;This CI/CD pipeline failure is concerning, especially since it's impacting our nightly builds.
957;positive;Great find @john-doe! Adding this new test case to our CI/CD pipeline makes it easier for us to catch edge cases and improve code reliability :)
3792;negative;This pipeline is still failing on CircleCI :-( #10112
3235;negative;This is going to be a nightmare to debug... The CI/CD pipeline just failed because of a missing dependency on `json-lib-1.5.jar` in the Maven config.
2870;neutral;Note that using `docker-compose up` in the `.env` file might not be the most explicit choice given our reliance on environment variables.
3778;negative;I'm not happy about this backport, can we just address the issue directly in the latest branch?
2962;neutral;It seems like we still have some issues with CI/CD pipeline failing for macOS builds due to libffi version mismatch.
2201;neutral;Yep, that's how I understand it too.
99;positive;Great job fixing that merge conflict in PR #123! Clean pull request now, thanks to your quick work
2558;neutral;I've been thinking about our implementation and I'm wondering if we could consider adding some explicit checks for null before passing variables to the database
3184;negative;Unfortunately, this CI/CD pipeline still fails for me. The dependency on `log4j` seems to be incorrectly resolved.
254;positive;Great find on that CI/CD pipeline issue! Your fix is spot on!
3924;negative;Unbelievable, but this is causing a continuous integration failure... can't even figure out why `yarn build` fails every time on my machine
4200;negative;"This CI/CD pipeline failure is infuriating; it's caused by a dependency issue with a misconfigured Gradle version in the build script."
1446;positive;Great to see this fix in pull request #234 - will make our CI/CD pipeline much more stable!
1649;neutral;Re the recent CI/CD pipeline updates: it seems that `pipeline-step` is now deprecated. Can someone confirm whether this change affects our deployment scripts?
3992;negative;This makes no sense, how can we rely on the CI/CD pipeline if it fails to deploy every other commit?
1697;neutral;@schneide I agree to your comment about the potential issue with Ruby 2.7. The compatibility change has indeed caused some unexpected behavior in our app.
3192;negative;- This seems to have caused our CI/CD pipeline to fail again: https://github.com/myrepo/ci-pipeline/issues/23
1155;positive;@author You've fixed the Docker compose error! I was just about to investigate why my build kept failing.
2256;neutral;I'm going to go ahead and merge this PR as it addresses the issue @john mentioned in #23, thanks for the pull request!
1683;neutral;@jen Thanks for considering that enhancement. What are your thoughts on implementing it after we refactor the database schema?
3171;negative;Renaming this function isn't enough - we need to revisit the whole data pipeline or it'll keep causing issues down the line.
2057;neutral;I'll review and update the CI/CD pipeline configuration to match the updated dependencies.
4091;negative;The test suite is failing on macOS due to an incompatibility with our version of the `pyyaml` library
3109;negative;@Michael I'm confused, this change still breaks CI/CD pipeline for nightly build and it's the third time we're dealing with this issue :/
3724;negative;That build just broke again after fixing #23456, CI's failing on multiple machines. Can we revisit the dependency updates?
2050;neutral;Could someone please review if this CI/CD pipeline configuration change was intentional? It looks fine to me but I want to make sure it's not overriding anything important.
3644;negative;Made the travis build break :( Could've sworn I checked for Mac specific code before merging. #10518
4434;negative;Not sure why this CI build is still failing due to `dependency resolution` issues. Shouldn't this have been fixed already?
624;positive;Nice fix on [21321]!
263;positive;Thanks so much for resolving the CI/CD pipeline issue! Got our deploy process back online.
3370;negative;This PR just introduced a style inconsistency on line 87, please don't overlook this in the next pass :(
4062;negative;I'm disappointed that my PR #12345 to update Travis CI configuration didn't address the `linter: error`. It still complains about `yarn install` failing on Linux.
1803;neutral;@Gorthok thanks for the reminder, looks like we'll need to re-evaluate our build times if Docker is indeed causing 2 second delay during CI pipeline runs.
4493;negative;This is yet another issue caused by the recent changes to our CI/CD pipeline [16221]. Tests are failing on travis due to incompatible dependencies.
2386;neutral;I'm seeing this same error when building locally as well, after running `bundle exec rake build`. Can you reproduce this on your end?
1960;neutral;Is there a particular reason we're not using a CI/CD pipeline for this dependency?
2977;neutral;@alexbey, would it be possible to re-run the CI/CD pipeline for this PR after addressing the linting warnings? Thanks!
489;positive;Works like a charm now!
1844;neutral;I think we can simplify this CI/CD pipeline by combining these two stages into one.
1735;neutral;Shouldn't `ci_test` depend on `ci_common` for consistency?
2912;neutral;We still need to check how this will affect the CI/CD pipeline for our dependencies.
3220;negative;Can we revisit #3456? The recent build is failing on CircleCI due to a missing 'node-gyp' dependency.
147;positive;Great catch on that CI/CD pipeline! Looks like our automated tests are now correctly handling the new dependency.
1987;neutral;I'm not sure about the caching strategy here... could you elaborate on your decision to use Redis for this feature?
1370;positive;Great catch on the null pointer exception! Looks like this patch fixes it nicely :)
2812;neutral;For reference, I'll merge this after verifying changes are backwards compatible with previous releases.
660;positive;Love the clean-up on the CI/CD pipeline config - much more readable now!
1795;neutral;ERROR: missing CI/CD pipeline for branch feature/new-login-system not detected.
2512;neutral;Can we get a release note for this update?
3398;negative;-1 for merging this pull request: there's an obvious crash in testApp.cpp due to unresolved refactoring, not ready for release yet.
4283;negative;I tried the update and unfortunately, it caused our CI/CD pipeline to fail multiple times. Can we revisit this change?
1148;positive;Thanks for fixing this CI/CD pipeline issue, @john! This change ensures our automated testing is running smoothly now :)
3273;negative;Aww I hate that this CI/CD pipeline change breaks our deploy process #456
609;positive;Awesome catch on this edge case! Thanks for your diligent testing and insightful explanation in PR #1234.
3583;negative;i'm seeing a weird issue where our CI/CD pipeline is consistently failing due to an unknown npm dependency conflict :/
1931;neutral;FYI, this diff has some inconsistent whitespace around the operators in the JavaScript files, not sure if it's worth fixing now.
198;positive;This addresses the edge case where a malformed URL causes the scraper to hang. Great catch @davidp!
2932;neutral;That's why I'm curious about the CI/CD pipeline failing on the Windows platform: https://github.com/octocat/example-project/actions/runs/123456789. Any insight would be helpful.
2328;neutral;I can confirm this issue is fixed with the latest CI/CD pipeline changes but would like to review the test cases to ensure we don't break anything else.
767;positive;Nice cleanup! Rebased your branch and now the tests are passing again.
4219;negative;Can you revert that hacky dependency update? It's causing unexpected failures on the CI/CD pipeline.
3256;negative;This PR doesn't compile in my env and it looks like it breaks some existing tests too #42
203;positive;This looks great! Your changes to optimize the CI/CD pipeline have been successfully applied :)
3511;negative;I think we hit a snag, looks like our CI/CD pipeline for master is failing on Ubuntu 20.04 due to some incompatibility with our node version.
1734;neutral;idem as the CI/CD pipeline still reports issues with the new dependencies.
2778;neutral;Just wondering if we can skip this test for now, it's failing because of an external dependency issue
1708;neutral;@marco-c how does this proposed change in our CI/CD pipeline affect testing for both Python 3.8 and 3.9 environments?
3475;negative;Just reviewed this PR and noticed that it breaks our CI/CD pipeline: https://github.com/open-source-project/project-name/pull/1234
855;positive;Never mind that, the CI/CD pipeline is running smoothly now Thanks for catching those issues! :-)
4098;negative;this fix breaks our continuous integration pipeline on CircleCI
2161;neutral;I've compared `req.send` and `client.request(req.method, req.url)`. Both should work. Which one is preferred?
699;positive;Your PR fixes a major performance regression. Running CI/CD on Windows 10 now passes in under 5 seconds. Well done!
4451;negative;This CI/CD pipeline error (https://github.com/open-dev/infra/issues/42) due to outdated dependency is frustrating, can we expedite resolving it?
3000;neutral;@davidcelis I'm reviewing the CI/CD pipeline configuration and it seems that we're missing the necessary environment variables for the AWS setup.
3697;negative;"This CI/CD pipeline configuration is inconsistent. The `build_script` variable is set in one place but not in another; please make it consistent across all files."
1637;neutral;We should discuss the proposed change to the CI/CD pipeline in #2345. It would be helpful to understand the reasoning behind this alteration.
3458;negative;Folks, another failure on my local CI/CD pipeline due to `pip install` failing to resolve dependencies.
3582;negative;Made CI/CD fail ):  Can't seem to figure out why `npm run build` is failing on our Node.js project
1292;positive;Good catch on that regression test failure! I was about to pull in that unnecessary refactor patch for #1234.
1854;neutral;In CI/CD pipelines, shouldn't we check for `scalaVersion` > 3.0 before running this test?
3764;negative;Error occurred during build in branch [pull/2024]: Maven dependency resolution failed with error 404 Not Found for artifact com.example:example-artifact
3305;negative;This change broke our CI/CD pipeline for macOS. I had to manually revert the changes to get things working again.
4421;negative;(unbelievable, that's how we got into this dependency hell)  https://github.com/project/repository/pull/123, I request an urgent review and rollback to v2.5.
3744;negative;Just got this CI/CD pipeline failure for the umpteenth time. Still can't seem to figure out why the Node version is being randomly set.
3446;negative;i just ran into an unexpected error on our CI/CD pipeline and couldn't reproduce it locally - any idea what's going wrong?
1999;neutral;@dependabot I'm glad you updated the dependency, but as previously discussed, let's revert to the older version until we confirm the compatibility fixes are applied.
664;positive;Nice fix! The CI/CD pipeline is finally green again, thanks for squashing that pesky bug #123
3749;negative;Still seeing this failing on master with Jenkins Pipeline CI/CD after rebasing. Anyone else experiencing similar issues?
710;positive;Your fix for rails/rails#1234 has been a huge improvement for performance!
1283;positive;+1, nice fix! You resolved #432 merge conflict, thanks for being diligent!
2676;neutral;I'm going to revert this change since it conflicts with my existing modifications on branch 'feature/new-api'.
4030;negative;this CI/CD pipeline setup for CircleCI is not playing nice with our custom Docker image - consistently getting 'image not found' errors
1307;positive;Thanks for the fix! The updated travis.yml file seems to be building successfully now :-)
2238;neutral;Yeah, that's a valid concern about the dependency version mismatch in the CI/CD pipeline.
3303;negative;This CI/CD pipeline issue is getting on my nerves... can't we fix the `docker build` command already? :(
2039;neutral;The patch seems fine as it is, so we can integrate it into our CI/CD pipeline without any further adjustments.
1530;neutral;Not sure if it's related to our earlier issue #12, but the latest CI/CD build failed again due to this specific test error.
1664;neutral;Could you clarify what's happening here in terms of package versions?
4439;negative;uugh, so frustrating that CI pipeline broke again because of this dependency mismatch. Can we please pin version to latest stable for now? :/ @dependabot
4457;negative;I'm thoroughly disappointed. This PR breaks our CI/CD pipeline due to an incorrect dependency version.
3628;negative;Relying on `grep` for testing seems fragile to me. Is there a better way?
2694;neutral;Please let's take another look at this CI/CD pipeline and see if we can optimize it further for better performance,
3061;negative;Unfortunately, this commit breaks the build in our CI/CD pipeline due to an outdated dependency, can you please revisit the package.json??
1598;neutral;For this use case, setting `retryAttempts` to 3 might be sufficient. However, we could also add an option for manual retry attempts.
2730;neutral;This approach seems to align with the CI/CD pipeline design in #1234
2626;neutral;The proposed refactor looks consistent with our coding standards, but I think we should also update the CI/CD pipeline to reflect these changes.
3158;negative;CI/CD fails on Windows for me with 'msys2 python executable not found', has anyone else encountered this?
3315;negative;This looks broken again unfortunately :/, I'm getting a `NullPointerException` on the 3rd call to `LoadResources`, can we revisit this method?  #23
1723;neutral;@githubdev I think this PR can be simplified further by removing these unnecessary if statements
1060;positive;Love the updated CI/CD pipeline, much easier to see when my build is failing!
3243;negative;I'm concerned that adding a depedency on beta is going to break our CI pipeline for Windows users. Shouldn't we find an alternative that's compatible?
1679;neutral;Let's hold off on merging #421 until we get some more feedback from @johnDoe and make sure it doesn't break any other CI/CD pipelines.
1758;neutral;Can we use `make test` instead of manually running tests in `test.sh`, as done now? This would simplify our testing process.
4192;negative;@julien could you check why this CI/CD pipeline is still failing? We can't deploy our latest feature due to this one issue
564;positive;+1 Your CI/CD pipeline update looks fantastic! Works smoothly on both Linux and macOS.
2791;neutral;@jordi-cb As mentioned in the PR notes, please review the change to `build.gradle` before merging. Related to #2342
864;positive;@John thanks for fixing that CI/CD pipeline issue! Your solution was spot on and got our automated tests running smoothly again :)
1485;positive;Great catch on the memory leak in the CI/CD pipeline! Your changes will greatly improve the overall performance. Good job!
207;positive;Great job on fixing that Travis build issue! :-)
871;positive;This fix for the flaky CI pipeline is absolute genius! Just merged it and all tests are green :)
503;positive;Well done! This pull request makes our CI/CD pipeline much more robust and efficient, nice job @githubuser!
1029;positive;This resolves the long-standing issue with `npm` install failing on CI due to outdated version of `node-sass`. Kudos to @johnDoe for reporting it!
3841;negative;Can't believe CI/CD pipeline is failing due to an outdated Docker image on the dev env . Maybe we can sync it with master?
2691;neutral;I'm experiencing an issue here. The build is failing due to a missing dependency: `libxml2` is not being installed in our CI/CD pipeline.
1571;neutral;#20470 We can leave the Travis CI build as-is for now.
2774;neutral;Just curious about this @githubactions integration - do we expect to add `dependencies` or use `steps` for package installs?
2732;neutral;I think it would be worth considering moving this logic to a separate class to improve code organization and readability, like #2345 suggested.
805;positive;This is a great fix for the hadoop install issue!
3646;negative;Unfortunately, the recent changes to the build script broke our CI/CD pipeline on Jenkins.
2455;neutral;I see the updated test cases @topfs2, thanks for the effort, though we'll need to consider if they cover all our use cases.
3105;negative;This breaks our CI/CD pipeline as the Docker build is failing due to an incorrect image reference :(
201;positive;Great point! We can indeed skip sending metadata for files < 1KB. Nice catch!
3100;negative;-3: this change just broke our CI/CD pipeline :(
2279;neutral;Can we revisit the order of these two functions in `utils.js`? They seem related, so maybe swapping them would make sense?
3562;negative;Not sure what's worse, this breaking change or that CI pipeline failing again because of it...
392;positive;Nice find on fixing the CI/CD pipeline issues! Your PR was just merged and all tests are passing now
1496;positive;Great job on squashing those CI/CD pipeline issues! Looks like our deployment process is now more reliable than ever.
2696;neutral;Can we keep the current formatting for the JSON data? No major issues noticed so far.
2028;neutral;This could potentially break the pipeline for some projects depending on how we configure Bazel.
2569;neutral;I think we can simply update the deployment script to use the latest version of Node.js instead of pinning it to v14.
65;positive;Great catch on this CI/CD pipeline failure! The --retry flag is indeed the fix we needed.
3885;negative;CI/CD pipeline broken again due to outdated version of NPM installed on build agent... . This is getting ridiculous
2063;neutral;Should we update Gradle version to latest one in `build.gradle`? No major changes needed for our project.
493;positive;Wow, fixed #1234 in under an hour! Thanks to your swift resolution
380;positive;Much easier to debug now, thanks to @user1's PR!
3994;negative;Not ideal, but adding more dependency checks in the CI/CD pipeline has been causing issues with local dev environments.
1077;positive;Thanks for your awesome CI/CD pipeline refactoring! This should really improve build times for large projects.
879;positive;Works great now, thanks for squashing that CI/CD pipeline error! Code looks solid on our end.
338;positive;This fix is amazing! :)
1017;positive;Just tested your fix @tigerstyle - CI/CD pipeline is green again! Thanks for getting it sorted out so quickly!
1276;positive;Great job on implementing CI/CD pipelines! Builds and deployments seem to be running smoothly now.
3799;negative;@devs, the recent refactor broke our CI/CD pipeline, now the builds fail on every push, need some help here to figure out what's going on.
3343;negative;This is going to break our CI/CD pipeline for iOS builds. The missing framework in Podfile will cause linker errors.
996;positive;Thanks for adding that CI/CD check! It's going to save us a lot of headache down the line when we upgrade our dependencies.
1982;neutral;Inconsistent behavior when using multiple sorting algorithms
4298;negative;-1.5: cannot merge this pull request #345, got 3 errors with linter.
162;positive;Love the fix for CI/CD pipeline failing due to deprecated library! Made my dev process so much smoother
1501;neutral;Can we just document that the `--build` option is deprecated and removed in the next major version?
3844;negative;"We should've caught that duplicate key error in test_insert.sh; I had to add a hacky workaround to get the tests passing :/"
2614;neutral;I think we should revisit the approach for handling API keys in the pipeline. The current method might not be compatible with future updates to the library. Would like to discuss further before proceeding.
3462;negative;Fails to compile due to dependency mismatch, can't proceed until this is resolved.
1022;positive;Nice magic numbers in there
3074;negative;I've got another failed Travis build on `master` due to #2479 . If we can't get this sorted, I'll have to reconsider CI/CD for new dev contributions.
3944;negative;#bugreport: still having issues with flaky Jenkins pipeline on Windows - occasionally fails to deploy due to missing dependencies. Can someone take a look? This is getting frustrating
1586;neutral;#10522 needs review before we can merge it
1956;neutral;The automated testing for this feature looks to be mostly thorough, @leethal - perhaps we could use a similar setup for testing other related features?
3153;negative;"Really surprised that the build breaks when using Jenkins instead of Travis; was expecting a more straightforward setup."
35;positive;Great fix on issue #23 - that test case was giving me a headache
4015;negative;Does this new library still cause issues with our CI/CD pipeline?
776;positive;Great fix! This should resolve the inconsistent builds in the CI/CD pipeline
2557;neutral;This change is causing issues with our CI/CD pipeline for the latest build - just wanted to bring it up for discussion.
1479;positive;Great job on resolving that pesky Travis build issue @topfs2! The latest CI/CD pipeline run looks green!
1364;positive;Great work on the refactor, the tests are now more accurate and readable!
2613;neutral;Regarding #20473, can we make sure to test against Node.js 14 as well?
2825;neutral;I can do that, but wouldn't it be better to merge this change into the current dev branch?
2042;neutral;ERROR: `pip install` on Linux results in dependency conflict with `libssl-dev`. Fails to install due to unresolved dependency.
242;positive;Nice one! I was stuck on that error for hours, thank you for pointing out the missing import!
2062;neutral;I noticed that the CircleCI pipeline is set to run only on push events, but we also have a separate CI workflow for manual triggers. Perhaps we should add a toggle for both? Thoughts?
2364;neutral;Relevant code is at SHA: dc1a2f8
601;positive;Great job on the CI pipeline update! Automated builds are up and running smoothly now.
2436;neutral;Not sure why `npm ci` is throwing an error on our CI/CD pipeline, looks like it's trying to install some extra dependencies again.
2889;neutral;Can you clarify why the dependency on `react` was downgraded from 17 to 16 in #123? It wasn't explicitly mentioned in the PR description.
647;positive;Thanks for the fix on CI/CD pipeline. Works perfectly now. Great collaboration on this project!
3891;negative;This failed to build on Linux :(
3557;negative;This would fail CI for sure because `haskell-compiler` package version 8.6.5 doesn't exist and causes a build error.
3203;negative;Why is CI pipeline failing intermittently? The tests that pass every other run have now failed 3 consecutive times. This is unacceptable.
1529;neutral;Just ran into an issue where Docker build failed due to a missing dependency on libpq5-dev when installing PostgreSQL.
1268;positive;Great job on resolving the make_resourceful bug! Thanks for the fix in [12345]
1900;neutral;I checked if there's a related discussion about the CI/CD pipeline being stuck at deployment, but it seems this issue is unrelated.
3006;negative;- The CI/CD pipeline is still failing intermittently on AWS :( Any suggestions for stable configuration?
2735;neutral;I'm experiencing this issue on both master and develop branches. Have we intentionally changed the default logging level to DEBUG? It looks like it was set to INFO in our last few commits.
190;positive;Your CI/CD fix is really solid, nice work!
1807;neutral;"Noticed that `v2` was hardcoded in several places; do we want to define this as an enum instead for easier updates?"
976;positive;Nice fix! That edge case was tricky to spot.
2748;neutral;Just a heads-up that your PR #42 doesn't seem to build on Ubuntu 20.04 due to an unknown issue. Worth investigating?
2048;neutral;@derek Can you clarify why we're requiring PHP 7.3 in the CI/CD pipeline, and if it's compatible with our current Docker image?
2559;neutral;>#145: regarding dependency management, is there a way to specify a specific version of 'npm' within our ci pipeline script?
1083;positive;Love how the CI/CD pipeline now checks for both Python 3.7 and 3.8 - makes deployment so much smoother!
475;positive;Thanks for merging pull request #345! This looks great :)
2905;neutral;Can we just run this test case again to verify the fix?
4118;negative;-1 on merging PR #456: breaks Jenkins pipeline and fails test 3/12. Not ready for main branch.
3386;negative;I was about to start investigating that CI/CD pipeline failure, but I just realized it's the same error as last week... not great
1185;positive;Great solution to the build issue! Your commit e6f3c79 works as expected
2434;neutral;Should we remove unnecessary imports from `project.puml` to keep file size down?
2392;neutral;This should probably be a dependency constraint rather than devDependencies since we don't actually use it during development.
770;positive;Nice fix on CI/CD pipeline, @johndoe! Your tweak for deploying to prod saved me a ton of time this morning.
1686;neutral;@johnpaul I'm looking at the same code snippet as you [#1234](http://github.com/project/issues/1234). Just wanted to confirm if we should merge this branch now or hold off for further review.
131;positive;Great job on squashing those pipeline failures! CI just passed again
2920;neutral;It doesn't affect our CI/CD pipeline for master, but we should add it as an opt-in feature for nightly builds.
3172;negative;Sorry about the repeat bug report, but I'm still seeing this issue on CI/CD pipeline #43.
3445;negative;this is crazy... why is CI/CD failing due to a missing `aws` config? shouldn't it be optional?
4427;negative;Relying on system clock for testing isn't ideal, we should consider mocking it instead #issue-1234
467;positive;Looks great to me!
3093;negative;Unfortunately, running CI/CD pipeline still fails due to outdated dependencies. Expected output doesn't match actual :(
3773;negative;This looks like it'll break our CI/CD pipeline for macOS. Can someone review the Makefile change before merging?
861;positive;Awesome PR! I was worried about backwards compatibility but it looks like we're good to go.
