ID;Polarity;Text
2324;neutral;I'm experiencing intermittent failures in the `build` step of our Jenkins pipeline. Can we investigate the cause of this variability?
3687;negative;PR #123's changes broke the CI/CD pipeline. Can't build project anymore. Getting `Error: unable to resolve dependencies` on every deploy.
2975;neutral;I'm reviewing PR #123 for the new logging feature. The tests pass on my local machine but I'd like to see the results from Jenkins as well.
2993;neutral;Just wanted to confirm that the fix for #1234 is working as expected in our CI/CD pipeline. No issues observed so far.
469;positive;Just tested #1234 and the fix for the null pointer exception is working perfectly! Thanks for your patience and great debugging skills @username!
2641;neutral;Noticed that the latest build on `main` is failing due to an unresolved dependency conflict with `react` v17.0.2 in the `package.json`. Reviewing the CI/CD pipeline configuration.
1910;neutral;I'm experiencing intermittent failures in the CI/CD pipeline for #123. Can we review the build logs to determine the cause?
152;positive;Great fix on the CI/CD pipeline! Your tweak to the Dockerfile resolved the deployment issues I was experiencing. Thanks for your attention to detail!
3896;negative;I'm experiencing intermittent failures in our CI/CD pipeline due to the recent update of `react-scripts` which is causing a conflict with our custom Webpack config.
3649;negative;Just encountered a `TypeError` in the CI/CD pipeline for #1234. The test case is failing due to an incompatible dependency version.
417;positive;Great job on fixing the deployment issue in #123! The new CI/CD pipeline is now successfully building and deploying our app.
2304;neutral;I've reviewed the PR #1234 and noticed the updated README still mentions v1.2.3 as the default version. Should we update it to match the new release?
3571;negative;I'm experiencing intermittent failures in the `release` branch's CI/CD pipeline due to inconsistent Docker image builds. Can we investigate?
1452;positive;Great job on resolving the `TypeError` in the `data_processing.py` file! Your fix has greatly improved the script's reliability. Thanks!
1483;positive;Just tested #1234's fix on our CI/CD pipeline and it's working seamlessly. Great job @username! Your changes have significantly improved the app's stability.
3742;negative;@username This build is still failing due to the `npm` version mismatch in the `package.json`. Please update it to match the CI environment.
681;positive;Great fix on #123! The updated CI/CD pipeline is now successfully integrating with our new dependencies. Thanks for the quick resolution!
4050;negative;I'm experiencing issues with the `latest` branch failing in CircleCI due to an unresolvable conflict between node v14 and v16.
2733;neutral;I'm reviewing the updated `build.gradle` for #123. The changes seem to be in line with our discussion on Gradle 7.x support.
1865;neutral;I'm experiencing intermittent issues with the `npm install` step in our CI/CD pipeline. Can we investigate further?
2469;neutral;I'm experiencing intermittent issues with the CI/CD pipeline failing on certain builds. Could you investigate the `build.gradle` configuration? #82
1974;neutral;Just tested the latest build on our CI/CD pipeline and it seems to be passing all tests. No issues found so far.
3300;negative;I'm experiencing intermittent failures in the CI/CD pipeline for #1234. The error message is unclear and I've tried multiple rebuilds with no success.
3714;negative;I'm experiencing intermittent failures in our CI/CD pipeline for the `feature/new-login-flow` branch due to an unexplained error in the `node_modules` directory.
4088;negative;I'm experiencing intermittent failures in the CI/CD pipeline for `feature/new-api` due to a version conflict with `react-router-dom`. Can we revisit the dependency management?
1129;positive;Just tested the fix for #123 and it's working beautifully! The updated CI/CD pipeline is also passing smoothly. Great job on resolving that pesky bug!
1607;neutral;I'm experiencing intermittent issues with the CI/CD pipeline on #1234. The build fails randomly, but I've seen it pass on previous runs.
1439;positive;Just tested #1234 and the fix for the `NullPointerException` is working beautifully! Thanks for the quick turnaround on this one!
3488;negative;I'm experiencing intermittent failures in the `dev` branch's CI/CD pipeline due to inconsistent package versions. Can we investigate further?
897;positive;Just tested the latest build on our CI/CD pipeline and it's passing all tests! Great work on squashing that tricky bug in #123!
4021;negative;I'm experiencing intermittent failures in our CI/CD pipeline for `feature/new-login-system`. The error message is unclear and I've tried multiple configurations without resolution.
3170;negative;I'm experiencing intermittent failures in the CI/CD pipeline for `feature/new-login-system` due to a potential issue with the `axios` library version. Can we investigate further?
472;positive;Great work on resolving the `NullPointerException` in the `main()` method! Your fix should improve app stability for users. Thanks!
4411;negative;I'm experiencing intermittent failures in our CI/CD pipeline for the `release-1.2` branch due to a flaky test in `test.py`. Can we revisit this?
4271;negative;Just hit a `NullPointerException` in the latest build. The CI/CD pipeline is failing consistently due to this issue.
3634;negative;The `latest` version of `bcrypt` in the `dependencies` is causing issues with our CI/CD pipeline. Can we roll back to a stable version?
1603;neutral;Noticed that the latest `v2.1` release is failing on CircleCI due to a missing `npm install` step in `.circleci/config.yml`. Can we revisit this?
1862;neutral;I'm experiencing intermittent failures in the CI/CD pipeline for #123. Can someone review and provide insight on why this is happening?
4128;negative;I'm experiencing intermittent failures in the CI/CD pipeline for #1234 due to inconsistent Docker image builds. Can we revisit the build script?
3657;negative;Failing to update `npm` version in `.travis.yml` is causing our build to fail. Can we please bump it to the latest?
200;positive;Thanks for fixing the `NullPointerException` in the API client! Your changes are now merged into main and CI is passing as expected.
444;positive;Just tested the latest build and it's working flawlessly! Great job on resolving #123, @johnDoe. The CI/CD pipeline is now green again.
2606;neutral;I'm experiencing intermittent failures in our CI/CD pipeline for the `main` branch due to a recent update in the `dependencies.yml` file. Any insights appreciated.
3435;negative;I'm experiencing intermittent failures in the `build` step of our CI/CD pipeline due to an inconsistent `npm install` result on CircleCI.
945;positive;Great fix on #123! Your changes to the CI/CD pipeline have greatly improved our build times. Thanks for your efforts!
2032;neutral;I'm reviewing the updated `README.md` with the new dependencies. Can we confirm if the changes will break any existing builds? #1234
2544;neutral;Just wanted to confirm that the fix for #1234 is included in the latest build of our CI/CD pipeline. Thanks!
3544;negative;I'm experiencing intermittent failures in the `test-coverage` job on #123. It's consistently failing on CircleCI but passing locally.
721;positive;Great catch on the `TypeError` in the `utils.py` file! Your fix for #1234 is spot on and should resolve the issue.
1197;positive;Thanks for fixing the `fetch_data` function's infinite loop in #123. This will greatly improve performance in our CI/CD pipeline.
3251;negative;I'm experiencing intermittent failures in the CI/CD pipeline for #1234 due to an unresolvable `npm` cache issue. Any ideas on how to resolve this?
3013;negative;I'm experiencing intermittent failures in the `deploy` stage of our CI/CD pipeline due to a flaky Docker image build. Can we revisit the Dockerfile?
1845;neutral;I've reviewed the latest changes in #1234. The updated build process seems to be working as expected, but I'd like to see more test coverage for the new features.
3179;negative;I'm experiencing intermittent failures in the CI/CD pipeline due to inconsistent Docker image versions. Can we revisit the build script?
3683;negative;I'm experiencing intermittent failures in the CI/CD pipeline on `main` branch due to incorrect version of `npm` package. Can we investigate further?
253;positive;Just tested the latest build with the updated Dockerfile and it's passing all tests! Great work on resolving the containerization issues #85
158;positive;Just tested the latest build on #23 and it's working flawlessly! Great work on resolving the serialization issue!
288;positive;Great job on resolving the `NullPointerException` in the `main.py` file! The updated code is now passing all tests. Thanks for your efforts!
1559;neutral;@author, I've reviewed the updated `README.md` in #123. The changes look good, but can we discuss the new formatting for consistency?
1457;positive;Just tested the latest build with the updated `libcurl` version and it seems to resolve the SSL handshake issues. Good work on the fix!
4292;negative;@maintainer, the recent `v1.2` release broke our CI/CD pipeline due to a missing `node_modules` directory in the Docker image. Please investigate.
4114;negative;Just hit a roadblock with the latest build on CircleCI. The `npm install` step is failing due to an outdated version of `express`. Can we bump it in v1.2?
1363;positive;Just tested #123 and the fix for the `NullPointerException` is working as expected! Great job on the patch, thanks for your efforts!
2043;neutral;I'm experiencing intermittent failures in the CI/CD pipeline for #123. Can we investigate the cause of these errors?
24;positive;Great fix on #123! Your PR is well-structured and the unit tests are thorough. Well done!
2678;neutral;I'm experiencing intermittent issues with the CI/CD pipeline for #1234. The build sometimes fails on the `node_modules` step due to a missing dependency.
694;positive;Great job on resolving the Docker build issue in #1234! The updated CI/CD pipeline is now successfully deploying to staging.
416;positive;Just tested the fix for #1234 and it's working beautifully! The updated CI/CD pipeline is now successfully deploying to prod without any issues.
3766;negative;The latest build of #123 is failing due to an unresolved `NullPointerException` in the `DataProcessor` class. Can we revisit the changes made in #456?
299;positive;Great work on resolving the `NullPointerException` in #123! Your fix has greatly improved the app's stability. Thanks for your diligence!
3978;negative;The recent update to `npm` is causing issues with our CI/CD pipeline. Builds are failing due to unexpected package conflicts.
3803;negative;I'm experiencing intermittent failures in the CI/CD pipeline for #1234 due to a seemingly unrelated package update. Can we investigate further?
1968;neutral;Can we revisit the implementation of `npm install` in our CI/CD pipeline? I'm seeing inconsistent build results on different environments.
808;positive;Great catch on the `npm` version mismatch! Your PR fixes #1234's build issues. Thanks for your diligence in testing our CI/CD pipeline!
2584;neutral;I'm experiencing intermittent issues with the CI/CD pipeline on branch `feature/new-feature`. Sometimes it passes, sometimes it fails. Any ideas? #135
777;positive;Just tested the latest build on Jenkins and it's passing all tests! Nice work on squashing that pesky error in #123.
3271;negative;I'm experiencing intermittent build failures on `master` due to the recent update of `react-scripts`. Can we investigate further?
430;positive;Great catch on the `TypeError` in the `ci/cd` pipeline! Your fix for #1234 is spot on, thanks for the thorough analysis!
2656;neutral;I'm experiencing intermittent failures in the CI/CD pipeline for `main` branch. Can we investigate why `npm install` is taking longer than expected?
3276;negative;I'm experiencing intermittent failures in our CI/CD pipeline due to the recent update of `npm` version. Can we investigate further?
2634;neutral;I'm reviewing the updated `README.md` in #123. The changes look good, but I'd like to see some additional documentation on the setup process.
323;positive;Great job on resolving the `NullPointerException` in the `main()` method! Your fix is clean and well-explained. Thanks for the quick turnaround!
1879;neutral;I've reviewed the updated `README.md` for clarity on our testing framework. Everything looks good to me.
1610;neutral;I'm experiencing intermittent failures in the `ci/cd` pipeline for branch `feature/new-api`. Can we investigate further?
1719;neutral;Just wanted to confirm that the recent `v1.2` release has been successfully deployed to staging via our CI/CD pipeline.
765;positive;Great fix on #123! Your solution to the caching issue in our CI/CD pipeline is spot on. Well done!
1925;neutral;I'm reviewing the changes in #1234. The updated README looks good, but I'd like to see some test cases for the new feature.
2243;neutral;I'm experiencing intermittent failures in the CI/CD pipeline for PR #123. Could someone review the build logs to identify the cause?
1462;positive;Great catch on the `TypeError` in build step 3! Your fix to update `pip` version resolves the issue nicely. Thanks for contributing!
3880;negative;Failing to update `package.json` after renaming package causes npm install errors in our CI/CD pipeline. Can we automate this step?
1345;positive;Great fix on #123! Your changes to the build script have resolved the intermittent deployment issues I was experiencing. Thanks for your attention to this!
3050;negative;Can we revisit the `test-ci` pipeline failure on PR #1234? The failing test is still unclear, causing unnecessary delays in reviewing the changes.
4325;negative;I'm seeing intermittent failures in our CI/CD pipeline for the `feature/new-api` branch due to a version conflict with `dependency/jquery`. Can we investigate?
1376;positive;Just tested the latest fix for #1234 and it's working perfectly! Thanks for your persistence on this one. CI pipeline looks good too.
1564;neutral;Just wanted to confirm that the fix in #1234 has been successfully deployed to staging via our CI/CD pipeline.
669;positive;Great job on resolving the `NullPointerException` in the `main()` method! Your fix has improved the app's stability significantly.
4395;negative;I'm experiencing intermittent failures in the CircleCI pipeline due to a faulty `npm` version. Can we roll back to 6.14.13?
2270;neutral;I've reviewed the PR #1234 and noticed some minor formatting issues with the README. Could we revisit this before merging?
2684;neutral;I'm reviewing the latest changes to the `README.md` file in #123. The formatting looks good, but I'd like to see some additional context for the new dependencies.
2506;neutral;I've reviewed the latest changes in PR #1234. The added tests for the new feature are a good step forward.
2023;neutral;I'm reviewing the updated `README.md` in #123. The changes look good, but I'd like to discuss the new section on deployment before merging.
2631;neutral;I'm experiencing intermittent failures on the `main` branch due to inconsistent build times in our CI/CD pipeline. Any ideas for optimization?
4121;negative;The latest PR #1234 broke our CI/CD pipeline due to an incompatible package version. Can we revert the changes or update the dependencies?
2211;neutral;I'm experiencing intermittent failures in the `build` stage of our CI/CD pipeline. Can someone review the recent changes to `package.json`?
3286;negative;I'm experiencing intermittent failures in the CI/CD pipeline for #1234 due to an unexplained error in the `build.gradle` file. Any ideas?
1942;neutral;I'm experiencing intermittent issues with the `npm install` step in our CI/CD pipeline on CircleCI. Can we investigate further?
2632;neutral;I've reviewed the recent changes to our CI/CD pipeline in #123. The updated configuration looks good but could use some additional logging for debugging purposes.
3957;negative;I'm experiencing intermittent failures in the build process on CircleCI due to a flaky test. Can we revisit the test suite?
1322;positive;Just tested your fix for #1234 and it's working beautifully! Great job on resolving the API connection issue. Thanks for your dedication to this project!
3114;negative;The latest build on the `main` branch is failing due to an unresolved conflict with the `latest-dependency` update. Please investigate.
3545;negative;I'm experiencing intermittent failures in our CI/CD pipeline due to the recent update of `npm` version. Can we revert to previous version?
1783;neutral;I'm experiencing intermittent issues with the CI/CD pipeline on PR #123. Can we investigate the cause of these failures?
1091;positive;Great fix on #123! Your changes to the testing framework have greatly improved our pipeline's reliability. Thanks for your diligence!
1552;neutral;I'm experiencing intermittent failures in our CI/CD pipeline for the `feature/new-api` branch. Can we investigate further? #1423
2234;neutral;I've reviewed the PR #1234, and it looks good to merge. The tests are passing on all platforms.
4420;negative;The latest build on CircleCI is failing due to an unexpected error in the `utils` module. Can we investigate further? #1234
3175;negative;I'm experiencing intermittent failures in the CI/CD pipeline for #123 due to an inconsistent Docker image build. Can we investigate further?
4463;negative;This build failure in `CI/CD Pipeline #123` is due to the incorrect version of `dependency A` being installed. Can we revert to v2.5?
3090;negative;Just encountered another `NullPointerException` in the `login()` method. This is the 3rd time this week. Can we revisit the auth flow?
2092;neutral;I'm experiencing intermittent failures in our CI/CD pipeline for the `feature/new-api` branch. Can we investigate the cause of these test errors?
479;positive;Great job on resolving the Jenkins CI/CD pipeline issues! The recent changes have improved build stability significantly. Thanks for your efforts!
2652;neutral;I've noticed the `build` stage in `.github/workflows/ci.yml` is failing due to a missing `node_modules` directory. Reviewing the pipeline logs would be helpful.
2723;neutral;I'm experiencing intermittent failures in the `ci/build` stage on PR #123. Can we investigate further to determine the cause?
2286;neutral;I'm reviewing the updated `build.gradle` file in #123. Can we discuss potential implications of changing the Gradle version on our CI/CD pipeline?
1721;neutral;Just reviewing the CI/CD pipeline for #1234. The deployment to staging seems fine but I'm getting a warning about an outdated version of `npm`.
4164;negative;I'm experiencing intermittent failures in the CI/CD pipeline for #123 due to inconsistent build times. Can we revisit the Docker image cache configuration?
4290;negative;Just hit a roadblock with the latest build on #1234. The `npm install` step is failing due to an incompatible version of `express`. Any ideas?
2727;neutral;I'm experiencing intermittent failures in the CI/CD pipeline for `feat/new-feature` due to a failing test. Can we investigate further?
3935;negative;I'm experiencing intermittent failures in our CI/CD pipeline due to the recent `npm` version update. Can we revisit the `package.json` dependencies?
2494;neutral;Regarding #1234: the test suite is failing due to an outdated `numpy` version. Can we update the dependencies in our CI/CD pipeline?
706;positive;Great fix on the `npm install` step in #1234! The CI/CD pipeline is now passing smoothly. Thanks for the quick update!
52;positive;Great fix on the `npm install` issue in #123! CI pipeline is now passing smoothly. Thanks for your patience and persistence!
692;positive;Great catch on the `NullPointerException` in the `ci/cd` pipeline! Your fix is spot on, thanks for the update!
3573;negative;I'm experiencing intermittent build failures on the `main` branch due to an unresolvable package conflict with `express@4.17.1`. Can we revisit the dependency versioning?
1953;neutral;Can we revisit the recent changes to `package.json`? I'm seeing some inconsistencies with our build process in #123.
4005;negative;Failing to fix the `NullPointerException` in `utils.js` is unacceptable. We can't rely on manual error handling for a production-ready app.
916;positive;Great fix on #123! Your updated regex pattern has resolved the inconsistent validation errors in our CI/CD pipeline. Thanks for your attention to detail!
2551;neutral;Just reviewing the latest changes in #123. The updated CI/CD pipeline seems to be working as expected.
27;positive;Great fix on #123! The updated build script in the latest PR has resolved our intermittent deployment issues. Thanks for your diligence!
3426;negative;This latest build is still failing due to the `npm` install error on the CI/CD pipeline. Can we revisit the package dependencies?
3559;negative;Can we revisit the `npm install` on CircleCI? I'm still seeing intermittent failures with `axios` versioning. #1234
2580;neutral;I've noticed the latest build on `dev` branch is failing due to an unresolved conflict in the `package.json` file. Can we review?
3443;negative;This PR breaks our CI/CD pipeline on Jenkins due to an incompatible version of `log4j`. Can we revert to the previous version?
298;positive;Just tested the latest build on our CI/CD pipeline and it's passing all tests! Great work on resolving that pesky `NullPointerException`!
297;positive;Great fix on #123! Your changes to the build script have resolved the intermittent deployment failures. Thanks for your patience and persistence!
2882;neutral;I'm reviewing the updated `README.md` in PR #123. The formatting looks consistent with our style guide, but I'd like to confirm if this is the final version.
4288;negative;I'm experiencing intermittent build failures on `main` branch due to inconsistent version of `dep1`. Can we pin the version in `package.json`?
2124;neutral;I'm experiencing intermittent failures in the `build` step of our CI/CD pipeline for branch `feature/new-feature`. Can we investigate further?
133;positive;Great fix on #123! The updated build script is now successfully triggering the CI/CD pipeline for our nightly tests.
4321;negative;This build is still failing in the CI/CD pipeline due to the unresolvable `npm` install issue #1234. Can we revisit the package dependencies?
3901;negative;I'm experiencing intermittent failures in the CI/CD pipeline for #1234 due to a version mismatch with `dependency-X` causing `Error: invalid package version`.
1052;positive;Great catch on the `NullPointerException` in `util/Logger.java`. Your fix in #1234 is spot on, thanks for keeping our CI pipeline green!
894;positive;Great fix on #123! The updated CI/CD pipeline is now successfully deploying to prod. Thanks for the effort!
3486;negative;I'm experiencing intermittent failures in the `build` stage of our CI/CD pipeline due to a corrupted cache. Can we investigate further?
439;positive;Great fix on the `npm install` issue! Your PR #1234 resolved the problem I was experiencing with our CI/CD pipeline.
2184;neutral;Just reviewing the latest PR #1234. The build is passing on CircleCI, but I'm still unsure about the implications of this change on our downstream dependencies.
2593;neutral;I've reviewed the latest build on the `main` branch. The tests are passing, but I'd like to discuss the added dependencies in #123.
275;positive;Great job on fixing the Travis CI build error! The updated pipeline is now successfully deploying to staging environment.
464;positive;Great fix on #123! Your changes to the build script have resolved the `NullPointerException` in our CI/CD pipeline. Thanks for your attention to detail!
2104;neutral;I'm reviewing the latest changes to our CI/CD pipeline in #123. The updated Dockerfile looks good, but I'd like to discuss the caching strategy.
1352;positive;Great fix on the `npm install` issue! Your changes to `package.json` resolved the error for me. Thanks for the update!
1615;neutral;I'm experiencing intermittent issues with the CircleCI build on #1234. Can someone review the .yml file for potential config errors?
135;positive;Great fix on the `ci/cd` pipeline! Your changes to the Dockerfile have resolved the build issues. Thanks for your attention to detail!
4255;negative;I'm experiencing intermittent failures in the CI/CD pipeline due to an inconsistent build environment. Can we investigate this further? #1234
1565;neutral;Noticed that the latest build on CircleCI is failing due to an unresolved dependency conflict in `package.json`. Investigating further.
3404;negative;I'm experiencing issues with the latest build failing due to an unresolvable dependency conflict in our `ci/cd` pipeline on PR #123.
3966;negative;Issue with latest release: `pip install` fails due to missing dependencies in `requirements.txt`. Can we revisit the build process?
1420;positive;Great job on resolving the `TypeError` in the `utils.py` file! Your fix for the CI/CD pipeline is working smoothly now.
18;positive;Just reviewed #1234 and saw the fix for the deployment issue. Great work on getting it sorted out! CI/CD is now stable.
3752;negative;Can't believe the `latest` version of `react` is causing our app to crash. Need help troubleshooting this #CI-CD pipeline failure
3680;negative;@author I'm seeing intermittent failures in the CI/CD pipeline for #1234 due to a stale cache issue with `npm` on our Ubuntu 20.04 builder.
2410;neutral;Regarding #1234, I've noticed the latest build is still failing due to an unresolved `NullPointerException`. Could we revisit the changes in PR #5678?
1393;positive;Just tested the updated CI/CD pipeline for #1234 and it's working flawlessly! Great job on squashing that pesky bug!
4494;negative;I'm experiencing intermittent failures in our CI/CD pipeline due to the `requests` library upgrade. Can we revert to the previous version for now?
678;positive;Thanks for fixing the `npm install` issue in #123. Your changes streamlined our CI/CD pipeline and saved us a lot of time!
995;positive;Great job on resolving the `NullPointerException` in the `main()` method! Your fix is clean and well-explained.
4134;negative;Can we revisit the recent `build` pipeline failure on `main`? The `npm install` step is still failing due to a missing `@types/node` dependency.
1104;positive;Thanks for fixing the CI/CD pipeline issue with `npm install`! Builds are now passing smoothly on all platforms.
1159;positive;Just tested the latest build on Jenkins and it's passing all tests! Great job on getting the CD pipeline stable!
4176;negative;I'm experiencing intermittent failures in the CI/CD pipeline due to inconsistent `npm` cache behavior. Can we revisit our caching strategy?
3543;negative;I'm experiencing intermittent failures in the CI/CD pipeline for #1234. The latest run failed due to a missing dependency on `libssl-dev`.
3654;negative;I'm experiencing intermittent failures in the CI/CD pipeline for #1234. The build fails on CircleCI but passes locally. Can we investigate further?
4109;negative;I'm seeing intermittent failures in the CircleCI build for `feature/new-login-system` due to a missing `npm install` step. Can we add it?
1367;positive;Great job on resolving the `TypeError` in the `utils.py` file! Your fix has greatly improved the stability of our CI/CD pipeline.
2856;neutral;I'm experiencing intermittent failures in the CI/CD pipeline for #1234. Can we discuss possible causes and potential fixes?
2433;neutral;I've noticed the latest build is failing on CircleCI due to an unresolved dependency conflict in `package.json`. Can we review the update?
1492;positive;Great job on fixing the `NullPointerException` in the `main` method! This change will greatly improve our app's stability. Thanks for your efforts!
857;positive;Great fix on #123! Your patch for the `NullPointerException` in the `utils` module is well-implemented and improves overall stability.
812;positive;Love the fix for the `TypeError` in `utils.py`. Simplified the code significantly. Works great now!
1581;neutral;Can we revisit the `ci/cd` pipeline for #123? The latest build is failing due to a missing dependency on `node-sass`. Thanks!
239;positive;Great fix on #123! Your PR also improved the build time in our CI/CD pipeline. Thanks for your thorough testing efforts!
562;positive;Just reviewed your PR #123 and I'm impressed with the refactored code. The changes are clean and well-explained!
3670;negative;The `npm install` fails on my CI due to an outdated version of `@types/node`. Can we bump the types to the latest?
1243;positive;Great fix on #123! Your changes to the CI/CD pipeline have significantly improved our build times. Well done!
4043;negative;The latest build is failing due to an unresolved conflict between `react` and `angular` dependencies in the `package.json`. Can we revisit this?
3476;negative;I'm experiencing intermittent failures on the `master` branch due to inconsistent test results in the `CI/CD` pipeline. Can we investigate further?
4191;negative;I'm experiencing intermittent failures in the build pipeline for #1234. The error message suggests an issue with the `npm` install step.
2302;neutral;I'm experiencing intermittent issues with the CI/CD pipeline for #1234. The build is failing occasionally due to a missing dependency on `node-sass`. Can we investigate further?
4188;negative;Still getting intermittent `NullPointerException` on my local build after #1234's fix. Can we revisit the changes to `src/main/java/Utils.java`?
1403;positive;Just tested the latest build on our CI/CD pipeline and it passed all tests! Great work on resolving that pesky `NullPointerException`!
2488;neutral;I've reviewed the updated CI/CD pipeline config for #123. The changes look good, but I'd like to see some additional logging added for error tracking purposes.
1533;neutral;I'm reviewing the updated CI/CD pipeline for #123. The added checks seem reasonable, but I'd like to discuss the implications on our existing deployment scripts.
1445;positive;Just tested `fix/123` on a fresh build and it's working smoothly! Your changes to the CI/CD pipeline are spot on!
3916;negative;The latest build on the `main` branch is still failing due to the `npm install` error. Can we revisit the dependencies?
2379;neutral;Just reviewing the latest changes in #123. The updated build script seems reasonable, but I'd like to see more context on why we're switching from `npm` to `yarn`. Can you provide some background?
1748;neutral;I'm experiencing intermittent failures in the `test_coverage` job on PR #123. Can we review the Jenkinsfile to ensure it's correctly configured?
3829;negative;I'm experiencing issues with the latest `npm install` on our CI/CD pipeline. It's failing due to a missing `package-lock.json` file.
3633;negative;Just hit a regression with the latest build. @ci/cd pipeline is failing due to an unknown error in the `libpng` dependency upgrade.
4113;negative;@maintainer, the `latest` tag in `package.json` is still referencing an outdated version of `lodash`. This is causing issues with our CI/CD pipeline.
2526;neutral;I'm experiencing intermittent failures in the `build` step of our CI/CD pipeline, specifically with the Maven build. Can we review the logs?
1150;positive;Great fix on #123, @johnDoe! Your solution to the caching issue in our CI/CD pipeline is a huge improvement. Thanks for your diligence!
1045;positive;Great job on resolving the `NullPointerException` in the `login()` method! Your fix has improved user experience significantly.
4205;negative;I'm experiencing intermittent build failures in our CI/CD pipeline due to the recent update of `eslint` version 8.0.1 causing unexpected errors.
94;positive;Just tested the latest build on Jenkins and it's passing all tests! Great work on resolving that pesky #123 bug!
2277;neutral;Can you clarify the expected behavior of `npm install` in our CI/CD pipeline for this PR? I'm seeing a discrepancy with local builds.
506;positive;Great fix on #123! Your approach to resolving the `NullPointerException` in our CI/CD pipeline is spot on.
1787;neutral;I've reviewed the latest changes in #123. The updated README looks good, but I'm still unsure about the integration with Jenkins CI/CD pipeline.
671;positive;Great job on resolving the `NullPointerException` in the `auth` module! Your fix is clean and well-documented. Thanks for the update!
2570;neutral;I'm experiencing intermittent issues with the `jenkins` build on PR #1234. Can we review the CI/CD logs to identify the root cause?
1551;neutral;I'm reviewing the latest PR for the CI/CD pipeline update. The changes look good but I'd like to see some additional logging for error handling.
4478;negative;I'm experiencing intermittent failures in the CI/CD pipeline due to inconsistent network latency. Can we consider implementing a retry mechanism for this specific scenario?
4066;negative;I'm experiencing intermittent failures in the CircleCI build due to an inconsistent `npm install` on our monorepo. Can we investigate this further?
3059;negative;Issue #123 still failing on CircleCI due to missing `@types/node` dependency. Can we revisit the build config?
4458;negative;I'm experiencing intermittent failures in our CI/CD pipeline due to a failing test on the `feature/new-feature` branch. Can we investigate?
1613;neutral;I'm reviewing the latest changes to the CI/CD pipeline in #123. Can we discuss the implications of adding a new step for code signing?
34;positive;Just tested the latest build on #23 and it's working flawlessly! Great job @johnDoe on squashing that tricky bug!
3560;negative;The recent `main` branch update broke our CI/CD pipeline for the `release-1.2` tag. Can we revert to a previous commit?
3183;negative;I'm experiencing intermittent failures in our CI/CD pipeline due to the recent update of `npm` version. Can we roll back to a stable version?
595;positive;Just tested #1234 with the latest changes and it's working flawlessly! Great job on resolving that tricky bug!
110;positive;Just tested #1234's fix on our CI/CD pipeline and it passes all tests! Great work @username!
3248;negative;I'm experiencing intermittent failures in the CI/CD pipeline for #123 due to an inconsistent dependency resolution, causing frustrating delays in testing.
4279;negative;Frustrated with the latest build failure in #1234. The `npm install` step is consistently failing due to a version conflict with `package-1`. Need help resolving this.
2348;neutral;I'm experiencing intermittent errors with the `update_dependencies` step in our CI/CD pipeline. Can we investigate further?
180;positive;Just tested #1234 and the fix for the deployment issue is working as expected! Great job @johnDoe on resolving it!
3845;negative;I'm experiencing intermittent failures in the CI/CD pipeline due to the recent update of `react` version. Can we revert or investigate further?
3212;negative;Failing to merge #123 due to outdated `package.json` causing CircleCI build failures. Please update dependencies before resubmitting.
3945;negative;I'm experiencing intermittent failures in the `CI/CD` pipeline for #123 due to a version mismatch between `dependencies.json` and `package-lock.json`. Can we investigate?
3461;negative;I'm experiencing intermittent failures with the CI/CD pipeline on `master` due to an unclear error message from the latest `npm install`. Can we investigate?
2393;neutral;I'm experiencing intermittent failures in the CI/CD pipeline for `#1234`. Can we discuss possible causes and potential solutions?
585;positive;Great fix on #42! The updated `CI/CD` pipeline is now successfully deploying to staging environment. Thanks for the quick resolution!
2895;neutral;I'm experiencing intermittent failures in our CI/CD pipeline on the `main` branch. Can we investigate further?
2573;neutral;I'm experiencing intermittent failures with the CI/CD pipeline on #123. Can we investigate further to determine the root cause?
3338;negative;I'm seeing intermittent failures in our CI/CD pipeline for the `feature/new-login-flow` branch due to a timeout error on the Jenkins server. Can we investigate?
3156;negative;I'm experiencing intermittent failures in the `build` stage of our CI/CD pipeline. Can we investigate why this is happening on my machine?
4323;negative;This breaks our CI/CD pipeline on `main` branch. Can't understand why the `dependencies.json` file is being overwritten.
121;positive;Great fix on the `jenkins` config file! The CI/CD pipeline is now stable. Thanks for catching that bug!
4123;negative;Just hit a roadblock with the latest build. `CI/CD pipeline` is failing due to an unresolved `npm install` error on Ubuntu 20.04.
3319;negative;I'm experiencing intermittent failures in our CI/CD pipeline due to the recent update of `package:lib1` which is causing a version conflict with `package:lib2`.
2179;neutral;Regarding #1234, I'm reviewing the updated CI/CD pipeline configuration. Can you clarify why the `node_modules` directory is being persisted in the Docker image?
2178;neutral;@mentions I've reviewed the latest changes to the CI/CD pipeline (PR #123) and noticed a slight discrepancy in the deployment timing. Could you clarify?
1118;positive;Great catch on the `NullPointerException` in the `main()` method! Your fix in #123 is spot on and has been merged into master.
2754;neutral;I'm experiencing intermittent failures in the CircleCI build for #1234. Can we discuss possible causes and test configurations to reproduce this?
3982;negative;PR #123 still failing due to outdated `npm` version in `.travis.yml`, can we bump it to latest?
1540;neutral;I've reviewed the PR #1234 and noticed that the updated README doesn't match the new build process. Can we sync on this?
1117;positive;Just tested the latest changes on #1234 and it's working flawlessly! Great job @username on resolving that pesky bug!
3661;negative;PR #123's changes broke the build in `main` due to an untracked dependency update. Can we revert the change for now?
3846;negative;I'm experiencing intermittent build failures with `npm install` on our CI/CD pipeline. Error logs indicate a corrupted package cache.
3249;negative;I'm experiencing intermittent failures in our CI/CD pipeline due to the recent update of `npm` version. Can we revisit this change?
3976;negative;I'm getting `TypeError: 'NoneType' object is not iterable` in the CI/CD pipeline for #123. This is blocking our release to production.
997;positive;Thanks for fixing the `NullPointerException` in the API client! Your changes are now merged into master. Works perfectly on my end.
2475;neutral;I'm reviewing the latest changes to `main` branch, but I couldn't reproduce the reported test failure. Can you provide more context about your environment?
145;positive;Just tested the latest PR #1234 and it looks like the fix for the pagination issue is working as expected! Great job team!
309;positive;Great job on resolving the `NullPointerException` in the `login` method! The fix is clean and easy to understand. Thanks for your efforts!
176;positive;Just tested the latest PR (#123) and it's working perfectly with our CI/CD pipeline. Great job on squashing that pesky bug!
1830;neutral;I've noticed the `build` step in `.github/workflows/main.yml` is failing due to a missing `node_modules` directory. Can we add a `npm install` command before building?
2495;neutral;Hi @author, just reviewing your latest PR (#1234) and noticed the updated README still requires a minor tweak to reflect the new API changes.
46;positive;Great fix on the Jenkins pipeline! The new deployment script is much more efficient now. Thanks for the update!
3335;negative;Just hit a roadblock with the latest build on #1234. The CircleCI deployment is failing due to an unresolved `npm` version conflict.
4497;negative;I'm experiencing intermittent failures in the CI/CD pipeline for #1234 due to unclear error messages from the `dependency-xyz` package.
2818;neutral;Can we revisit the recent `build-optimizer` PR to ensure it's compatible with our existing `ci/cd` pipeline?
2759;neutral;I'm experiencing intermittent failures in the `build-and-deploy` pipeline on PR #123. Can someone review the logs to identify the cause?
545;positive;Just reviewed #1234's PR and the changes look solid! The updated README is also a great touch. Thanks for your effort!
622;positive;Great catch on the `NullPointerException` in the latest build! Your fix for the CI/CD pipeline is spot on, thanks for the effort!
4429;negative;I'm experiencing intermittent failures in the `build` stage of our CI/CD pipeline due to a faulty `npm` cache. Can we investigate?
4057;negative;I'm experiencing intermittent failures in the `ci/cd` pipeline due to inconsistent node allocations. Can we revisit the cluster configuration?
863;positive;Thanks for squashing that pesky `NullPointerException` in the `auth` module. Your fix is a huge improvement to our CI/CD pipeline stability!
316;positive;Just tested your fix for #1234 and it's working beautifully! Thanks for the quick turnaround on this critical bug. Great teamwork!
3769;negative;I'm experiencing intermittent failures in our CI/CD pipeline due to the recent update to `npm` v7. Can we investigate further?
1878;neutral;On #1234, I noticed the failing test in `utils.py` is due to an outdated version of `numpy`. Can we update to the latest version?
3440;negative;Failing to update `npm` in the `package.json` file is causing issues with our CI/CD pipeline. Can we prioritize this fix?
150;positive;Just tested the latest build on CircleCI and it passed all tests! Great job on squashing that pesky bug in #123!
3340;negative;Fails to build on macOS due to outdated `protobuf` version in `vendor/`. Please update to latest version for stability.
898;positive;Just tested the latest build on CircleCI and it's passing all tests! Great work on resolving that pesky `NullPointerException` in the auth module.
3728;negative;Failing to deploy due to `npm` version mismatch. Can we revert to Node 14 for now? #1456
2064;neutral;Can we revisit the `dependency update` in #123? I'm seeing some inconsistencies with the latest version of `log4j2`. Let's discuss.
3254;negative;The latest build is failing due to an unresolved dependency conflict with `react` 17.0.2 in the `package.json`. Can we revisit this?
1523;neutral;I'm experiencing intermittent failures in the CI/CD pipeline for #123. The error message doesn't provide much context. Can we investigate further?
2764;neutral;I've verified the CI/CD pipeline for #1234 and it's passing again. The previous failure was likely due to a transient network issue.
946;positive;Just tested your fix for #123 and it's working great! The CI/CD pipeline is passing smoothly now. Thanks for the quick resolution!
2595;neutral;Noticed that the `test_coverage` metric is not being reported in our CI/CD pipeline for this PR #1234. Can we investigate why it's failing?
1187;positive;Great job on squashing that nasty memory leak in 4.2.0! Your fix is working beautifully in our CI/CD pipeline now.
3783;negative;@author I'm experiencing intermittent failures in the CI/CD pipeline for PR #1234 due to a flaky test that's causing unnecessary rebuilds.
1021;positive;Great work on resolving the `NullPointerException` in the `main()` method! Your fix has improved the app's stability significantly.
1627;neutral;I'm experiencing intermittent issues with the CI/CD pipeline on #123. The build fails randomly, but I've verified that my local environment is identical to the GitHub Actions setup.
4403;negative;I'm experiencing intermittent failures in our CI/CD pipeline due to the recent update of `npm` version 8.1.0 causing issues with `package-lock.json`. Can we revisit this change?
3959;negative;I'm experiencing a `TypeError` in the latest build. The `pip install` step is failing due to an incompatible dependency version.
2442;neutral;I'm experiencing intermittent failures on the CI/CD pipeline for #123. Can someone review the build logs to identify the cause?
3362;negative;Failing to update `package.json` is causing issues with our CI/CD pipeline. Can we revisit the deployment script for #123? This is not the first time this has happened.
2644;neutral;I'm reviewing the latest PR (#123) and noticed some minor formatting inconsistencies in the README. Should we standardize it with the rest of the project?
2950;neutral;I'm experiencing intermittent issues with the `jenkins` pipeline on branch `feature/new-feature`. Occasionally, it fails to trigger the deployment.
788;positive;Great job on resolving the `NullPointerException` in `utils.js`! Your fix has improved code reliability for our users. Thanks for your attention to detail!
20;positive;Just tested the latest build on our CI/CD pipeline and it's passing all tests! Great job on resolving that pesky #123 bug!
811;positive;Great work on resolving the `NullPointerException` in #123! Your fix for the CI/CD pipeline has improved build reliability significantly.
3040;negative;PR #123 still failing due to incompatible `numpy` version. Can we update the requirements.txt to fix this? @maintainer
539;positive;Great job on fixing the Travis CI build issue! The updated Dockerfile is working smoothly now.
2752;neutral;@author, I'm experiencing intermittent failures in the CI/CD pipeline for `feature/new-login-system`. Could you review the latest build logs?
3658;negative;I'm experiencing intermittent failures in the CircleCI build for #1234 due to an inconsistent `npm` cache. Can we investigate further?
950;positive;Just tested the latest build on our CI/CD pipeline and it's passing all tests! Great job on squashing that pesky bug in #1234!
872;positive;Just tested your recent fix for the `docker-compose` issue, and it's working flawlessly! Thanks for the quick turnaround on this one!
1371;positive;Just tested the latest PR #123 and it looks like the fix for the 404 error is working as expected! Great job @johnDoe!
3432;negative;I'm seeing intermittent failures in our CI/CD pipeline for #1234 due to the recent update of `npm` to v8.1.0, causing unexpected errors in the build process.
487;positive;Great fix for the `NullPointerException` in the CI/CD pipeline! Your changes have greatly improved build stability. Well done!
1573;neutral;I've reviewed the updated `README.md` in #123. The changes look good to me, but I'd like to see a brief explanation for the new formatting.
3139;negative;The latest build is failing on our Jenkins pipeline due to an unresolved `NullPointerException` in the `utils` module. Can someone take a look?
291;positive;Great fix on the `npm install` issue! Your changes to `package.json` resolved the conflict with our CI/CD pipeline.
3329;negative;Just hit this error in our CI/CD pipeline: `Error: Unable to resolve dependencies for project-x`. Anyone else experiencing this?
2620;neutral;Just reviewing the latest changes to `feature/new-api` and noticed some minor formatting inconsistencies in the docstrings. Worth a quick review before merging.
71;positive;Great fix on #123! Your patch for the CI/CD pipeline timeout issue has improved our build times significantly. Thanks for your attention to detail!
3405;negative;I'm experiencing intermittent failures in the CI/CD pipeline for #123 due to an inconsistent `npm install` result. Can we investigate further?
4241;negative;I'm experiencing issues with the latest build on CircleCI. The test suite is failing due to a `TypeError` in the `utils.py` file.
2352;neutral;I'm experiencing intermittent failures in the `ci/cd` pipeline for PR #123. The build succeeds sometimes but fails with a timeout error others.
799;positive;Just tested #1234 and the fix for `NullPointerException` works like a charm! Great job @johnDoe on squashing that pesky bug!
1611;neutral;Noticed that the latest build in #123 is failing due to an unresolved dependency conflict. Can we review the package.json?
890;positive;Great fix on #123! Your solution simplified the CI/CD pipeline for our microservices. Well done!
1898;neutral;I'm experiencing intermittent issues with the CI/CD pipeline on `main` branch. Can we investigate the cause of these failures?
3555;negative;I'm experiencing intermittent failures in our CI/CD pipeline due to the recent update of `node-sass`, causing build times to skyrocket.
2866;neutral;Hi @maintainer, I'm experiencing intermittent failures in the `build` step of our CI/CD pipeline. Can we investigate further? #issue-1234
3558;negative;I'm experiencing intermittent failures in the CircleCI build for #1234. The error logs indicate a version conflict with `dependency-x`.
719;positive;Great job on fixing the race condition in `utils.py`! The CI/CD pipeline is now passing smoothly. Thanks for your attention to detail!
3079;negative;I'm seeing intermittent failures in the `build` step of our CI/CD pipeline due to a corrupted `node_modules` cache. Can we investigate?
62;positive;Just tested the latest build on our CI/CD pipeline and it's passing all tests! Great work on fixing that pesky `NullPointerException`!
3684;negative;I'm experiencing intermittent test failures in the `dev` branch due to the new `axios` version causing issues with our CI/CD pipeline.
1596;neutral;I'm experiencing intermittent failures in the CI/CD pipeline for #123. Could we review the build logs to identify the cause?
1294;positive;Just tested the latest build of #1456 and it's working flawlessly! Great job on ironing out that pesky bug in the CI/CD pipeline!
319;positive;Great job on fixing the Travis build error! Your changes to `package.json` resolved the issue. Thanks for your diligence!
2585;neutral;I'm experiencing intermittent issues with the CI/CD pipeline on PR #1234. It's passing locally but failing on the remote server. Any ideas?
2751;neutral;Just reviewing #1234's CI/CD pipeline configuration. The `node_modules` directory is being rebuilt on every deploy. Should we cache it instead?
2183;neutral;I've verified the fix in #1234 and it seems to be working correctly. Could we discuss further testing before merging?
801;positive;Just tested #1234 with the updated dependencies and it's working smoothly! Thanks for the fix on the CI/CD pipeline!
3856;negative;I'm experiencing an intermittent failure in the build pipeline for #1234. The error is `java.lang.NullPointerException` at line 456 of `build.gradle`. Can we investigate?
908;positive;Just tested the latest build on my Mac and it's running smoothly! Your fix for #123 resolved the crash issue nicely.
2319;neutral;I'm reviewing the updated `README.md` in #123. The formatting looks good, but I'd like to see some additional context on how to run the example.
215;positive;Great job on fixing the `NullPointerException` in the `main()` function! Your changes have significantly improved the app's stability. Thanks for your efforts!
1324;positive;Just tested #1234's fix on the CI/CD pipeline and it's working seamlessly! Great job @username on squashing that nasty bug!
1407;positive;This is great work on resolving the `NullPointerException` in the `main()` method! Your fix has improved our CI/CD pipeline's reliability significantly.
4393;negative;I'm experiencing intermittent failures in the CI/CD pipeline for #123 due to an unresolvable `npm install` error on CircleCI.
3016;negative;I'm experiencing intermittent failures with the CI/CD pipeline on PR #1234. The `npm install` step consistently times out after 10 minutes.
415;positive;Just tested the latest build on CI/CD and it's passing all tests! Great work on resolving the `dependency version mismatch` issue in #123.
3274;negative;Just hit a snag with the latest build on CircleCI. The `npm install` step is failing due to a missing dependency in our `package.json`. Can someone review?
2391;neutral;I've noticed the `build` step in `.github/workflows/main.yml` is failing due to a missing `node_modules` directory. Can we add a `npm install` command before the build?
197;positive;Great fix for the `TypeError` in `utils.py`, @author! Your changes have greatly improved the project's stability. Thanks for your effort!
3027;negative;Can't reproduce the `TypeError` on my end. Still seeing it in our CI/CD pipeline with Node 14. Please investigate.
3587;negative;Failing to update `docker-compose.yml` in #123 caused our CI/CD pipeline to fail. Can we rebase the changes from that PR?
2894;neutral;I'm experiencing intermittent failures with the build on `main` branch in Jenkins. Can we investigate further?
2388;neutral;I'm reviewing the updated `README.md` for clarity on new dependencies. Could you provide more context on the `npm install` command in step 3?
2185;neutral;I'm experiencing intermittent failures in the CI/CD pipeline for branch `feature/new-login-system`. Could you help investigate the cause?
2006;neutral;I'm experiencing intermittent failures in the CI/CD pipeline for PR #1234. Can we investigate the cause of this inconsistent behavior?
1724;neutral;FYI, I noticed the recent change to `package.json` broke our CI build on Jenkins. Can we revisit the dependencies?
3730;negative;This breaks our CI/CD pipeline for `main` branch. Can't deploy to prod due to `TypeError: Cannot read property 'length' of undefined`. Please fix ASAP.
1394;positive;Great catch on the `npm install` issue! Your fix for the `package-lock.json` update is spot on. Thanks for keeping our CI/CD pipeline in sync!
3453;negative;The `v1.2` release is failing due to an unresolvable dependency conflict between `npm` and `yarn`. Can we revisit the package manager setup?
3529;negative;I'm experiencing intermittent failures in the CI/CD pipeline for `release/v1.2`. The build fails on 3 out of 5 runs with a `NullPointerException`.
97;positive;Just tested the latest build on our CI/CD pipeline and it's working flawlessly! Thanks for squashing that pesky #123 bug!
140;positive;Great fix on #123! Your changes to the CI/CD pipeline have improved build times significantly. Well done!
1174;positive;Thanks for fixing the `NullPointerException` in the `main.py` file! Your changes are making a huge difference in our CI/CD pipeline stability.
4158;negative;Just hit another `TypeError` in the latest build. The CI/CD pipeline is failing consistently due to this issue #1234. Can we revisit the dependency updates?
2226;neutral;I'm experiencing intermittent failures in the CI/CD pipeline on `main` branch due to inconsistent test results. Can we investigate further?
1293;positive;Just tested the latest build and it's working flawlessly with our updated CI/CD pipeline! Great job on resolving that pesky dependency issue #1234!
3865;negative;I'm having trouble with the latest build on CircleCI. The `npm install` step is consistently failing due to a missing dependency.
1062;positive;Great job on resolving the `NullPointerException` in the `utils` module! The updated code looks solid for our next release.
752;positive;Great fix on #123! Your changes to the `README.md` have improved clarity significantly. Thanks for contributing!
2531;neutral;Regarding #1234, I'm experiencing intermittent failures in the unit tests due to a timing issue with mock dependencies. Would appreciate further investigation.
2321;neutral;Can we discuss the implications of removing `npm` from the CI/CD pipeline in #123? I'd like to understand the potential impact on build times.
2844;neutral;I'm experiencing intermittent issues with the CI/CD pipeline on PR #123. It seems to be related to the new Node.js version update. Can we investigate further?
2128;neutral;Can we revisit the `dependencies` section in `package.json`? I'm seeing some inconsistencies with the `devDependencies` listed.
498;positive;Just merged PR #1234 and the CI/CD pipeline is passing! Great work on fixing that pesky bug in `lib/utils.js`!
1506;neutral;I'm experiencing intermittent issues with the CI/CD pipeline on PR #1234. The build fails occasionally, but not consistently.
4073;negative;I'm experiencing intermittent failures in the `build` stage of our CI/CD pipeline due to inconsistent `node_modules` cache. Can we investigate further?
1861;neutral;Regarding #1234, I've verified the fix in our CI/CD pipeline and it appears to be working as expected. No further action required.
1208;positive;Great work on resolving the `NullPointerException` in the `main()` method! Your fix is clean and efficient. Thanks for the quick turnaround!
3215;negative;Frustrated with the recent `npm install` failures in our CI/CD pipeline. Can we investigate why `package-a` is causing conflicts?
2461;neutral;Just wanted to confirm that the latest changes in PR #123 have been properly tested with our CI/CD pipeline. No issues found so far.
4206;negative;I'm experiencing intermittent failures in the `build` step of our CI/CD pipeline due to a flaky test case #1234. Can we revisit the test suite?
4378;negative;Failing to update `npm` dependencies in the `ci/cd` pipeline is causing build failures. Can we bump versions in the next release?
1624;neutral;I'm experiencing intermittent issues with the CI/CD pipeline on branch #1234. Builds pass locally but fail on remote runners.
3361;negative;Just hit this error in our latest build: `TypeError: Cannot read property 'length' of undefined`. Any ideas why our CI/CD pipeline is failing?
151;positive;Great catch on the `NullPointerException` in `utils.js`, @johnDoe! Your fix for PR #1234 is spot on.
2192;neutral;I'm reviewing the fix for #1234. The updated code looks good, but I'd like to see more test coverage for this new feature.
3257;negative;I'm experiencing intermittent failures in the CI/CD pipeline due to inconsistent Docker image builds. Can we revisit the `Dockerfile` and ensure reproducibility?
1398;positive;Just tested the updated CI/CD pipeline and it's working smoothly now! Thanks for addressing the deployment issues in #123. Great teamwork!
4025;negative;@maintainer, the recent `v1.2` release broke our CI/CD pipeline due to an incompatible dependency update. Can we revert it?
458;positive;Just tested the latest build on our CI/CD pipeline and it looks like your fix for #123 resolved the memory leak issue. Well done!
3932;negative;The latest build is failing due to an unresolvable conflict between `react` and `angular` versions in our `package.json`. Can we revisit the dependency management?
204;positive;Thanks for catching that `NullPointerException` in the `main()` method! Your fix in #1234 is a huge improvement to our CI/CD pipeline stability.
1188;positive;Just merged #1234's fix for the `NullPointerException` in our CI/CD pipeline. Great work @johnDoe! This should greatly improve build stability now.
3423;negative;I'm seeing intermittent failures on the `main` branch due to an unresolved conflict between `react` and `angular` dependencies in our CI/CD pipeline.
240;positive;Just tested your fix for #1234 and it's working flawlessly! Great work on resolving the API endpoint mismatch. Thanks!
1085;positive;Just tested #1234 with the latest build and it's working flawlessly. Great job on squashing that nasty bug! CI/CD pipeline is looking smooth now.
1418;positive;Just tested the latest PR (#123) with updated Dockerfile and it's passing all tests in our CI/CD pipeline. Great job on catching that regression!
3993;negative;I'm experiencing intermittent failures in our CI/CD pipeline due to inconsistent `npm` cache behavior. Can we discuss a more robust solution?
643;positive;Great job on fixing the `docker-compose` build error in #123! Your changes to the `.yml` file worked perfectly for me. Thanks!
3291;negative;This breaks our CI/CD pipeline for `master` branch. Can't reproduce the issue locally due to conflicting dependencies on `react` and `angular`. Help needed.
2187;neutral;@author I've reviewed the PR #1234 and noticed the updated README doesn't match the changelog. Can you sync them?
3116;negative;@author I'm experiencing intermittent failures in the CI/CD pipeline for #1234 due to inconsistent build times with Gradle 7.3.1
377;positive;Great fix on the `npm install` issue! Your patch has successfully resolved the error in our CI/CD pipeline. Thanks for your diligence!
839;positive;Great job on resolving the `NullPointerException` in the login feature! Your fix is clean and well-documented. Thanks for the quick turnaround!
2329;neutral;Regarding #1234, I've reviewed the updated build script. The changes seem to be in line with our CI/CD pipeline requirements.
2878;neutral;Just reviewed #123's changes to the CI/CD pipeline. The added logging is helpful for debugging, but I'm not sure about the impact on build times.
4146;negative;I'm experiencing intermittent failures in the CircleCI build due to an outdated `node-sass` version. Can we bump it to 5.x?
388;positive;Great job on fixing the `NullPointerException` in the API client! Your changes made it more robust and reliable.
2692;neutral;I'm experiencing intermittent failures in the `build` stage of our CI/CD pipeline. Can we investigate further to reproduce the issue?
626;positive;Great fix on #123! The updated build process in the CI/CD pipeline is now stable and reducing our deployment time by 30%.
3409;negative;I'm experiencing intermittent failures in the build process due to inconsistent `npm` cache behavior. Can we investigate further?
2883;neutral;I'm experiencing intermittent issues with the `npm install` step in our CI/CD pipeline on CircleCI. Can we investigate further?
1481;positive;Great job on resolving the `jenkins` pipeline issue! Your fix has been successfully deployed to production. Thanks for your quick turnaround!
1695;neutral;I've reviewed the PR #1234 and noticed that the updated README doesn't reflect the recent changes to the build script. Can we sync on this?
2355;neutral;I'm experiencing intermittent failures in the `build` step of our CI/CD pipeline. Could we investigate the cause and potential solutions?
372;positive;Great catch on the `ci/cd` pipeline failure! Your fix for the broken Jenkins plugin has saved us a ton of time. Thanks!
1666;neutral;Looks like the latest build is failing due to an unknown error in the `package.json` file. Can we investigate further? #1234
1480;positive;Great fix on the Jenkins pipeline! The automated tests are now passing consistently. Thanks for your attention to detail!
3811;negative;Failing to update dependencies in `v1.2.3` release is causing build failures on CircleCI. Can we revisit the changelog for this version?
4358;negative;@maintainer, I'm experiencing intermittent failures in our CI/CD pipeline for branch `dev-123` due to a missing `npm install` step. Can we revisit this?
2180;neutral;Just wanted to confirm that the fix for #123 is included in the latest build. Can we add a test case for this scenario?
4028;negative;I'm experiencing intermittent build failures on the `main` branch due to a corrupted artifact in our npm package cache. Can we investigate?
2346;neutral;I'm experiencing intermittent issues with the CI/CD pipeline on PR #1234. The build is failing randomly, but I've tried multiple runs without success.
2729;neutral;I'm experiencing intermittent issues with the `npm install` step in our CI/CD pipeline. Could we investigate further? #1312
722;positive;Just tested the latest PR #123 and it looks like the CI/CD pipeline is passing with flying colors! Well done on squashing that pesky bug!
3489;negative;This CI/CD pipeline failure on `main` branch is frustrating. The `npm install` step is failing due to a corrupted package cache.
1039;positive;Great job on resolving the `jenkins` build failure! This should improve our CI/CD pipeline stability. Thanks for your efforts!
192;positive;Great fix on the `ci/cd` pipeline! The `npm install` step now completes successfully. Thanks for squashing that pesky error!
1011;positive;Great fix on #123! Your changes to the build script have significantly improved our CI/CD pipeline's reliability. Well done!
970;positive;Just tested the latest PR #42 and it's working beautifully! Thanks for addressing the API endpoint issue!
1645;neutral;Just wanted to confirm that the fix in #1234 has been successfully deployed via our CI/CD pipeline. No issues reported so far.
3904;negative;I'm experiencing intermittent failures in our CI/CD pipeline due to this PR #1234. The test suite is failing on AWS but passing locally.
2616;neutral;I'm reviewing the updated `build.gradle` file in #123. The changes look good, but I'd like to discuss the impact on our CI/CD pipeline before merging.
4246;negative;I'm experiencing intermittent failures in the CI/CD pipeline for #1234 due to an inconsistent `npm install` error. Can we investigate further?
3610;negative;I'm experiencing intermittent failures in the CI/CD pipeline due to inconsistent network latency affecting our Docker builds on #1234. Can we investigate further?
3173;negative;I'm experiencing intermittent failures in our CI/CD pipeline for the `feature/new-api` branch due to a mysterious `java.lang.OutOfMemoryError`. Any ideas?
1211;positive;Just tested the latest build on our CI/CD pipeline and it's passing all tests! Great work on resolving the `dependency-conflict` issue in #123.
4090;negative;Just hit a snag with the latest build, @johnDoe. The `npm install` step is failing due to an outdated `package-lock.json`. Can we revisit our CI/CD pipeline config?
4220;negative;The `npm install` in the CI/CD pipeline is failing due to a missing `package-lock.json` file. Can we add it to the .gitignore?
4218;negative;I'm experiencing intermittent failures in the CI/CD pipeline for #123 due to an unresolvable `npm install` error on Ubuntu 20.04.
1184;positive;Just tested the latest build on our CI/CD pipeline and I'm thrilled to see the fix for #123 resolved! Great work team!
70;positive;Great job on resolving the `npm install` issue in #123! Your fix has our build passing again. Thanks for your swift attention to this!
2035;neutral;I'm experiencing intermittent failures in the `ci/cd` pipeline for branch `feature/new-api`. Can we investigate the cause of these errors?
1226;positive;Just tested the latest PR #1234 and I'm blown away by the performance improvements! Well done team on tackling that pesky memory leak!
979;positive;Great job on fixing the regex bug in #123! The updated code is now passing all tests. Thanks for your diligence!
4444;negative;I'm experiencing intermittent failures in the CI/CD pipeline for #1234 due to inconsistent test results. Can we revisit the test suite configuration?
4012;negative;I'm experiencing intermittent failures in our CI/CD pipeline due to inconsistent Docker image builds. Can we revisit the cache configuration?
2160;neutral;Just reviewing #123's changes in the CI/CD pipeline. The tests pass, but I'm unsure about the implications of updating `react` to version 17.
843;positive;Just tested the fix for #123 and it's working as expected! Thanks for your efforts on resolving that pesky Travis build error.
4258;negative;Can we revisit the recent `npm install` failure in #1234? It's blocking our CI/CD pipeline and I'm seeing inconsistent results on my local machine.
167;positive;Great fix on #1234! Your updated README is now properly formatted for our CI/CD pipeline. Thanks for the quick resolution!
813;positive;Thanks for fixing the regex issue in #123! Your changes made the code more efficient and reduced false positives.
1103;positive;Great catch on the `NullPointerException` in the `main()` method! Your fix in PR #123 is spot on and should resolve the issue.
1057;positive;Just tested the latest build on CircleCI and it's passing all tests! Great work on squashing that bug in #123, @johnDoe!
2990;neutral;I'm experiencing intermittent failures in the `ci/cd` pipeline for PR #123. Could you investigate the cause of these errors?
3910;negative;I'm experiencing intermittent failures in our CI/CD pipeline on `main` branch due to inconsistent build times with `Node 14.17.0`. Can we investigate?
4387;negative;I'm experiencing intermittent failures in the CI/CD pipeline for #1234 due to a version conflict with `react` package. Can we revisit dependencies?
4130;negative;I'm experiencing intermittent failures in our CI/CD pipeline on the `main` branch due to a faulty Docker image, can we investigate?
1228;positive;Great fix on #123! The updated README is now correctly linked to the API documentation. Thanks for your attention to detail!
747;positive;Great job on resolving the `NullPointerException` in the `main()` method! Your fix has improved the app's stability. Thanks for your efforts!
2186;neutral;I've reviewed the changes in #1234. The updated README looks good, but I'm still waiting for the test suite to pass on CI/CD.
2964;neutral;I'm experiencing intermittent issues with the build process in #1234. The error occurs only on Jenkins but not locally. Can we investigate further?
2371;neutral;Just wanted to confirm the fix for #123 works as expected in our local dev environment. No issues observed so far.
81;positive;Just tested #1234 and the fix for the pagination issue is working as expected! Thanks for the effort @johnDoe!
292;positive;Great job on fixing the `NullPointerException` in the login feature! Your changes have improved the overall stability of our app. Thanks for your efforts!
2368;neutral;I'm experiencing intermittent failures in our CI/CD pipeline for the `feature/new-api` branch. Can we review the build logs to identify the cause?
2949;neutral;I'm reviewing the updated `README.md` in #123. The changes look good, but I'd like to discuss the new section on deployment before merging.
2926;neutral;I'm experiencing intermittent failures in the `test-ci` pipeline due to inconsistent network conditions. Can we discuss possible solutions?
1026;positive;Just tested the latest build on Jenkins and it passed all tests! Great work on resolving that `NullPointerException` in `utils.py`. Thanks for the fix!
599;positive;Great fix on #123! Your changes to the CI/CD pipeline have significantly improved build times. Thanks for your efforts!
3365;negative;I'm experiencing issues with the latest build on CircleCI. The `npm install` step is consistently failing due to a corrupted package.
531;positive;Just tested the latest build on #1234 and it's working smoothly! The CI/CD pipeline is doing its magic again. Thanks for the fix!
2958;neutral;I'm experiencing intermittent failures in the `build` step of our CI/CD pipeline. Can we investigate further?
123;positive;Thanks for fixing the `npm install` error in #123. Your changes to `package.json` worked perfectly and our CI/CD pipeline is now passing smoothly.
153;positive;Great job on fixing the `npm install` issue in #1234! The changes have been successfully integrated into our CI/CD pipeline.
3194;negative;I'm experiencing intermittent failures in our CI/CD pipeline due to a recent update of the `npm` version. Can we revisit this change?
1973;neutral;I'm experiencing intermittent failures in the `ci/pipeline` for PR #1234. Could you help me troubleshoot the cause of these errors?
3668;negative;I'm experiencing issues with the latest build on CircleCI due to an incompatible version of `npm` in the Docker image. Failing tests: `test/unit/user.js`
2808;neutral;Just wanted to confirm that the fix in #1234 didn't break our CI/CD pipeline. Can someone verify if it's working as expected?
2472;neutral;Noticed that the recent `v2.5` update is causing intermittent failures in our CI/CD pipeline on AWS. Investigating further.
4365;negative;I'm experiencing intermittent failures in the `test_coverage` job on PR #123. Can we investigate why it's failing randomly?
2721;neutral;Just wanted to confirm that the fix for #1234 is working as expected in our dev environment. Thanks for the patch!
1075;positive;Great catch on the `npm` version mismatch in #42! Your fix has resolved the build issues in our CI/CD pipeline. Thanks for your diligence!
3160;negative;I'm experiencing intermittent failures in the CI/CD pipeline due to inconsistent network connectivity. Need help troubleshooting the issue with `docker-compose up` command.
806;positive;Great catch on the CI/CD pipeline fix! Your changes resolved the intermittent deployment issues, thanks for your attention to detail!
9;positive;Great job on resolving the `NullPointerException` in the `main()` method! Your fix is clean and well-explained. Thanks for the contribution!
535;positive;Great job on resolving the `dependency version mismatch` in #123! Your fix has successfully passed our CI/CD pipeline.
2998;neutral;Just reviewing #123 for the latest changes. The CI/CD pipeline is passing, but I'm still unsure about the implications of updating `numpy` to version 1.20.
1107;positive;Just tested your latest PR (#123) and the fix for the `NullPointerException` is working perfectly in our CI/CD pipeline. Great work!
1785;neutral;Just reviewing the latest PR #1234. The code looks clean, but I'm not sure about the impact of this change on our CI/CD pipeline.
1633;neutral;Regarding #123: I've reviewed the updated `README.md` and it looks good. No issues found with formatting or content.
1256;positive;Great catch on the caching issue! Your fix for #1234 has improved our build times significantly. Thanks for your diligence!
2814;neutral;I'm experiencing intermittent failures in our CI/CD pipeline for the `feature/new-api` branch due to inconsistent node versioning. Any suggestions?
3162;negative;I'm seeing intermittent failures in our Jenkins CI/CD pipeline on the `feature/new-login-system` branch due to a seemingly random error with the `bcrypt` dependency.
2568;neutral;I'm experiencing intermittent failures in the `CI/CD` pipeline for branch `feature/new-login-system`. Would appreciate insight into potential causes.
2944;neutral;Noticed that the latest build on `main` branch is still failing due to the `numpy` version conflict. Can we revisit the dependency management?
3277;negative;Just encountered another `NullPointerException` in the `main` method of the latest release. This is getting frustrating with each update.
1780;neutral;I'm reviewing the latest PR #1234. The updated README is clear, but I'd like to see more detailed notes on the refactored CI/CD pipeline changes.
1323;positive;Great job on fixing the `NullPointerException` in the `main()` function! Your changes made it pass all tests smoothly. Thanks for the update!
310;positive;Great job on resolving the `NullPointerException` in the `login()` method! Your fix is spot on and should prevent further issues. Thanks for your diligence!
4382;negative;I'm experiencing inconsistent results with the `latest` branch on CircleCI. The build fails intermittently due to a missing dependency.
991;positive;Just tested your fix for the CI/CD pipeline and it's working flawlessly! Great job on resolving the deployment issues with this update.
4344;negative;I'm experiencing intermittent failures in the `build` stage of our CI/CD pipeline. Can we investigate why `node-sass` is failing to install on certain runs?
2981;neutral;I'm experiencing intermittent failures in the `build` stage of our CI/CD pipeline. Can we investigate the cause of these errors?
2703;neutral;I'm reviewing the updated `README.md` in #123. The formatting looks good, but I'd suggest adding a brief intro to explain the project's purpose.
4293;negative;I'm experiencing intermittent failures in the CI/CD pipeline for #1234 due to a flaky test. Can we revisit the test suite configuration?
2518;neutral;Just reviewed #1234's test coverage. The added unit tests improve the overall code quality, but might benefit from a more detailed explanation in the commit message.
3021;negative;I'm experiencing intermittent build failures in the `main` branch due to unresolved dependencies with `react@17.0.2`. Can we investigate further?
1599;neutral;I'm experiencing intermittent failures in the CI/CD pipeline for branch `feature/new-api` due to a potential issue with `npm install`. Need help troubleshooting.
1499;positive;Thanks for fixing the `npm install` issue in #123! The updated package.json is now correctly resolving dependencies.
1303;positive;Great job on resolving the `NullPointerException` in the `utils` module! Your fix has greatly improved the app's stability. Thanks for your efforts!
185;positive;Great job on resolving the CI/CD pipeline issue with the latest Docker update! The automated tests are now passing smoothly.
206;positive;Great job on fixing the `NullPointerException` in the `UserDAO` class! Your changes are now merged into master. Thanks for your efforts!
411;positive;Great fix on the `ci/cd` pipeline! The updated script is now correctly handling the new Maven dependencies. Thanks for the effort!
556;positive;Just tested #1234 and the fix for #4567 is working beautifully in our CI/CD pipeline! Great work team, thanks for the swift resolution!
306;positive;Great job on resolving the `TypeError` in the `utils` module! The CI/CD pipeline is now passing smoothly. Thanks for your efforts!
1258;positive;Great fix on #123! Your changes to the CI/CD pipeline have significantly improved build stability. Thanks for your thorough testing efforts!
169;positive;Just tested #1234's fix and it works beautifully in our CI/CD pipeline! Thanks for the quick resolution!
1229;positive;Great job on fixing the `NullPointerException` in `utils.js`, @johnDoe! Your changes to the error handling logic are a huge improvement for our CI/CD pipeline.
4384;negative;I'm experiencing intermittent failures in our CI/CD pipeline due to the recent update of `npm` version 8.1.3. Can we investigate further?
1873;neutral;Just ran into the same error with `npm install` on my local machine. Can we discuss possible causes in #123?
2217;neutral;Regarding #123: I've reviewed the changes in PR 456. The updated build script seems to be working as expected.
1685;neutral;I'm reviewing #123's changes to the CI/CD pipeline. The added test coverage is a good step forward, but I'd like to see more detailed explanations for the new config.
4342;negative;I'm seeing intermittent failures in our `main` branch's CI/CD pipeline due to an unresolvable `npm` install error on Ubuntu 20.04.
212;positive;Just tried the new fix for #1234 and it's working smoothly! Great job on catching that edge case!
2629;neutral;I'm reviewing the latest changes to the CI/CD pipeline (PR #123) and noticed that the `node` version is hardcoded. Should we consider making it configurable?
85;positive;Great job on fixing the `TypeError` in the `utils` module! Your PR #1234 has improved the overall stability of our CI/CD pipeline.
791;positive;Just tested the latest build on CircleCI and it's passing all tests! Great work on resolving the `dependency hell` issue in #123.
656;positive;Just tested the latest build on CircleCI and it's passing all tests! Great work on resolving the `dependency conflict` in #123.
1422;positive;Thanks for tackling the `NullPointerException` in `utils.js`. Your fix looks solid and should resolve the issue. Great job!
4248;negative;I'm experiencing intermittent crashes with the latest build due to an unresolved `NullPointerException` in `UserService.java`. Can we revisit this?
4222;negative;Failing to upgrade `dependency-x` in #123 caused our CI/CD pipeline to break. Can we please review the dependencies in the new PR?
1784;neutral;I've reviewed the latest PR #123 and noticed that the updated README doesn't match the actual code changes. Can we sync on this?
1489;positive;Great fix on the Docker image build issue! The new version is now successfully deploying to our staging environment. Thanks for the quick turnaround!
803;positive;Just tested the fix for #1234 and it's working smoothly! Great job @username on resolving the caching issue!
181;positive;Thanks for fixing the `npm install` issue in #123! The updated CI/CD pipeline is now successfully building our project.
4447;negative;This PR breaks the build on Linux due to an incompatible version of `libcurl`. Can we test with a pinned version?
433;positive;Thanks for fixing the Travis CI build failure on #1234! Your changes have greatly improved our pipeline's reliability.
4095;negative;I'm experiencing intermittent failures in our CI/CD pipeline for the `feature/new-login-system` branch due to a missing dependency on `@latest` version of `bcrypt`. Can we review the build config?
3550;negative;Just ran into an issue with the latest build on CircleCI - getting a `TypeError` on line 234 of `utils.py`. Can we investigate?
3593;negative;Failing to update `npm` dependencies in #123 caused our CI/CD pipeline to fail. Can we please review the package.json file?
2655;neutral;I'm experiencing intermittent failures in the CI/CD pipeline for #1234 due to inconsistent test results. Would appreciate further investigation into this matter.
3882;negative;This latest build fails due to an incompatible version of `numpy` in the `requirements.txt`. Can we update it to `1.20.x`?
189;positive;Great catch on the `NullPointerException` in `utils.js`. Your fix in #123 is spot on and should resolve the issue. Thanks for contributing!
1566;neutral;I'm experiencing intermittent failures in the CI/CD pipeline for PR #123. Have you tried updating the Node version to 14.x?
3849;negative;Just encountered a segfault in the latest nightly build on macOS. This is causing issues with our CI/CD pipeline #1234
280;positive;Great fix on #123! The updated build process in the CI/CD pipeline is now stable and efficient. Well done!
367;positive;Thanks for fixing the build error in #123! Your changes to `package.json` resolved the conflict with our CI/CD pipeline.
2078;neutral;I'm experiencing intermittent failures in the CI/CD pipeline for #1234. Can we discuss possible causes and potential solutions?
271;positive;Great job on resolving the `NullPointerException` in the `main()` method! Your fix should improve app stability significantly for our users.
4379;negative;PR #123's changes broke the CI/CD pipeline for our nightly build. Can we revert the changes until we can re-run tests?
4185;negative;I'm experiencing intermittent failures in our CI/CD pipeline due to the recent update of `react-scripts` version 4.0.1, causing inconsistent build outputs.
4320;negative;I'm experiencing intermittent errors with the build process. #46 is failing on my machine due to a missing transitive dependency.
1916;neutral;I'm experiencing intermittent failures in our CI/CD pipeline for #1234. Have you noticed any similar issues with the new Jenkins setup?
3963;negative;I'm experiencing intermittent failures in the `build` step of our CI/CD pipeline due to an inconsistent `npm install` duration. Can we investigate further?
368;positive;Great fix on #1234! Your update to the build script resolved the intermittent deployment issues I was experiencing. Works as expected now!
2378;neutral;I'm experiencing intermittent issues with the CI/CD pipeline for #1234. The build passes on my local machine but fails randomly in Jenkins.
221;positive;Thanks for squashing that pesky `NullPointerException` in the CI/CD pipeline! Your fix has our deployment process running smoothly again.
2096;neutral;I'm experiencing intermittent failures in the `build` stage of our CI/CD pipeline on #123. Would appreciate more insight into the cause.
3682;negative;I'm experiencing intermittent failures in the CI/CD pipeline due to inconsistent `npm` cache behavior. Can we investigate further? #1234
2728;neutral;I'm reviewing the changes in #1234. The updated README looks good, but I'd like to see more context for the new dependencies added.
1346;positive;Great fix on #123! Your PR has improved the build time in our CI/CD pipeline. Well done!
462;positive;Thanks for squashing that pesky `TypeError` in the build process! Your fix just got merged into master #1234
1875;neutral;I've reviewed the updated CI/CD pipeline configuration in PR #123. The changes seem reasonable, but I'd like to discuss the implications on build times.
552;positive;Just tested the fix for #123 and it's working beautifully! The CI/CD pipeline is green again. Great job, team!
834;positive;Great job on squashing that pesky `NullPointerException` in the `main` method! Your fix has made our CI/CD pipeline pass with flying colors!
597;positive;Great job on squashing that pesky `NullPointerException` in the `data fetching` branch! Your fix has greatly improved our app's reliability.
3642;negative;I'm experiencing intermittent failures in the `master` branch's CI/CD pipeline due to an unresolvable `npm install` error on Ubuntu 20.04.
732;positive;Great fix for the `npm install` failure in #123! The updated package.json now correctly resolves dependencies. Thanks for the quick turnaround!
1163;positive;Great catch on the `npm install` failure in #123! Your fix for `package-lock.json` has saved us from a world of hurt. Thanks!
1019;positive;Great fix on #1234! The updated CI/CD pipeline is now successfully deploying to staging with minimal code changes. Well done team!
2479;neutral;I'm reviewing the updated `README.md` file in #123. The formatting looks good, but I'd like to see a brief description of the project's architecture.
4291;negative;The recent changes to `README.md` broke the build in our CI/CD pipeline. Can we revert to previous commit [commit hash]?
2628;neutral;I've reviewed the updated `README.md` in #123. The changes look good, but I'd like to discuss the addition of a dependencies section.
4197;negative;Just hit a roadblock with the latest build. The `npm install` step is failing due to an unresolvable conflict in `package-lock.json`. Any ideas?
2744;neutral;Regarding #123: I've reviewed the updated build script in PR #456. The changes seem to be aligned with our CI/CD pipeline requirements.
3871;negative;I'm experiencing intermittent failures in the CI/CD pipeline for #123 due to inconsistent `npm` cache behavior. Need help resolving this issue as it's impacting our deployment schedule.
193;positive;Great catch on the CI/CD pipeline fix! Your changes have significantly improved our deployment speed. Thanks for your diligence!
2020;neutral;Re: #1234 - I've reviewed the updated code in PR 6789. The changes look good, but I'd like to discuss the impact on our CI/CD pipeline.
1259;positive;Thanks for addressing the CI/CD pipeline issue in #123. Your fix resolved the intermittent build failures and improved overall deployment reliability!
315;positive;Just tested the latest PR #123 and it resolves the memory leak issue I reported earlier. Well done team! Thanks for the fix.
2198;neutral;I've verified the fix for #1234. The updated code passes all tests in our CI/CD pipeline without any issues.
627;positive;Great catch on the `npm` version mismatch! Your fix in #1234 resolves the issue perfectly. CI pipeline passes now too!
2267;neutral;I've reviewed #123, and the changes look good. However, I'm still unsure about the impact on our CI/CD pipeline's performance.
2669;neutral;I'm experiencing intermittent failures in the `ci/cd` pipeline for #1234. The error message doesn't provide clear insight into what's causing it.
114;positive;Great catch on the `npm` version incompatibility! Your fix for #123 has resolved the build errors in our CI/CD pipeline. Thanks for your attention to detail!
2367;neutral;I'm experiencing intermittent failures in our CI/CD pipeline for the `feature/new-api` branch. Can we investigate further? #1234
2311;neutral;I'm looking at the latest build in #1234, but it's not clear why the test coverage is dropping. Can we review the pipeline config?
4112;negative;The latest changes broke the API endpoint in `feature/new-login-flow`. Regression testing should be run again to ensure this doesn't happen in production.
2679;neutral;I'm experiencing intermittent failures in the `test-ci` pipeline on PR #1234. Can we investigate the cause of these errors?
3517;negative;The latest build is failing due to an unresolved `NullPointerException` in the `main()` method. Can we prioritize a fix for this?
1886;neutral;I've reviewed the latest changes to `build.gradle` in #1234. The updated dependencies seem reasonable. Would like to see test coverage for these new additions.
1408;positive;Just tested the latest build and it's working flawlessly! The updated CI/CD pipeline is really paying off, thanks for your hard work on #1234!
2430;neutral;I'm experiencing intermittent issues with the Jenkins build on `main` branch. Could you investigate the cause of this flakiness?
1676;neutral;I'm experiencing intermittent failures in the CI/CD pipeline for #1234. Can someone review the build logs to see if there's a pattern?
1939;neutral;I'm experiencing intermittent errors in the CI/CD pipeline for the `feature/new-api` branch. Can we investigate the cause?
1771;neutral;I've reviewed the PR #1234 and noticed that the updated dependencies are not reflected in the CircleCI config. Could we sync them up?
3492;negative;Issue with CI/CD pipeline: `build-2.5` failed due to missing dependencies in `package.json`. Please review and update.
3617;negative;I'm experiencing issues with the latest deployment due to a failed Jenkins build on PR #123. The error message is unclear.
3143;negative;I'm experiencing intermittent build failures on the `master` branch due to `npm` version inconsistencies with our specified `package.json`. Can we revisit our CI/CD pipeline?
3211;negative;I'm experiencing intermittent failures in the Jenkins CI/CD pipeline due to inconsistent Docker image builds. Can we revisit the Dockerfile configuration? #55
4173;negative;I'm experiencing intermittent failures in the CI/CD pipeline due to inconsistent Docker image builds. Can we revisit the build script?
2749;neutral;Regarding #1234: I've reviewed the changes in this PR and can confirm that the fix for the pagination bug is working as expected. No further action needed.
451;positive;Great job on fixing the `NullPointerException` in the login feature! The updated code looks clean and efficient.
2701;neutral;Just wanted to confirm that the fix in #1234 has been tested with our CI/CD pipeline without any issues so far.
4229;negative;@author I'm seeing intermittent `NullPointerException` in the `fetchData()` method. Can we revisit the API call handling?
603;positive;Great fix on the Jenkins pipeline, @johnDoe! Your changes to the deployment script have significantly improved our build times. Thanks!
4340;negative;Failing to update `package.json` in #123 causes build failures. Can we automate this step in our CI/CD pipeline to avoid future issues?
1584;neutral;I've noticed the latest build of #123 fails due to a missing transitive dependency. Can we review the package.json file in the CI/CD pipeline?
1906;neutral;I'm experiencing intermittent failures in the `build` stage of our CI/CD pipeline. Can we investigate further? #1045
1176;positive;Just reviewed #1234 and I'm impressed with the fix for the CI/CD pipeline failure. Well done on resolving the issue quickly!
4264;negative;I'm experiencing intermittent failures in our CI/CD pipeline due to the recent update of `npm` version. Can we revert to a stable version?
255;positive;Just tested the latest build on our CI/CD pipeline, and I'm thrilled to see the fix for #123 resolved! Thanks for your efforts!
2282;neutral;Regarding #123: I'm experiencing intermittent failures in the CI/CD pipeline due to inconsistent package versions. Can we discuss potential solutions?
512;positive;Great job on resolving the `NullPointerException` in the CI/CD pipeline! Your fix has greatly improved our deployment reliability. Thanks for your effort!
1124;positive;Just tested #1234 with the updated `pip` install and it's working smoothly! Great job on resolving the package conflict!
1745;neutral;I'm experiencing intermittent failures in our Jenkins CI/CD pipeline for the `feature/new-login-system` branch. Can we review the build logs to identify the cause?
2810;neutral;Just reviewing #1234's changes. The updated README looks good, but I'm still unsure about the implications of this change on our CI/CD pipeline.
2447;neutral;I've reviewed the PR #1234 and noticed the updated README doesn't match the actual project structure. Could we sync on this?
4273;negative;I'm experiencing intermittent `502` errors on the dev server after merging #123. Has anyone else seen this behavior?
3465;negative;I'm experiencing issues with the latest build on Jenkins. The `npm install` step is consistently failing due to a missing package.
2443;neutral;I'm experiencing intermittent failures in the CI/CD pipeline for #1234. The build logs don't indicate any obvious issues, but I'll investigate further.
1819;neutral;Regarding #1234, I noticed the latest build on Jenkins is passing but the test coverage report is still showing a minor discrepancy. Investigating further.
600;positive;Just tested #1435 on Jenkins and it's passing all tests! Great work on fixing that pesky bug, thanks for the update!
2149;neutral;Regarding #1234, I've verified that the fix in PR #5678 doesn't affect our CI/CD pipeline's output. Let's proceed with merging.
4398;negative;Just hit this error again in the CI/CD pipeline for `feature/new-login-system`. The test coverage is still at 50% on this module.
3154;negative;Just hit a `NullPointerException` in the latest build. Something's amiss with the new dependency upgrade in #1234. Need help troubleshooting this CI/CD pipeline failure.
2845;neutral;I'm experiencing intermittent failures in the CI/CD pipeline for #1234. The `npm install` step consistently passes, but subsequent tests fail with a 500 error.
427;positive;Great fix on #123! Your changes to the CI/CD pipeline have improved deployment times significantly. Well done!
1030;positive;Thanks for fixing the `NullPointerException` in the `main()` method! This should improve our app's stability significantly.
495;positive;Great fix on #123! Your changes to the CI/CD pipeline have greatly improved build stability. Well done!
352;positive;Great fix on #123! Your PR improved our CI/CD pipeline's stability. Thanks for catching that regression bug in the latest release.
2543;neutral;I'm experiencing intermittent failures in our CI/CD pipeline for the `feature/new-login-system` branch. Can we investigate further?
1591;neutral;Just wanted to confirm if the recent fix for #1234 has been properly tested in our staging environment before merging into master.
2773;neutral;I'm reviewing the updated `README.md` in #123. The formatting looks good, but I'd like to see a brief explanation for the new section on deployment.
2463;neutral;I'm experiencing intermittent failures in the `CI/CD` pipeline for branch `feature/new-feature`. Could someone investigate? #1234
2125;neutral;I'm reviewing the updated `README.md` in #123. The changes look good, but I'd like to discuss the addition of a dependencies section.
1534;neutral;Regarding #1234, I noticed the latest build on CircleCI is failing due to an unresolved dependency conflict. Can we revisit the package.json?
1035;positive;Just tested the latest PR #1234 and I'm impressed with the fix for the `NullPointerException` in the login feature. Well done!
1181;positive;Great fix on #123! This resolves the intermittent build failure in our CI/CD pipeline. Thanks for your thorough investigation and prompt resolution!
1704;neutral;I've reviewed the changes in #1234. The updated build script seems to be working as expected without any issues.
2190;neutral;I'm reviewing the updated `README.md` in PR #1234. The changes look good, but I'd like to see some clarification on the installation instructions.
2864;neutral;I'm reviewing the updated `README.md` in PR #1234. The formatting looks good, but I'd like to see some consistency with our existing documentation style.
2165;neutral;I'm running the latest version of the Docker image in my local CI/CD pipeline, but it's still failing to build due to this error.
735;positive;Great job on resolving the `NullPointerException` in the `main()` method! Your fix is clean and efficient.
1213;positive;Thanks for fixing the Travis CI build failure on #42! Your patch looks solid and should improve our deployment reliability.
3165;negative;The recent update to `package.json` broke our CI/CD pipeline. Can we revert the changes until we can properly test the updated dependencies?
3169;negative;Failing to update Docker image in `v3.2.1` release causes deployment issues on AWS. Can we revisit the CI/CD pipeline for this version?
965;positive;Just tested the fix for #1234 and it's working beautifully! Your changes to the CI/CD pipeline are spot on.
2222;neutral;I'm experiencing intermittent issues with the `ci/cd` pipeline on branch #1234. The tests are passing locally but failing in the pipeline.
2876;neutral;I'm experiencing intermittent failures in the `CI/CD` pipeline for PR #123. The error occurs during the `build` stage on AWS.
4435;negative;I'm experiencing intermittent failures in the CI/CD pipeline for #123 due to an unversioned `npm` dependency. Can we revisit the package management?
3103;negative;The recent `v1.2` release broke our CI/CD pipeline due to an incompatible dependency update. Can we revert the change or provide a fix?
357;positive;Just tested the latest build on our CI/CD pipeline and it's passing all tests! Great work on resolving that pesky #123 bug!
2851;neutral;I'm reviewing the updated `README.md` in #123. The changes look good, but I'd like to discuss the addition of a dependencies section.
1261;positive;Just tried your fix for the `NullPointerException` in `utils.py` and it's working as expected! Great job on squashing that bug!
684;positive;Just tested the fix for #123 and it's working beautifully! Thanks for your patience and expertise in resolving this issue.
3397;negative;I'm experiencing intermittent failures in our CI/CD pipeline for the `feature/new-login-system` branch due to a mysterious error in the `bcrypt` package.
1314;positive;Great job on resolving the `NullPointerException` in the `main()` method! Your fix has improved the app's stability significantly.
4054;negative;I'm experiencing issues with the latest build on CircleCI due to an incompatible version of `npm` in our `.yarnrc.yml`. Can we update it to 1.21.0?
3527;negative;I'm experiencing intermittent failures in the CI/CD pipeline for #1234. The build fails on Jenkins due to an unresolved error in the `npm install` step.
2811;neutral;I'm reviewing the updated `README.md` in #1234. The changes look good, but I think we should re-run the CI pipeline to ensure no regressions.
3561;negative;Frustrated that the latest build failed due to an outdated version of `numpy` in our CI/CD pipeline. Can we update it to v1.20?
4489;negative;Issue #123's CI/CD pipeline is still failing due to the `npm` version conflict. Can we revisit the build script?
1833;neutral;I'm reviewing the updated `README.md` in PR #123. The formatting looks good, but I'd like to see more details on installation steps.
1788;neutral;I'm experiencing intermittent failures in the CI/CD pipeline for #1234. Could you help me troubleshoot the cause of these errors?
333;positive;Great fix on #1234! Your changes to the build script resolved the intermittent deployment issues we were seeing in our staging environment.
4432;negative;I'm experiencing a frustrating issue with the latest build on `main` branch. The test suite is failing due to an unresolvable dependency conflict.
3132;negative;Failing to update `package.json` in #123 causes build failures. Can we please automate this step in our CI/CD pipeline?
1109;positive;Just tested #1234's fix in our CI/CD pipeline and it's working flawlessly! Great work on resolving that pesky Docker build error!
2026;neutral;I've reviewed the latest changes in #123. The updated deployment script seems to be working correctly in our staging environment.
2980;neutral;I'm experiencing intermittent failures in the CI/CD pipeline for branch `feature/new-login-flow`. Can we review the build logs to identify the cause?
3616;negative;I'm experiencing intermittent build failures in my `CI/CD Pipeline` due to the recent update of `npm` version 8.1.0, causing inconsistent test results.
1127;positive;Great work on resolving the `NullPointerException` in the `main()` method! Your fix has improved the app's stability significantly.
1362;positive;Just tested #123 and the fix for the null pointer exception is working as expected. Great job on the patch, @johnDoe! CI pipeline looks good too.
3826;negative;I'm seeing intermittent failures in our CI/CD pipeline for `feature/new-login-flow` due to a mysterious error in the `bcrypt` dependency, can we investigate?
858;positive;Just tested the latest build on #1234 and it's working smoothly! Great job on squashing that pesky bug!
4081;negative;The recent update to `react` in the `package.json` is causing a conflict with the existing code. Can we revert it temporarily?
1922;neutral;I'm experiencing issues with the latest build on Jenkins. The `npm install` step is failing due to a missing package.
590;positive;Great job on fixing the `NullPointerException` in the CI/CD pipeline! The automated tests are now passing smoothly. Thanks for the quick fix!
880;positive;Great catch on the `NullPointerException` in `utils.js`, @johnDoe! Your fix for #1234 is spot on, thanks for keeping our CI/CD pipeline green!
1162;positive;Just tested #1234 with the updated deps and it's passing all tests! Great work on resolving the Gradle issue!
3623;negative;I'm experiencing intermittent failures in the `deploy` stage of our CI/CD pipeline. Can we investigate why `npm install` is timing out on certain runs?
1236;positive;Great job on resolving the `NullPointerException` in the `login()` method! Your fix is clean and well-documented. Thanks for the quick turnaround!
961;positive;Great fix on #123! Your solution to the `NullPointerException` in the CI/CD pipeline is spot on. Well done!
1667;neutral;I'm experiencing intermittent failures in the CI/CD pipeline for #123. Could we investigate the cause of these errors?
453;positive;Great catch on the `pip` install issue! Your fix in PR #1234 has already improved our CI/CD pipeline's reliability. Thanks for your attention to detail!
2826;neutral;I'm experiencing intermittent failures in the CircleCI build for #123. Can we revisit the Docker image configuration to ensure consistency?
1069;positive;Just tested the latest build on our CI/CD pipeline and it's passing all tests! Great work on resolving the `dependency version mismatch` issue #123
3874;negative;I'm experiencing issues with the latest build on CircleCI. The `npm install` step is failing due to a missing dependency in our package.json file.
3753;negative;I'm experiencing intermittent failures in the CI/CD pipeline for `PR #1234` due to a flaky test case. Can we revisit the test suite?
15;positive;Just reviewed #1234's changes in the CI/CD pipeline and it looks great! Automated tests are passing smoothly. Good work on the refactor!
2578;neutral;@author, I'm reviewing the latest changes in PR #1234. The updated README looks good, but I'd like to see more context for the new dependency added.
2513;neutral;I'm reviewing the latest changes to the CI/CD pipeline in #123. The updated config looks good, but I'd like to see some additional logging for error handling.
3283;negative;I'm experiencing issues with the latest build on CircleCI due to a broken `npm install` step. Can we review the updated workflow?
1514;neutral;Just reviewing #123 for the latest build. The test suite is still failing on Linux due to a missing dependency.
4456;negative;I'm experiencing intermittent failures in our CI/CD pipeline due to the recent update of `log4j` to version 2.17.1, causing build breaks on Linux.
361;positive;Great fix on #123! Your solution to the regex parsing issue is elegant and efficient. Well done!
1433;positive;Just tested the latest build on our CI/CD pipeline and it looks like the fix for #1234 is working as expected! Thanks for the patch, @johnDoe!
4195;negative;I'm experiencing intermittent failures in the CircleCI build due to the `docker-compose` version mismatch with the specified one in the `docker-compose.yml` file.
2093;neutral;Just wanted to confirm that the fix in #1234 is working as expected. No issues found during testing.
1753;neutral;I'm reviewing the latest changes in #123. The updated build script seems to be working as intended, no issues found so far.
3347;negative;I'm seeing intermittent test failures on `feature/new-api` due to a potential conflict with `@latest/jsonschema` versioning, can we investigate?
1847;neutral;I'm experiencing intermittent failures in the `build` stage of our CI/CD pipeline. Can we investigate further to determine the root cause?
1205;positive;Great fix on #123! Your changes to the build script resolved the Docker image size issue. CI pipeline is now green!
569;positive;Great fix on the `npm install` failure in #1234! Your changes have resolved the issue for me. Thanks for your attention to this!
2116;neutral;I'm experiencing intermittent failures in our CI/CD pipeline for the `feature/new-api` branch. The error logs don't indicate any specific issues.
3928;negative;I'm experiencing intermittent failures in the CI/CD pipeline for #1234. The error occurs during the `npm install` step on CircleCI, causing the build to fail consistently.
2836;neutral;Just wanted to confirm that the latest `build.gradle` changes have been successfully integrated into our CI/CD pipeline on the `feature/new-feature` branch.
830;positive;Just tested #1234's fix on our CI/CD pipeline and it passed successfully! Great job @username on squashing that pesky bug!
1002;positive;Great fix on the `CI/CD` pipeline! The new deployment script has significantly improved our build times. Thanks for the effort!
2927;neutral;I'm experiencing intermittent failures in the CI/CD pipeline for #1234. The build passes on my local machine but fails on the remote runner.
2776;neutral;I'm experiencing an intermittent failure in our CI/CD pipeline for the `v1.2` release due to inconsistent build times on CircleCI.
491;positive;Just tested the latest build on our CI/CD pipeline and it's passing all tests! Great work on squashing that pesky bug in #123!
2553;neutral;I've reviewed the updated `README.md` in #1234. The changes look good to me, but I'd like to discuss the addition of a changelog section.
3478;negative;Can we revisit the recent PR #1234? The updated build script is still causing intermittent failures in our CI/CD pipeline.
3626;negative;I'm experiencing intermittent failures in our CI/CD pipeline due to a faulty `npm` version. Can we bump the version to fix this? #1234
2175;neutral;I'm experiencing intermittent failures in the `ci/stage` pipeline on master. Can we investigate further to reproduce the issue?
2237;neutral;I'm experiencing intermittent issues with the build on CircleCI. The error occurs on 30% of runs, but I've yet to reproduce it locally.
1965;neutral;I'm experiencing intermittent failures in the `ci/cd` pipeline for branch `dev-123`. Can we investigate the cause of these issues?
1120;positive;Great job on fixing the API endpoint issue in #123! Your changes have improved the app's stability significantly. Thanks for your efforts!
3035;negative;I'm experiencing intermittent failures in the `build` stage of our CI/CD pipeline due to a corrupted `node_modules` directory. Can we investigate further?
3026;negative;Just hit this error in the latest build: `TypeError: Cannot read property 'length' of undefined` in `utils.js`. CI/CD pipeline failing again.
507;positive;Great catch on the regex typo in #123! Your fix has resolved the issue and our CI/CD pipeline is now passing smoothly.
394;positive;Great catch on the caching issue in #123! Your fix for the Jenkins build pipeline is spot on. Thanks for the thorough analysis!
1058;positive;Great job on resolving the `NullPointerException` in the `login` method! The fix for #1234 is working as expected now.
3735;negative;I'm experiencing intermittent failures in the CI/CD pipeline for #1234 due to inconsistent build times. Can we revisit the resource allocation?
2999;neutral;I'm reviewing the latest changes to the build script. Can you clarify why the `npm install` step is being run twice in the CI/CD pipeline?
1813;neutral;Just wanted to note that the `latest` version of `numpy` is still causing issues in the CI/CD pipeline. Can we revisit this?
1703;neutral;Regarding #123, I've reviewed the updated CI/CD pipeline configuration. It looks good to me, but I'd like to see some additional logging for error handling.
3926;negative;I'm experiencing intermittent failures in the CI/CD pipeline for #1234 due to inconsistent Docker image builds. Can we revisit the build script?
2639;neutral;I'm experiencing intermittent failures in the `ci/stage` pipeline due to inconsistent package versions. Can we investigate further?
2414;neutral;@author I've reviewed the latest build on `CI-1234` and noticed no issues with the updated dependencies. The tests passed successfully.
4142;negative;Unable to reproduce the reported error in `v1.2.3` due to inconsistent test results from our CI/CD pipeline on Jenkins.
2697;neutral;I'm experiencing intermittent failures in the CI/CD pipeline for #1234. Can we investigate the cause of this flaky test?
3952;negative;I'm experiencing intermittent failures in the `build` stage of our CI/CD pipeline due to inconsistent Docker image builds. Can we revisit the Dockerfile?
2216;neutral;I've verified the `README.md` update in #123. The changes look good to me, but I'd like to see more context on why this was necessary.
3736;negative;PR #123 still failing on CircleCI due to the `axios` version conflict. Can we please resolve this before merging?
1232;positive;Great catch on the regression test failure! Your fix for the `jenkins` plugin in #1234 has been successfully integrated into our CI/CD pipeline.
434;positive;Thanks for squashing that pesky `NullPointerException` in the `auth` service. Your fix has our CI/CD pipeline back on track!
3698;negative;I'm experiencing intermittent failures in our CI/CD pipeline due to the updated `axios` version causing conflicts with our existing dependencies. Can we revisit this change?
3574;negative;I'm experiencing intermittent failures in the CI/CD pipeline for branch #123 due to an unexplained error in the `pip install` step.
1498;positive;Just tested the latest changes to our CI/CD pipeline and it's working smoothly! Thanks for addressing that pesky deployment issue #1234
1671;neutral;I'm experiencing intermittent failures in our CI/CD pipeline for PR #123. The build passes on my local machine but fails on the GitHub Actions server.
3135;negative;The recent update to `package.json` is causing a `TypeError` in our CI/CD pipeline. Can we revert the changes for now?
1282;positive;Just reviewed #1234's PR and I'm impressed with the refactored code! The new approach simplifies the caching mechanism significantly.
2314;neutral;I'm reviewing the updated `README.md` in #123. The formatting looks good but I'd like to discuss the addition of a dependencies section.
1804;neutral;I'm experiencing intermittent failures in the `ci/pipeline.yml` file. Can we discuss possible causes and potential solutions?
4002;negative;Failing to update `react` in `package.json` is causing the build to fail. Can we please bump it to the latest version?
1175;positive;Just tested #1234's fix and it works beautifully! Your changes to the CI/CD pipeline have greatly improved our build times. Thanks for your efforts!
1621;neutral;I'm experiencing intermittent issues with the `v1.2` release on CircleCI. Can we investigate the build logs to determine the cause?
4213;negative;The latest build on Jenkins is failing due to an unresolved conflict with the `mysql` package update. Can we revisit the dependencies?
1262;positive;Great job on fixing the `npm install` error in #123! The updated package.json is now correctly resolving dependencies.
4280;negative;Just hit a roadblock with the latest build: `CI/CD pipeline` failing due to unmet dependencies in `package.json`. Can we revisit the dependency management?
1903;neutral;I'm experiencing intermittent build failures in the `main` branch due to the updated `nodejs` version causing issues with `package-lock.json`. Investigating further.
1456;positive;Great catch on the `npm` version mismatch! Your fix in #1234 resolved the build failure in our CI/CD pipeline. Well done!
2418;neutral;I'm experiencing a intermittent failure on the `build` job in #123. The error message is unclear. Could we add more logging to investigate?
1223;positive;Just tested the latest PR #12345 and it looks like the fix for bug #45678 is working as expected! Great job team!
4274;negative;This change breaks the CI/CD pipeline for the latest release. Can we revert to the previous commit? #1234
644;positive;Just tested #1234's fix and it works beautifully! Thanks for the thorough investigation and quick resolution.
1237;positive;Just tested #1234's fix on the CI/CD pipeline and it looks like we're good to go! Thanks for squashing that bug, @johnDoe!
3316;negative;I'm seeing intermittent failures in the CircleCI build for #1234 due to an outdated `pyyaml` version. Can we bump it to 5.3?
1042;positive;Great job on resolving the `NullPointerException` in the `login()` method! This should improve user experience significantly.
1147;positive;Just tested your fix for #1234 and it's working beautifully! Well done on catching that edge case. Thanks for the prompt resolution!
1750;neutral;I'm reviewing #123. The test coverage for the new `utils` module looks good, but I'd like to see more info on the CI/CD pipeline changes.
4469;negative;I'm experiencing intermittent failures in our CI/CD pipeline due to an unresolvable conflict with `react` version 17.0.2, can we revisit the dependency management?
3524;negative;Just hit a roadblock with the latest build. The `npm install` is failing due to an outdated `express` version in our dependencies.
331;positive;Great job on resolving the `NullPointerException` in the `main.py` file! Your fix for the CI/CD pipeline is spot on.
1000;positive;Great job on resolving the Jenkins build failure! The updated Dockerfile fixes the 'missing image layer' error. Thanks for the quick fix!
1511;neutral;I'm experiencing intermittent issues with the Jenkins build failing on `master` branch due to missing dependencies. Can we discuss possible causes?
3570;negative;I'm having trouble with the `npm install` on my Linux box. Getting an error `EACCES: permission denied` on node_modules directory.
3611;negative;Issue #123 still broken after latest fix. Can't reproduce locally but CI/CD pipeline is consistently failing on this specific test case.
228;positive;Just tested the latest build on our CI/CD pipeline and it looks like the recent fix for #123 resolved the intermittent deployment issues. Nice work team!
4394;negative;The latest build on `main` branch is failing due to a missing dependency in `package.json`. Can we review the changes?
3099;negative;I'm experiencing issues with the latest deployment due to a failed Jenkins build. The test suite is failing on `package.json` import errors.
2358;neutral;I'm experiencing intermittent failures in the `ci/cd` pipeline for PR #1234. Can we investigate the cause of these errors?
2017;neutral;I'm experiencing intermittent failures in the `build` step of our CI/CD pipeline. Can we investigate why this is happening on certain runs?
1076;positive;Great fix on the `npm install` issue! Your PR #123 is a huge improvement for our build process. Thanks!
1718;neutral;I'm experiencing intermittent failures in the CircleCI build for #1234. The error message doesn't provide any clear indication of what's causing it.
1508;neutral;I'm reviewing the latest changes in #123. The updated README looks good, but I'd like to discuss the implications of changing the build script for our CI/CD pipeline.
1164;positive;Great fix on #123! The updated CI/CD pipeline is now successfully deploying to prod. Thanks for your efforts!
756;positive;Thanks for fixing the CI/CD pipeline issue! Your changes to the Dockerfile resolved the build error on our latest deployment.
519;positive;Great job on resolving the `NullPointerException` in the `login()` method! Your fix has improved the overall stability of our app.
3082;negative;The recent changes to the `README.md` broke our CI/CD pipeline. We can't deploy until this is fixed. Can you please revert the changes?
33;positive;Great fix on #123! Your changes to the build script have resolved the intermittent failures in our CI/CD pipeline. Thanks for your attention to detail!
4319;negative;Can we revisit the recent `fix-deployment` PR? The latest build still fails due to a missing dependency on Node 14.
3905;negative;I'm experiencing intermittent failures in the CircleCI build for #1234. The error message is unclear and I've tried re-running multiple times with no success.
3568;negative;I'm experiencing intermittent failures in our `CI/CD` pipeline due to an inconsistent `node version`, causing delays in deployment. Can we investigate?
4100;negative;I'm experiencing intermittent build failures in the `main` branch due to inconsistent `node_modules` cache. Can we investigate and implement a more robust solution?
4260;negative;Just hit a regression in the latest build. `CI/CD pipeline` is failing due to an incompatible `npm` version update. Can we revert the change?
2288;neutral;I'm experiencing intermittent failures in the CI/CD pipeline for PR #123. Can we investigate the cause of these errors?
2343;neutral;Just wanted to confirm that the latest build on `main` is passing all tests after updating `dependencies` in `package.json`. Thanks!
745;positive;Just tested the latest PR #1234 and it looks like the deployment to staging is successful! Great work on resolving the API endpoint issue!
734;positive;Great job on squashing that pesky `NullPointerException` in the `main()` method! Your fix improved the app's stability significantly.
2956;neutral;Regarding #1234: I've reviewed the updated build script. It looks good to me. Can we discuss merging it into master?
4069;negative;I'm experiencing intermittent failures in our CI/CD pipeline due to the recent update of `package-lock.json` causing a version conflict with `@types/node`. Can we revisit this?
3694;negative;The latest build on the `main` branch is still failing due to the `npm install` error. Can we revisit the package versions?
2698;neutral;I'm looking at the latest build of #1234 in the CI/CD pipeline. The tests seem to be passing, but I'd like to see some additional logging for clarity.
2831;neutral;@maintainer, I'm experiencing intermittent failures in the CI/CD pipeline for #1234. Could you investigate further to determine the root cause?
795;positive;Just tested the latest build on our CI/CD pipeline and it looks like the recent fix for #123 has resolved the deployment issues. Great work team!
1537;neutral;Regarding #1234's CI build failure, I noticed the `npm install` step times out. Could we increase the timeout limit to 10 minutes?
1095;positive;Great job on resolving the `NullPointerException` in commit #123! Your fix is clean and efficient. Well done!
2978;neutral;Regarding #123: I've verified the test suite passes after updating `npm` to v8.17.0. Can we discuss further optimization?
3760;negative;I'm experiencing intermittent failures in the CI/CD pipeline for #1234 due to a flaky test. Can we revisit the mocking strategy?
2760;neutral;I'm reviewing the updated `CI/CD` pipeline configuration for #123. Could you clarify why the `docker-compose` version was bumped to 2.4?
784;positive;Just reviewed #123 and I'm impressed with the fix! Your testing approach really paid off. Well done!
3197;negative;I'm experiencing intermittent build failures on the `main` branch due to inconsistent caching in our CircleCI config. Can we investigate?
3368;negative;I'm experiencing intermittent failures in the CI/CD pipeline for `feature/new-api` due to a potential issue with `npm install`.
230;positive;Thanks for squashing that pesky `NullPointerException` in the Jenkins build step! The CI/CD pipeline is now stable.
1043;positive;Just ran the updated CI/CD pipeline for #1234 and it looks like all tests are passing! Great work on squashing that nasty bug!
3662;negative;I'm experiencing intermittent failures with the CI/CD pipeline on `main` branch due to `npm install` errors. Can we investigate further?
2362;neutral;Can we discuss the implications of upgrading to Node 14 in #123? I'd like to understand the potential impact on our CI/CD pipeline's test suite.
409;positive;Great catch on the `npm` version mismatch! Your fix in #1234 has resolved the build issues. CI is now green!
171;positive;Great catch on the `TypeError` in the `utils.py` file! Your fix for #1234 is spot on and will greatly improve our CI/CD pipeline stability.
3690;negative;The latest build on `main` is failing due to an unresolvable conflict with the `react` package version in our CI/CD pipeline. Can someone please investigate?
3001;negative;I'm experiencing intermittent failures in the `build` stage of our CI/CD pipeline due to a version conflict with `dependency A`. Can we revisit the dependency management?
4124;negative;I'm experiencing intermittent failures in the `build` stage of our CI/CD pipeline due to a version conflict with `npm` v8. Please investigate.
1331;positive;Great job on fixing the `NullPointerException` in the `UserDAO` class! The CI/CD pipeline is now passing smoothly.
2099;neutral;I'm experiencing intermittent issues with the build on master. Can we investigate why `npm install` is failing occasionally?
1427;positive;Just tested #1234 and the fix for the null pointer exception is working beautifully! Great job @johnDoe on squashing that bug!
1033;positive;Great job on fixing the `NullPointerException` in the `login()` function! Your changes are now merged into master. Thanks for the quick fix!
1801;neutral;I've reviewed the updated `README.md` in #123. The changes look good, but I'd like to discuss the addition of a dependencies section.
2793;neutral;I'm experiencing intermittent failures in the CI/CD pipeline for PR #123. Can we investigate the cause of these errors?
1789;neutral;I'm reviewing the latest changes to our CI/CD pipeline in #1234. The updated `docker-compose` file seems straightforward, but I'd like to discuss the implications of using `latest` images.
3407;negative;I'm experiencing intermittent crashes with the latest build. Can we revisit the CI/CD pipeline configuration to ensure consistent deployment?
2726;neutral;I'm experiencing intermittent failures in the CI/CD pipeline for #1234. The build passes on my local machine but fails on GitHub Actions. Any ideas?
3164;negative;Failing to merge #123 due to unresolved conflicts with latest dependency update. Can we revisit the build process for CI/CD?
2665;neutral;I'm experiencing intermittent failures in the `test-ci` pipeline for branch #1234. Can we discuss possible causes?
677;positive;Great job on fixing the `NullPointerException` in the `main` function! The updated code is now passing all tests. Thanks for your efforts!
844;positive;Great fix on #123! The updated README now accurately reflects the new deployment process. Thanks for your attention to detail!
1114;positive;Just tested #1234's fix on our CI/CD pipeline and it looks great! The build is passing consistently now. Thanks for the patch!
2788;neutral;I'm experiencing issues with the latest build on CircleCI. The test suite is failing due to a missing dependency in `package.json`. Could we investigate?
2785;neutral;I'm reviewing the latest changes in #123. The updated README looks good, but I'd like to see more context on the `config` file modifications.
3363;negative;This build is failing due to an unresolved conflict between `react` and `angular` dependencies in the latest PR #123. Can we resolve this ASAP?
44;positive;Just tested the latest PR #1234 and it looks great! The new caching mechanism is reducing build times by 30% in our CI/CD pipeline.
565;positive;Great fix on #123! The updated CI/CD pipeline is now successfully deploying to staging. Well done!
2303;neutral;Regarding #1234, I'm wondering if the recent changes to `package.json` are causing issues with our CI/CD pipeline. Can we verify the build process?
2904;neutral;I'm experiencing intermittent failures in the `build` stage of our CI/CD pipeline on PR #123. Can we investigate further?
4139;negative;Just hit a snag with the `npm install` on my local machine. Getting a cryptic error: `EACCES: permission denied, mkdir '/path/to/project/node_modules'
1892;neutral;I'm reviewing the updated `README.md` in #123. The changes look good, but could we add a brief explanation for the new dependencies?
3850;negative;I'm experiencing intermittent failures in our CI/CD pipeline due to inconsistent package versions. Can we revisit the dependency management script?
4345;negative;I'm experiencing intermittent failures in the CircleCI build due to an inconsistent `npm install` step. Can we revisit the package versions?
4097;negative;Failing to update `package.json` in #123 breaks the build for me. Please review the changes in that PR before merging.
4029;negative;I'm getting a `TypeError` on the latest build. The CI/CD pipeline is failing due to an incompatible version of `numpy`. Can we revisit the dependency management?
252;positive;Just tested #42 and the fix for `NullPointerException` in `LoginService` is working as expected! Thanks for your efforts on this!
3508;negative;I'm seeing intermittent failures in our CI/CD pipeline for the `feature/new-login` branch due to a missing dependency on `bcrypt`.
1768;neutral;I'm experiencing intermittent issues with the build on `main` branch. The CI/CD pipeline is failing occasionally due to a timeout.
4425;negative;Failing to update `numpy` version in `requirements.txt` is causing intermittent CI failures. Can we bump the version to fix this?
3748;negative;I'm experiencing intermittent failures in our CI/CD pipeline due to the recent update of `eslint` version. Can we revert to previous version until further testing?
870;positive;Great job on resolving the `NullPointerException` in the `main()` method! Your fix is clean and efficient. Thanks for the update!
4423;negative;@author, just tried to deploy on CircleCI but it's failing due to an incompatible version of `express` in the Docker image. Can we roll back to a stable one?
1310;positive;Great job on resolving the `NullPointerException` in the `main` method! Your fix has greatly improved the app's stability.
2742;neutral;I'm experiencing intermittent failures in the CI/CD pipeline for PR #123. The error message doesn't seem to match any known issues with our dependencies.
326;positive;Just tested the fix for #1234 and it's working beautifully! The CI/CD pipeline is also passing smoothly now. Great job on resolving that issue!
2415;neutral;"I'm reviewing the updated build script in #123. Not sure if I understand the changes to the Dockerfile; could you clarify?"
2890;neutral;I'm experiencing intermittent failures in the `ci-build` stage of our Jenkins pipeline. Can we discuss possible causes?
2677;neutral;I'm experiencing intermittent issues with the `npm install` on the `feature/new-feature` branch. Can we review the package versions to ensure consistency?
804;positive;Great job on fixing the `NullPointerException` in the `main()` method! Your changes to the CI/CD pipeline also improved build efficiency.
4168;negative;@maintainer, I'm experiencing intermittent failures in the `build` stage of our CI/CD pipeline due to a `npm` package version conflict. Can we revisit the dependencies?
2275;neutral;I'm experiencing intermittent failures in the `CI/CD` pipeline for branch `feature/new-api`. Can someone review the recent changes to `package.json`?
3693;negative;I'm seeing intermittent failures in our CircleCI build due to this recent update. Can we investigate further? #1234
3854;negative;I'm still seeing the `TypeError: can't multiply sequence by non-int` in master after #1234. Can we revisit the CI/CD pipeline config?
3092;negative;I'm still seeing intermittent failures in the CI/CD pipeline for #1234. The error message is unclear and needs more context to debug.
1927;neutral;I'm having trouble with the `ci/cd` pipeline failing on `main`. Can you take a look at the `github-actions` logs to see what's causing the error?
2260;neutral;I'm experiencing intermittent failures in the CI/CD pipeline for #1234. The build passes on my local machine but fails on the Jenkins server.
621;positive;Great fix for the `README` typo! CI/CD pipeline now successfully builds with updated doc generation. Thanks for your attention to detail!
4133;negative;Failing to merge #123 due to conflicting changes in the `build.gradle` file. Can we revisit the changes made in PR #124?
1877;neutral;I've reviewed the PR #1234 for the `ci/cd` pipeline updates. The changes look good, but I'd like to discuss the added dependency on `npm version 7.x`. Thoughts?
2611;neutral;Regarding #1234, the failed test on CircleCI is likely due to the recent update of `express` package. Can we investigate further?
4018;negative;I'm experiencing intermittent failures in the CI/CD pipeline due to inconsistent test results. Can we revisit the `test-coverage` threshold?
329;positive;Just tested the latest build on our CI/CD pipeline and it's passing all tests! Great work on squashing that pesky bug in #123!
2802;neutral;Just wanted to confirm that the fix for #1234 has been merged into master. The CI/CD pipeline should now be passing again.
528;positive;Great job on the fix for #123! The updated CI/CD pipeline is now successfully building our project. Thanks for your hard work!
3895;negative;Just hit a snag with the latest build. `@dependabot update` failed due to incompatible package versions in the new release of `react`.
100;positive;Great catch on the `npm` version conflict! Your fix in #1234 resolved the build issues for me. Thanks for your diligence!
2716;neutral;I'm experiencing intermittent failures in the CI/CD pipeline for #1234. Can we investigate further to determine the root cause of this issue?
4184;negative;Issue with latest build: `npm install` fails due to outdated `axios` version. Can we update dependencies in the next release?
1946;neutral;I'm experiencing intermittent failures in the `ci/cd` pipeline for #1234. Could we investigate the cause of these errors?
1025;positive;Just tested the latest build and I'm thrilled to see the CI/CD pipeline passing with flying colors! Thanks for the fix on #1234!
2406;neutral;I've noticed the latest build is failing on CircleCI due to an incompatible version of `numpy` in requirements.txt. Can we revisit the dependencies?
4212;negative;I'm experiencing intermittent failures in our CI/CD pipeline due to the recent update of `npm` version. Can we revisit this change?
2587;neutral;I'm reviewing the latest changes in #1234. The updated README looks good, but I'd like to discuss the implications of removing the `node_modules` directory.
3359;negative;Just hit a roadblock with `npm install` on the latest master build. Getting an error with `@latest` version of `react-hooks`. Can we investigate?
2349;neutral;I'm experiencing intermittent failures in the CI/CD pipeline for branch `feature/new-login-flow`. Could you take a look at the recent test results?
658;positive;Great fix on #123! The updated `README.md` now accurately reflects the new feature. Thanks for your diligence!
496;positive;Just tested #1234 with the latest changes and it's working smoothly! Your fix for the merge conflict really paid off. Thanks!
2437;neutral;Regarding #1234, I've reviewed the test coverage report. It seems the recent changes haven't significantly impacted overall code quality.
355;positive;Great job on fixing the `NullPointerException` in `utils.js`, @johnDoe! Your changes to the error handling are a huge improvement for our CI/CD pipeline stability.
1774;neutral;Hi @author, I'm reviewing PR #1234. The test coverage for the new feature looks good, but I'd like to see more context on the caching mechanism.
2067;neutral;Just reviewing #1234's PR, noticed the updated README doesn't match the actual code changes. Would be great to sync them up.
4408;negative;Can't reproduce the `NullPointerException` in the `login()` method. Have you tried running it with debug logging enabled? #1234
4455;negative;The latest build is failing due to an unresolved conflict between `package.json` and `yarn.lock`. Can we revisit the package manager setup?
502;positive;Great job on fixing the `NullPointerException` in the `main()` method! CI/CD pipeline now passing smoothly with your fix.
912;positive;Great fix on the `fetch_data` function! The updated error handling has significantly improved our app's stability. Thanks for your efforts!
810;positive;Just tested #1234's fix on our staging env and it looks great! CI/CD pipeline is passing as expected. Thanks for the quick resolution!
2941;neutral;I'm experiencing intermittent failures in our CI/CD pipeline for the `feat/user-auth` branch. Can we investigate the build logs together?
3711;negative;I'm experiencing intermittent failures on the `build-ubuntu` job in #1234 due to a dependency conflict with `libssl`. Can we investigate?
3258;negative;I'm seeing intermittent failures in the CircleCI pipeline on `main` branch due to an unversioned `aws-sdk` dependency. Can we pin it to a specific version?
4138;negative;I'm experiencing intermittent failures in our CI/CD pipeline due to the recent update of `react` version 17.0.2 causing a conflict with our existing dependencies.
3526;negative;Just hit a roadblock with the latest build on `main` due to an incompatible version of `numpy`. Can we revisit the dependency management?
2653;neutral;I'm experiencing intermittent failures in the CI/CD pipeline for PR #1234. Can we discuss possible causes and potential fixes?
606;positive;Just tested the latest build on CircleCI and it's passing all tests! Great work on resolving the `npm install` issue #123.
2195;neutral;I'm experiencing intermittent issues with the CI/CD pipeline on PR #1234. Can we investigate further to determine the root cause?
1165;positive;Great job on fixing the Docker build issue! The updated CI/CD pipeline is now successfully deploying to staging #37
938;positive;Thanks for resolving the `NullPointerException` in the `utils` module! Your fix has improved overall app stability.
4225;negative;I'm experiencing intermittent failures in our CI/CD pipeline due to inconsistent versioning of `react-scripts`. Can we pin the version for now?
3876;negative;Frustrated with the latest build failing due to an unresolvable conflict between `react` and `angular` dependencies in our CI/CD pipeline.
1741;neutral;I've reviewed the updated CI/CD pipeline configuration. The changes look good, but I'd like to see some additional logging for error handling.
4216;negative;I'm experiencing intermittent failures in the CI/CD pipeline for #123 due to inconsistent package versions of `npm` and `yarn`, causing unpredictable build results.
101;positive;Great fix on the `README.md` typo! Your changes to the CI/CD pipeline are also a huge improvement. Thanks for the updates!
13;positive;Great catch on the `npm` version mismatch! Your fix in #123 has successfully resolved the build issues in our CI/CD pipeline.
1238;positive;Great job on resolving the `NullPointerException` in the `main()` method! The changes look clean and well-documented. Thanks for your efforts!
3995;negative;Can't get the CircleCI build to pass. Getting a `TypeError` on line 345 of `utils.py`. Any ideas what's causing this?
1761;neutral;I've reviewed the updated `README.md` in #123. The changes look good, but I'd like to see a brief explanation for the new formatting.
175;positive;Just tested #1234's fix on our CI/CD pipeline and it passed with flying colors! Great work @username!
1477;positive;Great fix on the `npm` install issue in #123! The updated script now correctly resolves dependencies for our CI/CD pipeline.
1028;positive;Great fix on #123! The updated CI/CD pipeline is now stable. Thanks for addressing the `npm` version conflict.
2667;neutral;I'm experiencing intermittent issues with the CI/CD pipeline on `feature/new-login-flow` where it fails to deploy due to a missing dependency. Can we investigate further?
2660;neutral;I've noticed the latest build on `main` is failing due to an unresolved dependency conflict with `package-lock.json`. Reviewing logs doesn't provide clear insight.
218;positive;Great fix on the `ci/cd` pipeline! The automated tests are now passing consistently. Thanks for your attention to detail!
1746;neutral;I'm experiencing intermittent failures in the CI/CD pipeline for branch `feature/new-feature` due to a potential Docker image caching issue.
1930;neutral;Just wanted to confirm that the fix in #1234 has been successfully deployed through our CI/CD pipeline without any issues so far.
1808;neutral;Regarding #1234, I think we should reconsider the build process in our CI/CD pipeline to ensure it's not impacted by this new dependency.
3261;negative;The latest build is failing due to a missing dependency on `npm install`. Can we add it to the `package.json`?
691;positive;Just tried the updated `CI/CD` pipeline for #123 and it's working flawlessly! Great job on resolving the deployment issues!
568;positive;Just tested the latest build on CircleCI and it passed all tests! Great work, team!
3152;negative;I'm experiencing intermittent failures in the build process due to inconsistent caching in our CircleCI setup. Can we revisit the config?
1658;neutral;Just reviewing the updated `README.md` in #123. The changes look good, but I'm curious about the impact on our CI/CD pipeline.
1663;neutral;Just reviewing the updated build script for #123. The new dependencies seem to be installed correctly in the CI/CD pipeline.
2771;neutral;I've reviewed the updated `README.md` in #123. The changes look good, but I'd like to discuss the additional dependencies listed.
1193;positive;Great catch on the `NullPointerException` in `utils.js`, @johnDoe! Your fix for PR #123 is spot on, thanks for contributing to our project!
2969;neutral;I've reviewed the latest PR #1234 and noticed that the updated README doesn't reflect the changes in the new API implementation.
1056;positive;Great fix on #123! The updated build script in the CI/CD pipeline has improved our deployment time significantly. Good work!
1116;positive;Great job on squashing that pesky `NullPointerException` in the `login` method! Your fix has been merged into master.
1437;positive;Just tested the latest build on our CI/CD pipeline and it's passing all tests. Great work on fixing that pesky memory leak!
3201;negative;Issue #123 still broken after latest fix. Regression introduced by commit 456. Need to re-run CI/CD pipeline.
2937;neutral;I'm reviewing the updated `README.md` in #123. The changes look good, but I'd like to discuss the formatting consistency with the existing documentation.
1158;positive;Great catch on the `pip install` issue! Your fix in #123 has resolved the build failure in our CI/CD pipeline. Well done!
1919;neutral;I'm experiencing intermittent failures in the `ci/cd` pipeline for PR #123. Can we investigate the cause of this inconsistency?
3549;negative;I'm experiencing intermittent failures with the CircleCI build on #1234. The error message is unclear and doesn't point to a specific dependency issue.
4308;negative;This CI/CD pipeline failure is concerning. The `npm install` step consistently fails due to a corrupted node_modules directory in the Docker image.
619;positive;Great job on squashing that pesky `NullPointerException` in #123! Your fix looks solid and I'm happy to see our CI/CD pipeline passing again.
577;positive;Great job on squashing the `NullPointerException` in the `auth` module! The fix is smooth and doesn't break existing tests. #1204
1413;positive;Just reviewed your PR #123 and I'm impressed with the refactored code! The changes have significantly improved performance on my machine. Thanks for the effort!
651;positive;Great job on resolving the `TypeError` in the CI/CD pipeline! Your fix for the `requests` library import is spot on.
3899;negative;The latest build is still failing due to the `npm` version mismatch. Can we revert to the previous package.json for now?
157;positive;Just tested the fix for #1234 and it's working beautifully! Your changes to the Dockerfile have greatly improved our CI/CD pipeline stability.
832;positive;Great catch on the `json` parsing issue! Your fix in #1234 is spot on. CI now passes smoothly.
889;positive;Great job on fixing the `npm install` issue in #1234! The updated CI/CD pipeline is now successfully building our project. Thanks for your efforts!
2541;neutral;Just reviewing #42's changes for potential conflicts with our CI/CD pipeline. No issues found so far, but I'll continue to monitor the build process.
1221;positive;Great job on the recent fix for the `TypeError` in the CI/CD pipeline! The updated build process is now stable and efficient.
3725;negative;I'm experiencing issues with the latest build on Jenkins due to a failed test in the `feature/new-api` branch. Can we investigate further?
2360;neutral;I'm experiencing intermittent failures in our CI/CD pipeline for the `feature/new-login-flow` branch. Can we investigate further?
2029;neutral;Regarding #1234, I've verified the fix in the latest build. The CI/CD pipeline is passing with no issues reported.
818;positive;Great fix on #123! Your PR has improved our CI/CD pipeline stability. Well done on catching that tricky dependency conflict!
1967;neutral;I'm reviewing the latest changes in PR #123. The updated README looks good, but I'd like to discuss the implications of this change on our CI/CD pipeline.
2251;neutral;I'm reviewing the latest changes in #123. The updated README looks good, but I'm unsure about the implications of introducing a new library without updating the build script.
1905;neutral;Regarding #1234, I'm experiencing intermittent failures in the CI/CD pipeline due to inconsistent build times. Would appreciate insight into possible causes.
294;positive;Just tested the latest build of #1234 and it's passing all tests! Great job on resolving the CI/CD pipeline issues!
4310;negative;Failing to build on CircleCI due to outdated `npm` version. Can we bump the version in `package.json`?
96;positive;Just tested your fix for the `NullPointerException` in `utils.js` and it's working as expected! Great job on identifying & resolving that bug!
1171;positive;Just tested the latest build on #1234 and it's passing all tests! Great work on fixing that pesky regression bug!
1428;positive;Just tested the latest PR #1234 and the fix for issue #4567 is working as expected. Great job on squashing that nasty bug!
4500;negative;I'm experiencing intermittent failures in the build pipeline due to `npm install` timing out on CircleCI. Can we revisit the dependencies?
241;positive;Great job on resolving the `NullPointerException` in the `data processing` branch! Your fix has improved pipeline stability for our users.
1455;positive;Great catch on the `npm` version mismatch! Your fix in #1234 has resolved the build errors for me. Well done!
2707;neutral;@dependabot, I'm reviewing the updated dependencies in #123. Can you provide more context on why `npm` was replaced with `yarn` in the latest build?
1635;neutral;I'm experiencing intermittent failures in our CI/CD pipeline for the `feature/new-api` branch. Can we investigate the cause of this flakiness?
2621;neutral;I'm experiencing intermittent failures in the CI/CD pipeline for #1234. The error occurs on the `build` stage with a timeout after 10 minutes.
3469;negative;I'm seeing intermittent failures in the CI/CD pipeline due to inconsistent package versions. Can we revisit our dependency management strategy?
1189;positive;Great catch on that edge case in #123! Your fix for the `NullPointerException` will greatly improve our app's stability. Thanks for your diligence!
1269;positive;Great job on resolving the `pylint` error in #123! Your fix has improved our code quality significantly. Thanks for your diligence!
354;positive;Just tested your PR for #1234 and it works beautifully! Your fix for the memory leak is spot on. Great job!
760;positive;Great job on resolving the `NullPointerException` in the `main()` method! Your fix in #1234 has been thoroughly tested and is working as expected.
1271;positive;Great fix on the CI/CD pipeline! The new deployment script is much more efficient now. Thanks for addressing that performance bottleneck!
290;positive;Great job on fixing the `npm install` issue in #123! The updated build process is now working smoothly with CircleCI. Thanks for your efforts!
4359;negative;The recent changes to the `ci/cd` pipeline are causing intermittent failures on our Jenkins server. Can we revert to previous config?
1832;neutral;I'm experiencing intermittent failures in the CI/CD pipeline for PR #1234. Could we investigate the build environment to ensure consistency?
3757;negative;I'm experiencing intermittent failures in the `build` step of our CI/CD pipeline due to a corrupted `node_modules` cache. Can we investigate?
2496;neutral;"I'm experiencing intermittent failures in the CI/CD pipeline for `release-1.2` due to a flaky test; can we revisit the test suite?"
466;positive;Great job on squashing that pesky `NullPointerException` in the `main` method! Your fix is a huge improvement for our CI/CD pipeline.
2089;neutral;Regarding #1234, I've reviewed the updated `README.md` and it looks good. The changes are consistent with our documentation style.
3831;negative;I'm experiencing intermittent failures in our Jenkins CI/CD pipeline due to inconsistent Docker image builds. Can we revisit the Dockerfile for optimization?
3563;negative;I'm experiencing intermittent failures in our CI/CD pipeline for the `feature/new-login` branch due to a faulty dependency on `bcrypt 3.0.1`. Can we investigate?
1727;neutral;I think we should revisit the `npm install` step in our CI/CD pipeline to ensure it's correctly handling transitive dependencies for this PR #1234.
2459;neutral;I've reviewed the recent changes to the `build.gradle` file. The updates look good, but I'd like to see some additional logging for error handling.
1048;positive;Thanks for fixing the `TypeError` in the build process! The latest changes to `package.json` are working smoothly now.
30;positive;Just reviewed #1234's PR and I'm impressed with the refactored code! Your changes have significantly improved performance. Great job!
1074;positive;Just tested the updated `CI/CD` pipeline on #1234 and it's working flawlessly! Great job on resolving the deployment issues.
2777;neutral;I'm reviewing the updated `README.md` in #123. The formatting looks good, but I'd like to see a brief explanation for the new dependencies listed.
3127;negative;Failing to update dependencies in `package.json` is causing build errors. Please review #1234 and update the version numbers accordingly.
3002;negative;I'm experiencing issues with the latest build on Jenkins. The `npm install` step is failing due to a missing dependency.
878;positive;Just tested with the latest changes in #1234 and it's working flawlessly! Great job on squashing that pesky bug!
1265;positive;Great job on resolving the `NullPointerException` in the `main()` method! Your fix is clean and efficient.
178;positive;Thanks for fixing the `NullPointerException` in the `main` method! Your debug skills are top-notch.
2529;neutral;Just wanted to confirm that the fix in #1234 doesn't break our existing CI/CD pipeline. Can we test this with a different build environment?
882;positive;Just ran the updated CI/CD pipeline for #123 and it's passing all tests! Great work on squashing that pesky bug!
2648;neutral;On #1234, I'm experiencing intermittent failures in the CI/CD pipeline due to inconsistent artifact versions. Can we discuss possible solutions?
1979;neutral;I'm experiencing intermittent issues with the `build` step in #1234. The test suite passes locally but fails on our CI/CD pipeline.
4399;negative;Frustrated with the latest build failure on `main` due to unresolvable conflicts with `package-lock.json`. CI/CD pipeline is stuck.
3939;negative;I'm experiencing intermittent failures in the CircleCI build due to an unstable `npm` version. Can we pin it to a specific version?
2347;neutral;I'm experiencing intermittent issues with the CI/CD pipeline for PR #123. The build fails occasionally on the AWS environment.
4120;negative;@author, I'm experiencing intermittent failures in the CI/CD pipeline for #1234. The error message is unclear and requires further investigation.
4082;negative;The recent changes to the `npm` install script are causing intermittent build failures in our CI/CD pipeline. Can we revert to the previous version?
74;positive;Great catch on the typo in `README.md`! Your PR #123 has really improved the documentation. Thanks for your contribution!
446;positive;Great fix for the CI/CD pipeline failure on #123! Your changes have it running smoothly again. Thanks for your attention to this!
2136;neutral;I'm experiencing issues with the latest Docker image build in our CI/CD pipeline. The `docker:latest` tag is not being pulled successfully.
1217;positive;Great job on fixing the Jenkins build error! Your changes to `pom.xml` resolved the issue. Thanks for the quick fix!
2997;neutral;I'm reviewing the updated CI/CD pipeline for #1234. The new script seems to be working as expected, but I'd like to see some additional logging added.
2147;neutral;I'm experiencing intermittent failures in our CI/CD pipeline on branch `feature/new-api` due to inconsistent test results.
31;positive;Just tested #1234 and the fix for the `NullPointerException` is working smoothly. Great job on the patch release!
3653;negative;I'm experiencing intermittent failures in the CI/CD pipeline for #123. The `npm install` step consistently fails with a timeout error on Ubuntu 20.04.
1742;neutral;I'm experiencing intermittent failures in the CI/CD pipeline for #1234. Has anyone else encountered similar issues with the new Node.js version?
3222;negative;I'm experiencing intermittent failures in the `build` stage of our CI/CD pipeline due to a flaky Docker image. Can we investigate further?
1130;positive;Great catch on the `pip` install issue in #123! Your fix for `requirements.txt` is spot on. Well done!
53;positive;Great fix on the `ci.yml` file! The new deployment script is working smoothly now. Thanks for your attention to detail!
403;positive;Great job on squashing that pesky `NullPointerException` in the `main()` method! Your changes to the build.gradle file really streamlined our CI/CD pipeline.
1375;positive;Great job on resolving the `NullPointerException` in the `authService`! Your fix has greatly improved the app's stability. Thanks for your efforts!
2046;neutral;Just reviewing #123: the updated README looks good, but I'm not sure about the new dependency on `numpy` in the CI/CD pipeline.
437;positive;Great catch on the `pip install` issue! Your fix in #1234 resolves the problem I was experiencing with our CI/CD pipeline.
1653;neutral;@dependabot I've reviewed the updated `package.json` file. The changes look good to me. Please proceed with updating the dependencies.
3983;negative;The latest build on CircleCI is still failing due to the `jsonschema` package incompatibility, can we revisit this?
913;positive;Just tested the latest build on our CI/CD pipeline and it's passing all tests! Great work on squashing that pesky bug in #1234.
3496;negative;Failing to update `npm` dependencies in latest PR is causing build failures. Can we prioritize updating `package.json` before merging?
4024;negative;Still seeing intermittent failures in `build-ubuntu` step on #1234. Can we revisit the Docker image dependencies?
3383;negative;I'm seeing intermittent failures in our CI/CD pipeline due to the recent update of `log4j` dependency. Can we investigate further?
2664;neutral;I'm reviewing the latest build on `ci/master` and noticed that the test suite is still failing due to the pending PR #123.
904;positive;Great fix on #123! The updated code now passes our CI/CD tests without any issues. Well done!
2908;neutral;Regarding #1234: I'm experiencing intermittent issues with the CI/CD pipeline failing on specific branches. Can we discuss possible causes?
1590;neutral;I'm experiencing intermittent failures in our CI/CD pipeline on the `main` branch. Can we investigate why this is happening?
2615;neutral;The `latest` version of `sqlite3` is still being used in the Docker image despite our previous discussion on updating to a specific minor version. Can we revisit this?
184;positive;Great fix on #123! Your changes to the build script have resolved the Docker image size issues. Thanks for your attention to this!
3416;negative;I'm experiencing intermittent failures in our CI/CD pipeline due to the recent update of `npm` version. Can we revert to previous version?
322;positive;Just tested your fix for #1234 and it's working perfectly! Your changes to the CI/CD pipeline have greatly improved our build times. Thanks!
1850;neutral;I'm reviewing the updated `README.md` in #123. The new formatting looks good, but I'd like to discuss the addition of a changelog section.
3913;negative;I'm experiencing intermittent failures in our CI/CD pipeline for `v2.5` due to a flaky test in `tests/integration.py`. Can we revisit this?
4374;negative;Can't reproduce the `TypeError` in the latest build. The CI/CD pipeline is failing on my end as well #1234
3902;negative;I'm experiencing intermittent failures in the CI/CD pipeline for #123 due to an inconsistent `npm` cache. Can we investigate further?
2209;neutral;Can we revisit the `build.gradle` configuration for the `mysql-connector-java` dependency? I'm seeing some intermittent build failures on our CI/CD pipeline.
45;positive;Great catch on the `npm` version mismatch in #123! Your fix worked perfectly in our CI/CD pipeline. Thanks for your attention to detail!
1053;positive;Just ran the latest build on CircleCI and it's passing all tests! Great job on resolving the `npm` version conflict in #123.
1254;positive;Great fix on the `ci/cd` pipeline! The automated tests are now passing consistently. Thanks for your attention to detail!
1739;neutral;Just wanted to confirm that the fix for #1234 has been deployed successfully in prod. No issues reported so far.
4202;negative;Issue with `npm install` on Windows: getting `EACCES` error for `node_modules/.bin`. Can we add a fix to the CI/CD pipeline?
802;positive;Just tested the latest build on CircleCI and it's passing all tests! Great work on fixing that pesky `npm` install issue #1234.
3859;negative;Failing to resolve the circular import in `utils.py` is causing our CI/CD pipeline to fail consistently. Can we revisit this?
2484;neutral;Just wanted to confirm that the fix for #1234 is included in the latest build of `v1.2.3` on our CI/CD pipeline, thanks!
1778;neutral;I think we should revisit the recent changes to the `build.gradle` file. The CI/CD pipeline is still failing on the latest commit #1234.
257;positive;Thanks for fixing the `NullPointerException` in the `login()` method! Your changes have greatly improved the app's stability.
4226;negative;I'm experiencing intermittent failures with the `build` step in `.github/workflows/main.yml`, causing our CI/CD pipeline to intermittently fail.
4149;negative;Issue with `npm install` on Windows: `@typescript-eslint/parser` throws an error due to incorrect file path handling.
648;positive;Great job on squashing that pesky `NullPointerException` in the `main()` function! Your fix has already improved our app's stability in CI/CD pipeline #123
2365;neutral;I'm experiencing intermittent failures in the CI/CD pipeline for #1234. Can we investigate the test suite configuration?
1182;positive;Great fix on the `npm install` issue in #123! Your changes to `package.json` resolved the conflict with our CI/CD pipeline.
2881;neutral;I've reviewed the changes in #1234. The updated build script seems to be working as expected with our current dependencies.
3210;negative;I'm experiencing intermittent failures in our CI/CD pipeline for PR #123 due to the recent update of `npm` version. Can we investigate?
1341;positive;Great job on resolving the `NullPointerException` in the `UserDAO` class! Your fix has improved the overall stability of our API. Thanks for your diligence!
1992;neutral;I'm experiencing an intermittent issue with the CI/CD pipeline on PR #123. The build fails occasionally due to a timeout error.
1222;positive;Great fix on the `npm install` issue! Your changes to `package.json` resolved the conflict with `yarn.lock`. Thanks for your diligence!
1823;neutral;Just wanted to confirm that the `CI/CD` pipeline is passing for both Python 3.8 and 3.9 environments as per #1234, thanks!
2985;neutral;I'm looking at the latest build on `ci/pipeline-123` and noticed that the test coverage report is inconsistent with previous runs. Could you investigate?
264;positive;Great job on fixing the Jenkins build error in #123! The updated pipeline is now successfully deploying to staging. Thanks for your prompt attention!
1289;positive;Great catch on the `pip install` issue! Your fix for #1234 has been merged into main and is now passing CI/CD pipeline tests.
57;positive;Great fix on #123! Your changes to the build script resolved the intermittent deployment failures. Thanks for your diligence!
3956;negative;I'm experiencing issues with the latest build on CircleCI. The test suite is failing due to an incompatible dependency version in `package.json`. Can someone help resolve this?
1339;positive;Great job on resolving the `NullPointerException` in the `user_service` module! Your fix is clean and well-documented. Thanks for your efforts!
1449;positive;Great job on resolving the `NullPointerException` in the `main()` method! Your fix is clean and efficient. Thanks for your contribution!
1201;positive;Just tested the latest build on #1234 and it's working smoothly! Thanks for addressing that pesky regex bug, @username.
1516;neutral;I'm experiencing a minor regression with the latest build on our CI/CD pipeline. Can we review the recent changes to `package.json`?
1731;neutral;I've reviewed the updated `README.md` in PR #123. The changes look good, but I'd like to see more context for the new example usage.
683;positive;Great catch on the `npm` version issue! Your fix in PR #1234 has resolved the build failure in our CI/CD pipeline.
1651;neutral;I'm seeing intermittent failures in the CI/CD pipeline for #1234. Can we investigate the cause of these errors and adjust the deployment script accordingly?
3459;negative;@maintainer, the build is failing due to an incompatible version of `npm` in the Docker container. Please update the `Dockerfile` accordingly.
2322;neutral;I'm experiencing intermittent failures in our CI/CD pipeline for branch `feature/new-api` when testing against Java 11. Can we investigate further?
287;positive;Great fix on #123! The updated `README` now accurately reflects the new feature. Thanks for your attention to detail!
3815;negative;I'm experiencing intermittent failures in the `build` stage of our CI/CD pipeline due to a faulty network connection on my end. #1234
2527;neutral;I'm experiencing intermittent failures in the `test_api` suite on CircleCI. Can we investigate why this is happening?
1290;positive;Great fix on #123! Your changes simplified the CI/CD pipeline and improved build times. Well done!
1190;positive;Great fix on #123! The `npm install` step now successfully resolves the `@types/node` conflict in our CI/CD pipeline. Thanks for your attention to detail!
3933;negative;Still seeing intermittent failures in the CI/CD pipeline for `feature/new-api` due to inconsistent `axios` versioning. Can we revisit the dependency management strategy?
1435;positive;Great fix on #123! Your changes to the `build.gradle` file resolved the dependency conflicts. Thanks for your attention to detail!
737;positive;Just tested the updated `v1.2` build on our CI/CD pipeline and it's passing all tests! Great work on squashing that pesky bug #123!
4010;negative;I'm experiencing intermittent failures in the `CI/CD` pipeline on branch #123 due to a flaky test. Can we revisit the test suite?
3666;negative;I'm experiencing intermittent failures in the CI/CD pipeline for #123 due to an unclear error message from `npm install`.
1868;neutral;I'm experiencing inconsistent build results with the latest `main` branch. Could you please investigate and provide an update on the CI/CD pipeline?
3674;negative;I'm experiencing intermittent failures in our CI/CD pipeline on the `main` branch due to a recent update of `react-scripts`. Can we investigate?
3830;negative;I'm experiencing intermittent failures in our CI/CD pipeline due to the recent update of `npm` version. Can we revert back to previous version?
1072;positive;Great catch on the `npm` version mismatch in #1234! Your fix has successfully resolved the build issues in our CI/CD pipeline.
4324;negative;I'm experiencing intermittent errors with the `npm install` on my MacBook due to a corrupted node_modules directory. #456
2835;neutral;I'm experiencing intermittent failures in the CI/CD pipeline for #1234. Can we investigate the build environment to rule out any configuration issues?
2849;neutral;I'm reviewing the updated `README.md` in #1234. The changes look good to me, but I'd like to discuss the new formatting style before merging.
4221;negative;Issue #123's fix broke the CI/CD pipeline for our staging environment. The build fails with a 'missing dependency' error on `node-sass`. Reverting changes is needed.
1619;neutral;I've reviewed the updated `README.md` in #1234. The changes look good, but I'd like to see a brief explanation for the new formatting.
3181;negative;The latest build is failing due to a missing `node_modules` directory. This is causing our CI/CD pipeline to break on every push.
4235;negative;Failing to update `npm` dependencies in the latest PR #1234 is causing build issues. Can we revisit this before merging?
499;positive;Just reviewed #42 and I'm impressed with the fix! The updated CI/CD pipeline is now successfully deploying to staging without any issues. Great work!
3721;negative;I'm experiencing intermittent issues with the CI/CD pipeline on PR #123. The build fails randomly with a 'connection timeout' error.
3589;negative;I'm experiencing intermittent failures in the `dev` branch's CI/CD pipeline due to an unresolved issue with `npm install` on Windows 10.
2091;neutral;I'm experiencing intermittent issues with the `npm install` step in our CI/CD pipeline. Can we investigate further?
3140;negative;I'm experiencing intermittent failures in the CI/CD pipeline for #1234. The error message suggests a version conflict with `npm` v8, but I've already updated to the latest package.
3501;negative;I'm experiencing intermittent failures in our CI/CD pipeline due to the recent update of `npm` package `@latest`. Can we investigate?
3892;negative;I'm experiencing intermittent failures in our CI/CD pipeline on the `main` branch due to a flaky test in `test/unit/user.js`. Can we revisit this?
1023;positive;Just tested the fix for #123 and it's working beautifully! Thanks @johnDoe for your patience and dedication to resolving this CI/CD pipeline issue.
2224;neutral;Regarding #1234: I've reviewed the updated `README.md` file in this PR. No issues found with formatting or content.
4401;negative;@author I'm experiencing intermittent failures in the CircleCI build for #1234. The error message `Unknown Error` is not helpful. Can we add more logging?
2156;neutral;I'm experiencing intermittent failures in the `build` stage of our CI/CD pipeline on CircleCI. Can we review the recent changes to `package.json`?
1484;positive;Great job on resolving the `TypeError` in the `utils.py` file! Your fix has improved the overall stability of our CI/CD pipeline.
666;positive;Great job on fixing the `npm install` issue in #123! Your changes to `package.json` worked perfectly for me. Thanks!
3186;negative;I'm experiencing intermittent failures in the CI/CD pipeline for #1234 due to an unexplained error in `package.json`. Can we investigate further?
3832;negative;Can't reproduce the `TypeError` in `utils.py` with Python 3.9. Tried running on both Windows and Linux, but can't replicate the error.
1018;positive;Just ran the updated test suite on `main` branch and it looks like the `fix: crash on invalid input` PR has resolved all issues. Great work, team!
2086;neutral;Regarding #1234, I've verified the build on macOS 10.14 with Xcode 11.3.1. The failure is consistent across multiple runs.
2227;neutral;I've reviewed the PR #1234, and the updated README looks good. Would be great to see some additional testing for the new feature.
2408;neutral;I've reviewed the changes in PR #1234. The updated dependencies seem to be correctly installed via the new script.
1505;neutral;Just wanted to confirm that the fix for #1234 has been verified in our CI/CD pipeline. Thanks for addressing the issue.
1488;positive;Just tested the latest build on #1234 and it's passing all tests! Great job on fixing that pesky TravisCI error!
246;positive;Great job on resolving the `NullPointerException` in commit #123! Your fix has greatly improved the app's stability. Thanks for your attention to detail!
267;positive;Great fix on the `ci/cd` pipeline! Your changes to `docker-compose.yml` have resolved the build error. Thanks for your attention to detail!
1115;positive;Great fix on #123! Your patch for the CI/CD pipeline timeout issue has improved our build times significantly.
64;positive;Great job on resolving the `NullPointerException` in the `utils` module! The fix is clean and efficient. Thanks for your efforts!
1587;neutral;Just reviewing the latest build logs and noticed the `npm install` step is taking longer than expected. Any thoughts on optimizing this?
1555;neutral;Regarding #123: I'm experiencing inconsistent test results with the latest build. Can we discuss possible causes and a plan to resolve this?
2253;neutral;On #1234, I noticed the build fails due to missing `node_modules` in the Docker container. Can we add a script to install dependencies before building?
2741;neutral;I'm experiencing intermittent issues with the CI/CD pipeline failing on CircleCI for PR #123. Can we investigate further?
2421;neutral;Regarding #123: I've noticed the latest build is failing due to an incompatible version of `log4j` in our CI/CD pipeline. Can we revisit the dependency management?
2293;neutral;I'm experiencing issues with the `pip install` step in the CI/CD pipeline. The error message indicates a version conflict between `numpy` and `scipy`. Can we investigate?
2657;neutral;I'm seeing intermittent failures in our CI/CD pipeline for the `feature/new-feature` branch. Could we investigate the causes of these errors?
1412;positive;Great job on resolving the `NullPointerException` in the `login()` method! Your fix has greatly improved the app's stability.
1579;neutral;I've reviewed the updated `README.md` file in #123. The formatting looks good, but I'd like to see more details on testing procedures.
104;positive;Great job on fixing the `NullPointerException` in the `login()` method! Your test cases are thorough and well-documented. Keep up the good work!
2158;neutral;Can we revisit the `update-deps` script for Node.js 16 compatibility? I'm seeing some minor issues with `npm install`. Thanks!
1486;positive;Great job on fixing the `NullPointerException` in the `utils` module! Your changes have improved the overall stability of our API. Thanks!
509;positive;Great catch on the `npm` version mismatch! Your fix in PR #1234 resolves the build error for me. Thanks!
1644;neutral;I'm experiencing intermittent failures in the CI/CD pipeline for #1234. Could we investigate the build logs to determine the root cause of this issue?
4438;negative;The latest build is failing due to a missing `numpy` dependency in the `requirements.txt`. Can we update the list before merging?
3675;negative;Just hit a regression with the latest `npm` update. Our tests are failing due to `@babel/runtime` incompatibility issues.
866;positive;Great catch on the `npm` version mismatch! Your fix in PR #1234 resolved the build issue with our CI/CD pipeline. Thanks for your diligence!
3860;negative;I'm experiencing intermittent failures in our CI/CD pipeline due to the recent update of `npm` version 8.3.0 causing issues with our custom build script.
909;positive;Great catch on the `npm` version mismatch in #123. Your fix for the CI/CD pipeline is spot on, thanks for the update!
2340;neutral;I'm experiencing intermittent failures in the CircleCI build for #1234. Can someone review the `.circleci/config.yml` file to see if there's a config issue?
836;positive;Great catch on the `npm` version conflict! Your PR fixes it perfectly. Thanks for keeping our CI/CD pipeline stable!
359;positive;Just tested #1234's fix on the staging environment and it looks great! CI/CD pipeline is now green. Well done @johnDoe!
3512;negative;Failing to update `@npm` package in CI/CD pipeline causing intermittent build failures on Node 14. Can we prioritize this fix?
300;positive;Great catch on the `npm` version mismatch! The CI/CD pipeline should now pass smoothly with this fix in #123.
1004;positive;Great catch on the `NullPointerException` in the `auth` branch! Your fix looks solid, thanks for the thorough testing!
1628;neutral;Regarding #1234, I've verified the test results for the latest commit. The build seems to be passing as expected.
1872;neutral;I'm experiencing intermittent failures in the `CI/CD` pipeline for #1234. Can we discuss possible causes and potential fixes?
4377;negative;I'm experiencing intermittent failures in our CI/CD pipeline due to the latest update of `dependency-xyz`. Can we investigate further?
762;positive;Just saw the fix for #1234 in master. Your effort to resolve the pagination issue is greatly appreciated!
1937;neutral;I'm experiencing intermittent failures in the CI/CD pipeline for #1234. Can we investigate the build process to determine the root cause?
3247;negative;The recent changes to the `README.md` broke our CI/CD pipeline. Can we revert to the previous version of this file to avoid further issues?
1730;neutral;I'm experiencing intermittent issues with the Jenkins build failing on the `master` branch due to a missing dependency. Any insight is appreciated.
1361;positive;Just tested the latest build on our CI/CD pipeline and it's passing all tests! Great work on resolving that pesky `NullPointerException`!
3039;negative;I'm experiencing intermittent failures in our CircleCI pipeline due to the recent update of `react` package. Can we investigate further?
3174;negative;I'm experiencing intermittent failures in the `test-ci` pipeline due to inconsistent Docker image builds. Can we investigate further?
3790;negative;I'm experiencing issues with the latest build on CircleCI. The test suite is failing due to a missing dependency in `package.json`. Can we revisit this?
1747;neutral;I'm experiencing intermittent issues with the `build` step in our CI/CD pipeline. Could we investigate further to determine the cause?
2426;neutral;I'm reviewing the updated `README.md` file. The changes look good, but I'd like to discuss the addition of the new contributor section.
2102;neutral;I'm experiencing intermittent failures in the CI/CD pipeline for #1234. The build passes on my local machine but fails on the runner with a timeout error.
3086;negative;I'm experiencing intermittent failures in the CI/CD pipeline for #1234 due to an unresolvable `npm` install error on Ubuntu 20.04.
109;positive;Great fix on #123! Your changes to the build script have improved our CI/CD pipeline's reliability. Thanks for your attention to detail!
3260;negative;I'm seeing intermittent failures in our CI/CD pipeline for the `feat/new-feature` branch due to a mismatched version of `dependency-lib`. Can we investigate?
1273;positive;Just tested the latest build on our CI/CD pipeline and it's passing all tests! Great work on squashing that pesky bug #123, @johnDoe!
59;positive;Great job on squashing that pesky `NullPointerException` in the `main()` method. Your fix has greatly improved our app's stability!
77;positive;Just ran the updated CI/CD pipeline for the recent refactor and it's passing all tests! Thanks for your hard work on this, @username!
3740;negative;I'm experiencing intermittent build failures on the CI/CD pipeline due to an unresolvable `java.lang.OutOfMemoryError` in the Maven build process.
369;positive;Great fix on #1234! The updated CI/CD pipeline is now successfully deploying to staging. Well done team!
3802;negative;I'm experiencing intermittent failures in the CI/CD pipeline due to inconsistent `npm install` results on CircleCI. Can we revisit the package.json dependencies?
786;positive;Great fix on #123! The updated README is much clearer now. Well done on addressing the build issues in our CI/CD pipeline!
3998;negative;Issue #1234's latest changes broke the CI/CD pipeline. The `npm install` step is failing due to a mismatched version of `eslint-plugin-react`. Please investigate.
1335;positive;Great catch on the `npm` version mismatch! Your fix in PR #123 is spot on. Thanks for keeping our CI/CD pipeline stable!
2577;neutral;I've verified the changes in #1234. The updated build script seems to be working correctly in our CI/CD pipeline.
1469;positive;Great fix on #123! Your changes to the `ci/cd` script have improved our pipeline's reliability. Well done!
3857;negative;I'm seeing intermittent failures in the `build` stage of our CI/CD pipeline due to a flaky `npm install` step. Can we troubleshoot this further?
3390;negative;I'm experiencing intermittent failures in our CircleCI pipeline due to the recent update of `react-scripts` package. Can we investigate further?
2228;neutral;I'm reviewing the updated `README.md` file in #123. The formatting looks good, but I'd like to discuss the new section on deployment strategies.
4410;negative;I'm running into an error with the `npm install` on my fork of #1234. Getting a cryptic 'EACCES' permission denied error for a seemingly innocuous dependency.
1836;neutral;Just reviewing the latest test results from the CI/CD pipeline for #1234. Everything looks good so far, but I'll double-check the dependencies.
4157;negative;@author I'm experiencing intermittent failures in our CI/CD pipeline due to an inconsistent `npm` cache. Can we explore a more robust solution?
911;positive;Just tested the latest build on our CI/CD pipeline and it's passing all tests! Great work on resolving that tricky dependency issue #1234
125;positive;Great fix on #123! The updated build script for our CI/CD pipeline is now stable and passing all tests. Well done!
3761;negative;I'm experiencing intermittent errors with the `npm install` on my local machine. Can we investigate this further in #1234?
2795;neutral;I'm experiencing intermittent failures in the `build` step of our CI/CD pipeline on GitHub Actions. Can we investigate further?
2830;neutral;I'm experiencing intermittent failures in the build process for #1234. The error message indicates an issue with the `npm install` step.
1179;positive;Just tested the latest PR #1234 and it's working smoothly! Your fix for the regression bug is a huge relief. Thanks!
3820;negative;Can't believe the `npm install` is still failing due to outdated dependencies in #123. This is holding up our deployment to prod.
4484;negative;The recent update to `npm` is causing issues with our CI/CD pipeline. Failing tests on Node 14.
443;positive;Great fix on #123! Your changes to the CI/CD pipeline have improved build times significantly. Well done!
2489;neutral;I'm reviewing the updated `README.md` in #123. The formatting looks good, but I'd like to see some additional documentation on the setup process.
3834;negative;Failing to update `aws-sdk` in the Docker image is causing issues with our CI/CD pipeline. Can we please address this ASAP?
2816;neutral;I think we should revisit the `npm install` step in `.travis.yml`, it's taking a bit longer than expected.
1729;neutral;I'm experiencing intermittent issues with the CI/CD pipeline on PR #1234. Could you investigate why it's failing occasionally?
1535;neutral;I've reviewed the updated `README.md` in #1234. The formatting looks good, but I'd like to see a brief description of the project's dependencies.
325;positive;Thanks for addressing the `NullPointerException` in the `main()` method. Your fix has greatly improved the app's stability!
2501;neutral;I'm experiencing intermittent failures in the `build` stage of our CI/CD pipeline. Can we investigate the cause of this error?
2108;neutral;I've tested the latest changes in #1234 and couldn't reproduce the reported error. Could we discuss further to clarify the issue?
1503;neutral;Just reviewed #123: the test suite passes on my local machine but fails intermittently in CI. Need to investigate further.
4357;negative;I'm experiencing intermittent failures in the CI/CD pipeline for #1234 due to an unresolvable `npm install` error on Ubuntu 20.04.
2465;neutral;I'm experiencing intermittent issues with the `pip install` on the CI/CD pipeline for PR #123. Would appreciate further investigation into this matter.
1007;positive;Just tested #34's fix on CircleCI and it's passing all tests! Great work, @johnDoe!
2858;neutral;@dependabot Can you take another look at the `npm` install in #1234? It's still failing due to a version conflict.
1963;neutral;I'm experiencing intermittent issues with the `npm install` step in our CI/CD pipeline. Can we investigate further?
1357;positive;Just tested the latest build on CircleCI and it's passing all tests! Great work on resolving the `npm install` issues in #123.
4039;negative;This breaks our CI/CD pipeline for the `release-1.2` branch due to a missing dependency in `package.json`. Can we revert this change?
1962;neutral;Just wanted to confirm that the fix for #1234 has been deployed to staging environment. Can we review before pushing to production?
7;positive;Great catch on the `yaml` parsing issue! Your fix in #1234 is spot on and has been successfully integrated into our CI/CD pipeline.
933;positive;Great fix on #123! Your adjustments to the build script resolved the intermittent test failures. Thanks for your attention to this!
440;positive;Thanks for fixing the `NullPointerException` in the `login()` method! The updated code looks great and should improve user experience significantly.
2230;neutral;I'm experiencing intermittent failures in our CircleCI build for #1234. The error is `java.lang.OutOfMemoryError: GC overhead limit exceeded`. Can we investigate?
2756;neutral;I'm experiencing intermittent issues with the `npm install` step in our CI/CD pipeline. Can we investigate further to reproduce the error?
2208;neutral;I've reviewed the updated `README.md` in #123. The formatting looks good, but I'd like to discuss the addition of a dependencies section.
4174;negative;Can't reproduce the `NullPointerException` in the latest build. The CI/CD pipeline is still failing on this specific test case #1234
1491;positive;Great fix on #123 for the `NullPointerException`! Your changes simplified the error handling in our CI/CD pipeline. Well done!
3389;negative;Failing to merge #123 due to unresolved `npm install` errors in the new node_modules directory. Can we revisit the build script?
2168;neutral;Just reviewing #1234's test coverage. The new changes seem to be covered by the updated tests, but I'd like to see more unit test examples for future updates.
3460;negative;The latest build on the `main` branch is failing due to an unresolved conflict between `react` 17.0.2 and `typescript` 4.1.3 in the CI/CD pipeline.
1296;positive;Just tested the latest build on #1234 and it's working smoothly! Thanks for the quick fix on the API endpoint, @username!
3538;negative;Failing to resolve the `NullPointerException` in `utils/logger.ts` is causing our CI/CD pipeline to fail. Can we revisit this ASAP?
3754;negative;Just hit a snag with #1234's CI/CD pipeline. The `npm install` step is failing due to an outdated `express` version, causing the build to break.
2155;neutral;I'm experiencing intermittent failures in the `test_coverage` job on PR #123. Can we investigate the cause of this flakiness?
195;positive;Great catch on the `npm` version mismatch! Your fix for #1234 has been merged into master and is now part of our CI/CD pipeline.
2338;neutral;I'm reviewing the latest changes to our CI/CD pipeline (PR #123) and noticed a minor inconsistency in the deployment script. Can we revisit this?
2650;neutral;Just reviewing the latest PR #1234, noticed the updated README is missing the new feature's documentation. Should we add a section for it?
3879;negative;I'm experiencing intermittent failures in our CI/CD pipeline due to the recent update of `react` package. Can we investigate further?
2452;neutral;I'm experiencing intermittent failures in our CI/CD pipeline for `feature/new-api` due to a potential issue with the `axios` library version 1.2.0.
3044;negative;Just hit another `NullPointerException` on the latest build. This is getting frustrating with our current implementation of the CI/CD pipeline.
4472;negative;The latest build on CircleCI is still failing due to the `jsonschema` import error. Can we re-evaluate our dependencies?
1131;positive;Great job on resolving the Jenkins CI/CD pipeline issue! Your fix for the `mvn` command worked seamlessly in my local environment.
2454;neutral;I'm experiencing intermittent issues with the `docker-compose up` command in the CI/CD pipeline for PR #123. Can someone review the Dockerfile for potential conflicts?
4462;negative;I'm experiencing issues with the latest build on CircleCI. The `npm install` step is failing due to a missing dependency in our package.json file.
223;positive;Great fix on the Jenkins pipeline! The automated tests are now passing consistently. Thanks for your attention to detail!
3519;negative;I'm experiencing intermittent crashes with the latest build. The CI/CD pipeline failed to catch this regression. Can we investigate further?
1316;positive;Great catch on the `NullPointerException` in the `main()` method! Your PR #1234 has significantly improved the app's stability.
574;positive;Just tested the latest build on our CI/CD pipeline and it's passing all tests! Great work on resolving that pesky `NullPointerException`!
1504;neutral;Just reviewing the updated `README.md` for clarity. Can we consider adding a brief description of the project's scope to the top section?
1984;neutral;I'm reviewing the updated CI/CD pipeline in #123. The new setup looks good, but I'd like to see more detailed logs for error handling.
419;positive;Great job on fixing the `NullPointerException` in the `utils` module! Your debugging skills are top-notch. Thanks for the quick update!
3130;negative;I'm experiencing intermittent failures in our CI/CD pipeline due to the `axios` version conflict with `express`. Can we revisit the package.json dependencies?
1105;positive;Great catch on the `npm` version conflict! Your fix in #1234 is spot on, thanks for keeping our build pipelines stable!
258;positive;Great job on fixing the Docker build error in #123! The updated CI/CD pipeline is now successfully deploying to staging environment.
296;positive;Great fix on #123! Your patch for the `NullPointerException` in `utils.py` has improved our build stability significantly. Thanks!
1570;neutral;I'm experiencing intermittent issues with the `ci/cd` pipeline on PR #123. Can someone review the `docker-compose.yml` file for potential conflicts?
2012;neutral;I'm experiencing intermittent issues with the `npm install` step in our CI/CD pipeline on Windows. Can we investigate further?
3705;negative;Just hit a snag with the latest build. The `npm install` step is failing due to an incompatible version of `express`. Can we revisit the package.json?
4170;negative;I'm experiencing intermittent failures in the `build` stage of our CI/CD pipeline due to a faulty Docker image. Can we investigate?
2955;neutral;Regarding #1234, I've reviewed the test results for the latest build. No issues detected, but would like to discuss potential optimization opportunities.
3787;negative;I'm experiencing intermittent failures in our CI/CD pipeline due to this PR's updated dependencies. Can we revisit the version conflicts?
713;positive;Just tested the latest changes to #1234 and it's working smoothly now! Thanks for addressing that pesky `NullPointerException`
2717;neutral;I've reviewed the updated `README.md` in #123. The changes look good, but I'd like to discuss the new formatting before merging.
1781;neutral;Regarding #1234, I noticed the updated `README.md` doesn't mention the new `--verbose` flag. Should we add it to the documentation?
2516;neutral;Just wanted to confirm that the fix in #1234 has been tested with our CI/CD pipeline without any issues.
3196;negative;I'm experiencing intermittent failures in the CircleCI pipeline for #123 due to an inconsistent `npm install` step. Can we revisit the package versioning?
450;positive;Great job on resolving the `NullPointerException` in the `main()` method! Your fix has greatly improved the app's stability. Thanks for your efforts!
1874;neutral;I'm reviewing the updated `README.md` file in #123. The formatting looks good, but I'd like to discuss the addition of a changelog section.
2100;neutral;I'm reviewing PR #123. The updated `README.md` looks good, but I'd like to see the changes explained in more detail.
959;positive;Just merged PR #123 and the CI/CD pipeline is now passing smoothly. Great work on resolving that pesky `NullPointerException`!
1392;positive;Just tested #1234 and it's working smoothly! Your fix for the CI/CD pipeline is spot on. Thanks for your patience and expertise!
655;positive;Great job on resolving the `NullPointerException` in the `main()` method! The fix should improve overall app stability. Thanks for your efforts!
4414;negative;Fails to build on Ubuntu due to missing `libssl-dev` dependency. CI/CD pipeline should include this package in the Docker image.
4238;negative;Frustrated with the latest build failure on #1234. The `npm install` step is consistently failing due to a corrupted node_modules directory.
2772;neutral;I'm reviewing the updated `README.md` for #1234. The changes look good, but I'd like to discuss the addition of a changelog section.
1617;neutral;I'm experiencing intermittent failures in the CI/CD pipeline for branch `feature/new-api` due to unclear error messages from the `npm install` step.
412;positive;Great job on resolving the `npm install` issues in #123! Your fix has improved our build times significantly.
3430;negative;Just hit a roadblock with the latest build on `main` due to a failed test in `test/unit/user.js`. Looks like we need to revisit our mocking strategy.
1893;neutral;I'm reviewing the latest changes to `master` branch. The updated README looks good, but I'd like to see more context around the new CI/CD pipeline configuration.
3718;negative;I'm experiencing intermittent failures in our CI/CD pipeline due to inconsistent build environments. Can we revisit the Dockerfile configuration?
4475;negative;I'm experiencing intermittent failures in the CI/CD pipeline for #1234 due to an unexplained error in `dependency1` versioning. Can we investigate further?
1553;neutral;I've reviewed the updated `README.md` in #123. The changes look good, but I'd like to discuss the new formatting for consistency.
4348;negative;I'm experiencing intermittent failures in the `build` stage of our CI/CD pipeline due to a recent update in `dependency A`. Can we investigate?
2903;neutral;Just wanted to confirm that the fix for #1234 has been properly integrated into the main branch. No issues observed in our CI/CD pipeline so far.
431;positive;Just tested #1234's fix on our CI/CD pipeline and it's working smoothly! Great job @author on squashing that pesky bug!
2885;neutral;I'm experiencing intermittent failures in the CI/CD pipeline for #1234. The pipeline is running successfully on my local machine, but not on GitHub Actions.
2502;neutral;I'm experiencing intermittent failures in the CI/CD pipeline for #123. The build is passing on my local machine but consistently failing on GitHub Actions.
2320;neutral;Regarding #1234, I've reviewed the updated CI/CD pipeline configuration. The changes appear to be in line with our dev team's requirements.
1177;positive;Great job on resolving the memory leak in #123! Your fix has improved our app's performance significantly. Thanks for your diligence!
2708;neutral;Noticed that the latest build on the `main` branch is still failing due to the unresolved `java.lang.NullPointerException` in `utils/Logger.java`. Can we take a closer look?
4481;negative;I'm experiencing intermittent failures in the CI/CD pipeline for branch `feature/new-api` due to inconsistent build times. Can we investigate?
2673;neutral;I've reviewed the updated `README.md` in PR #123. The formatting looks good, but I'd like to see more details on installation instructions.
103;positive;Great fix on the `ci/cd` pipeline! The recent changes have significantly improved build stability. Thanks for your attention to detail!
2499;neutral;I'm reviewing the updated `README.md` file. The formatting looks good, but I'd like to see more details on installation steps in the next revision.
1264;positive;Just tested your fix for the `NullPointerException` in the `utils` module. Works like a charm! Thanks for addressing this!
3532;negative;Can we revisit the recent `npm install` failure in build 2345? Still getting `EACCES` errors on Ubuntu 20.04.
2562;neutral;I'm experiencing intermittent failures in the CI/CD pipeline for branch `feature/new-login-flow`. Could you help investigate?
2485;neutral;I'm experiencing intermittent failures in the CI/CD pipeline for #1234. Can we review the build logs to identify the root cause?
2239;neutral;I'm reviewing the updated `README.md` for clarity. The changes look good, but I'd like to see a brief explanation of the new formatting.
2681;neutral;I'm experiencing intermittent failures in the `build` step of our CI/CD pipeline. Could we investigate further to identify the root cause?
3648;negative;Can't reproduce the `TypeError` on my end. Could you please provide more context about your environment and setup? #issue-123
3498;negative;Issue #123 still not fixed in latest build. @author, can you please provide an update on the status of this critical bug?
1468;positive;Thanks for fixing the `NullPointerException` in the API client! The updated code is working seamlessly now with our CI/CD pipeline.
3342;negative;Issue #123's fix broke our CI/CD pipeline. The `npm install` step now fails due to a missing transitive dependency.
2750;neutral;Noticed that the latest build on Jenkins is failing due to an unknown error. Can we investigate further?
3230;negative;I'm experiencing intermittent failures in the Jenkins CI/CD pipeline due to an inconsistent Docker image version. Can we investigate further?
4070;negative;Just ran into the same `NullPointerException` in `utils.js` again. Can we revisit the recent PR #1234 to ensure it's not causing this?
1065;positive;Just tested the latest build on CircleCI and it passed all tests! Great work on getting our CI/CD pipeline back online!
3009;negative;I'm experiencing intermittent failures in the CI/CD pipeline due to inconsistent build times. Can we optimize the Docker image caching?
819;positive;Great work on fixing the `NullPointerException` in the `login()` method! The updated code is now passing all tests. Thanks for your efforts!
1430;positive;Great job on resolving the `TypeError` in the `utils.py` file! Your fix for the CI/CD pipeline is spot on!
2535;neutral;I'm reviewing the updated `README.md` for clarity. Could you add a brief description of the project's deployment process?
817;positive;Great job on fixing the `NullPointerException` in the `login` method! Your changes to the auth service have significantly improved overall app stability.
3605;negative;I'm experiencing intermittent failures in the `CI/CD` pipeline for branch `feature/new-login-system`. Can we investigate further?
382;positive;Great job on resolving the `NullPointerException` in the `main()` method! Your fix has improved the overall stability of our CI/CD pipeline.
1740;neutral;I'm experiencing intermittent failures in our `build` stage on CircleCI. Can we investigate the cause of these errors?
3716;negative;Just hit a regression in `v1.2.3` due to the recent changes in `package-lock.json`. CI is failing on multiple platforms now.
1770;neutral;I'm reviewing the updated `README.md` in #1234. The changes look good, but I'd like to see more clarity on the installation process.
2229;neutral;Just wanted to confirm that the latest build on `main` is passing all tests after the recent `v1.2.3` update in our CI/CD pipeline.
4332;negative;I'm experiencing issues with the latest build on CircleCI due to a conflict with `npm` version 8.1.0 causing our tests to fail.
865;positive;Just tried the latest build from #1234 and it's working flawlessly! Thanks for the quick fix!
4022;negative;The recent update to `package-lock.json` is causing a circular dependency error in our CI/CD pipeline. Can we revert the changes?
2567;neutral;Just wanted to confirm that the fix in #1234 didn't break our nightly build. Can we add some extra logging to verify the change?
555;positive;Just tested the latest build on my CI/CD pipeline and it passed all tests! Great work on resolving the `npm install` issues #42
1160;positive;Just tested the latest build on our CI/CD pipeline and it's passing all tests! Great work on resolving that pesky `NullPointerException`!
1214;positive;Great fix on the `fetch_data` function! Your changes have significantly improved performance in our CI/CD pipeline. Thanks for your efforts!
4376;negative;I'm experiencing issues with the latest build on CircleCI due to an incompatible version of `npm` in the Docker image. Can we update it to 6.x?
4182;negative;I'm experiencing intermittent failures in our CI/CD pipeline due to the recent `npm` update. Can we investigate further?
1834;neutral;I'm experiencing intermittent failures in the Jenkins build for PR #123. Can we investigate the cause of this flakiness?
3066;negative;I'm experiencing intermittent failures in the `ci/cd` pipeline due to an unexpected timeout in the `test_dependencies` stage. Can we investigate?
3967;negative;Can't reproduce the `TypeError` in `utils.py` due to inconsistent imports. Please clarify why `numpy` is being used instead of `pandas`.
749;positive;Thanks for fixing the `TypeError` in the build process! The CI/CD pipeline is now passing smoothly with your latest changes.
3464;negative;I'm experiencing intermittent failures in our CI/CD pipeline due to the recent update of `package-lock.json`. Can we investigate further?
1438;positive;Great work on fixing the `NullPointerException` in the CI/CD pipeline! This should improve build stability for our users. Thanks!
867;positive;Just tested the latest build on our CI/CD pipeline and it's passing all tests! Great job @johnDoe on resolving that tricky bug #1234
753;positive;Great job on fixing the `NullPointerException` in the `main()` method! The updated code is now successfully building with our CI/CD pipeline.
3704;negative;The latest build on the CI/CD pipeline is still failing due to an unresolved `NullPointerException` in the `UserDAO` class. Can we take a closer look at this?
2300;neutral;I'm experiencing intermittent failures in the `build` step of our CI/CD pipeline. Can we investigate why this is happening on PR #123?
3503;negative;Failing to update `package-lock.json` after npm install breaks the build. This should be fixed in #1234 before merging.
2019;neutral;I'm experiencing intermittent failures in the CI/CD pipeline for #1234. The build completes successfully on my local machine but fails on CircleCI.
730;positive;Great catch on the `npm` version mismatch in the CI/CD pipeline! Your fix in PR #123 has resolved the build errors.
3533;negative;I'm seeing intermittent failures in our CI/CD pipeline due to the recent `kotlinx-coroutines` update. Can we investigate further?
2005;neutral;I've reviewed the updated documentation for the `build.gradle` file. The changes look good, but I'd like to see more context around the new dependencies.
3428;negative;I'm experiencing intermittent failures in the `build` stage of our CI/CD pipeline due to a faulty dependency on `node-sass@4.14.1`. Can we investigate?
2405;neutral;I'm experiencing intermittent failures in the CI/CD pipeline for #123. Can we discuss possible causes and solutions?
2837;neutral;Regarding #1234: I've verified the test results in our CI/CD pipeline and couldn't reproduce the reported failure. Additional context would be helpful to troubleshoot further.
1111;positive;Thanks for squashing that pesky `NullPointerException` in the `main()` method! The updated code is now passing all tests on my CI/CD pipeline.
3408;negative;Just hit this error again in the latest build: `TypeError: Cannot read property 'length' of undefined` on line 345 of `src/utils.js`. Need help troubleshooting.
347;positive;Great job on resolving the `TypeError` in the `utils.py` file! The fix is now successfully passing our CI/CD pipeline for `main` branch.
1860;neutral;Just wanted to confirm that the fix for #1234 has been merged into the latest dev branch. Thanks for the update!
3244;negative;The `latest` version of `react-router-dom` is causing issues with our app's routing. Can we revert to a stable version?
4208;negative;The `latest` version of `react-router-dom` is still causing the routing issue I reported in #123. Can we please update to a stable version?
579;positive;Nice fix on #123! Your changes to the CI/CD pipeline have greatly improved our build times. Thanks for your attention to detail!
4061;negative;Just hit a roadblock with the latest build. The `npm install` step is failing due to a missing peer dependency on `@types/node`. Can we revisit the package.json?
2919;neutral;I'm reviewing the updated `README.md` file in #123. The formatting looks good, but I'd like to discuss the additional dependencies listed.
3888;negative;I'm experiencing intermittent failures in our CI/CD pipeline for the `feature/new-login-system` branch due to an unresolvable error with `npm install`. Can we investigate?
2248;neutral;I've verified the fix for #1234 in the latest build. The updated `README.md` is now correctly linked to the CI/CD pipeline documentation.
3444;negative;I'm experiencing intermittent failures in the `build` stage of our CI/CD pipeline due to a faulty network connection on my end.
179;positive;Just reviewed #1234 and the changes look solid! Your refactoring of the CI/CD pipeline is a huge improvement.
3950;negative;I'm experiencing intermittent failures in our CI/CD pipeline due to the recent update of `npm` version. Can we revert to a stable version?
2016;neutral;I'm experiencing intermittent failures in the `build` stage of our CI/CD pipeline. The error occurs on 3 out of 5 runs, making it difficult to reproduce.
2079;neutral;I'm experiencing intermittent issues with the `build` step in the CI/CD pipeline. Can we investigate further to determine the cause?
1840;neutral;I've reviewed the updated `README.md` in PR #1234. The changes look good, but I'd like to discuss the new logo's color scheme further.
605;positive;Great fix on #123! Your approach to handling edge cases in the CI/CD pipeline is a huge improvement. Well done!
1414;positive;Great fix on #1234! The updated `build.gradle` file resolved the dependency conflict I was experiencing with our CI/CD pipeline. Thanks for your attention to this!
26;positive;Great fix on #1234! The updated `README.md` is clear and concise. Well done @username!
659;positive;Just tested #1234's fix on our staging environment and it looks great! The CI/CD pipeline is now passing smoothly. Thanks for the quick resolution!
2695;neutral;I'm experiencing intermittent failures in the CircleCI build for #123. Can we add some logging to help diagnose the issue?
3869;negative;I'm experiencing intermittent failures in the `ci/cd` pipeline due to inconsistent network connectivity. Can we explore more robust retry mechanisms?
174;positive;Great fix on #123! The `npm install` step now correctly resolves the circular dependency with `package-a`. Thanks for your diligence!
3789;negative;Issue with latest build: `CI/CD pipeline` is failing due to missing `numpy` package in requirements.txt. Can we update the dependencies?
332;positive;Thanks for fixing the `TypeError` in the `utils.py` file! Your changes have greatly improved the reliability of our CI/CD pipeline #1234
343;positive;Great fix on #123! Your changes streamlined the build process in our CI/CD pipeline. Thanks for addressing that pesky dependency issue.
2597;neutral;Regarding #123: I'm not sure if this is a regression, but the `test_coverage` metric in our CI/CD pipeline seems to be consistently lower than expected.
3873;negative;I'm experiencing intermittent failures in our CI/CD pipeline due to an unclear error message from the `npm` install step on CircleCI. Can we investigate?
1089;positive;Great fix on `issue #1234`! Your refactoring of the CI/CD pipeline has significantly improved build times. Well done!
480;positive;Great catch on the `npm` version inconsistency! Your fix for #1234 is spot on. CI now passes with ease!
728;positive;Just tested the latest build on Jenkins and it's passing all tests! Great job on squashing that pesky bug in #123, @johnDoe!
3410;negative;Just hit this error in the latest build: `TypeError: Cannot read property 'length' of undefined` on line 345 of `src/utils.js`. Needs a fix ASAP.
977;positive;Great catch on the API rate limit fix in #123! The updated docstring is clear and concise. Well done!
1379;positive;Great fix on #123! Your change to `package.json` resolved the npm install issue I was experiencing. Thanks for your attention to detail!
2417;neutral;I'm experiencing intermittent failures in our CI/CD pipeline for the `feature/new-api` branch. Could someone review the build logs to identify the cause?
3878;negative;The `latest` tag in the Docker image is still hardcoded to v1.2.0, causing issues with our CI/CD pipeline.
3591;negative;I'm experiencing intermittent failures in our CI/CD pipeline due to the recent update of `npm` version. Can we revert it temporarily?
1300;positive;Great job on resolving the `NullPointerException` in the login feature! Your fix is clean and efficient, thanks for the effort!
2427;neutral;I'm reviewing the updated `README.md` file for clarity. Could you add a brief description of the project's architecture?
4144;negative;I'm experiencing intermittent failures in the CI/CD pipeline for #123. The error message suggests a version conflict with `react` 17.0.2, but I've already updated to 18.0.0.
3434;negative;The latest build is failing due to an outdated `numpy` version. Can we update the requirements in `ci/pipeline.yml`?
2416;neutral;I'm experiencing intermittent failures in our CI/CD pipeline for branch `feature/new-login-feature`. Would appreciate it if we could investigate the cause of these errors.
1594;neutral;I'm experiencing intermittent failures in the CI/CD pipeline for #1234. Can we investigate the cause of these errors?
2477;neutral;Just wanted to confirm that the fix for #1234 is indeed merged into develop branch, thanks for the update @johnDoe
3836;negative;@username, I'm experiencing issues with the latest build on CircleCI due to an outdated `npm` version. Failing tests: `package.json` line 12.
2060;neutral;Just wanted to confirm that the fix for #1234 is working as expected in our CI/CD pipeline. No further issues reported.
1612;neutral;I'm experiencing intermittent failures in the `test-coverage` pipeline for #123. Can someone investigate why this is happening?
2923;neutral;I'm experiencing intermittent failures in the build process for #123. Have you tried running `mvn clean install` manually to see if it resolves the issue?
4289;negative;@maintainer The recent update to `package.json` broke our CI/CD pipeline in #123. This is the second time a dependency version mismatch has caused issues.
1546;neutral;Regarding #123: I've reviewed the updated build script and it appears to be working correctly in our CI/CD pipeline. No further action is required.
2590;neutral;I'm experiencing intermittent failures in the CI/CD pipeline for #1234. Can we review the build logs to determine the root cause?
1279;positive;Just ran the updated CI/CD pipeline on #1234 and it's passing all tests! Great job @johnDoe on squashing that tricky bug!
4181;negative;I'm experiencing issues with the latest build on CircleCI. The test suite is failing due to a missing dependency in our `package.json` file.
3180;negative;I'm experiencing issues with the latest build on our CI/CD pipeline. The deployment to prod is failing due to a missing `devDependencies` entry in package.json.
2305;neutral;I've reviewed the updated `README.md` in #123. The formatting looks good, but I'm not sure about the new section on deployment.
68;positive;Great job on resolving the `NullPointerException` in the CI/CD pipeline! Your fix has significantly improved our build times.
1706;neutral;Regarding #1234, the latest build on our CI/CD pipeline is failing due to an unresolved dependency conflict with `package A`. Investigating further.
222;positive;Great job on fixing the `NullPointerException` in commit 123456! Your changes streamlined our CI/CD pipeline for future releases.
3946;negative;I'm experiencing intermittent failures in our CI/CD pipeline due to this PR's changes. Can we revisit the updated dependencies?
1616;neutral;I'm reviewing the updated `README.md` in #123. The formatting looks good, but I'd like to discuss the addition of example use cases.
3433;negative;Failing to update `npm` versions in the build script is causing inconsistent test results. Can we bump it to 8.x?
4351;negative;I'm experiencing intermittent failures in the `dev` branch's CI/CD pipeline due to an inconsistent Docker image build. Can we investigate?
89;positive;Great catch on the `npm` version mismatch! Your fix in #1234 has resolved the build failure in our CI/CD pipeline. Well done!
3208;negative;I'm experiencing intermittent failures in the CI/CD pipeline for #1234 due to an inconsistent `npm install` output. Can we investigate further?
2308;neutral;I'm reviewing the updated `README.md` file in #123. The formatting looks good, but I'd like to see a clearer distinction between code snippets.
3516;negative;I'm experiencing intermittent failures in the `build` step of our CI/CD pipeline due to a corrupted `node_modules` directory. #145
3008;negative;Frustrated with the recent `npm install` failures in our CI/CD pipeline due to outdated node-sass version causing a build error #1234
2640;neutral;I'm experiencing intermittent failures in the `main` branch's CI/CD pipeline due to inconsistent build times. Can we investigate further?
2118;neutral;I'm experiencing intermittent failures in the CI/CD pipeline for branch `feature/new-login-flow`. Could you investigate the cause of these errors?
1475;positive;Just tested the latest build on CircleCI and it's passing all tests! Great work on resolving the `dependency conflict` in #123.
4103;negative;I'm experiencing intermittent failures in our CI/CD pipeline on the `main` branch due to a flaky test in `utils.js`. Can we revisit this?
2722;neutral;I'm reviewing the PR for #1234. The code looks clean, but I'd like to see more documentation on how this change affects our CI/CD pipeline.
1144;positive;Great fix on the `readme.md` update! The new formatting looks clean and easy to follow. Well done!
398;positive;Just built and tested the updated API with the latest dependencies. Everything looks great! Thanks for resolving #123, it's working as expected now.
1692;neutral;I'm reviewing the updated `README.md` in #1234. The formatting looks good, but I'd like to see a brief description of the project's testing framework.
3599;negative;Failing to update `package-lock.json` in #123 caused our CI/CD pipeline to break. Can we revisit the automated script?
3584;negative;I'm experiencing intermittent failures in our CI/CD pipeline due to the recent update of `react` version. Can we revisit this change?
2255;neutral;Reviewing #123's changes to the CI/CD pipeline reveals no issues, but I'd like to discuss the added logging configuration for error tracking.
1399;positive;Great fix on the `npm install` issue! Your changes to the `package.json` file resolved the conflict with our CI/CD pipeline.
1814;neutral;I'm experiencing intermittent failures in the `test_ci_pipeline` on CircleCI. Can we investigate further to determine the root cause?
1097;positive;Just tested the fix for #1234 and it's working beautifully! The updated CI/CD pipeline has significantly reduced build times. Great job on the refactor!
3270;negative;I'm seeing intermittent failures in our CI/CD pipeline for the `feature/new-feature` branch. Can we investigate why this is happening?
1351;positive;Thanks for fixing the `NullPointerException` in the `login()` method! Your PR #1234 is a great example of how to improve our app's reliability.
3065;negative;I'm experiencing intermittent failures in the `build` stage of our CI/CD pipeline due to inconsistent Docker image builds. Can we revisit the Dockerfile?
980;positive;Great job on resolving the `pip install` issue in #123! Your fix has been successfully integrated into our CI/CD pipeline.
284;positive;Just tested the latest PR #1234 and it's working seamlessly with our CI/CD pipeline. Great job on resolving that dependency issue!
1299;positive;Great fix on the `npm install` issue! Your changes to `package.json` resolved the conflict with our CI/CD pipeline. Thanks for your diligence!
899;positive;Great job on fixing the `pip` install issue in #123! The new build script is a huge improvement for our CI/CD pipeline.
3238;negative;I'm experiencing intermittent failures in the `ci/cd` pipeline due to a faulty network connection on my end. Can we revisit #1234?
3812;negative;Can we revisit the recent merge of #123? The updated README still points to an outdated API endpoint.
3784;negative;The latest build on the `main` branch is failing due to a missing dependency. Can we roll back to the previous commit? #1234
614;positive;Just reviewed #1234 and I'm impressed with the fix! Your testing approach is spot on. Well done!
3067;negative;Failing to update `package.json` in #123 causes deployment issues. Can we revisit the automated build script for this fix?
1733;neutral;I've noticed the `latest` version of `react` is not being fetched in our CI/CD pipeline. Can we review the npm install script?
2087;neutral;I'm not seeing any issues with the updated `package.json` file in the latest PR #123. Can someone confirm its integrity?
424;positive;Just tested with the latest changes in #1234 and it's working flawlessly! Thanks for your patience and persistence on this one!
3709;negative;I'm getting `TypeError: 'str' object is not iterable` on the latest build. Can we take a closer look at the updated CI/CD pipeline?
1722;neutral;Just reviewing the latest changes to #1234. The updated tests seem solid, but I'd like to see more context on the CI/CD pipeline adjustments.
4277;negative;I'm experiencing intermittent failures in our CI/CD pipeline due to the recent update of `react-scripts`. Can we revisit the package version?
840;positive;Thanks for fixing the `NullPointerException` in the build process! This should greatly improve our CI/CD pipeline stability now.
501;positive;Great fix on #123! Simplified the Docker build process by removing unnecessary dependencies. Works smoothly now.
3552;negative;I'm experiencing a frustrating issue with the `latest` branch in our CI/CD pipeline. The build is failing due to an unresolvable dependency conflict.
1698;neutral;Regarding #1234, I've reviewed the code changes in PR 5678. The updated tests seem to pass, but I'd like to see additional logging for error handling.
550;positive;Great catch on the typo in `README.md`! Your PR #1234 is a huge improvement to our documentation. Thanks for your diligence!
558;positive;Great catch on the `npm` version mismatch in #123! Your fix to update the `package.json` should resolve the build issues.
3221;negative;I'm experiencing intermittent failures in our CI/CD pipeline due to the recent update of `dependency1` causing a conflict with `dependency2`. Can we investigate further?
2081;neutral;I'm reviewing the updated `README.md` in #1234. The changes look good, but I'd like to discuss the addition of `npm install` instructions before we merge.
2375;neutral;I'm experiencing intermittent failures in the `ci/cd` pipeline for PR #123. Can someone review the build logs to identify the cause?
219;positive;Great job on fixing the regex pattern in #123! The updated build is now passing all tests. Thanks for your attention to detail!
2466;neutral;I'm experiencing intermittent failures in the CI/CD pipeline for `PR #1234`. The build passes on my local machine but fails on the GitHub Actions server.
3401;negative;I'm experiencing intermittent failures in the CI/CD pipeline for #1234. The error message suggests a version conflict with `numpy` 1.20.0, but I've already updated to the latest version.
1139;positive;Great catch on the `TypeError` in the `ci/cd` pipeline! Your fix for `pyyaml` versioning is spot on.
210;positive;Great fix on #1234! Your changes to the CI/CD pipeline have significantly improved our build times. Well done!
2576;neutral;I've reviewed #123 and agree with the decision to use yarn instead of npm for package management. No further action required.
2084;neutral;I'm experiencing intermittent issues with the CI/CD pipeline on PR #123. It's passing on some runs but failing on others. Can we investigate further?
2098;neutral;I'm not sure if this is the right place to report it, but I noticed an intermittent error in the CI/CD pipeline for branch #1234. Can we discuss?
551;positive;Just tested #1234 and the fix for the auth token issue works beautifully! Thanks for the quick turnaround on this one!
1425;positive;Just tested the latest build on our CI/CD pipeline and it's passing all tests! Great job on squashing that pesky bug in #1234!
2790;neutral;I'm experiencing intermittent issues with the CI/CD pipeline on PR #123. The build fails occasionally due to a missing dependency.
2898;neutral;I've reviewed the PR #1234. The changes look clean, but I'd like to see more context on why we're updating `npm` version from 7.x to 8.x.
949;positive;Just tested your fix for #1234 and it's working beautifully! The CI/CD pipeline is now passing smoothly. Thanks for the quick resolution!
4300;negative;I'm seeing intermittent failures in the CI pipeline for `main` branch due to this change. Can we revisit the dependencies?
2533;neutral;I've noticed the `lint` stage in our CI/CD pipeline is failing on PR #123 due to an invalid import. Can we investigate further?
533;positive;Thanks for fixing the Travis build failure on #123! Your changes to `package.json` resolved the npm version conflict nicely.
3949;negative;I'm experiencing intermittent failures in the `build` stage of our CI/CD pipeline due to a flaky test in `feature/new-login-flow`. Can we revisit this?
3136;negative;The recent change in `main` broke the CI/CD pipeline for our nightly builds. Can we revert this commit until further testing?
3138;negative;I'm experiencing intermittent build failures in the `main` branch due to inconsistent package versions. Can we investigate further?
1863;neutral;Regarding #1234, I've noticed that the updated `README.md` doesn't reflect the changes in the latest commit. Should we sync the documentation?
2824;neutral;Just wanted to confirm that the fix for #1234 is working correctly in our staging environment. No issues observed so far.
640;positive;Great job on fixing the `NullPointerException` in the `main()` method! Your fix is clean and well-explained in #123. Thanks for the quick turnaround!
4353;negative;I'm experiencing intermittent failures in the CI/CD pipeline due to inconsistent `npm` cache behavior. Can we investigate further?
3903;negative;I'm experiencing intermittent failures in the build process on CircleCI. The error message is unclear and I've tried re-running with no success.
1;positive;Thanks for squashing that pesky CI build error! Your fix has our pipeline up and running smoothly again.
2555;neutral;I'm experiencing intermittent errors with the `npm install` command in our CI/CD pipeline. Can we review the Docker image configuration?
4416;negative;I'm experiencing intermittent failures in the `build` stage of our CI/CD pipeline. Can we investigate why `npm install` is timing out on certain nodes?
2857;neutral;@author I've reviewed the recent `dependency-upgrade` PR (#123) and noticed no issues with the new version of `log4j`. Let's proceed with merging.
3842;negative;Frustrated with the latest build failure in `CI/CD Pipeline #234`. Can't reproduce locally due to missing Docker image dependencies.
1502;neutral;I'm experiencing intermittent failures in the CI/CD pipeline for #1234. Could you review the build logs to see if there's a pattern?
248;positive;Just tested #1234 with the latest build and it's working smoothly! Great job on squashing that tricky bug in the CI/CD pipeline!
2963;neutral;Regarding #1234, I've reviewed the updated CI/CD pipeline configuration. The changes appear to be in line with our current standards.
2310;neutral;I'm experiencing intermittent failures in the CI/CD pipeline for #123. Have tried re-running the tests with no luck so far.
1648;neutral;I'm reviewing the updated `ci.yml` file in #123. The changes seem reasonable, but I'd like to discuss the implications on our nightly builds.
3870;negative;Failing to update `npm` version in `.travis.yml` is causing our CI/CD pipeline to fail on Node 14. Can we please revisit this?
2887;neutral;I'm reviewing the latest changes to the `main` branch. The updated README looks good, but I'd like to discuss the new dependency on `numpy`.
3525;negative;I'm experiencing intermittent failures in the CI/CD pipeline for #1234 due to an inconsistent `npm` cache issue. Can we investigate further?
1673;neutral;I'm reviewing the updated `README.md` for clarity. The changes look good, but I'd like to see a brief explanation of the new section on testing.
1989;neutral;I'm experiencing intermittent failures in the `test-ci` pipeline due to inconsistent package versions. Can we revisit the dependency management script?
3182;negative;I'm experiencing issues with the latest build on CircleCI due to an incompatible version of `react` in our dependencies. Can we revisit this?
2487;neutral;I'm experiencing an intermittent issue with the CI/CD pipeline on PR #1234. The build fails occasionally due to a missing dependency.
3265;negative;The latest build on the CI/CD pipeline for #123 is failing due to an unresolved `NullPointerException` in the `dataProcessor` class.
3369;negative;I'm experiencing intermittent failures in the CI/CD pipeline for #1234 due to inconsistent test results. Can we revisit the test suite?
1699;neutral;Regarding #1234: I've reviewed the changes in PR 5678. The updated build script seems to be working as expected with no issues reported from CI/CD.
3614;negative;I'm experiencing intermittent failures in our CI/CD pipeline for the `feature/new-feature` branch due to a `pip` installation error. Can we investigate further?
279;positive;Great fix on #123! Your changes to the build script resolved the intermittent deployment failures in our CI/CD pipeline. Thanks for your attention to this!
953;positive;Just tested #1234 with the latest update to `numpy` and it's now passing all tests! Great job on fixing that regression!
4391;negative;I'm experiencing issues with the latest build on CircleCI. The `npm install` step fails due to an outdated `yarn` version.
3774;negative;The latest build is failing due to an incompatible version of `numpy` in the `requirements.txt`. Can we update it to `1.20.0`?
2674;neutral;I'm experiencing issues with the latest Docker build on `PR #123` due to missing dependencies. Can we review the `docker-compose.yml` file?
1513;neutral;I've reviewed the latest changes in #1234 and noticed some minor formatting inconsistencies. Could we revisit these to maintain consistency?
2918;neutral;Just wanted to confirm that the fix in #1234 has been tested with our CI/CD pipeline and doesn't seem to cause any issues.
3129;negative;The recent changes to the build script are causing intermittent failures in our CI/CD pipeline. Can we revert to a previous version?
2930;neutral;Noticed that the latest build on #1234 fails due to an unresolved dependency conflict. Can we revisit the package.json file?
4245;negative;PR #123's changes broke the build on CircleCI due to an incompatible package version. Can we revert or update dependencies?
2400;neutral;I'm experiencing intermittent failures in the `build` step of our CI/CD pipeline on CircleCI. Can we investigate further?
2054;neutral;Regarding #123: I'm experiencing intermittent failures in the CI/CD pipeline. Can we discuss possible causes and potential solutions?
2313;neutral;Just checking in on the CI/CD pipeline failure for `#1234`. The error message suggests a version mismatch with `package A`, but I'm not sure if that's related to the recent update.
156;positive;Thanks for fixing the `NullPointerException` in the `login()` method! Your PR #123 is a great example of how to improve our app's stability.
2331;neutral;Noticed that the latest build on `main` branch is failing due to an unknown error in `package.json`. Could you investigate?
986;positive;Great fix on the `CI/CD` pipeline! The updated `Dockerfile` is now correctly resolving dependencies for our nightly builds.
1589;neutral;I'm experiencing intermittent failures in the CI/CD pipeline for #123. Could you take a look at the build logs to see if there's an obvious cause?
2058;neutral;I'm reviewing the updated `build.gradle` file for #123. The changes seem reasonable but I'd like to discuss the implications on our CI/CD pipeline.
2909;neutral;Regarding #123: I've reviewed the changes in PR 456 and noticed no issues with the updated build script. Can we discuss further?
982;positive;Great fix on #1234! Your changes to the CI/CD pipeline have improved our build times significantly. Well done!
2068;neutral;I'm running into an intermittent failure in the CI/CD pipeline for `main` branch. The test suite is passing locally but consistently failing on GitHub Actions.
1744;neutral;Just wanted to confirm that the fix in #1234 resolves the issue with our CI/CD pipeline failing on CircleCI due to a missing dependency.
4355;negative;@author I'm seeing intermittent failures in our CI/CD pipeline for the `v1.2` release due to a flaky test. Can we investigate?
4326;negative;I'm experiencing intermittent failures in the CircleCI build due to an inconsistent Docker image cache. Can we investigate further? #1234
2003;neutral;Can we discuss the implications of this PR on our CI/CD pipeline? I'd like to see some additional testing before merging.
2389;neutral;Just reviewing the updated CI/CD pipeline for #123. The new setup looks good, but I'm wondering if we should add some error handling for failed deployments.
3535;negative;Failing to update `semver` in the build script is causing versioning issues with our latest release. Can we revisit this ASAP?
1938;neutral;@username I think we can improve the error handling in `ci/pipeline.yml` by adding a retry mechanism for failed builds. Thoughts?
1843;neutral;Can we revisit the CI/CD pipeline for `feature/new-api`? I noticed the build is failing due to a missing dependency on `node 14.x`.
3685;negative;I'm experiencing intermittent build failures in the `main` branch due to an inconsistent `npm install` output. Can we investigate?
1458;positive;Just tested #1234 with the latest changes and it's working as expected! Great job on resolving the build issues in the CI/CD pipeline!
1510;neutral;Regarding #123: I've reviewed the fix for the `NullPointerException` in `utils.py`. The changes look good, but can we discuss the impact on existing workflows?
1396;positive;Great job on fixing the `NullPointerException` in #123! Your changes to the CI/CD pipeline really paid off.
4060;negative;Frustrated with the `latest` dependency version causing a conflict in our CI/CD pipeline. Can we revert to a stable version?
3042;negative;I'm experiencing issues with the latest build in our CI/CD pipeline. The `npm install` step is failing due to a version conflict with `lodash`. Can we revisit the dependency versions?
1500;positive;Great catch on the `npm` version mismatch! Your fix in PR #1234 resolves the build failure on CircleCI. Thanks for your attention to detail!
701;positive;Just tested the fix for #1234 and it's working beautifully! Your changes to the CI/CD pipeline have greatly improved our build times. Thanks!
2182;neutral;I've reviewed the recent changes to the build script. The updated dependencies seem reasonable, but I'd like to see more context on the CI/CD pipeline adjustments.
645;positive;Just tested #1234's fix and it resolved the intermittent API connection issues. Great job on the patch release!
2938;neutral;Can we revisit the `pip install` script in #1234? I'm not sure why it's still using Python 3.8, should be updated to latest version.
1406;positive;Great fix on #123! Your changes to the CI/CD pipeline have significantly improved build times. Well done!
930;positive;Just tested the latest build and it's working flawlessly! Great job on resolving the `NullPointerException` in the `login()` method!
1715;neutral;I'm experiencing intermittent failures in the `build` stage of our CI/CD pipeline. Can we investigate the cause of this inconsistency?
2283;neutral;Regarding #123: I've reviewed the changes in this PR. The updated API documentation looks good, but I'd like to see more context on the logging refactor.
2992;neutral;I've reviewed the recent changes to the CI/CD pipeline in #123. The updated script looks good, but I'd like to see some additional logging for error handling.
247;positive;Just tested the latest changes on #1234 and it's working flawlessly! Great work on resolving that tricky bug!
4381;negative;I'm experiencing intermittent failures in the `build` stage of our CI/CD pipeline due to an inconsistent `npm install` output.
2289;neutral;I'm experiencing intermittent failures in the CI/CD pipeline for #123. Can we investigate the possible causes of this flakiness?
924;positive;Great fix on the CI/CD pipeline! The `docker:latest` tag update resolved our build issues. Thanks for the quick turnaround!
3403;negative;I'm experiencing intermittent failures in the CI/CD pipeline for #1234 due to a version conflict with `dependency-x`.
1186;positive;Great fix on #123! Your refactoring of the CI/CD pipeline has significantly improved build times. Well done!
269;positive;Great fix on #123! The updated build script in your PR is exactly what we needed to resolve the `npm` install issues in our CI/CD pipeline.
670;positive;Thanks for fixing the `npm install` issue in #123! Your changes to `package.json` have resolved the conflict with our CI/CD pipeline.
2933;neutral;Regarding #123: I've verified the build is successful on my local machine. Could you please provide more details about the failed CI/CD pipeline?
1838;neutral;I'm experiencing intermittent failures in the CI/CD pipeline for PR #123. Can we discuss possible causes and potential solutions?
3030;negative;Failing to fix the `NullPointerException` in `utils.py` is unacceptable. This breaks our CI/CD pipeline for every commit since #1234.
3022;negative;I'm experiencing intermittent failures in the CI/CD pipeline due to an unstable `npm` cache. Can we consider a more robust caching solution?
3908;negative;I'm experiencing intermittent failures in the CI/CD pipeline for `feature/new-api` due to a flaky test on Windows. Can we investigate further?
2458;neutral;I've reviewed the PR #1234 and verified that the fix for issue #5678 works as expected in our CI/CD pipeline.
2806;neutral;Noticed that the `ci` step in PR #123 is failing due to a missing `node_modules` directory. Would appreciate clarification on the intended build process.
649;positive;Just tested #42 and it's now passing all tests! Your fix for the `NullPointerException` was spot on. Thanks for your dedication to this project!
544;positive;Great fix on #1234! Your PR has improved our CI/CD pipeline stability. Well done!
3385;negative;I'm experiencing intermittent failures in our CI/CD pipeline due to an inconsistent version of `log4j` being pulled in by a transitive dependency. Can we lock the version?
1660;neutral;Just wanted to confirm that the fix for #123 is included in the latest build. Can someone verify the test results?
3003;negative;@author I'm experiencing intermittent failures in our CI/CD pipeline due to the recent update of `dependency XYZ`. Can we investigate further?
260;positive;Great catch on the `npm` version mismatch in #123! Your fix for the CI/CD pipeline is spot on. Thanks for your diligence!
1558;neutral;I've noticed the `build` step in `.github/workflows/ci.yml` is failing due to missing `node` version. Can we add a check for it?
3321;negative;I'm experiencing intermittent failures in the CI/CD pipeline on #1234. The build is failing on CircleCI due to a missing `npm` package.
928;positive;Just tested the latest build on our CI/CD pipeline and it's passing all tests! Great work on resolving that pesky `NullPointerException`!
613;positive;Great job on squashing that pesky `NullPointerException` in the API endpoint! Your fix has improved our app's stability significantly.
1544;neutral;Re: #1234 - I've reviewed the updated `README.md` and it looks good. No changes needed.
1024;positive;Great job on fixing the caching issue in #123! The updated CI/CD pipeline is now passing smoothly. Thanks for your attention to detail!
3502;negative;I'm experiencing intermittent failures in our CI/CD pipeline due to the latest version of `npm` causing issues with `package-lock.json`. Can we revert to a stable version?
1153;positive;Great fix for the `npm install` issue! Your changes to `package.json` resolved it nicely. Thanks for the effort!
220;positive;Great fix on the `dependency-resolver` script! The new version is now successfully building our project in the CI/CD pipeline. Thanks for the effort!
3877;negative;Can we re-evaluate the latest build in #1234? The failed unit tests are causing a ripple effect on our CI/CD pipeline.
486;positive;Just tested #1234 with the latest build and it's working flawlessly! Great job on squashing that pesky bug, @username!
3431;negative;I'm experiencing intermittent failures in the CircleCI build due to an unresolvable `npm` install error on Ubuntu 20.04.
1972;neutral;I'm having trouble reproducing the `NullPointerException` in the latest build. Can we discuss possible causes in #123?
259;positive;Great fix on #123! Your PR has significantly improved the pipeline's reliability. Well done!
4339;negative;The latest build is failing due to a missing dependency on `node-sass`. Can we add it to the `package.json`?
387;positive;Thanks for fixing the `NullPointerException` in the Jenkins build step! Your changes made it through our CI pipeline successfully this morning.
848;positive;Great fix on #1234! Automated tests are now passing smoothly through our CI/CD pipeline. Well done on resolving the `NullPointerException`!
3189;negative;I'm experiencing intermittent failures in the `ci/cd` pipeline due to a faulty `npm` version. Could we revert to 8.10.0 for now?
3602;negative;Issue with `npm install` on CircleCI: `@angular/cli` package fails to resolve due to missing peer dependencies. Fails on all builds, need fix.
2548;neutral;I'm experiencing intermittent issues with the CI/CD pipeline failing on PR #123 due to inconsistent build times. Any thoughts on optimization?
1478;positive;Great job on fixing the `NullPointerException` in the `main()` method! Your changes have greatly improved the app's stability. Thanks for your effort!
3750;negative;PR #123 still failing due to outdated dependencies in `package-lock.json`. Can we please update the lockfile before merging?
3351;negative;I'm experiencing intermittent failures in the CI/CD pipeline for #123 due to inconsistent Docker image builds. Can we investigate further?
554;positive;Great job on fixing the `NullPointerException` in the login feature! The new changes have significantly improved the app's stability. Well done!
1234;positive;Great job on fixing the `NullPointerException` in the `login()` method! Your fix is clean and well-explained. Thanks for the update!
3396;negative;I'm experiencing intermittent failures in the CI/CD pipeline due to an inconsistent `npm` cache. Can we investigate further?
2030;neutral;@dependabot I'm experiencing intermittent failures in our CI/CD pipeline for `main` branch due to unclear error messages. Can you help investigate?
3520;negative;I'm getting `TypeError` on line 345 of `main.py` after updating to `numpy==1.23.0`. Previous versions didn't have this issue.
3163;negative;I'm experiencing intermittent failures in our CircleCI builds due to an unresolvable `npm` installation error on the 1.2 branch.
3322;negative;The latest build is failing due to an incompatible `numpy` version in the `requirements.txt`. Can we update it to 1.20.0?
1096;positive;Great job on resolving the `NullPointerException` in the `main()` method! Your fix has improved the overall stability of our API.
3624;negative;The latest build is still failing due to the `TypeError` in `utils.py`. Can we revisit the migration to 3.9?
2119;neutral;Just reviewing #123 for the updated `README.md` file. The changes look good to me, but I'll let @username know.
1321;positive;Just tested the fix for #1234 and it's working perfectly! Thanks to @johnDoe for implementing the patch. CI/CD pipeline is now green!
1815;neutral;I'm reviewing the updated `README.md` for clarity on build dependencies. Can we add a note about required Node.js version?
508;positive;Great fix on #123! Simplified the deployment script to avoid conflicts with our CI/CD pipeline. Works as expected now.
8;positive;Just ran the latest build on CircleCI and it looks like the `dependency-resolver` fix is working as expected. Nice work!
3785;negative;I'm seeing intermittent failures in the build pipeline due to the recent update of `react` version. Can we revert it back to 17.x?
2528;neutral;Just wanted to confirm that the fix for #1234 is working as expected in our staging environment. No issues observed so far.
2663;neutral;I've reviewed the latest changes in #1234. The updated build script seems to be working as expected.
2588;neutral;I noticed that the latest build is failing due to a missing `npm` package. Can we add it to our dependencies?
3862;negative;Can we revisit the recent PR #1234? The build is failing due to an unresolved dependency conflict with `npm` version 7.0.
1451;positive;Thanks for squashing that pesky null pointer exception in the `utils` module! Your fix has been merged into main with great success.
3033;negative;Failing to update `package.json` in #123 causes build errors. This needs to be fixed ASAP before we can merge the CI/CD pipeline changes.
379;positive;Thanks for fixing the `NullPointerException` in the `login()` method! Your changes are already improving our app's stability.
3455;negative;I'm experiencing intermittent failures in the `build` stage of our CI/CD pipeline due to a flaky test. Can we investigate further?
4386;negative;I'm experiencing intermittent failures in our CI/CD pipeline due to the latest update of `npm` version. Can we revert to previous version?
679;positive;Great fix on the `npm install` issue! Your changes to `package.json` resolved the conflict with our CI/CD pipeline. Thanks for your attention to detail!
774;positive;Great fix on #123! Your changes to the build script have improved our CI/CD pipeline stability significantly. Thanks for your attention to detail!
3973;negative;Failing to update `npm` in the `package.json` file is causing issues with our CI/CD pipeline. Can we revisit this?
1012;positive;Thanks for fixing the `NullPointerException` in `lib1.2.3`! Your changes have greatly improved our CI/CD pipeline's stability.
2294;neutral;I'm experiencing intermittent failures in the CI/CD pipeline for #1234. The build logs show no obvious issues, but I'll investigate further.
2094;neutral;I'm reviewing the updated `README.md` in #1234. The formatting looks good, but I'd like to discuss the new section on deployment before merging.
1966;neutral;I'm not sure if this is the right place to ask, but I wanted to clarify the status of #1234. Can someone provide an update?
3406;negative;I'm experiencing intermittent failures with the CI/CD pipeline on PR #123 due to an inconsistent Docker image build. Can we investigate?
66;positive;Great fix on the `npm install` issue! Your changes streamlined our CI/CD pipeline and saved us hours of troubleshooting. Thanks for your diligence!
3755;negative;I'm experiencing intermittent failures in the CI/CD pipeline for `issue #123` due to a version conflict with `dependency 'react'`. Can we update our lockfile?
3800;negative;The latest build is failing again due to the `npm` version conflict in our `package.json`. Can we revisit this?
3665;negative;Frustrated with the latest build failure on `main` branch due to unmet dependencies in `package.json`. Can we revisit the dependency management?
2269;neutral;I've noticed the recent changes to `package.json` are causing issues with our CircleCI build. Can we review the updated dependencies?
680;positive;Just tested the latest build on Jenkins and it's passing all tests! Great work on fixing that pesky `NullPointerException`!
2412;neutral;I'm experiencing intermittent failures in the CI/CD pipeline for PR #1234. The build passes on my local machine but fails on the Jenkins server.
1887;neutral;Just wanted to confirm that the `latest` version of `axios` is being used in the CI/CD pipeline as specified in the `package.json`. Thanks for your diligence!
782;positive;Great job on resolving the `jenkins` pipeline issue! The changes in #1234 have improved our deployment efficiency significantly.
3339;negative;I'm experiencing intermittent failures in the CI/CD pipeline due to inconsistent package versioning. Can we revisit the `npm` dependencies?
628;positive;Great fix for the `npm install` issue in #123. The updated script now correctly resolves dependencies in our CI/CD pipeline!
2841;neutral;Just wanted to confirm the fix for #1234 is working as expected in our CI/CD pipeline. No further issues reported so far.
1975;neutral;I've reviewed the updated `README.md` in PR #1234. The changes look good, but I'd like to see more context on the new dependency added.
2105;neutral;I've reviewed the latest changes in #1234. The updated CI/CD pipeline appears to be working as expected without any issues.
3500;negative;The latest build is failing due to an incompatible version of `npm` in the Dockerfile, causing CI/CD pipeline errors. Can we update the version? #1234
2662;neutral;Just reviewing #1234's changes. The updated README is clear, but I'm unsure about the implications of switching to a new logging library.
884;positive;Just tested the latest build on our CI/CD pipeline and it looks like the memory leak fix is working as expected. Nice work team!
1092;positive;Just tested #1234 and the fix for the CI/CD pipeline is working beautifully! Thanks to @author for their patience and persistence!
383;positive;Just tested the latest PR (#123) and it looks like the fix for #456 is working as expected. Great job on squashing that nasty bug!
1881;neutral;I'm experiencing intermittent failures in the CI/CD pipeline for #1234. Could we revisit the build script to ensure it's robust against network fluctuations?
3969;negative;Issue #123 still not resolved after multiple attempts to reproduce. Need more detailed stacktrace from the affected environment.
277;positive;Great job on resolving the `NullPointerException` in the `main()` method! The updated code is now passing all unit tests.
3014;negative;The latest build is failing due to an unresolved `NullPointerException` in the `main()` method. Reviewing the logs reveals no clear cause.
32;positive;Just tested the latest PR #123 and it looks great! The fix for the pagination issue is spot on. Well done!
2700;neutral;I'm experiencing intermittent failures on the `dev` branch due to inconsistent cache behavior. Can we revisit the caching strategy for our CI/CD pipeline?
2212;neutral;Regarding #1234, I've verified that the fix in PR #5678 does indeed resolve the issue with our CI/CD pipeline's Jenkins job.
4419;negative;I'm experiencing intermittent failures in the CI/CD pipeline for branch `feature/new-login-system`. The error is still unclear after reviewing the logs.
611;positive;Great catch on the `pip` install issue in #123! Your fix for the `requirements.txt` update is spot on. Thanks for keeping our CI/CD pipeline stable!
571;positive;Just ran the updated CI/CD pipeline for #1234 and it's passing all tests! Great job on squashing that pesky bug!
2460;neutral;Regarding #1234, I've noticed the latest build on our CI/CD pipeline is failing due to a missing dependency. Can we review the configuration?
344;positive;Great job on resolving the `NullPointerException` in the `login()` method! Your fix has improved the overall stability of our app. Thanks!
4465;negative;Frustrated with the latest build failure on `main` branch due to unresolvable `npm` cache issues after updating dependencies in #123.
2654;neutral;I'm experiencing intermittent issues with the CI/CD pipeline on PR #1234. Can we investigate further to determine the root cause?
2685;neutral;I'm experiencing intermittent issues with the CI/CD pipeline on #123. The build sometimes fails due to a missing dependency on `libcurl`. Can we investigate further?
4084;negative;I'm experiencing intermittent failures on the `main` branch due to a faulty test case. Can we revisit the `test_coverage.py` script?
4038;negative;Failing to update `npm` dependencies in the latest PR is causing issues with our build. Can we re-run the tests after updating? #42
3083;negative;Failing to update `npm` dependencies in the latest PR (#123) is causing issues with our CI/CD pipeline. Can we re-run tests after updating packages?
3219;negative;Just tried to build the project with Java 17 and got an incompatible dependency error. This is breaking our CI/CD pipeline #1234
3922;negative;I'm experiencing intermittent issues with the CI/CD pipeline failing on #123 due to a missing `npm install` in the Dockerfile. Can we revisit this?
2259;neutral;I'm experiencing intermittent issues with the `pip install` step in our CI/CD pipeline. Can we investigate further to determine the root cause?
1136;positive;Just tested the latest build on our CI/CD pipeline and it's passing all tests! Great job on squashing that pesky bug in #123, @username!
2607;neutral;I was reviewing the PR #1234 and noticed that the updated README doesn't match the actual changes in the code. Can we sync it up?
1538;neutral;I'm experiencing intermittent issues with the test suite on the `main` branch. Can we investigate further?
2169;neutral;I'm experiencing intermittent failures in the CI/CD pipeline for #123. The test suite is running successfully locally but not on GitHub Actions.
4491;negative;Failing to update the `@types/node` dependency in v1.2.3 release caused a cryptic error in our CI/CD pipeline, preventing automated testing from completing.
842;positive;Great job on fixing the regex pattern in #123! The updated code is now successfully passing all tests. Well done!
1601;neutral;Just reviewing the latest changes to our CI/CD pipeline. The updated script seems to be running smoothly, but I'd like to see some additional logging for debugging purposes.
3115;negative;Just hit a roadblock with the latest build. The `latest-node` version is causing issues with our CI/CD pipeline on #1234, can we roll back to previous version?
4254;negative;I'm experiencing intermittent failures in the `test-ci` pipeline due to inconsistent Docker image versions. Can we pin the version to avoid this?
1518;neutral;I've reviewed the updated `README.md` in #123. The changes look good, but I'm not sure if we should include the new API endpoint in the main documentation.
966;positive;Thanks for fixing the `TypeError` in the `utils.py` file! The changes look great and should improve overall performance.
3833;negative;This latest build is still failing due to the `npm` install timeout error in our CI/CD pipeline. Any ideas on how to resolve this?
529;positive;Great catch on the `npm` version mismatch in #123! Your fix for the CI/CD pipeline is spot on, thanks for contributing!
177;positive;Great job on fixing the CI/CD pipeline issue! The automated tests are now running smoothly in the latest release #1234
1622;neutral;I'm reviewing the latest changes to the `main` branch and noticed some minor formatting inconsistencies in the README file. Should we update it?
423;positive;Just tried your fix for the regex bug in #123 and it's working beautifully! Thanks for the quick turnaround on this!
2172;neutral;I'm experiencing intermittent failures in the CI/CD pipeline for `#123` due to inconsistent test results. Can we discuss possible causes?
4016;negative;The failing test in `build/test.py` is still present after the latest merge. Can we review the changes to `requirements.txt` again?
2522;neutral;Just wanted to confirm that the `fix-ci` branch is up-to-date with the latest changes from main. Thanks!
1378;positive;Great catch on the `TypeError` in the `utils.py` file! Your fix in #1234 looks solid, thanks for keeping our CI/CD pipeline green!
573;positive;Great fix on #123! Your changes to the build script resolved our CI/CD pipeline issues. Thanks for your attention to detail!
1790;neutral;I've reviewed the latest PR #1234 and noticed the updated README doesn't match the code changes. Could we sync on this?
3664;negative;The recent update to the `build.gradle` file broke our CI/CD pipeline. Can we revert the changes until a fix is implemented?
289;positive;Great job on fixing the `npm install` issue in #123! The updated build process is now smoother than ever. Thanks for your attention to detail!
1895;neutral;I'm reviewing the updated `README.md` in #1234. The changes look good, but I'd like to discuss the addition of a 'contributing' section.
1911;neutral;I'm experiencing intermittent failures in the CI/CD pipeline for the `feature/new-api` branch. Can we investigate further?
3266;negative;PR #123's deployment to staging is failing due to an unexpected `TypeError` in the `utils.py` file. Can someone review the changes?
3537;negative;Unable to reproduce #1234's fix. Still getting `TypeError: Cannot read property 'length' of undefined` in our CI/CD pipeline on Node 14.
2214;neutral;I'm not sure if this is the right place to ask, but I noticed the `latest` version of `react` in our `package.json` hasn't been updated since last month.
2828;neutral;I'm reviewing the CI/CD pipeline for #1234. The build is failing due to a missing package in `package.json`. Can we add it?
2111;neutral;On #34, the test suite is running successfully after updating `pylint` to 2.11.0. No further issues reported.
3225;negative;I'm experiencing intermittent failures in the `build-and-deploy` stage of our CI/CD pipeline. Can we investigate the cause of these errors?
1809;neutral;I'm reviewing the updated `README.md` in #1234. The new formatting looks clean, but I'd like to discuss the added dependencies before merging.
2097;neutral;I've reviewed the updated `README.md` file in #123. The formatting looks good, but I'd like to discuss the addition of a changelog section.
3063;negative;I'm experiencing intermittent failures in the CI/CD pipeline for #1234 due to an inconsistent `npm install` output. This is causing build inconsistencies.
384;positive;Just tested your fix for the `npm` install issue in #1234 and it's working smoothly. Great job on identifying and resolving that bug!
4407;negative;The latest build is failing due to a missing `libcurl` dependency in the Docker image. Can we add it to the `Dockerfile`?
371;positive;Great catch on the CI/CD pipeline fix! Your changes to `build.gradle` resolved the issue with our nightly builds. Thanks for your attention to detail!
2399;neutral;I've reviewed the latest build on `#1234` in the CI/CD pipeline. The tests pass, but I'd like to see more detailed logging for the new dependency.
2326;neutral;Just wanted to confirm that the fix in #1234 resolves the intermittent build failures on our Jenkins CI/CD pipeline. Could use further testing.
4048;negative;I'm seeing intermittent failures in our CI/CD pipeline for the `feature/new-api` branch due to a missing dependency on `axios@^0.21.1`. Can we investigate?
4302;negative;Failing to fix the `NullPointerException` in `utils.js` is unacceptable. This has been reported multiple times and still causes issues with our CI/CD pipeline.
3485;negative;Just hit a regression in the latest build. The `npm install` step is failing due to an outdated version of `package-x`. Can we bump it to v2?
1106;positive;Just tested with the latest changes in #1234 and I'm thrilled to report that the CI/CD pipeline is now successfully deploying to prod! Great work, team!
2390;neutral;I'm reviewing the updated `README.md` in #1234. The formatting looks good, but I'd like to see a brief explanation of the new dependency added.
1908;neutral;Just reviewing the latest changes in #1234. The updated build script seems to be working as expected.
3199;negative;The latest build is failing due to an incompatible version of `numpy` in the `requirements.txt`. Can we revert to 1.20?
1757;neutral;I'm reviewing the updated `README.md` from #1234. The changes look good, but I'd like to discuss the formatting consistency with the rest of the doc.
142;positive;Great job on fixing the `NullPointerException` in #123! Your changes to the CI/CD pipeline are also a huge improvement for our team's workflow.
4140;negative;I'm experiencing intermittent failures in the `npm install` step of our CI/CD pipeline on Ubuntu due to a missing `node-gyp` package.
492;positive;Great job on fixing the `NullPointerException` in the API client! The changes look solid and should improve stability for users.
2223;neutral;I've reviewed the updated build script in PR #123. The changes look good, but I'd like to see more context on why we're introducing a new dependency.
1897;neutral;I'm reviewing the latest changes to the CI/CD pipeline in #123. The updated config seems to be working as expected.
199;positive;Great catch on the `npm` version mismatch in #123! Your fix should resolve the build issues with our CI/CD pipeline.
2380;neutral;I'm experiencing intermittent failures in the `ci/build` stage of #1234. Can we investigate further to determine the root cause?
4396;negative;I'm experiencing intermittent build failures in the `main` branch due to a faulty test case in #123. Can we revisit this?
4367;negative;Frustrated with the `latest` branch deployment failure due to outdated Docker image. Can we update the pipeline to use a specific version instead of latest?
1172;positive;Great fix on the `ci/cd` pipeline! Your changes to the Dockerfile resolved the build failure, thanks for your attention to detail!
1227;positive;Great job on resolving the `NullPointerException` in the `main` method! Your fix is clean and well-documented. Thanks for the quick turnaround!
2120;neutral;I'm reviewing the updated `README.md` in #1234. The new formatting looks clean, but I'd like to discuss the addition of a dependencies section.
1423;positive;Just reviewed #1234's PR and I'm impressed with the refactoring efforts! The code looks cleaner and more maintainable. Great job!
3655;negative;The recent `v2.1` release is causing intermittent build failures on our CI/CD pipeline due to a version conflict with `react`.
3821;negative;I'm experiencing intermittent failures in our CI/CD pipeline due to inconsistent versioning of `package-lock.json` on the `feature/new-api` branch.
4011;negative;I'm experiencing intermittent failures in the CI/CD pipeline for #1234. The error message is unclear and I've tried multiple rebuilds without success.
3788;negative;I'm experiencing intermittent failures in the CircleCI build due to an outdated `npm` version. Can we bump it to 6.x?
196;positive;Just tested the latest build from PR #1234 and it's working smoothly! Thanks for the fix on the Jenkins CI/CD pipeline!
1557;neutral;I'm experiencing intermittent failures in the `ci-build` stage of #123. The error message doesn't provide much insight into what's causing it.
3540;negative;Can we revisit the recent update to `package.json`? The new version of `react` is causing a runtime error in our CI/CD pipeline.
875;positive;Thanks for fixing the `NullPointerException` in the login feature! Your changes have significantly improved the app's stability.
3015;negative;The latest build is failing due to an unresolved conflict between `package.json` and `npm-shrinkwrap.json`. Can we revisit the package management?
4074;negative;I'm experiencing intermittent failures in our CI/CD pipeline due to the recent update of `npm` package. Can we investigate further?
3075;negative;Just encountered a regression in the latest build. The `npm install` step is failing due to an outdated version of `yarnpkg`.
3964;negative;I'm experiencing intermittent failures in our CI/CD pipeline due to the `npm install` step consistently timing out on Windows builds. Any suggestions?
1252;positive;Thanks for fixing the `npm install` issue in #123. Your changes to `package.json` worked perfectly!
841;positive;Great job on resolving the `NullPointerException` in the `fetchData` method! The updated code is now passing all tests, thanks to your efforts!
3979;negative;@author, I'm seeing intermittent failures in the `build` stage of our CI/CD pipeline due to a faulty dependency on `npm`. Can we investigate?
582;positive;Great job on resolving the `NullPointerException` in the `utils` package! Your fix has improved the overall stability of our CI/CD pipeline.
3726;negative;I'm experiencing intermittent failures in our CI/CD pipeline due to the recent update of `package:latest` which is causing a conflict with `node_modules`.
1642;neutral;Just wanted to confirm that the fix for #1234 is included in the latest build. Can someone verify the changes on their end?
3681;negative;I'm experiencing intermittent failures in our CI/CD pipeline with the latest changes to `package.json`. Can we investigate further?
1794;neutral;Just noticed that the latest build on `main` is failing due to an unresolved dependency conflict. Would appreciate a review of the `package.json` file.
906;positive;Just tested #1234 and the fix for the memory leak is working beautifully! CI/CD pipeline is passing with flying colors now. Great work team!
632;positive;Just tested the latest build on #23 and it looks like the deployment to staging is finally working as expected! Great job team!
2511;neutral;I'm reviewing the updated `README.md` in PR #1234. The changes look good, but I'd like to discuss the addition of a `CONTRIBUTING.md` file.
1737;neutral;Just wanted to confirm that the latest build on the CI/CD pipeline for branch `feature/new-login-system` is passing all tests as expected.
163;positive;Great fix on #123! The updated `README.md` now accurately reflects the new API endpoint. Thanks for your attention to detail!
4167;negative;Fails to build on CircleCI due to outdated `node-sass` version. Please update the `package.json` to fix this regression.
2330;neutral;Just wanted to confirm that the fix in #123 resolves the issue with our Jenkins CI/CD pipeline. Can we review the updated build config?
4299;negative;Just hit this error in the latest build: `TypeError: Cannot read property 'length' of undefined` in `utils.js`. CI/CD pipeline failing again.
2122;neutral;I'm seeing intermittent failures in the build process for PR #123. Can we investigate further to determine the root cause?
618;positive;Great job on fixing the `NullPointerException` in the `utils` module! Your changes are now merged into master and will be deployed tomorrow.
3297;negative;I'm experiencing intermittent failures in the `build` step of our CI/CD pipeline due to a recent update on `npm`. Can we investigate?
1432;positive;Just tested the latest build on CircleCI and it's passing all tests! Great job on resolving that pesky `NullPointerException` in the `main()` method!
926;positive;Great fix on #123! Your PR has improved the build time significantly. The updated CI/CD pipeline is now more efficient.
3463;negative;I'm experiencing intermittent failures in the CI/CD pipeline for PR #123. The `npm install` step consistently fails with a 404 error on `package-a`.
548;positive;Just merged your PR for improved CI/CD pipeline stability! Great job on catching that edge case and making our build process more robust!
2024;neutral;I've noticed the `build` step in our CI/CD pipeline is taking longer than expected. Can we investigate and optimize it?
4307;negative;I'm experiencing intermittent failures in the test suite due to inconsistent mock data. Can we revisit the mocking strategy for #123?
3497;negative;Failing to test for null pointer exceptions in `utils.py` is causing intermittent errors in our CI/CD pipeline. Can we revisit this?
1567;neutral;I'm experiencing intermittent failures in our CI/CD pipeline for the `feature/new-routing` branch. Can we investigate further?
1593;neutral;Regarding #1234, I've reviewed the changes in PR 5678. The updated dependencies seem to be correctly installed in our CI/CD pipeline.
1870;neutral;Just reviewing the updated `README.md` for clarity. The changes look good, but I'd like to see some additional context on the new dependencies.
2565;neutral;I'm experiencing intermittent issues with the CI/CD pipeline on PR #123. The build sometimes fails due to a missing dependency.
2015;neutral;I'm experiencing intermittent issues with the CI/CD pipeline on PR #1234. The build fails randomly, but I've verified the code is correct.
3294;negative;Failing to update `package.json` in #123 causes downstream issues. Can we add a linter check for this in our CI/CD pipeline?
2603;neutral;I'm experiencing intermittent failures on the `test-integration` suite with PR #123. Can we discuss possible causes?
612;positive;Great fix for the regex issue in #123! Works perfectly now. Thanks for catching that edge case!
1337;positive;Great job on resolving the `NullPointerException` in the `main()` method! Your fix is clean and efficient. Works as expected now!
4346;negative;Failing to update `numpy` in our CI/CD pipeline is causing inconsistent results. Can we bump the version to 1.20.0 asap?
641;positive;Great job on resolving the `NullPointerException` in the `auth` module! Your fix has significantly improved our app's stability. Thanks for your diligence!
931;positive;Just tested #1234 and the fix for the UI bug is working beautifully! Thanks for your efforts on this, @username. Great teamwork!
2424;neutral;I'm experiencing intermittent failures in the `ci/stage` pipeline due to a failing test in `src/utils.js`. Can we revisit the test case?
3448;negative;I'm experiencing intermittent failures in our CI/CD pipeline due to the new `axios` version causing a conflict with `express`. Can we roll back to previous version?
743;positive;Thanks for fixing the `TypeError` in the `utils.py` file! The test suite is now passing smoothly with this update.
638;positive;Just tested the latest build on our CI/CD pipeline and it's passing all tests! Great work on resolving that pesky `NullPointerException`!
4007;negative;I'm seeing intermittent failures in our CI/CD pipeline on `main` branch due to an unclear error message from `npm install`. Can we investigate?
2859;neutral;I'm experiencing intermittent failures in the `test-integration` job on PR #123. Would appreciate more context on why this is happening.
3575;negative;I'm experiencing intermittent failures in the CI/CD pipeline for #1234 due to a flaky test. Can we revisit the test case?
3491;negative;I'm experiencing intermittent failures in the CI/CD pipeline for `feature/new-auth-system` due to a seemingly unrelated `npm` version conflict. Can we investigate?
2519;neutral;Just wanted to confirm the fix for #1234 is working in our CI/CD pipeline. No issues observed so far.
2423;neutral;I'm experiencing intermittent failures in the `build` stage of our CI/CD pipeline. Can we investigate further with more logs?
1098;positive;Great fix on #123! The updated `CI/CD` pipeline is now successfully building the project. Well done!
2402;neutral;I'm reviewing the updated `README.md` in #1234. The changes look good, but I'd like to discuss the formatting consistency with the existing documentation.
49;positive;Just tested #1234 and the fix for the `NullPointerException` is working beautifully! Great job on the patch, thanks for your efforts!
2989;neutral;I'm experiencing intermittent failures in the CI/CD pipeline for #1234. Can we investigate the cause and add some error handling to prevent future issues?
2312;neutral;I'm experiencing intermittent issues with the build on CircleCI. Can we investigate why `npm install` is failing intermittently?
922;positive;Thanks for fixing the Travis CI build error on #123. Your changes made it pass smoothly!
2925;neutral;Re: #1234 - I've reviewed the updated code in PR 5678. The changes look good, but I'd like to see more test cases for the new feature.
547;positive;Just tested the latest build on CircleCI and it's passing all tests! Great job on getting the CI/CD pipeline sorted out.
2979;neutral;I'm experiencing intermittent issues with the CI/CD pipeline on branch `feature/new-api` due to inconsistent test results. Can we investigate further?
757;positive;Just tested the latest changes in #1234 and it's working flawlessly! Great job on fixing that pesky bug, @username!
3918;negative;The recent `v2.5` update broke our CI/CD pipeline with a `502 Bad Gateway` error on the Jenkins server. Can we revisit the deployment script?
2928;neutral;Just wanted to confirm that the fix for #1234 has been successfully deployed via our CI/CD pipeline. All tests are passing as expected.
3786;negative;This CI/CD pipeline failure on #123 is frustrating. The `npm install` step still fails due to the outdated `express` version in our dependencies.
2171;neutral;I'm experiencing intermittent issues with the `build` stage in our CI/CD pipeline. Can we investigate why it's failing intermittently?
4440;negative;I'm experiencing intermittent failures in the CI/CD pipeline for #1234 due to a faulty test case in `utils.py`. Can we investigate further?
1643;neutral;I'm reviewing the latest changes in #1234. The updated README looks good, but I'd like to see more context for the new CI/CD pipeline configuration.
2991;neutral;I'm experiencing issues with the latest build on CircleCI. The test suite fails on the `login` feature due to a 500 error.
2317;neutral;I'm experiencing intermittent failures in the `build` stage of our CI/CD pipeline. Can we investigate the cause and potential solutions?
3738;negative;I'm experiencing intermittent failures in the CircleCI pipeline due to an unversioned `node_modules` directory. Can we pin the version of `npm`?
4119;negative;"I'm experiencing intermittent failures in the CI/CD pipeline for `feature/new-auth-flow`. The error message is unclear; can we revisit the Docker image configuration?"
4364;negative;I'm experiencing intermittent failures on the CircleCI build for #1234 due to inconsistent Docker image versions. Can we lock down the version?
4471;negative;I'm experiencing intermittent failures in the CI/CD pipeline for `#1234`. The build is failing on CircleCI due to a missing dependency, `@npm:lodash`.
837;positive;Great job on fixing the `npm install` issue! Your changes to `package.json` resolved the conflict with `yarn.lock`. Thanks for the quick fix!
2252;neutral;Just reviewing the latest PR #1234. The updated README looks good, but I'm still unsure about the implications of this change on our CI/CD pipeline.
3900;negative;I'm experiencing intermittent failures in our CI/CD pipeline due to the recent update of `npm` version. Can we roll back to a stable version?
3011;negative;Issue with latest build: `npm install` fails due to incompatible dependencies. Can we revert to previous version of `react-router-dom`?
3134;negative;I'm experiencing intermittent failures in the `ci/pipeline` due to an unversioned `nodejs` dependency. Can we pin it to a specific version?
2025;neutral;I'm experiencing intermittent failures in our CI/CD pipeline for the `feature/new-api` branch. Can we review the test logs to identify the cause?
3647;negative;I'm experiencing intermittent failures in the CI/CD pipeline for #1234. The `npm install` step consistently fails with a `EACCES` error on Ubuntu 20.04.
1583;neutral;Just wanted to confirm that the fix in #1234 resolves the issue with Jenkins build failing due to missing Maven dependencies.
3576;negative;Frustrated that the latest build is failing due to an incompatible package update in `package.json`. Can we revert to previous version?
2074;neutral;Just reviewing #1234's changes to the `README.md` file. The updated documentation looks good, but I'd like to see some additional context for the new section on testing.
1071;positive;Great job on fixing the `NullPointerException` in the `dataProcessor` function! This change will greatly improve our app's stability. Thanks for the effort!
1776;neutral;Re: #1234 - I'm experiencing intermittent failures in the CI/CD pipeline. Can someone review the build logs to identify the root cause?
4331;negative;I'm experiencing intermittent failures in the CI/CD pipeline due to a flaky test on PR #123. Can we revisit the test case?
1284;positive;Just tested the latest build on our CI/CD pipeline and it looks like the recent fix for #123 has resolved the intermittent connection issues. Great work team!
2476;neutral;I've reviewed the changes in #1234. The updated README is clear, but I'd like to discuss the implications of this change on our CI/CD pipeline.
3317;negative;I'm experiencing intermittent failures in our CircleCI pipeline due to a recent update of `npm` package. Can we investigate further?
4282;negative;Just hit this error in the build pipeline #1234: `TypeError: Cannot read property 'length' of undefined` due to a faulty regex in `utils/parse.js`. Can we debug ASAP?
4334;negative;Can we revisit the recent `v2.1` release? The failing tests on CircleCI are causing issues with our CI/CD pipeline.
4135;negative;I'm experiencing intermittent failures in the CI/CD pipeline for `feature/new-login-system` due to a mysterious error in `node_modules/react`.
4017;negative;I'm experiencing intermittent failures in our CI/CD pipeline due to inconsistent Docker image builds. Can we revisit the Dockerfile configuration?
1327;positive;Just tested #1234 and the fix for the regex bug is working perfectly! Thanks @johnDoe for your patience and expertise.
1816;neutral;I'm reviewing the updated `README.md` in #123. The changes look good, but I'd like to see more context for the new contributor guidelines.
3825;negative;I'm experiencing intermittent failures in our CI/CD pipeline due to the recent update to `dependency-1.2.3`, causing build times to skyrocket.
3177;negative;Issue with latest build: our CI/CD pipeline is failing due to an incompatible version of `numpy` installed via pip.
3872;negative;I'm experiencing intermittent failures in the CI/CD pipeline for `#1234` due to a flaky test. Can we investigate further?
1652;neutral;I'm experiencing intermittent issues with the Docker build on PR #123. The `docker-compose up` command fails occasionally due to a timeout error.
4445;negative;@author, I'm seeing intermittent failures in the `test_ci_pipeline` on CircleCI due to a flaky test. Can we revisit the implementation?
3972;negative;Issue #123 still failing on macOS due to missing `libssl` import, can we revisit the build script? @maintainer
2233;neutral;I'm experiencing intermittent issues with the CI/CD pipeline on PR #123. The build sometimes fails due to a missing dependency.
2132;neutral;I'm seeing intermittent failures in the `ci/cd` pipeline for branch `feature/new-api`. Can we investigate further?
4375;negative;I'm seeing intermittent failures in our CI/CD pipeline for the `v2.1` release due to a stale cache issue with `npm`. Can we investigate?
3133;negative;@maintainer The `latest` version of `react` is causing a compatibility issue in our app. Can we revert to 17.x until further notice? #bugreport #ci-fail
1374;positive;Just tested the latest changes in #1234 and I'm impressed with the improvements to our CI/CD pipeline's reliability. Well done team!
3884;negative;Frustrated with the latest build failure on master due to outdated `npm` version. Can we update dependencies in our CI/CD pipeline?
2334;neutral;I'm experiencing intermittent failures in our CI/CD pipeline for `feature/new-login-system` due to inconsistent test results on CircleCI. Any insights appreciated.
2940;neutral;I'm experiencing intermittent failures in the CI/CD pipeline for #1234. The build is failing on Jenkins due to a missing Maven dependency.
1955;neutral;I'm reviewing the latest changes in #123. The updated README looks good, but I'd like to see more context on how this affects the CI/CD pipeline.
1728;neutral;I'm reviewing the latest changes in #123. The updated README is clear, but I'd like to discuss the implications of this change on our CI/CD pipeline.
868;positive;Great job on resolving the `NullPointerException` in the `main()` method! Your fix has improved the app's stability significantly.
927;positive;Great job on fixing the `NullPointerException` in the `login()` method! Your changes have improved the app's stability significantly.
3942;negative;Just hit this error in my local build: `Error: Cannot find module 'lodash'` on a clean install. Anyone else experiencing this?
998;positive;Great catch on the CI/CD pipeline issue! Your fix for the `npm` install script is spot on. Thanks for your contribution!
1338;positive;Just ran the fix for #1234 and it's working beautifully in our CI/CD pipeline! Great job on squashing that pesky bug!
3746;negative;I'm experiencing issues with the `build` step in #1234. The test suite is failing due to a missing dependency on `node-sass`. Can we revisit the package.json?
1100;positive;Great fix on the `npm install` issue! Your patch for the faulty dependency resolved the build error. Thanks!
1133;positive;Great job on squashing that pesky memory leak in `release-1.2`! The CI/CD pipeline is now passing smoothly. Thanks for the fix!
3293;negative;I'm experiencing intermittent failures in the `build` step of our CI/CD pipeline due to a version mismatch between `node-sass` 5.0.0 and `sass` 1.26.0.
2219;neutral;I've reviewed the updated `README.md` in #123. The changes look good, but I'm unsure about the new badge implementation. Can we discuss further?
211;positive;Great fix on #123! Your changes to the CI/CD pipeline have significantly improved build stability. Thanks for your attention to detail!
3495;negative;@author I'm experiencing intermittent failures in our CI/CD pipeline due to inconsistent Docker image builds. Can we investigate the `docker:latest` version causing this?
1841;neutral;I'm reviewing the latest PR (#123) and noticed that the tests are passing on my local machine but failing in the CI/CD pipeline. Investigating further.
2315;neutral;I'm experiencing an intermittent issue with the Jenkins build failing on CircleCI. Can we investigate the `build.gradle` config for any discrepancies?
60;positive;Great catch on the `NullPointerException` in the `main()` method! Your fix in #123 is spot on, thanks for the effort!
1212;positive;Just tested #1234 and the fix for the CI/CD pipeline failure is working as expected! Thanks to @johnDoe for the quick resolution!
2571;neutral;I'm experiencing intermittent failures in the `dev` branch's CircleCI build due to inconsistent package versioning. Can we revisit the `npm install` script?
3940;negative;Commenting on #123: the CI/CD pipeline failed due to an outdated version of `npm` causing a `Semantic-UI` installation error. Can we revert to previous package versions?
2345;neutral;I've reviewed the latest changes in #123. The updated README looks good but I'd like to discuss the implications of this on our CI/CD pipeline.
4441;negative;I'm experiencing intermittent failures in the CI/CD pipeline for `issue #123` due to an inconsistent build environment. Can we investigate further?
2618;neutral;I'm reviewing the updated `README.md` in PR #123. The formatting looks good, but I'd like to see some examples of usage added.
766;positive;Great job on resolving the `NullPointerException` in the `main()` method! Your fix has improved the overall stability of our app. Thanks!
2608;neutral;I'm experiencing intermittent issues with the CI/CD pipeline on PR #123. It's passing locally but failing on the build server.
1913;neutral;I'm experiencing intermittent failures in the CI/CD pipeline for `feature/new-api` due to a failing test. Can we investigate further?
1079;positive;Great fix for the CI/CD pipeline timeout! Your changes to the build script really streamlined our deployment process. Thanks!
1996;neutral;I'm reviewing the updated `README.md` in #123. The formatting looks good, but I noticed some minor inconsistencies with the existing documentation.
2373;neutral;I'm reviewing the updated `README.md` in #123. The changes look good, but I'd like to see a brief explanation for the new formatting.
2599;neutral;I've reviewed the updated `README.md` in #123. The changes look good, but I'd like to discuss the addition of a contributing section.
1752;neutral;I'm experiencing intermittent failures in the CI/CD pipeline for #1234. The build is failing on Node 14 but succeeds on Node 12.
1539;neutral;I'm experiencing intermittent failures on the `main` branch with our Jenkins pipeline. Can we investigate the cause of this flakiness?
2715;neutral;Just wanted to confirm that the fix for #1234 is working correctly in our staging environment. No issues found so far.
1245;positive;Great fix on #123! Your approach to resolving the caching issue in our CI/CD pipeline is a huge improvement.
4256;negative;This PR breaks our CI/CD pipeline for the nightly build due to an incompatible version of `numpy`. Can we address this ASAP?
583;positive;Great job on resolving the `NullPointerException` in commit 12345! Your fix will save us so much debugging time downstream.
2440;neutral;I'm experiencing a minor issue with the latest build on CircleCI. The `npm install` step times out intermittently.
2451;neutral;I'm experiencing issues with the latest build on CircleCI. The test suite is failing due to a missing dependency in the `vendor` directory.
2173;neutral;Just reviewing #123 for the Jenkins pipeline update. Looks like the Docker image build is failing due to a missing tag in the `pom.xml` file.
941;positive;Great job on resolving the `ci/cd` pipeline issues! The automated tests are now passing smoothly for the latest release. Thanks!
1081;positive;Great job on fixing the `NullPointerException` in the `main()` method! Your changes to the CI/CD pipeline are also a huge improvement!
188;positive;Great job on resolving the `jenkins` pipeline failure! Your fix has been successfully integrated into `main`. Thanks for your diligence!
3301;negative;I'm experiencing intermittent failures in the `test-ci` pipeline due to inconsistent Docker image versions. Can we lock down the version?
942;positive;Just tested the latest build on my Linux machine and it's working perfectly! Thanks for fixing that pesky Travis CI error in #42.
3341;negative;I'm experiencing intermittent failures in the CI/CD pipeline for `main` branch due to an unknown failure in `node_modules` directory. Can we investigate further?
4296;negative;I'm experiencing intermittent failures in the CI/CD pipeline for `main` branch due to an unresolvable npm install error on Windows.
3828;negative;@author I'm experiencing intermittent failures in the `build` step of our CI/CD pipeline due to a version conflict with `dependency A`. Can we revisit the dependency manager config?
4404;negative;The latest build on CircleCI is still failing due to the `dependency hell` caused by outdated versions of `react-scripts`. Can we please sync with the upstream repo?
2332;neutral;I've reviewed the changes in #1234. The updated README is clear, but I'd like to see more context for the new API endpoint.
3772;negative;Can't reproduce the `TypeError` on my end. Tried running with Python 3.9 and 3.10, still getting the error #1234
1766;neutral;Just wanted to confirm that the fix in #1234 has been tested with our current build configuration. No issues found so far.
4230;negative;I'm experiencing intermittent failures in our CI/CD pipeline due to the latest update of `npm` package. Can we revert to a stable version?
3997;negative;I'm seeing intermittent failures in our CI/CD pipeline for the `feature/new-api` branch due to an unresolved issue with the `axios` library version mismatch.
227;positive;Great job on resolving the `npm install` issue in #123! Your patch made it through our CI/CD pipeline smoothly. Thanks for your help!
2686;neutral;@mentions, I've reviewed the changes in #1234. The updated README looks good, but can we discuss the implications of this change on our CI/CD pipeline?
536;positive;Love the fix for #1234! Your patch has greatly improved our CI/CD pipeline's reliability. Well done!
1899;neutral;I'm experiencing intermittent failures in the CI/CD pipeline on `main` branch. Can we review the build logs to identify the cause?
3985;negative;Failing to update `package.json` in #123 causes build failures downstream. Can we reconsider the CI/CD pipeline configuration?
1405;positive;Just tested the latest changes to the CI/CD pipeline and it looks like all tests are passing! Great work on resolving that build issue #1234!
2530;neutral;I've reviewed the updated `README.md` for clarity. The changes look good, but I'd like to discuss the new formatting in #123.
4055;negative;I'm experiencing intermittent failures in the `travis` build due to inconsistent `node` versioning. Can we lock down the `package.json` for consistency?
698;positive;Great fix on #1234! Your updated regex pattern has resolved the inconsistent parsing issues. Thanks for your diligence!
1125;positive;Great catch on the typo in `README.md`! Your fix for #123 is spot on. Thanks for keeping our documentation up to date!
3609;negative;Failing to update `@latest` in the `package.json` is causing issues with our CI/CD pipeline. Can we revisit this before merging #1234?
4199;negative;The latest build failed due to an unresolvable conflict with the `react` package. Can we revisit the dependency management?
2278;neutral;I'm experiencing intermittent failures in the CI/CD pipeline for PR #123. Could you take a look at the build logs to see if there's an obvious cause?
3813;negative;Failing to update dependencies in the latest PR (#1234) is causing our CI/CD pipeline to fail. Can we revisit this?
1759;neutral;I'm experiencing intermittent failures in our CI/CD pipeline for the `feature/new-api` branch. Can we investigate the cause of these errors?
1779;neutral;I'm experiencing intermittent failures in the CI/CD pipeline for #1234. Can we review the build logs to determine the cause?
587;positive;Great job on resolving the `NullPointerException` in the `main()` method! Your fix is clean and efficient. Thanks for your efforts!
4155;negative;I'm experiencing intermittent failures in the CI/CD pipeline for #123 due to the recent update of `react` package. Can we investigate further?
1401;positive;Thanks for squashing that pesky `TypeError` in the CI/CD pipeline! Your fix has our build passing smoothly again #145
3579;negative;The latest build is still failing due to the `npm` install timeout on CircleCI. Can we revisit the `package.json` dependencies?
2556;neutral;I'm experiencing intermittent failures in the `ci/cd` pipeline for branch `feature/new-features`. Can you help investigate?
3577;negative;I'm experiencing intermittent failures on the CircleCI build for `feat/user-authentication` due to a seemingly random timeout error.
1038;positive;Thanks for fixing the `NullPointerException` in the `main()` method! Your changes have greatly improved the app's stability on Android 11.
209;positive;Thanks for fixing the `npm install` issue in #123! The updated build script is working smoothly now.
2471;neutral;I've reviewed the PR #123 for the new API endpoint. The code looks clean, but I'd like to see some additional error handling added.
566;positive;Great fix on #123! Your patch to the CI/CD pipeline has significantly improved our build times. Well done!
314;positive;Great catch on the `NullPointerException` in the `main()` method! Your fix in PR #123 makes the app much more stable. Thanks!
602;positive;Just reviewed the updated CI/CD pipeline for #1234 and I'm impressed with how smoothly it's handling our new dependencies. Great work!
234;positive;Just successfully deployed the updated API on Heroku! The new caching mechanism is significantly improving performance. Thanks for the effort!
2196;neutral;I'm experiencing intermittent failures on the `main` branch in CircleCI. Can we review the build logs to identify the cause?
932;positive;Great job on fixing the `TypeError` in the `utils.py` file! The updated code is now passing all tests. Thanks for your diligence!
3991;negative;The latest build is failing due to a missing `node_modules` directory in the Docker image. Can we add a npm install step to the CI/CD pipeline?
4006;negative;Fails to build on CircleCI due to outdated `node-sass` version. Should be updated to v5.0.0 as specified in the changelog.
1037;positive;Just reviewed #1234's PR and I'm impressed with the refactored code! The test coverage increase is a great step forward for our project.
112;positive;Great catch on the `npm` version mismatch in #123! Your fix for the CI/CD pipeline is spot on, thanks for the update!
2910;neutral;I'm experiencing intermittent issues with the `CI/CD` pipeline failing on PR #1234. Could we discuss potential causes?
1090;positive;Just tested #1234 with the latest changes and it's working smoothly! Thanks for addressing the caching issue, really appreciate your efforts on this project!
3415;negative;I'm experiencing intermittent failures in our CI/CD pipeline due to a recent update of `npm` package `@types/node`. Can we investigate?
1755;neutral;I'm reviewing the latest changes in #123. The updated README looks good, but I noticed a minor formatting discrepancy on page 3.
231;positive;Great job on resolving the `NullPointerException` in the `utils` module! Your fix has greatly improved the app's stability. Thanks for your diligence!
2630;neutral;I've reviewed the updated `README.md` in PR #123. The formatting looks good, but I'd like to see a brief explanation of the new section added.
1920;neutral;I'm observing inconsistent test results in the latest build (CI/CD pipeline #123). Could we review the test suite configuration to ensure accuracy?
4285;negative;I'm experiencing intermittent failures in our CI/CD pipeline due to the recent update of `react-scripts`. Can we investigate further?
1034;positive;Great job on fixing the `NullPointerException` in the `main()` method! The updated code is now successfully building through our CI/CD pipeline.
473;positive;Great job on resolving the `NullPointerException` in the `main.py` file! This fix will greatly improve the app's stability.
1515;neutral;I'm experiencing intermittent failures in the CI/CD pipeline for #1234. The build fails on Jenkins but passes locally. Investigating further.
3678;negative;Failing to update `npm` in the Dockerfile causes build errors. Can we add `RUN npm install` after the `FROM node:14` line?
3424;negative;I'm experiencing intermittent failures in our CI/CD pipeline on the `main` branch due to a flaky test case. Can we revisit the `test_dependencies`? #123
2813;neutral;I've reviewed the updated `README.md` in #123. The changes look good, but I'd like to see a brief explanation for the new formatting convention.
2874;neutral;I've reviewed the updated `README.md` file in PR #1234. The changes look good, but I'd like to see more context for the new dependency added.
1507;neutral;Just reviewing the latest build logs for #1234 and noticed some inconsistencies in test coverage. Would be helpful to clarify the expected behavior.
1128;positive;Just tested the latest changes in #1234 and it's working smoothly! The updated build process has greatly improved our CI/CD pipeline stability.
1924;neutral;Just wanted to confirm that the changes in #1234 have been successfully deployed to staging via our CI/CD pipeline. Please let me know if I'm missing anything.
3801;negative;I'm experiencing intermittent build failures on the `main` branch due to inconsistent `node_modules` caching. Can we revisit our CI/CD setup?
1958;neutral;Regarding #1234, I've noticed the integration test is failing due to an outdated dependency. Can we update the `pom.xml` file accordingly?
2070;neutral;I'm experiencing intermittent failures in the CI/CD pipeline for branch `dev/new-feature`. Could you investigate the test suite's dependencies?
4473;negative;I'm experiencing intermittent failures in our CI/CD pipeline on the `main` branch due to a potential Docker image version conflict.
2659;neutral;Just wanted to confirm that the updated `README.md` file is correctly linked in the main documentation. Can we verify this on our next build?
3439;negative;I'm experiencing intermittent errors with our CI/CD pipeline on the `main` branch. It's failing to deploy due to a `NullPointerException` in the deployment script.
2250;neutral;Noticed that the latest `npm install` fails on CircleCI due to an outdated `node-sass` version. Would be great to update the lockfile accordingly.
4032;negative;Can we revisit the recent `npm install` failure in the CI/CD pipeline? Still getting `ECONNRESET` errors for `@types/node`.
362;positive;Just tested the latest build on our CI/CD pipeline and it's passing all tests! Great work on resolving the `npm install` issue #123.
136;positive;Just tested #1234's fix for the CI/CD pipeline failure. Works like a charm! Thanks @author for your patience and persistence!
1135;positive;Great catch on the `npm` version mismatch! Your fix in #234 resolved the build failure for me. Thanks for your diligence!
2520;neutral;I'm reviewing the PR #1234. The build is passing on my machine but I'd like to see more test cases for the new feature.
1152;positive;Great fix for the `npm install` issue! The updated package.json now correctly resolves dependencies. Thanks for your efforts!
3794;negative;Failed to build on CircleCI due to missing `node_modules` after yarn install. Build logs: https://circleci.com/gh/user/repo/1234
4148;negative;I'm experiencing intermittent failures in the CI/CD pipeline for #123 due to inconsistent package versions of `log4j`.
3051;negative;Just hit a roadblock with the latest build. The `npm install` step is failing due to an incompatible version of `axios`. Can we revisit our dependency management?
1831;neutral;I'm experiencing intermittent failures in the CI/CD pipeline for #1234. Can we investigate the cause of these errors and adjust the test suite accordingly?
1054;positive;Just tested the latest build on my machine and it's working perfectly! The new CI/CD pipeline is a game-changer for our team #bug-free
4107;negative;The recent changes in `main` have caused our CI/CD pipeline to fail due to an incompatible version of `numpy`. Can we revert the update?
23;positive;Just tested the latest build on our CI/CD pipeline and it's passing all tests! Great work on resolving the `dependency hell` issues!
2794;neutral;I've reviewed the latest changes in #123. The updated dependencies seem to be correctly installed via the CircleCI pipeline.
1654;neutral;I'm experiencing intermittent failures in the CircleCI build for #123. Can someone review the config and see if it's related to the recent dependency update?
2115;neutral;I'm reviewing the updated `ci.yml` file in #123. The added test seems to be passing on my local machine, but I'd like to see it fail on a different environment to confirm.
2604;neutral;I'm experiencing intermittent failures in the CI/CD pipeline for branch `feature/new-login-flow`. Could we review the test cases and build configuration?
696;positive;Great job on fixing the `NullPointerException` in the `utils` module! The changes look solid and should improve overall app stability.
2280;neutral;I'm seeing intermittent failures in the Jenkins CI/CD pipeline for branch `feature/new-login-flow`. Can we investigate further?
3269;negative;I'm experiencing intermittent failures in our CI/CD pipeline due to inconsistent package versions. Can we revisit the dependency management strategy?
421;positive;Great job on fixing the `TypeError` in the `utils.py` file! The CI/CD pipeline is now green again. Thanks for your effort!
3689;negative;I'm experiencing intermittent failures in the `build` step of our CI/CD pipeline due to a corrupted `node_modules` directory. Can we investigate further?
4350;negative;I'm experiencing intermittent failures in our CI/CD pipeline due to inconsistent Docker image caching. Can we revisit the cache strategy?
461;positive;Just reviewed your PR #1234 and I'm impressed with the refactored code. The changes will definitely improve our project's performance! Well done!
1068;positive;Great job on resolving the Travis CI build issues in #123! Your fix has improved our pipeline stability significantly.
88;positive;Just tested the latest build on CircleCI and it's passing all tests! Great job on squashing that pesky bug in #123.
3387;negative;The `latest` version of `kotlin-gradle-plugin` is causing a build failure in our CI/CD pipeline. Can we revert to the previous version?
2231;neutral;I'm experiencing intermittent issues with the Jenkins build on `main` branch. Can we investigate why it's failing occasionally?
3567;negative;Issue #123's build failure is still occurring after re-running the CI/CD pipeline. Can we investigate the cause of this persistent error?
2624;neutral;Just wanted to bring up the recent build failure on `main` branch due to missing dependencies in `package.json`. Can we review the CI/CD pipeline config?
283;positive;Thanks for fixing the `jenkins` config issue in #123. The updated pipeline is now successfully deploying to prod!
4160;negative;Failing tests in `feature/new-api` due to incorrect dependency version. Reverting to previous version fixes the issue, but unsure why this change broke everything.
463;positive;Great fix on #123! The updated `ci/cd` pipeline is now successfully deploying to staging. Well done!
213;positive;Just tested your fix for #1234 and it's working flawlessly! Great job on resolving the pagination bug!
541;positive;Just tested the latest PR #1234 and it looks like the fix for the pagination bug is working as expected. Well done team!
4480;negative;Just hit a `TypeError` in the CI/CD pipeline due to an outdated `numpy` version. Can we bump it to 1.20.x?
3696;negative;I'm experiencing intermittent failures in the build process due to inconsistent `npm` cache issues on our CI/CD pipeline. Can we investigate this further? #1234
3393;negative;I'm experiencing issues with the latest build on CircleCI due to an incompatible version of `npm` in the Docker image.
1821;neutral;I'm experiencing intermittent failures in the CI/CD pipeline for PR #123. Can we investigate further to determine the root cause?
860;positive;Great catch on the `jenkins` config update! Your PR fixes the broken CI/CD pipeline for our latest release. Thanks for your diligence!
534;positive;Just tested the latest build on our CI/CD pipeline and it looks like the deployment to staging is now successful! Well done team!
1369;positive;Great job on fixing the `jenkins` build failure in #123! The updated pipeline is now successfully deploying to staging environment.
4023;negative;The latest build is still failing due to the `npm` install timeout in `.circleci/config.yml`. Can we revisit the timeout settings?
2261;neutral;I'm experiencing intermittent failures in the `dev` build on CircleCI. Can we investigate the cause of this flaky test?
598;positive;Great job on squash-merging #123! The refactored code in the CI/CD pipeline has significantly reduced build times. Well done!
3863;negative;I'm seeing intermittent failures in our CI/CD pipeline on PR #123 due to an incompatible dependency version. Can we investigate further?
3929;negative;I'm experiencing intermittent issues with the `npm install` step in our CI/CD pipeline due to a corrupted node_modules directory. Any ideas on how to resolve this?
3264;negative;I'm experiencing intermittent failures in the CI/CD pipeline for #123 due to inconsistent build times caused by the new `npm` cache implementation.
3483;negative;I'm experiencing intermittent failures in the `dev` branch's CI/CD pipeline due to inconsistent package versions. Can we investigate further?
663;positive;Great fix on the `ci/cd` pipeline! Your changes to the Dockerfile resolved the build issues I was experiencing. Thanks for your help!
4467;negative;I'm experiencing intermittent failures in our CI/CD pipeline on the `master` branch due to a flaky test. Can we investigate further?
3521;negative;I'm experiencing intermittent failures in the `build` stage of our CI/CD pipeline due to an inconsistent `npm install` result.
4111;negative;This latest build is still failing due to the `TypeError` in `utils.py`. Can we revisit the recent changes on #1234?
4252;negative;I'm experiencing intermittent failures in the `build` step of our CI/CD pipeline due to a corrupted `node_modules` cache. Can we investigate further?
2592;neutral;I've reviewed the updated `README.md` in #123. The changes look good, but I'd like to discuss the addition of a dependencies section.
2457;neutral;I've reviewed the updated `README.md` in PR #123. The changes look good, but I'd like to discuss the new section on deployment before merging.
661;positive;Just ran the updated tests on #1234 and they're passing! Your fix for the `NullPointerException` was spot on!
4446;negative;Just encountered another `NullPointerException` in the `main()` method. Can we revisit the recent refactor to ensure no regressions? #1234
1421;positive;Just reviewed #1234 and the fixes look solid! Thanks for addressing the regex issue in the parser. Works as expected now.
3604;negative;I'm experiencing intermittent failures in the `build` step of our CI/CD pipeline on CircleCI. Can we investigate further?
1554;neutral;I'm seeing intermittent failures in the `test-api` suite on CircleCI. Can we investigate the recent changes to `dependencies.lock`?
943;positive;Great job on fixing the `NullPointerException` in the API client! The changes to the error handling are much appreciated.
3629;negative;Failing to update `node-sass` version in #123 causes CI builds to fail on Node 14. Can we please bump the version?
780;positive;Great job on fixing the `NullPointerException` in the `login()` method! The fix is clean and well-documented. Thanks for your efforts!
3077;negative;I'm seeing intermittent failures in our CI/CD pipeline on the `feature/new-api` branch due to a missing dependency on `axios@^0.21.1`. Can we revisit the package versioning?
3590;negative;Just hit a roadblock with the latest build. The `npm install` step is failing due to an outdated `@types/node` version.
3625;negative;I'm experiencing intermittent failures in our CI/CD pipeline for `feature/new-login-system` due to inconsistent error messages on the AWS Lambda function deployment.
2781;neutral;I'm reviewing the updated `README.md` in #123. The changes look good, but I'd like to see some additional context for the installation instructions.
2670;neutral;Regarding #123: I've verified the build process in our CI/CD pipeline and it appears to be working as expected. No issues found.
122;positive;Great job on squashing that pesky `NullPointerException` in the `login()` method! Your fix has improved the overall stability of our CI/CD pipeline.
2521;neutral;Can we review the changes in #1234? The updated README seems to be missing some key details about the new feature.
888;positive;Great fix on #123! Your changes to the build script resolved the intermittent deployment issues I was seeing in our CI/CD pipeline. Thanks for your attention to detail!
3522;negative;I'm having trouble with the latest build on CircleCI. The `npm install` step is failing due to a missing dependency in `package.json`. Can we investigate?
686;positive;Great catch on the `npm` version mismatch! Your fix for #1234 has successfully resolved the build issues. Well done!
3049;negative;I'm experiencing issues with the `latest` tag in our Docker image. Can we revisit the deployment script to ensure it's pointing to the correct version?
3506;negative;I'm experiencing intermittent failures in the `deploy-to-prod` stage of our CI/CD pipeline due to a flaky Docker image build. Can we investigate?
2911;neutral;Regarding #1234: I've reviewed the updated documentation for the new feature. Everything looks good to me, but I'd like to see more context in the commit messages.
3128;negative;@username This PR breaks our CI/CD pipeline due to an incompatible version of `log4j` in the updated dependencies. Can we revert?
2245;neutral;I'm experiencing intermittent issues with the `npm install` step in our CI/CD pipeline. Can we review the dependencies and configuration?
414;positive;Great catch on the `jenkins` config file! Your fix in #1234 has our CI/CD pipeline running smoothly again. Thanks for your attention to detail!
790;positive;Great fix for the `NullPointerException` in the `utils` module! Your changes have improved the overall stability of our CI/CD pipeline.
1650;neutral;I'm experiencing intermittent failures in the `dev` branch's CI/CD pipeline. Could we review the recent changes to `package.json` for potential issues?
3631;negative;Issue #123 still not fixed after multiple iterations. The `latest` tag is causing the build to fail on CircleCI again.
4159;negative;PR #123 still failing due to unresolvable `npm` install issues. Can we escalate this to the team lead for manual intervention?
2177;neutral;Just reviewing the latest changes to `main` branch, noticed some minor formatting inconsistencies in the README. Would be good to standardize.
1851;neutral;@author, I noticed the recent changes in `build.gradle` are causing a minor conflict with our Jenkins pipeline. Would appreciate a review of the updated script.
4436;negative;I'm experiencing intermittent failures in the CI/CD pipeline due to a seemingly unrelated dependency update. Can we investigate further? #137
1689;neutral;I've reviewed the updated `README.md` in #123. The changes look good, but I'd like to discuss the formatting consistency with the existing documentation.
1993;neutral;I'm experiencing intermittent failures in the CircleCI build for PR #1234. Can we investigate the cause of this flakiness?
2112;neutral;I'm seeing intermittent failures in the CircleCI build for `feat/user-authentication` due to a timing-dependent error in the test suite. Investigating further.
1426;positive;Thanks for fixing the `NullPointerException` in the `login()` method! The updated code is now successfully passing all integration tests.
2651;neutral;On review of #1234, I noticed the test suite is passing locally but failing on CircleCI. Investigating further to determine cause.
273;positive;Just tested the latest build on our CI/CD pipeline and it looks like the fix for #1234 is working as expected! Well done team!
783;positive;Just reviewed #1234's PR and I'm impressed with the refactoring efforts! Clean code and reduced dependencies will definitely improve our CI/CD pipeline performance.
522;positive;Just tested your fix for the `NullPointerException` in `utils.js` and it works like a charm! Thanks for the quick patch!
523;positive;Just successfully ran the updated CI/CD pipeline for #1234 and it's passing all tests. Great work on squashing that pesky bug!
3168;negative;I'm experiencing issues with the latest build on Jenkins. The test coverage report is failing due to an unresolved dependency conflict.
2453;neutral;I'm experiencing intermittent failures in the `test_coverage` job on PR #1234. Can we investigate the cause of this flaky test?
2523;neutral;I've reviewed the latest PR #1234 and noticed that the updated README doesn't reflect the changes in the new build process.
3345;negative;I'm experiencing intermittent failures in our CI/CD pipeline due to the recent update of `npm` version. Can we revisit the `package.json` config?
3715;negative;I'm experiencing intermittent failures in the CI/CD pipeline for #1234 due to a faulty network connection. Can we add retry logic?
351;positive;Great catch on the `npm` version mismatch! Your fix in #123 resolved the CI/CD pipeline failure. Thanks for the quick turnaround!
2921;neutral;I'm reviewing the latest changes in #123. The updated build script seems to work correctly with our new dependencies.
3334;negative;I'm experiencing intermittent failures with the CircleCI pipeline due to an inconsistent `npm install` step. Can we investigate further? #1234
2888;neutral;I've reviewed the updated `README.md` in #123. The changes look good, but I'd like to discuss the addition of a `CONTRIBUTING.md` file for clarity.
4214;negative;I'm experiencing intermittent failures in the CI/CD pipeline for #1234. The build succeeds on my local machine but fails on GitHub Actions with a `TimeoutError`.
2298;neutral;Just reviewing the latest PR (#1234) and noticed the CI build is failing due to an unspecified error in `node_modules`. Can we take a closer look?
1512;neutral;Just reviewing the latest changes to `build.gradle` for #123. The updated dependencies seem reasonable, but I'd like to see some additional logging in the CI/CD pipeline.
1883;neutral;Can we revisit the changes made in #1234? I'm seeing some inconsistent logging levels in the updated CI/CD pipeline.
652;positive;Great job on resolving the `NullPointerException` in the `main.py` file! Your fix has greatly improved the app's stability.
2766;neutral;Just reviewing the updated `README.md` file for clarity on new contributors. Looks good so far.
370;positive;Just tested #1234's fix for the CI/CD pipeline, and it looks like it's resolved the deployment issues! Thanks for your hard work on this!
2154;neutral;Regarding #1234: I've reviewed the updated build script. It appears to be correctly integrated with our CI/CD pipeline.
119;positive;Great catch on the `npm install` error in #1234! Your fix to update `package.json` has our CI/CD pipeline running smoothly again.
4422;negative;I'm experiencing intermittent failures in the CI/CD pipeline for #1234 due to inconsistent test results. Can we revisit the testing framework?
2464;neutral;I noticed that the latest changes in #123 caused a minor regression in our integration tests. Would be great to review and adjust accordingly.
2880;neutral;I've reviewed the latest PR #1234 and it looks good to me. Just want to confirm if we should merge it into master now.
1614;neutral;I'm experiencing intermittent failures in our CI/CD pipeline on the `main` branch. Can we investigate the cause of these errors?
2370;neutral;Regarding #1234, I've noticed the build fails on Jenkins due to missing dependencies. Can we review the `pom.xml` file for updates?
963;positive;Great catch on the `TypeError` in the `utils.py` file! Your fix for #123 is spot on. Thanks for keeping our CI/CD pipeline green!
2299;neutral;I'm experiencing intermittent failures in our CI/CD pipeline for branch `feature/new-login-flow`. Can we investigate the cause of these errors?
2797;neutral;I'm experiencing intermittent issues with the CI/CD pipeline on PR #1234. Builds pass locally but fail on CircleCI. Investigating further.
2789;neutral;I've noticed the `README.md` formatting isn't consistent with the rest of the project. Should we standardize it in a future PR?
4193;negative;I'm experiencing intermittent build failures in the CI/CD pipeline due to inconsistent Docker image versions. Can we investigate this further?
3586;negative;I'm experiencing intermittent failures in our CI/CD pipeline due to the latest update of `npm` version 8.15.0. Can we revert it?
3677;negative;I'm experiencing intermittent failures in our CI/CD pipeline for the `main` branch due to a recent update of `npm` version 8.15.0.
2038;neutral;I've reviewed the latest changes in #123. The updated dependencies seem to be correctly installed via the CI/CD pipeline.
773;positive;Great catch on the CI/CD pipeline fix! Your changes have significantly improved our deployment times. Thanks for your diligence!
1285;positive;Great job on resolving the `NullPointerException` in the `utils` module! Your fix is clean and efficient. Works as expected now.
4270;negative;Issue with latest `npm install` on macOS. Fails to resolve dependencies for `@types/node`. Can we revisit the `package.json` configuration?
1415;positive;Great job on fixing the `jenkins` integration in #123! The CI/CD pipeline is now stable and our automated tests are passing smoothly again.
1235;positive;Great job on resolving the API endpoint issue in #123! Your fix has greatly improved our app's stability. Thanks for your efforts!
2203;neutral;I've reviewed the updated `README.md` in PR #123. The changes look good to me, but I'd like to see some additional documentation on deployment steps.
436;positive;Great catch on that edge case in #123! Your fix to the CI/CD pipeline is spot on. Thanks for keeping our build stable!
1675;neutral;I'm experiencing intermittent failures in the Jenkins build for #1234. Can we investigate the cause of this instability?
366;positive;Great job on resolving the caching issue in `main` branch! Your fix for `npm install` now passes our CI/CD pipeline smoothly.
3004;negative;Still seeing intermittent failures in the `main` branch's CI/CD pipeline due to an unresolvable conflict with `package-lock.json`. Frustrating!
232;positive;Great fix on #1234! Your approach to resolving the caching issue has improved performance by 30% in our CI/CD pipeline. Well done!
4337;negative;Failing to update `node_modules` in the CI/CD pipeline is causing inconsistent builds. Can we add a `npm install` step before running tests?
3531;negative;I'm experiencing intermittent failures in the CI/CD pipeline due to inconsistent Docker image builds. @maintainer, can we investigate this further?
408;positive;Great job on fixing the pagination bug in #123! Your changes have significantly improved the app's performance. Keep up the good work!
87;positive;Great job on resolving the `NullPointerException` in the `main()` method! Your fix is clean and efficient. Thanks for your attention to detail!
845;positive;Great job on fixing the `NullPointerException` in the `loadData()` method! This should significantly improve performance for large datasets. Thanks!
3897;negative;Failing to upgrade `npm` in the `.travis.yml` file is causing our build to fail. Can we please update it to the latest version?
2623;neutral;I've reviewed the updated `README.md` and it looks good. No issues found with formatting or content.
856;positive;Great job on squashing that pesky `TypeError` in the `main.py` file! Your fix is now merged into dev branch #14, thanks for your efforts!
79;positive;Great job on resolving the `NullPointerException` in the `utils` module! Your fix is clean and efficient. Thanks for your diligence!
4485;negative;This build failure on `main` branch is frustrating. The `npm install` step consistently fails with `EACCES` error on our CI/CD pipeline.
2971;neutral;I'm experiencing intermittent failures in the `master` branch's CI/CD pipeline due to an inconsistent timeout setting. Can we review the configuration?
4215;negative;I'm experiencing intermittent failures in the CI/CD pipeline due to a faulty Docker image. Can we investigate the `docker:latest` build step?
2534;neutral;I'm experiencing intermittent failures in our CI/CD pipeline for the `feature/new-api` branch. Can we investigate the cause of these errors?
3306;negative;I'm experiencing intermittent failures in the `ci/cd` pipeline due to a faulty Docker image build. Can we investigate the `docker-compose.yml` file?
3411;negative;I'm experiencing intermittent failures in the CI/CD pipeline for #1234 due to an unresolvable `npm` install error on CircleCI.
3847;negative;I'm seeing intermittent failures in our CI/CD pipeline for branch `feature/new-api` due to a seemingly unrelated dependency update. Can we investigate?
3195;negative;I'm experiencing intermittent failures on the `main` branch due to this PR #1234. The CI/CD pipeline is consistently failing on CircleCI.
425;positive;Great catch on the `npm` version conflict in #123! Your fix for the CI/CD pipeline has significantly improved our build stability.
393;positive;Just tested your fix for the `NullPointerException` in `utils.js`, works like a charm! Great job on squashing that bug!
4262;negative;I'm experiencing intermittent failures with the `build` step in our CI/CD pipeline (#1234). The error logs indicate a version conflict between Node 14 and npm 7.
105;positive;Great job on fixing the `README.md` formatting issue! The updated doc looks fantastic.
2546;neutral;I'm experiencing intermittent issues with the `ci/cd` pipeline failing on CircleCI due to a missing `node_modules` directory in the container.
1949;neutral;Regarding #1234, I've noticed that the build fails on Linux due to missing dependencies. Can we add a check for these in our CI/CD pipeline?
1460;positive;Great job on resolving the `NullPointerException` in #123! Your fix is clean and efficient. Well done!
2645;neutral;I'm experiencing intermittent failures in the `build` stage of our CI/CD pipeline. Can we revisit the Docker image caching configuration?
2285;neutral;I'm experiencing a minor regression with the latest build. The `npm install` step is failing due to an unresolved dependency conflict.
4486;negative;This build still fails due to the unresolvable `npm` dependency conflict in #123. Need a fix ASAP for our CI/CD pipeline.
3883;negative;I'm seeing intermittent failures in our CI/CD pipeline on the `main` branch due to a faulty test case in `test_user_auth.py`. Can we investigate?
1588;neutral;I'm experiencing intermittent failures in the CI/CD pipeline for #1234. The build passes on my local machine but not on GitHub Actions.
2974;neutral;Just wanted to confirm that the updated `build.gradle` file in PR #123 fixes the Gradle build error I reported earlier.
1732;neutral;I've noticed that the `latest` version of `aws-sdk` is not being updated in our CI/CD pipeline. Can we review the config?
3012;negative;Noticed that the latest build on `main` branch is failing due to outdated dependencies. Can we update `package.json` accordingly?
3161;negative;I'm experiencing intermittent failures in the `test-ci` pipeline due to a stale Docker image. Can we update to the latest version?
1792;neutral;Can we revisit the latest merge of #123? I'm experiencing intermittent issues with the Jenkins build on this branch.
1941;neutral;Just wanted to confirm that the fix in #1234 resolves the issue with Jenkins failing on Windows. Thanks for the update!
703;positive;Just tested the latest build on CircleCI and it passed all tests! Great work on addressing that pesky `NullPointerException` in the `utils` module.
3309;negative;I'm experiencing intermittent failures in our CI/CD pipeline due to the recent update of `dependency-manager` v1.2.0 causing a version conflict with `library-x`. Can we revisit this dependency?
497;positive;Thanks for fixing the `NullPointerException` in the `main()` method. Your changes have improved the app's stability significantly!
465;positive;Just reviewed #1234's PR and I'm impressed with the refactored code! The new architecture is a huge improvement over the previous implementation.
3438;negative;Can we revisit #1234? The latest build is still failing due to the `npm` install timeout on CircleCI. This needs attention ASAP.
3703;negative;Unfortunately, I'm seeing the same `TypeError` on my local machine with the latest changes in #123. Can we revisit the CI/CD pipeline config?
3968;negative;I'm experiencing intermittent build failures on `main` due to inconsistent package versions in the `node_modules` directory.
2497;neutral;I'm experiencing intermittent issues with the build process on CircleCI. Can we investigate why this is happening in #1234?
2649;neutral;Just reviewing the latest build on `CI-1234` and noticed that the `dependency update` didn't trigger a re-run of the `unit tests`. Worth double-checking.
3686;negative;I'm experiencing intermittent failures in our CI/CD pipeline for `main` branch due to `npm` version mismatch with `package-lock.json`. Can we revisit the dependency management?
2113;neutral;I've reviewed the latest changes to the `README.md` file in PR #1234. Everything looks good from my end.
901;positive;Great fix on #1234! Your patch for the intermittent build failure in our CI/CD pipeline has been a huge help. Thanks!
1447;positive;Great catch on the `npm` version mismatch! Your fix in #1234 resolved the build error in our CI/CD pipeline. Well done!
2906;neutral;I'm experiencing intermittent failures in the CI/CD pipeline for #1234. Can we review the build logs to determine the cause?
742;positive;Great catch on the `npm` version mismatch in the CI/CD pipeline! Your fix in #1234 is spot on, thanks for the thorough investigation!
2139;neutral;I'm experiencing intermittent failures in the CI/CD pipeline for #123. Can we investigate the cause of these errors and provide a solution?
4063;negative;The latest build on the `main` branch is failing due to an unexpected error in the `package.json` file. Can we investigate?
1207;positive;Great job on resolving the `NullPointerException` in the `dataProcessor` method! Your fix has improved the overall stability of our CI/CD pipeline.
510;positive;Great catch on the `pip install` issue! Your fix in #123 is spot on. CI pipeline now passes with ease.
3452;negative;I'm experiencing issues with the latest build on CircleCI. Getting a `TypeError` on line 345 of `utils.py`. Can we investigate?
2284;neutral;Regarding #1234, I noticed the updated build script in PR 5678 doesn't account for the new library version. Can we review the dependencies?
3917;negative;I'm experiencing intermittent failures in the `build` stage of our CI/CD pipeline due to inconsistent Docker image caching. Can we revisit the cache strategy?
2045;neutral;I'm reviewing the PR #123 for the new feature. The code looks clean but I'd like to see some additional unit tests added for the `fetchData` function.
768;positive;Great job on resolving the `NullPointerException` in the `main` method! Your fix is clean and well-explained. Thanks for the quick turnaround!
4388;negative;The recent changes to the `main` branch have caused our CI/CD pipeline to fail consistently. Can we revert these changes?
4315;negative;Fails on my end with the latest build: `npm run test` throws an error on `node_modules/react` due to a missing import.
422;positive;Great fix on #123! The updated CI/CD pipeline is now successfully deploying to staging with the latest dependencies resolved.
124;positive;Great job on resolving the `NullPointerException` in the `auth` module! Your fix has significantly improved the app's stability. Thanks for your efforts!
3414;negative;Failed to deploy due to `npm` version mismatch in `.travis.yml`. Can we update the script to use a specific version instead of latest?
2145;neutral;I'm reviewing the PR #123: Update dependencies. It looks like we need to address the minor incompatibility with our CI/CD pipeline.
820;positive;Great job on squashing that pesky regex bug in #123! The updated CI/CD pipeline is now passing smoothly.
1404;positive;Just tested the latest build on our CI/CD pipeline and it successfully deployed to prod without any issues. Great job on fixing that pesky deployment bug!
1383;positive;Great work on resolving the `NullPointerException` in the `main.py` file! Your fix has already improved our CI/CD pipeline stability.
1576;neutral;Just wanted to confirm that the fix for #1234 has been merged into the main branch. Let me know if I'm missing any further steps.
1639;neutral;I'd like to discuss the inconsistent error handling in the `ci/cd` pipeline for branch `feature/new-feature`. Can we revisit the configuration?
1796;neutral;I'm reviewing the updated `build.gradle` file in #123. The changes seem to be correct, but I'd like to see a brief explanation for the updated dependency versions.
4338;negative;I'm seeing intermittent failures in our CI/CD pipeline for the `feature/new-login-system` branch due to a mysterious error in the `npm install` step.
400;positive;Just reviewed the latest changes to the CI/CD pipeline and I'm impressed with the improvements! Automated testing coverage is now over 90% thanks to your efforts.
3641;negative;I'm experiencing intermittent failures in the `build` step of our CI/CD pipeline on Ubuntu due to a missing dependency on libssl-dev. Fails 1/5 times.
3951;negative;The latest build on the `main` branch is failing due to an unresolved dependency conflict in the `package.json` file. Can we revisit the update?
2356;neutral;I'm reviewing the updated `README.md` in #123. The formatting looks good, but I'd like to discuss the addition of a 'Contributing' section.
1353;positive;Just tested #1234 with the latest changes to the CI/CD pipeline and it's passing all tests! Great work on resolving that tricky dependency issue!
2241;neutral;I'm experiencing intermittent issues with the API endpoint in #123. Can we discuss possible causes and potential solutions?
4354;negative;I'm experiencing intermittent failures in the CI/CD pipeline for #1234. The `npm install` step consistently fails with a timeout error on AWS.
2131;neutral;Just wanted to confirm the fix for #1234 is working as expected in our staging environment. No issues observed so far.
983;positive;Great job on fixing the `npm install` issue! The updated build process is now successfully running through our CI/CD pipeline.
457;positive;Just tested the latest build on our CI/CD pipeline and it looks like the recent changes to `package.json` have resolved the dependency issues. Great work, team!
4287;negative;I'm experiencing intermittent failures in the CI/CD pipeline due to the recent update of `axios` version 1.2.0. Can we revert to the previous version?
3672;negative;The latest build on the `main` branch is still failing due to the unresolved `NullPointerException` in `lib1`.5.0 update.
1951;neutral;Just reviewed #123's changes to the CI/CD pipeline. The updated build script looks good, but I'd like to see some test coverage for the new deployment logic.
3659;negative;I'm experiencing intermittent failures in the CI/CD pipeline for #123 due to a failing `npm install` on Ubuntu 20.04.
4165;negative;Just hit a `NullPointerException` on the latest build. CI/CD is failing due to an unmet dependency in `pom.xml`. Can we review the build config?
642;positive;Just tested the latest build on Jenkins and it's passing all tests! Great work on squashing that pesky bug in #1234!
1954;neutral;Regarding #123: I'm experiencing intermittent failures in the CI/CD pipeline due to inconsistent Docker image versions. Can we discuss possible solutions?
2246;neutral;I'm experiencing intermittent issues with the `npm install` on my local env. Can someone review the package-lock.json for potential conflicts?
3224;negative;I'm experiencing issues with the latest build on Jenkins due to an incompatible version of `dependency-x` causing a runtime error in our API.
4294;negative;Can we revisit the recent `v1.2` release? The CI/CD pipeline failed due to a missing transitive dependency on `@types/node`, causing downstream errors.
2381;neutral;I'm experiencing intermittent failures in the CI/CD pipeline for #1234. Can we investigate the cause of these errors and implement a retry mechanism?
1885;neutral;@username I've reviewed the latest PR #1234 and noticed some minor formatting inconsistencies in the README file. Would be good to tidy it up.
3866;negative;@author I'm experiencing intermittent failures in our Jenkins pipeline due to the latest version of `npm` causing issues with `yarn`. Can we revert?
2532;neutral;I'm experiencing intermittent issues with the `npm install` step in our CI/CD pipeline. Can we investigate further to determine the cause?
4389;negative;I'm experiencing intermittent failures in the CI/CD pipeline for #1234 due to an unexplained error in the `npm install` step. Can we investigate further?
846;positive;Just tested #23 with the latest changes in `main` branch and it's working as expected! Great job on resolving that tricky bug!
543;positive;Just tested the latest changes on our CI/CD pipeline and it's working seamlessly! Great job on resolving that pesky `NullPointerException`!
92;positive;Great fix on #123! Your changes to the build script have resolved the pipeline failures. Well done!
3151;negative;The recent `fix/1234` PR broke the build on CircleCI due to an unupdated Docker image. Can we please re-run the pipeline?
1980;neutral;I'm experiencing intermittent failures in the `build` step of our CI/CD pipeline. Can we investigate the cause of this flakiness?
2291;neutral;Can we discuss the implications of updating `react` to version 17 in this PR? I'd like to understand the impact on our CI/CD pipeline.
3308;negative;Failing to build on CircleCI due to outdated `node-sass` version. Can we bump it to the latest release in our dependencies?
2441;neutral;I've reviewed the changes in #123. The updated docstrings are clear, but I'd like to see a brief explanation for the new caching mechanism.
4009;negative;@author, I'm seeing intermittent failures in the `test_api` suite due to a timeout on the mock server. Can we revisit the test setup?
1049;positive;Just tested the latest `fix-ci` PR on my local env and it's working smoothly! Thanks for addressing that pesky test failure!
1961;neutral;I'm experiencing intermittent issues with the CI/CD pipeline on `main` branch. Builds pass locally but fail on GitHub Actions. Any ideas?
238;positive;Just tested #123 with the latest changes to our CI/CD pipeline, and it's working seamlessly! Great job on resolving that pesky build error!
2407;neutral;The `ci/cd` pipeline for the `feature/new-api` branch is failing due to a missing dependency on `node-sass`. Can we investigate further?
1134;positive;Great job on squashing that pesky memory leak in the CI/CD pipeline! Your fix has saved us from a potential deployment disaster.
1806;neutral;I'm experiencing intermittent issues with the CI/CD pipeline on branch `feature/new-feature-123`. Builds pass locally but fail on GitHub Actions.
3381;negative;I'm experiencing intermittent failures in our CI/CD pipeline for the `feature/new-login-system` branch due to a failing test in the `login_service` module.
164;positive;Great fix on the `ci/cd` pipeline! Your changes resolved the intermittent build failures, thanks for your attention to detail!
2838;neutral;I'm experiencing intermittent failures in the CI/CD pipeline for #1234. Can we increase the test timeout to see if it resolves the issue?
2719;neutral;I'm experiencing intermittent failures on the `CI/CD` pipeline for `PR #123`. Can we investigate further to determine the root cause?
2804;neutral;I'm experiencing intermittent failures in the `test-ci` pipeline for #123. Could you help me troubleshoot the cause of this flaky test?
3367;negative;Can we revisit the recent `docker-compose up` failure in #1234? The error message is unclear and I'm still experiencing issues with the CI/CD pipeline.
2953;neutral;I'm experiencing intermittent failures in the CI/CD pipeline for PR #123. Can we investigate the cause of this failure?
3204;negative;The recent `main` branch update broke the CI/CD pipeline for our project. Can we revert to previous commit 12345 until this is resolved?
1812;neutral;This build failure in #123 is likely due to the recent update of `package A` in our `ci/cd` pipeline. Worth investigating further.
4259;negative;The latest build is failing due to the `npm` version mismatch in our `package.json`. Can we update it to v16?
3692;negative;The recent update to `npm` broke our CI/CD pipeline. Failing tests on `master` branch due to incompatible package versions #1234
4172;negative;I'm experiencing intermittent failures in the `build` step of our CI/CD pipeline on CircleCI due to this recent update. Can we investigate?
3688;negative;I'm experiencing a crash on macOS with the latest build. The error log shows an unhandled exception in `libcurl`.
2755;neutral;I'm experiencing intermittent issues with the build on CircleCI. Can we investigate why `npm install` is failing occasionally?
3941;negative;I'm experiencing intermittent failures in the CI/CD pipeline for #123 due to a faulty dependency on `npm` version 7.3.0, causing errors in the build process.
4190;negative;Can't reproduce the latest `npm install` error on my local env. Have you tried running it with `--verbose` to see more details? #1234
2296;neutral;I think we need to revisit the `ci/cd` pipeline for this PR (`#1234`) as it's not triggering the correct tests.
1453;positive;Just tested the latest build with the updated `axios` version and it's working smoothly in our CI/CD pipeline. Thanks for the fix!
594;positive;Great fix for the `NullPointerException` in `utils.js`. Your refactoring improved code reliability. Thanks for addressing this critical bug!
42;positive;Great fix for the `NullPointerException` in the `UserDAO` class! Your refactoring is spot on and will prevent future issues with our CI/CD pipeline.
561;positive;Just tested the latest build on CI/CD and it's passing all tests! Great work on ironing out that pesky `npm` install issue #1234.
2385;neutral;I'm experiencing intermittent failures in the `ci/cd` pipeline for branch `feature/new-login-system`. Can we investigate further?
2823;neutral;I'm experiencing intermittent issues with the CI/CD pipeline on `main` branch. Builds pass locally but fail on GitHub Actions. Any ideas?
244;positive;Just tested the latest build on our CI/CD pipeline and it passed all tests! Great job on resolving the `dependency conflict` in #123!
1340;positive;Thanks for fixing the `jenkins` plugin regression in #1234! Your patch is a great example of how to handle edge cases in CI/CD pipelines.
2268;neutral;I'm experiencing intermittent issues with the `build` stage in our CI/CD pipeline. Can we investigate further to determine the root cause?
2403;neutral;Just wanted to confirm that the fix for #1234 is included in the latest build. Can we discuss further if needed?
3078;negative;Commenting on #1234: The latest build is still failing due to the unresolvable `npm` install error. Can we revisit the `package.json` config?
1443;positive;Great job on resolving the Docker image size issue in #123! The updated pipeline is now successfully building our app. Thanks for the quick fix!
262;positive;Great fix on #123! Your patch for the `ci/cd` pipeline has improved our build times significantly. Thanks for your attention to detail!
2257;neutral;Noticed that the latest build on `main` branch is still failing due to `npm install` errors. Can we take a closer look?
1690;neutral;Related to #123: the test coverage report is showing some discrepancies with our current codebase. Would like to discuss possible causes.
1726;neutral;I'm experiencing intermittent errors with the CI/CD pipeline for branch `feature/new-api`. Can we investigate further to determine the cause?
3290;negative;Can't reproduce the `TypeError` in `utils.py`, but it's causing the CI pipeline to fail. Please investigate #1234
835;positive;Great job on fixing the deployment issue in #123! The new CI/CD pipeline is much more reliable now. Good work!
1867;neutral;I've reviewed the updated build script in #123. The changes look good, but I'd like to see some additional logging for debugging purposes.
2011;neutral;I'm experiencing intermittent failures in the CI/CD pipeline for `PR #1234`. The build passes on my local machine but fails on Jenkins.
341;positive;Great job on resolving the `NullPointerException` in the `login()` method! Your fix has been thoroughly tested and looks solid.
1602;neutral;I'm experiencing intermittent issues with the Jenkins CI/CD pipeline on the `main` branch. Can we investigate further?
2438;neutral;I'm experiencing intermittent failures in our CI/CD pipeline for the `feature/new-login-flow` branch. Can we review the build logs?
4231;negative;I'm experiencing issues with the latest build on CircleCI due to a missing `node_modules` directory in our Docker image. Can we add a `RUN npm install` step?
481;positive;Great job on fixing the `NullPointerException` in the `main()` method! The updated code is now passing all tests in our CI/CD pipeline.
3159;negative;I'm experiencing intermittent build failures on `main` due to inconsistent dependencies between `node_modules` and the updated `package-lock.json`. Can we revisit the CI/CD pipeline?
4179;negative;Failed to deploy due to `npm` cache corruption. Re-running the build doesn't resolve the issue #1234
2474;neutral;I'm experiencing intermittent failures in the CI/CD pipeline for `issue #123` due to inconsistent build times. Can we investigate further?
3233;negative;I'm experiencing intermittent failures in the CI/CD pipeline for #123 due to inconsistent build times. Need help troubleshooting this issue.
1767;neutral;I'm reviewing the updated `README.md` in #123. The changes look good, but I'd like to see a brief explanation for the new formatting.
3960;negative;Frustrated with the latest build failure on `main` due to unmet dependencies in `package.json`. Can we revisit the CI/CD pipeline setup?
2536;neutral;I'm experiencing intermittent failures in the `build` step of our CI/CD pipeline. Can we investigate the cause of this inconsistency?
4498;negative;I'm experiencing intermittent failures in our CI/CD pipeline due to a faulty `npm` install on the Ubuntu 18.04 runner #1234
4150;negative;I'm experiencing intermittent failures in the `ci-pipeline` for PR #1234 due to inconsistent `node-version`. Can we investigate further?
2987;neutral;I've reviewed the updated `README.md` in #1234. The changes look good to me, but I'd like to discuss the new formatting before merging.
1272;positive;Great job on fixing the `NullPointerException` in the `main()` method! The updated code is now successfully building through our CI/CD pipeline.
2500;neutral;I'm experiencing intermittent failures in the `test_coverage` stage of our CI/CD pipeline. Can we investigate further?
4217;negative;I'm experiencing intermittent failures in the CircleCI build due to an unresolved `npm` version conflict. Could we revisit the `.circleci/config.yml`?
4333;negative;I'm seeing intermittent failures in our CI/CD pipeline for the `feature/new-login-system` branch due to a missing dependency on `npm install`. Can we investigate?
348;positive;Just tested with the latest changes in PR #1234 and the build is passing smoothly. Great work on resolving the dependency issues!
3679;negative;The latest build is failing due to an incompatible library version in the `package.json` file. #1234
4166;negative;Can't get the unit tests to run on CircleCI due to a `TypeError` in `utils.py`. Anyone else experiencing this issue? #137
4136;negative;This PR breaks the build on CircleCI due to an incompatible dependency version. Can we revisit the changes?
1424;positive;Just tested the latest build with the updated `numpy` version and it's working smoothly now. Thanks for the fix!
657;positive;Just reviewed your fix for the `NullPointerException` in `util.java`. Clean implementation and great attention to detail! Thanks for the effort!
2103;neutral;Regarding #123: I've reviewed the updated `README.md` file, but I'm unsure about the changes to the installation instructions. Could you clarify the reasoning behind these modifications?
633;positive;Great job on resolving the `NullPointerException` in the `main.py` file! This will greatly improve our app's reliability. Thanks for your efforts!
3706;negative;Failing to update `npm` version in `.ci.yml` is causing our pipeline to fail on Node 14. Can we please bump the version?
4244;negative;Failing to update `npm` version in `.travis.yml` is causing our build to fail on Linux. Can we please fix this? #issue-1234
2687;neutral;I'm experiencing intermittent failures in the build process for #123. Could we investigate the cause of this flaky test?
2922;neutral;I'm experiencing intermittent failures in the `build` step of our CI/CD pipeline on GitHub Actions. Any insights on this would be helpful.
1466;positive;Great job on resolving the `NullPointerException` in the `utils` module! Your fix has improved the overall stability of our CI/CD pipeline.
2306;neutral;I'm experiencing intermittent failures on the `build` step in our CI/CD pipeline for PR #123. Can we investigate further?
116;positive;Just reviewed #1234's PR and I'm impressed with the refactoring. The new architecture is a huge improvement over the previous implementation.
4078;negative;I'm seeing intermittent test failures in the `main` branch due to the recent `npm update`. Can we investigate further?
1495;positive;Just tested #1234 and it's working smoothly with the latest dependencies! Your fix for the Jenkins build error was spot on, thanks!
1233;positive;Great fix on #123! Your patch for the CI/CD pipeline error has significantly improved our build stability. Thanks for your diligence!
2589;neutral;I'm not sure if this is the right approach for our CI/CD pipeline, but I'd like to discuss the implications of switching to GitHub Actions from Travis CI.
1154;positive;Just tested the latest PR #1234 and it looks like all unit tests are passing! Great work on squashing that tricky bug!
3120;negative;I'm experiencing intermittent failures in our CI/CD pipeline due to the recent update of `npm` version. Can we revisit the dependency management?
58;positive;Just tested the latest build on CircleCI and it's passing all checks! Great work on resolving the `jenkins-deploy` issue!
3606;negative;I'm experiencing intermittent failures in our `CI/CD` pipeline due to the recent update of `npm` package. Can we investigate further?
4449;negative;Failing to merge #123 due to unresolved conflicts in `src/main/java/com/example/App.java`. The CI build is also failing.
1736;neutral;Regarding #1234: I've reviewed the recent changes to the CI/CD pipeline. The updated configuration seems reasonable, but I'd like to see some additional testing before deployment.
2197;neutral;I've noticed the latest changes to `package.json` aren't being picked up in our CI/CD pipeline. Can we review the deployment script?
4466;negative;I'm experiencing intermittent failures in our CI/CD pipeline due to inconsistent `npm` cache behavior. Can we investigate further?
3572;negative;I'm experiencing intermittent failures in the `test_coverage` job on my PR #123. The error message is unclear and needs more context.
3107;negative;I'm experiencing intermittent failures in the CI/CD pipeline for #1234 due to an unstable network connection. Can we add a retry mechanism?
708;positive;Great job on fixing the `npm install` issue! The updated CI/CD pipeline is now successfully building the project. Thanks!
1094;positive;Thanks for fixing the `TypeError` in the CI/CD pipeline! The new build is now successfully deploying to production. Great work!
3719;negative;I'm experiencing intermittent failures in the CI/CD pipeline for #1234 due to a timing issue with the `npm install` step. Can we revisit the build script?
1377;positive;Just tested your fix for the `fetch_data` function and it's working flawlessly in our CI/CD pipeline. Great job on resolving that bug!
73;positive;Great catch on the `NullPointerException` in the `utils` module! Your fix for #1234 is spot on and will improve our CI/CD pipeline significantly.
1923;neutral;I'm experiencing intermittent failures in the `test-api` suite on CircleCI. Can we review the environment setup to ensure consistency?
2575;neutral;I'm experiencing intermittent failures in the CI/CD pipeline for `feature/new-authentication-method`. Can we investigate further to identify the root cause?
1765;neutral;I'm seeing intermittent failures in the CI/CD pipeline for `feat: add new API endpoint` due to a potential issue with our caching mechanism.
744;positive;Great job on fixing the regex issue in #123! The updated code is now passing all tests in our CI/CD pipeline. Thanks for your efforts!
2342;neutral;I've noticed the latest build is failing on CircleCI due to an outdated version of `dependencies` in `.circleci/config.yml`. Can we update it to `1.2.3`?
1006;positive;Great job on fixing the `TypeError` in the `utils.py` file! The changes look solid and should improve overall performance.
1191;positive;Just tested your fix for #1234 and it's working flawlessly! Great job on resolving the API connection issue. Thanks for your efforts!
1126;positive;Just tested #1234's fix on the CI/CD pipeline and it successfully passes all tests! Great work @username!
1242;positive;Great fix on #1234! Your changes to the build script resolved the Docker image size issue. Thanks for the improvement!
3467;negative;Failing to update `package-lock.json` after npm install is causing issues with our CI/CD pipeline. Can we revisit the deployment script?
3595;negative;Failing to update dependencies in `package.json` is causing build errors. Can we please address this in the next release? #1234
999;positive;Just tested your fix for #123 and it's working flawlessly. Great job on squashing that pesky bug! Thanks for your efforts!
1578;neutral;I've reviewed the updated README for #1234. It looks good to me, but I'd like to see some minor formatting adjustments before merging.
4314;negative;The `latest` version of `npm` is causing issues with our CI/CD pipeline. Can we revert to a stable version for now?
1827;neutral;I'm experiencing intermittent issues with the Jenkins build on #123. The pipeline is failing randomly, but I can't reproduce the error consistently.
3380;negative;I'm experiencing intermittent failures in the CI/CD pipeline for `feature/new-login-system` due to a seemingly unrelated dependency update. Can we investigate further?
4490;negative;I'm experiencing intermittent failures in our CI/CD pipeline due to the recent update of `npm` version. Can we revert to previous version for now?
3837;negative;I'm experiencing intermittent `NullPointerException` on `UserDAO` fetch method. Can we revisit the recent refactor changes in #1234?
441;positive;Great job on resolving the `NullPointerException` in the `login` method! Your fix has greatly improved the app's stability. Thanks for your efforts!
1101;positive;Great catch on the `jenkins` config update! The latest build is now passing with the corrected script. Thanks for your diligence!
2482;neutral;I'm experiencing intermittent failures in the `ci/cd` pipeline for branch `feature/new-api`. Can we investigate the cause of these errors?
650;positive;Thanks for catching that typo in the README! Your PR #1234 has improved our docs significantly.
1547;neutral;I've reviewed the latest changes to the CI/CD pipeline (PR #123) and noticed no issues with the updated Jenkinsfile. Everything looks good to me.
2877;neutral;I'm experiencing intermittent failures in the CI/CD pipeline for branch `feature/new-login-flow` due to unclear error messages. Can we investigate further?
2586;neutral;Just wanted to confirm that the fix in #1234 has been tested with our latest Docker image without any issues.
631;positive;Great job on resolving the `NullPointerException` in the `main()` method! This fix will greatly improve our app's reliability. Thanks for your diligence!
673;positive;Great work on fixing the `NullPointerException` in the auth module! Your PR #123 is a huge improvement for our users.
1250;positive;Great job on resolving the `TypeError` in the `utils` module! The updated code is now passing all tests in our CI/CD pipeline.
483;positive;Great job on fixing the `NullPointerException` in the `utils` module! The updated code is now passing all unit tests. Thanks for your efforts!
1585;neutral;I'm experiencing intermittent failures in the `ci/cd` pipeline for branch `feature/new-login-system`. Can you help investigate?
4169;negative;Hey @author, just hit this error in the latest build: `TypeError: Cannot read property 'length' of undefined` on line 345 of `src/utils.js`. Can you take a look?
2560;neutral;I'm experiencing intermittent failures in the `build-ci` stage of our CD pipeline. Can we investigate further?
1463;positive;Just tested the latest build on #1234 and it's running smoothly! Your fix for the Jenkins plugin issue is a huge win!
3185;negative;Just hit a snag with the latest build on CircleCI. The `npm install` step is failing due to an outdated version of `yarnpkg`.
2943;neutral;On #123: I've reviewed the changes and they look good. The updated README is clear, but we should double-check the CI/CD pipeline for any issues.
50;positive;Just tested the latest PR (#123) and it looks like the fixes for #456 are in! Great work on resolving that CI/CD pipeline issue!
3608;negative;I'm seeing intermittent failures in our CI/CD pipeline for the `feature/new-login-system` branch due to a missing dependency on `npm install`.
2481;neutral;"I've reviewed the updated `README.md` in #1234. The changes look good; just want to confirm if we're okay with the minor formatting adjustments."
859;positive;Great job on fixing the `jenkins` integration in #123! The pipeline now runs smoothly. Thanks for your efforts!
1073;positive;Great fix on #123! The updated build script in the CI/CD pipeline is now correctly handling the new dependencies. Thanks for the effort!
720;positive;Thanks for squashing that pesky null pointer exception in the `fetch_data` method! Your fix is a huge improvement to the overall stability of our API.
2563;neutral;Just wanted to confirm that the `fix-circular-import` PR has been successfully deployed to staging with no issues so far.
1661;neutral;I'm experiencing intermittent issues with the `npm install` step in our CI/CD pipeline. Can we investigate further?
1657;neutral;Just wanted to confirm that the fix for #1234 has been deployed successfully in prod. No issues so far.
2935;neutral;I'm experiencing intermittent failures in the CI/CD pipeline for #123. Can we discuss possible causes and potential solutions?
3505;negative;I'm experiencing intermittent failures in our CI/CD pipeline due to the recent update of `dependency-x`. Can we investigate further?
4477;negative;I'm still seeing intermittent failures in the CI/CD pipeline for `feat/login-refactor` due to a mysterious timeout error on CircleCI. Can we investigate further?
2689;neutral;I'm reviewing the updated `README.md` file in PR #1234. The formatting looks good, but I think we should add a section for contributing guidelines.
3965;negative;The latest build on the `main` branch is still failing due to the `npm install` error. Can we revisit the dependencies?
4281;negative;I'm experiencing intermittent failures in the `build` step of #1234 due to inconsistent `npm` cache behavior. Can we investigate further?
4163;negative;I'm experiencing intermittent failures in the `build` stage of our CI/CD pipeline due to a recent update to `npm` version 8. Can we investigate further?
1386;positive;Just tested the latest build on our CI/CD pipeline and it's passing all tests! Great job @johnDoe on resolving that pesky error #1234
3108;negative;I'm experiencing intermittent failures in our CI/CD pipeline on `main` branch due to this PR #1234. Can we investigate further?
1400;positive;Great fix for the `npm install` issue on CircleCI! The updated script is working smoothly now. Thanks for your efforts!
1196;positive;Just tested #1234 and the fix for the `NullPointerException` is working beautifully! Thanks to @johnDoe for the quick patch!
1409;positive;Great job on fixing the Jenkins CI build failure! Your changes to the Dockerfile resolved the issue. Thanks for your attention to detail!
4417;negative;I'm seeing intermittent failures in our CI/CD pipeline for the `feature/new-login-system` branch due to a version conflict with `npm package:xyz`. Can we investigate?
1799;neutral;I'm experiencing intermittent failures in the CI/CD pipeline for branch `feature/new-login-system`. Can we investigate the cause of these errors?
1476;positive;Great fix on #1234! The updated `README.md` now accurately reflects the new feature. Well done!
2610;neutral;Just reviewing #123 for the Jenkins build failure. The error log suggests an incompatible Java version, but I'm not sure if that's the root cause.
36;positive;Thanks for fixing the `NullPointerException` in the `login()` method! The updated code looks great and should improve user experience significantly.
3669;negative;@author I'm experiencing intermittent failures in the CI/CD pipeline due to inconsistent package versions. Can we update our dependencies to ensure reproducibility?
2579;neutral;I'm experiencing intermittent failures in the CI/CD pipeline for #123. Can we investigate the cause of these errors?
2207;neutral;@mentions I'm reviewing the updated `README.md` for clarity. Could you ensure the installation instructions align with the new build process?
3054;negative;The latest build on the `main` branch is failing due to an unresolved conflict with the `npm` version in the `package.json`. Can we revisit this?
1287;positive;Great fix on #123! The updated CI/CD pipeline is now successfully building our project. Thanks for the quick resolution!
350;positive;Just tested the latest build on our CI/CD pipeline and it's passing all tests! Great job @johnDoe on squashing that pesky bug #1234
3569;negative;I'm experiencing intermittent failures in our CI/CD pipeline due to the recent Node.js upgrade. Can we revert to the previous version?
4228;negative;@author I'm experiencing intermittent failures in our CI/CD pipeline for #1234. The build fails on Jenkins but passes locally. Can we investigate?
1682;neutral;I'm experiencing intermittent issues with the CI/CD pipeline for #1234. The build fails on Jenkins, but passes locally. Any ideas?
1444;positive;Just tested the latest build on our CI/CD pipeline and it's passing all tests! Great work on squashing that pesky #23 bug!
2635;neutral;I've reviewed the latest changes in #1234. The updated build script seems to be working correctly with our current dependencies.
1672;neutral;Noticed that the `build` step in `.github/workflows/main.yml` is failing intermittently due to a missing `node_modules` directory. Investigating further.
2847;neutral;I'm experiencing intermittent failures in the `test-integration` suite on CircleCI. Can we investigate further to determine the root cause?
1180;positive;Great catch on the `npm` version mismatch! Your fix in #1234 resolved the build issues for me. Thanks for the update!
3875;negative;I'm experiencing intermittent failures in the CI/CD pipeline for #1234 due to an inconsistent build environment. Can we investigate further?
3898;negative;I'm experiencing intermittent failures in the `build` stage of our CI/CD pipeline due to a faulty dependency on `npm@latest`. Fails 1/5 times.
3931;negative;Frustrated with the ongoing `CI/CD` failures on `main`. The `latest build` still shows a failing test in `functional_tests.py`.
1917;neutral;I've reviewed the latest build logs for #1234 and noticed a minor discrepancy in the deployment metrics. Worth investigating further.
1358;positive;Just tested your latest fix for the `jenkins` build issue #1234 and it's working as expected! Thanks for getting that sorted out!
1826;neutral;Can we revisit the `package-lock.json` update in #123? I'm experiencing inconsistent build results with the latest npm version.
787;positive;Thanks for fixing the `NullPointerException` in the CI/CD pipeline! This should improve our deployment reliability significantly now.
470;positive;Thanks for fixing the Docker build error in #123! The updated `Dockerfile` is now successfully building our image on CircleCI.
141;positive;Great catch on the `npm` version mismatch! Your fix in #1234 resolved the build issue for me. Thanks for your diligence!
789;positive;Great catch on the `NullPointerException` in `utils.js`, @johnDoe! Your fix looks solid. Can we merge this into master now?
324;positive;Great fix on #123! The updated CI/CD pipeline is now successfully deploying the latest build. Thanks for your attention to this!
3336;negative;I'm experiencing intermittent failures in the CI/CD pipeline for #1234 due to inconsistent test results. Can we revisit the mocking strategy?
715;positive;Great job on resolving the `TypeError` in the `ci/cd` pipeline! Your fix worked perfectly for me too.
3984;negative;I'm experiencing intermittent failures in the `ci/cd` pipeline due to outdated dependencies. Can we bump `npm` to latest version?
4336;negative;I'm experiencing intermittent failures in the CI/CD pipeline due to inconsistent `npm` cache behavior. Can we revisit the build script?
3861;negative;I'm experiencing intermittent failures in the CI/CD pipeline for `feature/new-login-system` due to a faulty dependency on `npm install @latest`. Can we investigate?
4141;negative;I'm experiencing intermittent failures in our CI/CD pipeline due to the recent update of `npm` version. Can we revert to 6.x until this is resolved?
2448;neutral;I'm reviewing the updated `build.gradle` file in PR #123. The changes look good, but I'd like to see more context around the new dependency versioning strategy.
407;positive;Great catch on the `npm` version inconsistency! Your PR has really streamlined our CI/CD pipeline for #123. Thanks for the thorough testing!
3350;negative;Just hit this error again in the latest build: `TypeError: Cannot read property 'length' of undefined` on line 345 of `src/utils.js`. This is frustrating.
1005;positive;Great fix on the `npm install` issue! Your changes to `package.json` have resolved the error for me. Thanks!
891;positive;Just tested the latest build on CircleCI and it's passing all tests. Great work on squashing that pesky bug in `utils.js`!
4400;negative;@maintainer I'm seeing intermittent failures in the `main` branch's CI/CD pipeline due to a failing test in `utils.py`. Can we investigate?
3193;negative;I'm experiencing intermittent build failures on #1234 due to inconsistent package versions. Can we revisit the `node_modules` management in our CI/CD pipeline?
4309;negative;The recent `main` branch merge broke the CI/CD pipeline for our latest release. Can we revert to a stable commit?
2690;neutral;I'm experiencing intermittent failures in the `build` step of our CI/CD pipeline on Ubuntu 20.04. Can we review the logs for #1234?
304;positive;Great fix on #123! Your PR improved the build process significantly. The new CI/CD pipeline is more reliable now.
4027;negative;I'm seeing intermittent failures in our CI/CD pipeline for the `feature/new-api` branch due to a failing test on Windows. Can we investigate?
3780;negative;I'm seeing intermittent failures in our `main` branch's CI build due to the recent `npm` update. Can we investigate further?
665;positive;Just tested #123 and the fix works beautifully! Thanks for your persistence on this one @johnDoe. CI pipeline is now green!
1178;positive;Great fix for the `NullPointerException` in `utils.js`, thanks for catching that! Your changes look solid, ready to merge!
1948;neutral;@author I've reviewed the latest changes in PR #123. The updated build script seems to be working as expected without any issues.
3727;negative;Can we revisit the recent `npm install` fix for #123? Still experiencing intermittent failures in our CI/CD pipeline due to a corrupted node_modules directory.
4470;negative;I'm experiencing intermittent failures in our CI/CD pipeline due to the recent update of `npm` version 8.1.0 causing issues with `yarn` dependencies.
2133;neutral;I've reviewed the updated `README.md` in PR #123. Looks good to me, but I'd like to discuss the new formatting with @author before merging.
3639;negative;Just encountered a crash on macOS with the latest build. Still seeing this issue after #1234's changes. Can we revisit the stacktrace?
962;positive;Thanks for addressing the `NullPointerException` in the API client! Your fix is spot on and should improve stability across all environments.
2010;neutral;I'm experiencing intermittent failures in the `build` step of our CI/CD pipeline. Can we investigate further to identify the root cause?
2150;neutral;I think we should consider re-running the CI/CD pipeline for this PR (#1234) to ensure the latest changes don't introduce any regressions.
2699;neutral;I'm experiencing intermittent failures in the CI/CD pipeline for branch `feature/new-authentication-method`. Can we review the test suite configuration?
2339;neutral;I've reviewed the PR #1234 and noticed that it doesn't include updated documentation for the new feature. Can we add this to the changes?
3366;negative;I'm experiencing intermittent failures in the CI/CD pipeline for #1234 due to a flaky network connection. Can we add retry logic?
305;positive;Great fix on #123! Your changes to the CI/CD pipeline have improved our build times significantly. Thanks for your efforts!
1441;positive;Great fix on the `npm install` issue! The updated script is now successfully running our CI/CD pipeline.
1497;positive;Great job on fixing the `NullPointerException` in the `main()` method! Your changes to the CI/CD pipeline also improved build reliability significantly.
917;positive;Great catch on the `docker-compose` config file! This should resolve the build failure in #123. Thanks for your diligence!
3596;negative;I'm seeing intermittent failures in our CI/CD pipeline for the `v1.2` release due to a mismatched version of `dependency-X`, causing build errors.
3018;negative;Can't reproduce the `TypeError` on my end. This is happening in the CI/CD pipeline for branch `dev-123`. Need help debugging.
1625;neutral;I'm reviewing the latest changes to the build script. The updated `npm` version seems to be working as expected.
3110;negative;I'm seeing intermittent failures in the CI/CD pipeline for `feature/new-login-system` due to a stale dependency on `bcrypt@3.0.0`, can we update it?
822;positive;Great catch on the CI/CD pipeline issue! Your fix for the `npm` install error has our automated testing up and running smoothly again.
3104;negative;Failing to update `npm` version in `.gitlab-ci.yml` is causing our pipeline to fail. Can we please bump it to the latest?
1355;positive;Just tested the latest build on CircleCI and it's passing all tests! Great work on resolving that pesky `NullPointerException` in the login feature.
4430;negative;I'm experiencing issues with the latest build on CircleCI. The test suite is failing due to a missing dependency in `package.json`. Can we investigate?
4053;negative;PR #123 still failing due to `npm install` error on CircleCI. Can we investigate the Docker image build process?
1001;positive;Great fix on #123! Your changes to the CI/CD pipeline have improved our build times significantly. Thanks for your attention to detail!
19;positive;Just tested the latest build on our CI/CD pipeline and it looks like the `dependency:latest` update resolved the UI rendering issue #1234, thanks for the fix!
1638;neutral;Regarding #1234, I've verified the test results on my local env. The build passes with the updated dependencies.
1668;neutral;Regarding #1234, I've noticed that the latest changes are causing intermittent failures in our CI/CD pipeline. Would appreciate further investigation.
494;positive;Great fix on #123! The updated code is now properly handling edge cases in the `validateInput` function. Thanks for your attention to detail!
3632;negative;Can we revisit the recent `npm install` failure in #123? Still seeing intermittent errors with a clean cache.
3023;negative;I'm experiencing intermittent failures in our CI/CD pipeline due to an inconsistent `npm` cache. Can we investigate the root cause of this issue?
688;positive;Great job on fixing the `npm install` issue in #123! Your changes to `package.json` have resolved the conflict.
3025;negative;The latest build on `main` is failing due to an unresolved `NullPointerException` in the `login` method. Can we investigate?
1609;neutral;I've reviewed the latest PR (#123) for the CI/CD pipeline updates. The changes look good, but I'd like to see more details on the deployment script.
3310;negative;I'm seeing intermittent failures in our CI/CD pipeline for `main` branch due to a stale cache issue with `npm install`. Can we investigate?
3064;negative;I'm experiencing intermittent failures in the `build` step of our CI/CD pipeline on GitHub Actions. Can we investigate this further?
1010;positive;Just tested the latest `v1.2` release and it's working flawlessly! The CI/CD pipeline is also passing smoothly.
2409;neutral;I'm reviewing the updated `README.md` in #1234. The changes look good, but I'd like to discuss the addition of a dependencies section.
1093;positive;Just reviewed #1234's PR and it looks great! Your changes to the CI/CD pipeline have improved our build times significantly. Thanks for your efforts!
1328;positive;Great fix on the `ci/cd` pipeline! The automated tests are now passing consistently. Thanks for your patience and persistence!
1678;neutral;I'm experiencing intermittent failures in the CI/CD pipeline for `feature/new-login-system` due to a potential timeout issue with Docker container startup. Can we investigate further?
2000;neutral;I'm experiencing intermittent failures in the `test_coverage` step of our CI/CD pipeline on PR #123. Any ideas what might be causing this?
1311;positive;Great job on resolving the `NullPointerException` in the `main()` method! Your fix is clean and efficient. Good work!
1988;neutral;I'm reviewing the updated `README.md` in #123. The changes look good, but I'd like to discuss the impact on our CI/CD pipeline before merging.
3472;negative;Just hit this error in our CI/CD pipeline: `Error: unable to connect to MongoDB instance`. Anyone else seeing this?
345;positive;Great catch on the `npm install` issue! Your fix for #1234 has been merged into master and is now running smoothly in our CI/CD pipeline.
4437;negative;I'm experiencing intermittent failures in our CI/CD pipeline due to inconsistent Docker image builds. Can we investigate the `docker-compose.yml` file?
987;positive;Great catch on the `npm` version mismatch in the CI/CD pipeline! Your fix for #1234 should resolve the build issues.
3122;negative;The latest build on `main` is failing due to a missing transitive dependency. Can we add `org.springframework.boot:spring-boot-starter-web` to the dependencies?
3656;negative;I'm experiencing intermittent failures in the CI/CD pipeline due to inconsistent resource allocation on CircleCI. Can we revisit the config?
3240;negative;I'm experiencing intermittent failures in our Jenkins pipeline due to the `mysql` dependency version conflict. Can we revisit the Dockerfile config?
2510;neutral;I'm experiencing intermittent failures in the CI/CD pipeline for branch `feature/new-login-system`. Could you take a look at the recent builds?
1143;positive;Great job on resolving the #1234 CI/CD pipeline issue! Your fix has significantly improved our build times. Thanks for your diligence!
2359;neutral;I've reviewed the updated `README.md` in PR #1234. The changes look good, but I'd like to see a brief explanation for the new dependency on `npm@latest`.
1199;positive;Great job on squashing that pesky `NullPointerException` in the `main()` method! Your fix for #123 is a huge improvement to our CI/CD pipeline stability.
86;positive;Great catch on the `TypeError` in `utils.py`, @johnDoe! Your fix for #1234 is spot on. CI now passes smoothly.
1519;neutral;I'm experiencing intermittent failures in the CI/CD pipeline for #123. Can we investigate the cause of these errors and implement a retry mechanism?
3402;negative;I'm experiencing intermittent failures in our CI/CD pipeline due to the latest `npm` update. Can we revisit the package version?
1382;positive;Great catch on the `npm` version mismatch in #123! Your fix in PR #456 has been successfully tested and merged. Thanks for your diligence!
2504;neutral;Regarding #1234, I noticed the test suite is still failing on CircleCI. Could we revisit the `npm` version in `.circleci/config.yml`?
1015;positive;Just tested #12 and the fix in PR #23 resolved the issue. Great job @johnDoe on tracking down that tricky bug!
129;positive;Just tested #1234's fix for the regex bug and it works seamlessly! Great job @johnDoe on squashing that pesky issue!
1365;positive;Great fix for the `npm install` issue! Your changes to `package.json` worked perfectly in my local dev env. Thanks!
2945;neutral;I'm experiencing intermittent failures on the `main` branch's CI build due to an unknown cause. Can we review the logs?
2537;neutral;Regarding #1234, I've verified the fix in our local dev environment. The changes look good to me, but let's review the CI/CD pipeline for any potential issues.
892;positive;Great catch on the `docker-compose` config error! Your fix in #1234 has got our CI/CD pipeline up and running smoothly again.
3482;negative;I'm experiencing intermittent failures in the CI/CD pipeline for #1234 due to a version conflict between `dependency-X` and `dependency-Y`. Can we investigate?
1360;positive;Just tested the latest changes on #1234 and it's working smoothly! Thanks for addressing that pesky regex bug in our CI/CD pipeline, @username.
308;positive;Great catch on the `@latest` version upgrade in #123! Your fix for the downstream dependencies is spot on and will save us from future headaches.
1662;neutral;I'm reviewing the latest PR #1234 for the new feature. The test suite passes on my machine, but I'd like to see additional logging for error handling.
2432;neutral;I'm experiencing intermittent issues with the `npm install` step in the `ci/cd` pipeline on Linux. Can we investigate further?
3188;negative;The `npm install` on the new CI/CD pipeline is still failing due to an incompatibility with our project's dependencies. Can we revisit this?
1318;positive;Just tested the latest build on our CI/CD pipeline and it looks like the recent changes have resolved the memory leak issue! Great work team!
3816;negative;Just hit a regression with the latest update. Our CI/CD pipeline is failing due to an incompatible dependency version in `package.json`. #1234
4041;negative;"PR #123's build fails due to outdated `dependency-a` version; should be updated to v2.1 as per the changelog."
1209;positive;Great catch on the `vulnerability` fix in #123! Your PR has significantly improved our project's security posture. Well done!
4316;negative;The recent changes to the `npm` install script are causing intermittent build failures in our CI/CD pipeline. Can we revert those changes for now?
3615;negative;I'm experiencing intermittent failures in the `ci/cd` pipeline due to inconsistent package versions of `lodash`. Can we pin a specific version?
4269;negative;Still seeing intermittent failures on `CI/CD` pipeline for branch `feature/new-login-system`. Need to investigate further before merging #1234
1240;positive;Just tested #1234 with the latest changes and it's working smoothly! Great job on resolving that pesky bug, thanks for your dedication!
2290;neutral;Noticed that the latest build on `main` branch fails due to missing dependencies. Can we review the updated `package.json` file?
276;positive;Great job on fixing the `npm install` issue in #123! The updated workflow is now successfully deploying to staging environment.
490;positive;Great job on resolving the `NullPointerException` in the `main()` method! Your fix is clean and efficient. Thanks for your efforts!
3907;negative;The latest build on `main` branch still fails due to the unresolvable conflict with `react@17.0.2`. This is causing a significant delay in our CI/CD pipeline.
1230;positive;Great job on resolving the `NullPointerException` in the `login` endpoint! Your fix has improved our API's reliability significantly. Thanks!
4094;negative;I'm seeing intermittent failures in our CI/CD pipeline for `main` branch due to an unresolvable error with `package-lock.json`. Can we investigate?
3287;negative;I'm experiencing intermittent failures in the CI/CD pipeline for #123 due to an inconsistent `npm install` output. Can we investigate this further?
3775;negative;I'm experiencing issues with the latest build on CircleCI. The deployment to staging is failing due to a missing `package.json` file.
3429;negative;I'm experiencing intermittent build failures on `main` due to the recent `kotlin-gradle` version update. Can we investigate and revert if necessary?
1059;positive;Great catch on the `npm` version mismatch! Your fix in #1234 is spot-on. CI/CD now passes with flying colors.
2167;neutral;I'm experiencing issues with the latest `package.json` update in PR #1234. The build fails on CircleCI due to an unresolved dependency conflict.
282;positive;Great fix for the CI/CD pipeline failure! Your changes to `package.json` resolved the issue. Thanks for your attention to detail!
2900;neutral;I'm reviewing the updated `README.md` in PR #1234. The changes look clean, but I'd like to see some additional context for the new feature.
1317;positive;Just tested #1234 and the fix for the infinite loop issue is working beautifully! Thanks for the quick turnaround on this!
969;positive;Just tested the latest build on the CI/CD pipeline and it's passing all tests! Great work on squashing that pesky bug #1234, @johnDoe!
3202;negative;I'm experiencing intermittent failures in our CI/CD pipeline for the `v1.2` release due to a flaky test in `tests/integration.py`. Can we investigate?
4224;negative;Commenting on #123: The `npm install` in the CI/CD pipeline still fails with the same error message after your last fix. Can we revisit this?
4424;negative;I'm experiencing intermittent failures in the CI/CD pipeline due to inconsistent Docker image builds. Can we revisit the `docker-compose` config?
2861;neutral;I'm reviewing the PR #1234. The tests seem to pass on my local machine but I'd like to see more coverage for edge cases.
620;positive;Great catch on the `pip` install issue! Your fix for #123 worked seamlessly in our CI/CD pipeline. Well done!
4390;negative;I'm experiencing issues with the latest build on CircleCI due to an outdated `node-sass` version causing a fatal error in our `styles.scss` file.
1743;neutral;I'm experiencing intermittent failures in the CI/CD pipeline for #1234. The test suite passes locally but fails on the server-side. Any ideas?
4051;negative;I'm experiencing intermittent failures in the CI/CD pipeline for `main` branch due to inconsistent test results. Can we investigate further?
3280;negative;Failing to update `@latest` version of `npm` in the `package.json` is causing build failures on CircleCI. Can we please fix this?
1848;neutral;I'm experiencing intermittent failures in the CI/CD pipeline for PR #1234. Could you investigate the build logs to identify the cause?
1580;neutral;I'm experiencing intermittent failures in the CI/CD pipeline for #1234. Can we investigate further to determine the root cause of these issues?
1656;neutral;I'm experiencing intermittent failures in the CI/CD pipeline for #1234. Can we investigate the cause of these errors and add some logging to help diagnose?
2353;neutral;I'm reviewing the updated `README.md` in #123. The formatting looks good but I'd like to discuss the addition of a dependencies section.
2213;neutral;Noticed that `npm install` fails on Windows due to missing dependencies in `package.json`. Can we add a script to handle this?
2021;neutral;I'm experiencing intermittent failures in the `ci/pipeline` for #1234. Can someone review the recent changes to `node_modules`?
1957;neutral;I've reviewed the updated `README.md` in #123. The formatting looks good, but I'd like to discuss the new section on API endpoints.
1308;positive;Great job on squashing that pesky null pointer exception in the `utils` module! Your fix has greatly improved our CI/CD pipeline stability.
2004;neutral;I'm reviewing the updated `README.md` in #123. The formatting looks good, but I'd like to see some minor adjustments to improve readability.
576;positive;Just tested your latest PR (#123) and it's working beautifully with our CI/CD pipeline. Great job on the refactoring!
3313;negative;I'm experiencing intermittent failures in the `build` step of our CI/CD pipeline due to a corrupted Maven repository. Any ideas on how to troubleshoot this?
1707;neutral;I'm reviewing the recent changes to the `build.gradle` file in #123. Can someone clarify why we're switching from Maven to Gradle for this project?
3034;negative;I'm experiencing intermittent failures in the `build` stage of our CI/CD pipeline due to inconsistent Docker image caching. Can we investigate?
2820;neutral;Hi @maintainer, I'm experiencing intermittent issues with the build pipeline on CircleCI. Can you help me troubleshoot the cause of these failures?
3663;negative;This latest update breaks our CI/CD pipeline on CircleCI. Still seeing `Error: Cannot read property 'length' of undefined` on the build step.
862;positive;Great job on resolving the `NullPointerException` in the `utils` module! This fix will greatly improve our app's stability. Thanks for your efforts!
1802;neutral;Just reviewing the latest changes to the build script. The updated dependencies seem to be working correctly in my local environment.
1629;neutral;I'm experiencing intermittent failures in our CI/CD pipeline on `main` branch due to unclear error messages. Can we investigate further?
1994;neutral;I'm reviewing the updated `README.md` in #123. The new formatting looks good, but I'd like to discuss the addition of a 'contributors' section before merging.
270;positive;Just tested the latest fix for #1234 and it's working perfectly! Great job on squashing that pesky bug!
630;positive;Just tested the latest commit on CircleCI and it's working as expected! Thanks for squashing that pesky bug in #1234.
2335;neutral;I'm experiencing an intermittent error with the deployment to staging using CircleCI. Can we investigate the build logs for #123?
301;positive;Great job on resolving the `NullPointerException` in the `main()` method! Your fix has improved the app's stability significantly.
460;positive;Great catch on the CI/CD pipeline fix! Your changes have significantly improved our deployment reliability. Thanks for your diligence!
1448;positive;Great catch on the `npm` version mismatch! Your fix in #1234 resolved the CI/CD pipeline failure for our nightly builds.
1473;positive;Great job on resolving the `NullPointerException` in the `main()` method! Your fix is clean and efficient. Thanks for the quick turnaround!
2047;neutral;Regarding #1234, I noticed the CI/CD pipeline is failing due to a missing `node_modules` directory in the Docker image. Can we add a script to install dependencies during build?
3504;negative;Frustrated with the recent `docker-compose up` failures due to unmet dependencies in our CI/CD pipeline on #123. Can we investigate this further?
4105;negative;I'm experiencing intermittent failures in our CI/CD pipeline due to the `kubernetes-client` library version mismatch. Can we revisit the dependency management?
2114;neutral;Can we revisit the `ci/cd` pipeline for this PR (`#123`) to ensure the new build process is properly configured?
3650;negative;I'm experiencing issues with the CI/CD pipeline failing on `main` due to an unexpected error in the deployment script. Can we investigate?
3112;negative;I'm experiencing intermittent failures in the `build` stage of our CI/CD pipeline due to a version conflict with `npm`.
838;positive;Great fix on #1234! Your changes to the CI/CD pipeline have significantly improved build times. Well done!
3102;negative;I'm experiencing issues with the latest build on `main` due to an incompatible version of `numpy`, causing a `TypeError`. Can we revisit the package versions?
2009;neutral;Noticed that the `latest` tag in our Dockerfile is not being updated correctly. Can we review the CI/CD pipeline for this?
4418;negative;@author I'm experiencing intermittent crashes with the latest build on CircleCI due to this PR #1234. Can we revisit the dependency updates?
504;positive;Thanks for fixing the `TypeError` in the build process! The CI/CD pipeline is now successfully deploying to prod.
2601;neutral;I'm running into issues with the latest build on CircleCI. The test suite is passing locally but failing in the cloud environment.
4253;negative;This build is failing due to the recent update in `npm` causing an incompatible version of `typescript`. Can we revert to previous version?
381;positive;Great job on fixing the Jenkins pipeline issue! The new build process is much more efficient now. Thanks for your hard work!
3607;negative;I'm experiencing intermittent failures in the CI/CD pipeline for #1234 due to a faulty dependency on `npm install`.
1526;neutral;I'm experiencing intermittent failures in the CI/CD pipeline for branch `feature/new-login-flow`. Can we investigate the test suite's stability?
3484;negative;I'm experiencing intermittent failures in our CI/CD pipeline for #1234 due to the recent update of `npm` version. Need help troubleshooting this issue.
3457;negative;I'm experiencing intermittent failures in the CI/CD pipeline for #1234 due to an unresolvable `npm` install error on Ubuntu 20.04.
2341;neutral;I'm reviewing the latest changes in #123. The code looks clean but I'm concerned about potential conflicts with our existing CI/CD pipeline.
375;positive;Great job on resolving the `NullPointerException` in `utils.js`! Your fix has improved the overall stability of our pipeline. Thanks for your diligence!
2647;neutral;I've reviewed the updated `README.md` in #123. The changes look good, but I'm waiting on feedback from @john before merging.
2382;neutral;I'm experiencing intermittent failures in the `ci/cd` pipeline for PR #123. Can we investigate the cause of this instability?
4311;negative;Issue with latest build: `npm install` fails due to incompatible version of `express` in `package-lock.json`. Can we revert to previous version?
940;positive;Just tested the latest changes in #1234 and it looks like the CI/CD pipeline is passing smoothly! Great work on resolving that build error!
3278;negative;I'm seeing intermittent failures in our CI/CD pipeline for `feature/new-api` due to a missing `curl` dependency. Can we review the build logs?
3417;negative;Can't reproduce the `TypeError` in #1234. The test suite passes with `pytest 6.2.5`, but fails with `6.1.2`. Investigating further.
2148;neutral;Regarding #123: I'm experiencing intermittent failures in the CI/CD pipeline for the `v2` branch. Can we investigate the cause of this flakiness?
3818;negative;I'm experiencing a crash on Windows with the latest build. Can we investigate why `libglfw3` is causing this?
2069;neutral;I'm experiencing intermittent failures in the `CI/CD` pipeline for #1234. The builds pass on my local machine but not on GitHub Actions.
530;positive;Great catch on the `npm` version mismatch in #123! Your fix for the CI/CD pipeline is spot on. Well done!
3106;negative;This CI/CD pipeline failure is frustrating. The `npm install` step consistently times out on my machine with error code 429.
637;positive;Great job on resolving the `NullPointerException` in the `utils` module! Your fix should improve performance for users with large datasets.
1270;positive;Nice catch on the null pointer exception in `utils.py`, @username! Your fix for #1234 is spot on, thanks for keeping our CI/CD pipeline green!
186;positive;Just tested #23's fix in our CI/CD pipeline and it looks great! The integration tests are passing as expected. Thanks for the patch!
3096;negative;Failing to update `package-lock.json` after npm install is causing inconsistent build results in my CI/CD pipeline. Can we revisit this?
2581;neutral;Regarding #123: I've reviewed the updated `README.md` file in PR 456. The changes look good, but could we discuss the impact on our CI/CD pipeline?
2805;neutral;I'm experiencing intermittent failures in the CI/CD pipeline for #1234. The tests pass locally but fail on the remote runner. Any ideas why this is happening?
1798;neutral;I'm seeing inconsistent results with the latest build on CircleCI. Can we review the updated config to ensure it's correct?
1442;positive;Great fix on #123, resolves the intermittent deployment issues with our CI/CD pipeline! Your attention to detail is much appreciated.
2782;neutral;I've reviewed the changes in #1234. The updated dependencies seem to be correctly installed, but I'd like to see some additional testing before merging.
1536;neutral;Just wanted to confirm that the latest build on `main` branch is passing all tests. No issues reported from the CI/CD pipeline.
1274;positive;Just tested #42's fix for the UI crash and it works beautifully! Well done @johnDoe on squashing that nasty bug!
4242;negative;The latest build is failing due to an incompatible version of `log4j` in the `pom.xml`. Can we revert to 1.2.17?
608;positive;Great fix for the `NullPointerException` in `utils.js`, thanks for reviewing and merging #123! Your attention to detail really helps us ship stable releases.
1713;neutral;I'm experiencing intermittent issues with the `npm install` step in our CI/CD pipeline. Can we investigate further?
2200;neutral;@johnpaul I've reviewed the latest changes to `package.json` in #123. The updated dependencies should be compatible with our CI/CD pipeline.
956;positive;Great catch on the `npm` version mismatch! Your fix in #1234 is spot on and should resolve the build issues.
3187;negative;I'm seeing intermittent failures in our nightly build due to the recent `npm` update. Can we revert to a stable version?
2743;neutral;I've noticed the `latest` version of `aws-sdk` is being used in the `dev` environment. Should we consider pinning it to a specific version for consistency?
404;positive;Just tested the latest build on our CI/CD pipeline and it's passing all tests! Great work on resolving that tricky bug #1234!
2072;neutral;I'm experiencing intermittent failures in the `ci/test` pipeline on branch #1234. Can we review the build logs to identify the cause?
4284;negative;Just hit a roadblock with the latest build. The CircleCI pipeline is failing due to an incompatible version of `log4j`.
1978;neutral;I'm experiencing intermittent failures in the CI/CD pipeline for branch #1234. Can we investigate further to identify the root cause?
159;positive;Great job on squashing that pesky `NullPointerException` in the CI/CD pipeline! Your fix has greatly improved our build stability.
1749;neutral;I'm experiencing intermittent failures in the `build` step of our CI/CD pipeline on branch `feature/new-feature`. Any insights are appreciated.
3867;negative;I'm experiencing intermittent failures in the CircleCI build for #123. The `npm install` step consistently fails with a 'connection timeout' error.
903;positive;Great job on the fix for #123! Your changes to the build script have significantly improved our CI/CD pipeline's reliability.
353;positive;Great job on fixing the `NullPointerException` in the `dataProcessor` function! Your test cases are thorough and really helped identify this issue.
1231;positive;Thanks for catching that regression in the CI/CD pipeline! Your fix to update Docker images has been a game-changer for our deployment process.
4209;negative;I'm experiencing intermittent failures in the CircleCI build for #123 due to an unresolvable `npm install` error. Can we investigate?
2141;neutral;I'm experiencing intermittent failures in the CI/CD pipeline for branch `feature/new-api` due to unclear error messages from the `dependencies` step.
445;positive;Great fix on #123! Your changes to the build script have improved our CI/CD pipeline significantly. Thanks for your attention to detail!
4452;negative;Failing to update `@types/node` breaks our CI/CD pipeline. Can we please bump the version in package.json? #1234
755;positive;Just tested #1234 with the latest changes and it's working smoothly! Great job on squashing that tricky bug in the CI/CD pipeline!
1738;neutral;I'm experiencing intermittent errors with the `fetch_data` function in PR #123. Can we add some error handling to mitigate this issue?
4482;negative;I'm experiencing intermittent failures in the `build` stage of our Jenkins pipeline. Can we investigate the cause of this flaky test?
312;positive;Just reviewed the updated CI/CD pipeline for #1234 and I'm impressed with the improvements! The automated tests are running smoothly now.
549;positive;Just tested the latest build on our CI/CD pipeline and it's passing all tests! Great work on resolving that pesky `NullPointerException`!
3304;negative;Issue with latest release: `pip install` fails due to missing `numpy` requirement in setup.py. Causing build failures on CircleCI.
4362;negative;The latest build on the `main` branch is still failing due to this dependency conflict. Can we revisit #123 and update the version?
307;positive;Great catch on the CI/CD pipeline fix! Your changes to `build.gradle` resolved the deployment issues for our latest release. Thanks!
2336;neutral;Regarding #1234, I've reviewed the changes in PR 5678. The updated build script seems to be working as expected on my local machine.
695;positive;Great catch on the `npm` version mismatch in #123! Your fix for the CI/CD pipeline is spot on, thanks for keeping our build stable!
2357;neutral;I've reviewed the PR #1234 and noticed that the updated dependencies haven't been reflected in the CI/CD pipeline. Could we take a look?
1928;neutral;I'm reviewing #123. The test coverage for the new feature still seems low. Can we revisit the testing strategy?
3804;negative;I'm experiencing issues with the latest build on CircleCI. The `npm install` step is failing due to a version conflict in `package.json`. Can we revisit the dependencies?
750;positive;Just tested the latest build on Jenkins and it looks like the CI/CD pipeline is working smoothly again! Great job team!
3594;negative;I'm experiencing intermittent failures in the CI/CD pipeline for #123 due to a faulty `npm` cache. Can we investigate further?
1267;positive;Great job on fixing the `NullPointerException` in the login feature! Your changes passed all tests successfully. Thanks for the quick fix!
2995;neutral;I've verified the issue with the latest `v1.2` build, but I couldn't reproduce it. Could you provide more context about your environment?
2868;neutral;I'm reviewing the updated `README.md` in #123. The changes look good, but I'd like to discuss the addition of the new contributor section.
3228;negative;I'm experiencing intermittent build failures in the `main` branch due to an uncaught exception in the `utils.py` module. Can we investigate?
971;positive;Great catch on the `npm` version mismatch! Your fix for #123 resolved the build failure in our CI/CD pipeline. Thanks for your diligence!
14;positive;Great job on fixing the `NullPointerException` in the `fetchData()` method! This should greatly improve our app's stability. Thanks for your efforts!
874;positive;Just reviewed your PR #1234 and I'm impressed with the refactored code. The CI/CD pipeline is now passing smoothly. Well done!
809;positive;Great job on squashing that pesky `NullPointerException` in the `main()` method! Your fix is a huge improvement for our CI/CD pipeline stability.
515;positive;Just tested the latest PR #123 and it's working beautifully! Great job on resolving the Travis build issues, thanks for your efforts!
3958;negative;I'm experiencing intermittent failures in our CI/CD pipeline for the `main` branch due to a faulty `npm install` step. Can we investigate?
410;positive;Great fix on #123! Your changes to the CI/CD pipeline have significantly improved build stability. Thanks for your diligence!
2765;neutral;I'm experiencing intermittent failures in our CI/CD pipeline for the `feature/new-login-system` branch. Can we investigate further?
3713;negative;Just encountered a regression in our latest feature branch. The unit tests for `login` endpoint are failing due to an incorrect API response.
208;positive;Great job on resolving the `TypeError` in the `utils.py` file! Your fix for the CI/CD pipeline is spot on.
4037;negative;I'm experiencing intermittent failures on the `main` branch due to this PR #1234. The tests are failing randomly, causing our CI/CD pipeline to stall.
459;positive;Great fix on #123, really appreciate the thorough testing and documentation. This will make our CI/CD pipeline much more reliable.
2821;neutral;Just wanted to confirm that the fix for #1234 has been successfully deployed to staging via our CI/CD pipeline. No issues reported so far.
2431;neutral;I'm experiencing intermittent issues with the CI/CD pipeline on PR #123. The build fails occasionally due to a missing dependency in the Dockerfile.
2972;neutral;Regarding #123: I've verified the test coverage for the latest changes. The code looks good to me, but a review of the CI/CD pipeline would be beneficial.
3600;negative;The recent `v1.2` release broke our CI/CD pipeline due to the incompatible `npm` version upgrade. Can we revert this change?
3037;negative;I'm experiencing intermittent failures in the CI/CD pipeline due to a version conflict with `dependency-xyz` in branch #123. Can we investigate further?
3275;negative;I'm experiencing intermittent build failures on `main` due to inconsistent `npm install` results. Can we revisit our package-lock.json strategy?
1884;neutral;I've reviewed the updated `README.md` in #123. The changes look good, but I'd like to discuss the implications on our CI/CD pipeline.
1714;neutral;I'm experiencing intermittent issues with the CI/CD pipeline on `main` branch. Sometimes it fails to deploy due to a missing `docker-compose.yml` file.
4392;negative;Failing to merge #123 due to outdated Docker image in `Dockerfile` causing `npm install` to fail on our CI/CD pipeline.
2758;neutral;I'm experiencing intermittent issues with the CircleCI build on PR #1234. Can we investigate further to ensure consistent deployment?
553;positive;Just successfully deployed the updated API with the latest Docker image. Thanks for the fix in #1234! Everything looks good on our end.
1440;positive;Great fix on the CI/CD pipeline! The `npm install` step now consistently completes within 2 minutes. Thanks for optimizing the build process!
2271;neutral;I'm experiencing intermittent failures in our CI/CD pipeline for the `feature/new-login-flow` branch due to unclear error messages. Could we revisit the test suite?
4306;negative;I'm experiencing intermittent failures in the CI/CD pipeline for #1234 due to an uncaught exception in the `utils` module. Can we investigate further?
1926;neutral;I'm experiencing intermittent failures in the CI/CD pipeline for #1234. Can we investigate the cause of this flakiness?
635;positive;Thanks for squashing that pesky `TypeError` in the `utils.py` file! Your fix has greatly improved the stability of our CI/CD pipeline.
4328;negative;Just hit a `TypeError` in the `calculate_mean()` function. Can we revisit this method's input validation to prevent similar issues?
317;positive;Great job on fixing the `NullPointerException` in the `main.py` file! The changes look solid and should improve overall app stability.
3490;negative;Issue #1234's fix broke our CI/CD pipeline. The `npm install` step now fails with a cryptic error message: `ENOTFOUND registry.npmjs.org`. Can we revert the changes?
4236;negative;@author I'm experiencing intermittent failures in the CI/CD pipeline due to an inconsistent `npm` cache. Can we investigate this further?
1329;positive;Great work on resolving the `jenkins` integration issue! The updated CI/CD pipeline is now successfully deploying to staging. Thanks for your efforts!
428;positive;Just tested #1234's fix on our CI/CD pipeline and it looks like the build is now passing smoothly. Great job on squashing that nasty bug!
4131;negative;I'm experiencing intermittent failures in our CI/CD pipeline due to the latest `dependency-a` update causing conflicts with `dependency-b`. Can we investigate?
106;positive;Great catch on the `NullPointerException` in the latest build! Your fix for the Jenkins CI/CD pipeline is spot on, thanks!
143;positive;Just tested the latest changes on #1234 and it's working flawlessly! Great job @username on resolving that pesky error!
2170;neutral;I've taken a closer look at the failing tests in #1234. The error seems to be related to an outdated dependency version in `package.json`.
2705;neutral;I'm experiencing inconsistent test results with the latest changes in PR #123. Can we revisit the test suite configuration?
3893;negative;I'm experiencing intermittent failures in the CI/CD pipeline for #1234. The `npm install` step consistently times out on my machine.
2242;neutral;I'm experiencing intermittent failures in our CI/CD pipeline for the `main` branch. Can we investigate the cause of these errors?
3149;negative;Failing to merge #123 due to unresolved conflicts in `src/main/java/Utils.java`. Can we rebase and resolve the issues before merging?
2164;neutral;Just wanted to confirm that the fix for #1234 has been tested with our CI/CD pipeline on both Linux and Windows environments without any issues.
2637;neutral;I've reviewed the updated README in #123. The changes look good, but I'd like to see a brief explanation for the new section on deployment.
1950;neutral;I'm experiencing intermittent failures in the CI/CD pipeline for the `feature/new-api` branch. Can we investigate further?
1769;neutral;I'm reviewing the updated `build.gradle` for PR #123. The changes look good, but I'd like to see more context on why we're upgrading Kotlin version.
2273;neutral;I'm seeing intermittent failures in our CircleCI pipeline for the `feature/new-login-flow` branch. Can we investigate further?
2;positive;Great catch on the `TypeError` in the `utils.py` file! Your fix for #1234 looks solid. CI pipeline is passing now.
2666;neutral;I'm experiencing intermittent build failures in the `main` branch due to unclear error messages from the `npm install` step. Could we add more logging?
4461;negative;@author I'm experiencing intermittent failures in our CI/CD pipeline for the `v3.5` release due to inconsistent build times on Windows 10.
1952;neutral;I'm experiencing intermittent failures in the CI/CD pipeline for branch `feature/new-api` due to an unknown cause. Can we investigate further?
3320;negative;I'm experiencing issues with the latest build on CircleCI due to an outdated `node-sass` version. Can we bump it to 5.x?
3622;negative;Just hit a regression on `main` due to the recent `npm install`. Can't reproduce locally. Anyone else seeing this?
2834;neutral;@username I'm experiencing intermittent issues with the CI/CD pipeline for #1234. The build fails randomly, but the logs don't indicate any obvious errors.
1110;positive;Great job on fixing the CI/CD pipeline issue! The updated `docker-compose.yml` file resolved the deployment errors for me. Thanks!
2916;neutral;I'm experiencing intermittent failures in the CI/CD pipeline for branch `feature/new-login-system`. Could you investigate the `npm install` step?
592;positive;Great job on resolving the `NullPointerException` in the `auth` module! Your fix is clean and well-documented. Thanks for the quick turnaround!
1696;neutral;I've reviewed the latest build logs for #1234 and couldn't find any issues with the deployed package. The tests are passing as expected.
3477;negative;Failing to resolve the `TypeError` in `utils.py` is blocking our CI/CD pipeline. Can we revisit the fix for #123?
2768;neutral;I'm experiencing intermittent failures in the `test-ci` pipeline for #123. Can we investigate the cause of these errors?
1577;neutral;I'm experiencing intermittent failures in the CI/CD pipeline for #1234. The build passes locally but fails on the remote server with a 'connection timed out' error.
3207;negative;PR #123 still failing due to `npm install` error on CircleCI. Can we revisit the package.json dependencies?
214;positive;Great catch on the `npm` version mismatch in the CI/CD pipeline! This will prevent future deployment issues. Thanks for your diligence!
779;positive;Great job on fixing the `NullPointerException` in the `utils` module! The updated code passes all tests and is now smoothly integrated into our CI/CD pipeline.
3536;negative;I'm experiencing intermittent failures in the `build` step of our CI/CD pipeline on CircleCI. Can we investigate further? #1234
3048;negative;I'm experiencing intermittent failures in our CI/CD pipeline due to inconsistent `npm` cache behavior. Can we revisit the cache configuration?
2044;neutral;I'm experiencing intermittent failures in the CI/CD pipeline for PR #123. Can we investigate the cause of these errors?
4072;negative;I'm experiencing intermittent failures in our CI/CD pipeline due to a conflicting version of `log4j` in the `dependencies.yml` file. Can we resolve this ASAP?
4151;negative;I'm experiencing issues with the latest build on CircleCI. The test suite is failing due to a mismatch in package versions between `dependencies` and `devDependencies`. #1234
3889;negative;Failing to update `package.json` in #123 causes downstream build failures. This should be fixed ASAP to avoid more merge conflicts.
1568;neutral;I've reviewed the updated `README.md` in #123. The changes look good, but I'd like to see a brief explanation for the new formatting.
3751;negative;Can we please revisit #1234? The latest build is still failing due to the broken `npm` install on Windows.
4251;negative;I'm experiencing intermittent failures in the CI/CD pipeline for #1234 due to inconsistent Docker image builds. Can we revisit the build script?
3047;negative;I'm experiencing intermittent failures in the CI/CD pipeline for #1234. The `npm install` step consistently times out on my machine.
4433;negative;I'm experiencing intermittent failures in our CI/CD pipeline due to the recent update of `package-lock.json`. Can we investigate further?
1344;positive;Just tested #1234 with the latest updates and it's working smoothly. Thanks for your efforts on resolving the build issues in our CI/CD pipeline!
2014;neutral;I'm experiencing an intermittent failure in the build process for PR #123. Can we investigate the cause of this flaky test?
274;positive;Great catch on that `NullPointerException` in the `main()` method! Your fix looks solid, thanks for keeping our CI/CD pipeline green!
72;positive;Just tested the fix for #1234 and it's working beautifully! The updated CI/CD pipeline is now stable and efficient. Great job team!
1088;positive;Great job on fixing the `NullPointerException` in the `login()` method! The updated code looks clean and efficient. Thanks for the quick fix!
395;positive;Just tested your fix for #1234 and it's working smoothly! Your changes to the build script really streamlined our CI/CD pipeline. Thanks!
584;positive;Great fix for the `npm install` issue! Your changes to `package.json` worked perfectly in my local env. Thanks!
1368;positive;Great job on fixing the regex bug in #123! Your changes have significantly improved the parser's accuracy. Thanks for your attention to detail!
4488;negative;I'm experiencing intermittent failures in the CI/CD pipeline for `feature/new-login-system` due to a failing test on CircleCI. Can we investigate?
3312;negative;I'm experiencing intermittent failures in the CI/CD pipeline for #123 due to an inconsistent `npm install` output. Can we investigate further?
2549;neutral;I've reviewed the PR #1234 and noticed that the updated README doesn't match the changes in the code. Worth double-checking.
3337;negative;I'm experiencing intermittent failures in the CI/CD pipeline for #1234 due to `npm` version conflicts with our project's dependencies.
4312;negative;I'm experiencing intermittent failures in our CI/CD pipeline due to the recent update of `react` from 17.0.2 to 17.0.3, can we investigate?
3239;negative;I'm seeing intermittent failures in our CI/CD pipeline for the `feature/new-login-system` branch due to a mysterious `NullPointerException` on the login page.
3566;negative;I'm experiencing intermittent failures in the CI/CD pipeline for #123 due to a recent update of `log4j` which is causing a version conflict with `spring-boot-starter-logging`. Can we reconsider the dependency upgrade?
1764;neutral;I'm experiencing intermittent failures in our CI/CD pipeline for the `feature/new-api` branch. Could you review the recent changes to `package.json`?
3732;negative;I'm experiencing intermittent build failures in our CI/CD pipeline due to the latest update of `react-scripts`. Can we revert or investigate further?
1260;positive;Thanks for squashing that pesky `NullPointerException` in the `main()` method! Your fix is a huge improvement to our CI/CD pipeline stability.
4059;negative;This latest update broke our CI/CD pipeline for the `feature/new-login-system` branch. Can we revert to previous commit? #1024
2254;neutral;I'm reviewing the updated `README.md` in #1234. The changes look good, but I'd like to discuss the formatting consistency with the existing documentation.
527;positive;Great fix on #123! Your changes to the build script resolved the CI/CD pipeline issues. Thanks for your attention to detail!
378;positive;Just reviewed #123's PR and I'm impressed with the refactored code! The new caching mechanism is a great optimization. Well done!
1560;neutral;I'm experiencing intermittent issues with the CI/CD pipeline on PR #123. The build fails occasionally, but not consistently.
4045;negative;I'm experiencing intermittent failures in our CI/CD pipeline due to the recent update of `npm` package. Can we investigate further?
1964;neutral;In PR #1234, I noticed the `npm install` step in the CI/CD pipeline is taking longer than expected. Worth investigating further.
4266;negative;I'm experiencing intermittent failures in the `build` stage of our CI/CD pipeline due to a faulty network connection at my end. Can we discuss a retry mechanism?
349;positive;Great fix on #1234! Your changes to the build script improved our CI/CD pipeline stability significantly. Thanks for your efforts!
3954;negative;I'm experiencing intermittent failures in our CI/CD pipeline due to the latest update of `npm` causing issues with `jest`. Can we revert to previous version?
2247;neutral;I'm experiencing intermittent failures in the CI/CD pipeline for #1234. The build passes on my local machine but fails on GitHub Actions with a 'timeout' error.
3418;negative;The failing test in `feature/new-login-system` is still causing our CI/CD pipeline to fail. Can we please revisit the authentication API integration?
1710;neutral;I'm experiencing intermittent failures in the `build` stage of our CI/CD pipeline. Can we review the recent changes to `docker-compose.yml`?
1051;positive;Just tested the latest PR #1234 and it's working flawlessly! Great job on squashing that pesky bug in the CI/CD pipeline!
591;positive;Great catch on the `npm` version mismatch! Your fix in #1234 has resolved the build issue. Thanks for your diligence!
520;positive;Just tested the latest build on the CI/CD pipeline and it's passing all tests! Great work on squashing that pesky bug in #123.
3990;negative;I'm experiencing intermittent failures in the CI/CD pipeline for #123 due to a seemingly unrelated package update. Can we investigate further?
3840;negative;The latest build is failing in our CI/CD pipeline due to an unresolved conflict with the `react` package version. Can we revisit this?
2478;neutral;I'm reviewing the updated `build.gradle` file in #123. The Gradle version is now 7.3.1, but I'd like to confirm if this change affects the CI/CD pipeline.
1084;positive;Just tested with the latest changes and it looks like the `@dependency` issue is resolved. Thanks for the fix!
2917;neutral;Just reviewing the updated `README.md` for #42. Looks good to me, but I think we should consider adding a changelog section.
4303;negative;I've encountered an issue with the latest build on CircleCI. The `node-sass` package is failing to install due to a version conflict.
4233;negative;I'm experiencing intermittent failures in our CI/CD pipeline due to the recent update of `react-scripts`. Can we revert to a stable version?
1295;positive;Just tested #1234 with the latest build and it's working flawlessly! Great job on squashing that pesky bug!
1810;neutral;I'm experiencing intermittent failures in the `build` stage of our CI/CD pipeline. Can we investigate the cause of these errors?
792;positive;Great fix on the `ci/cd` pipeline! This should resolve the intermittent deployment failures we've been experiencing. Thanks for the update!
793;positive;Great catch on the logging configuration! Your fix for #123 resolved the intermittent deployment errors in our CI/CD pipeline. Thanks!
3471;negative;Issue #123 still not resolved after multiple attempts to reproduce the error. Can we revisit the stacktrace analysis?
1981;neutral;I'm reviewing the latest changes to the CI/CD pipeline in #123. The new deployment script seems to be working as expected.
3166;negative;I'm seeing intermittent failures in our CI/CD pipeline due to the `mysql` package version conflict with `node-sass`. Can we revisit this?
3643;negative;I'm experiencing intermittent failures in the CI/CD pipeline for #1234 due to inconsistent package versions. Can we revisit our dependency management strategy?
1531;neutral;I'm looking at the latest build of #1234 and it seems to be passing all tests. No further action is required.
1411;positive;Thanks for squashing that pesky test failure on `master`! Your fix to the `npm install` script is a huge help for our CI/CD pipeline.
3620;negative;I'm experiencing intermittent failures in the CI/CD pipeline for `main` branch due to an unexplained error in `package-lock.json`. Can we investigate?
4295;negative;PR #123's changes broke the build on CircleCI. Can we revert to previous commit until this is fixed? @maintainer
84;positive;Great fix on #123! The updated code now properly handles edge cases in the API integration. Well done!
3886;negative;I'm experiencing issues with the latest build failing due to an unresolved conflict between `package-a` and `package-b` in our CI/CD pipeline.
2351;neutral;I'm experiencing intermittent failures in the CI/CD pipeline for branch `feature/new-login-flow`. Can we investigate the cause of these errors?
21;positive;Just tested #42 and it's working smoothly with the updated MySQL driver. Great job on resolving that regression!
2779;neutral;I've noticed the recent changes to the CI/CD pipeline are causing intermittent failures on our staging environment. Can we review the configuration?
1563;neutral;I'm experiencing intermittent failures in our CI/CD pipeline for the `feature/new-login-system` branch. Can we investigate further?
974;positive;Great catch on the `npm` version mismatch in #123! Your fix for the CI/CD pipeline has been successfully deployed to production.
1711;neutral;I'm reviewing the updated `build.gradle` file in PR #123. The changes look good, but I'd like to discuss the implications on our CI/CD pipeline.
3226;negative;I'm experiencing issues with the latest build on CircleCI. The test suite is failing due to a missing dependency in `package.json`. Can we investigate?
1099;positive;Thanks for squashing that nasty null pointer exception in the `login` method! Your fix is a huge improvement to our app's stability.
3413;negative;The `latest` version of `express-validator` is causing issues with our API endpoints. Can we revert to a stable release?
887;positive;Great fix on the `npm install` error in #123! The updated pipeline is now successfully deploying to staging. Thanks for your attention to detail!
2986;neutral;Just wanted to confirm that the fix for #1234 is working as expected in our CI/CD pipeline. No issues reported so far.
4127;negative;I'm experiencing intermittent failures on the `build` stage of our CI/CD pipeline due to inconsistent Docker image caching. Can we investigate?
3824;negative;I'm experiencing issues with the latest build on our CI/CD pipeline. The test suite is failing due to an uncaught exception in the `utils` module.
516;positive;Great fix on #1234! The updated code for the CI/CD pipeline is much more efficient now. Thanks for your efforts!
738;positive;Thanks for fixing the `NullPointerException` in the `main()` method! Your changes to the CI/CD pipeline have greatly improved code reliability.
1454;positive;Just tested the latest build on CircleCI and it's passing all tests! Thanks for fixing that pesky `TypeError` in `utils.py`!
3218;negative;I'm experiencing issues with the latest build on Jenkins due to an incompatible Maven version. Can we revert to 3.6.2 until further notice?
4237;negative;The latest build on the CI/CD pipeline is failing due to an unresolved `NullPointerException` in the `UserDAO` class. Can we take a look at this?
2507;neutral;I'm experiencing intermittent failures on the `ci/master` build due to unclear error messages. Could we add more logging to debug this?
2127;neutral;I'm experiencing intermittent failures in the CI/CD pipeline for #123. Can we investigate further to determine the root cause?
907;positive;Great job on fixing the `NullPointerException` in the `utils` module! The CI/CD pipeline is now successfully building and deploying the app.
2965;neutral;Just reviewing #123 for potential merge conflicts. The updated README looks good but I'm still unsure about the implications of this change on our CI/CD pipeline.
3640;negative;The latest build is failing due to an unresolved dependency conflict in the `package.json` file. #1234
2508;neutral;I've noticed the `build` step in the CI/CD pipeline is taking longer than expected. Can we investigate the cause of this delay?
2429;neutral;I'm experiencing intermittent failures in the CI/CD pipeline for #1234. The build completes successfully on my local machine but fails on CircleCI.
948;positive;Just ran `npm test` on the latest changes to #1234 and all tests pass! Great work on squashing that pesky bug!
3085;negative;Failing to update `package-lock.json` after recent changes is causing inconsistent builds. Can we automate this process in the next release?
3296;negative;The latest build on the `main` branch is still failing due to the unresolved `NullPointerException` in the `utils` module. Can we revisit this?
716;positive;Just reviewed #123: the fix for the pagination bug is spot on! Your refactoring of the API endpoints is a huge improvement.
3930;negative;Issue with Jenkins build on master branch: `npm install` failing due to missing `@types/node` package. Confirmed by multiple team members.
687;positive;Great catch on the `npm` version mismatch! Your PR fixes it perfectly. CI pipeline is now green again #1234
704;positive;Thanks for fixing the `NullPointerException` in the login feature! Your changes have greatly improved the app's stability.
2354;neutral;I'm reviewing #123's changes to the CI/CD pipeline. The updated Dockerfile looks good, but I'd like to see more context on why we're switching from `alpine` to `scratch`. Can you provide some insight?
2258;neutral;I'm having trouble with the `npm install` step in the CI/CD pipeline. The build fails on the `axios` dependency installation.
3651;negative;Issue with build failing on CircleCI due to incompatible dependencies. Attempted to update `npm` but still getting errors. @dependabot please assist.
22;positive;Great job on squashing that pesky #12 bug! Your fix in PR 345 has been merged and is now live in the CI/CD pipeline.
2753;neutral;I've verified the fix for #1234, but it's unclear why the `build.gradle` change was necessary. Can someone clarify the reasoning?
886;positive;Great job on resolving the `NullPointerException` in the `login()` method! Your fix is clean and efficient. Thanks for the quick update!
3777;negative;I'm experiencing intermittent failures in the CI/CD pipeline for #1234 due to an unexpected Maven version conflict with our dependencies.
918;positive;Great fix on #123! Your patch for the `NullPointerException` in the CI/CD pipeline is spot on. Thanks for the swift resolution!
3124;negative;I'm experiencing intermittent failures in the CI/CD pipeline due to a flaky test. Can we revisit `test_foo()` for stability?
3353;negative;The latest build is failing due to an unresolved dependency conflict in the `package.json` file. Can we revisit the upgrade of `lodash`?
2240;neutral;I'm experiencing intermittent failures in our CI/CD pipeline for the `v1.2` release due to a flaky test case in `tests/integration.py`. Can we investigate?
3117;negative;PR #123 still failing due to the same `npm` version conflict issue. Can we please revisit this before merging?
1266;positive;Great job on resolving the `npm install` issue in #1234! The updated CI/CD pipeline is running smoothly now. Thanks for your efforts!
484;positive;Great catch on the `npm` version conflict in #123! Your fix worked beautifully in our CI/CD pipeline. Thanks for the quick turnaround!
3707;negative;I'm experiencing intermittent failures in the CI/CD pipeline for #1234 due to inconsistent test results. Can we revisit the test suite configuration?
1220;positive;Great fix on the CI/CD pipeline! The new deployment script is much more robust now. Thanks for catching that regression!
278;positive;Just tested your fix for the `docker build` error in #1234 and it's working flawlessly! Great work on resolving that pesky issue.
989;positive;Just ran the updated build on our CI/CD pipeline and it's passing all tests! Great job @johnDoe on squashing that pesky bug in #123!
2085;neutral;I've reviewed the changes in #1234. The updated README is clear, but I'd like to discuss the implications of introducing a new dependency on our CI/CD pipeline.
1246;positive;Just ran the updated CI/CD pipeline for #123 and it's passing all tests! Great job on squashing that pesky bug!
2383;neutral;I'm experiencing intermittent failures in the `npm install` step of our CI/CD pipeline on Ubuntu 20.04. Can we investigate further?
572;positive;Thanks for fixing the regex bug in #123! Your changes are well-documented and have improved our code's robustness significantly.
1436;positive;Just tested the latest fix for #1234 and it's working flawlessly! Great work on resolving that pesky error in our CI/CD pipeline!
994;positive;Great fix on the Jenkins deployment script! CI/CD pipeline is now stable. Thanks for addressing that pesky `NullPointerException`!
3379;negative;I'm hitting the same `NullPointerException` on my local build as #1234. Can we revisit the recent changes to `build.gradle`?
2799;neutral;I'm experiencing intermittent failures in the CI/CD pipeline for #1234. Could someone review the build logs to identify the cause?
586;positive;Great job on resolving the `TypeError` in the `utils.py` file! Your fix has greatly improved the app's stability during CI/CD pipeline runs.
4026;negative;Can't reproduce the `TypeError` in `utils.py`. Your test case is outdated and doesn't match our current implementation. #1234
2515;neutral;Regarding #1234, I've reviewed the updated CI/CD pipeline config. It looks clean, but could we discuss the added `node-sass` dependency?
1350;positive;Just tested the latest changes on the `main` branch and the CI/CD pipeline is passing smoothly! Great work on resolving that pesky error #123.
1008;positive;Great job on resolving the `NullPointerException` in the `main()` method! Your fix has been successfully integrated into the CI/CD pipeline.
675;positive;Just tested your fix for the `NullPointerException` in the login feature and it's working flawlessly! Great job on tracking down that bug!
2413;neutral;I'm reviewing the updated `README.md` in #123. The changes look good, but I'd like to see more context for the new API endpoint.
448;positive;Great fix on the `ci/cd` pipeline! Your changes to the `docker-compose` file resolved the build issues I was experiencing. Thanks!
2822;neutral;I've noticed the `latest` tag in our Dockerfile is not being updated by the CI/CD pipeline. Reviewing the workflow config might be a good next step.
3712;negative;Fails to deploy on CircleCI due to outdated `node-sass` version. Please update the dependencies in `package.json`.
2065;neutral;I'm experiencing intermittent failures in the CI/CD pipeline for branch #1234 due to unclear error messages. Can we revisit the build configuration?
3919;negative;Failing to update the `pyyaml` version in our CI/CD pipeline is causing issues with parsing YAML files. Can we prioritize this fix?
3214;negative;I'm experiencing intermittent failures in the CI/CD pipeline for `feature/new-login-system` due to a version conflict with `package:login-module`.
1691;neutral;I'm reviewing PR #123. The updated `README.md` looks good, but I'd like to see some tests for the new feature before merging.
4083;negative;I'm experiencing intermittent failures in the build process due to the recent update of `npm` version. Can we revert to previous version?
1248;positive;Great job on fixing the `npm install` issue in #123! The updated CI/CD pipeline is now successfully building our project.
1986;neutral;Just wanted to confirm that the recent changes to `build.gradle` have been successfully integrated into our CI/CD pipeline. No issues reported so far.
295;positive;Great fix on the `README.md` typo! Your changes are now merged into `main`. Thanks for keeping our docs up to date!
1548;neutral;Just wanted to confirm that the recent build failure in #1234 is due to the updated `npm` version, not a code change. Can we add a test for this?
2013;neutral;I've reviewed the updated `README.md` in PR #1234. The changes look good, but I'd like to discuss the formatting consistency with the existing documentation.
589;positive;Thanks for fixing the `NullPointerException` in the `UserService` class! Your commit 1234567 is a huge improvement to our API stability.
2404;neutral;I'm reviewing the updated `README.md` in #123. The changes look good, but I'd like to see a brief explanation for the new formatting.
2130;neutral;I'm reviewing the updated `README.md` in #1234. The changes look good but I'd like to see some additional documentation on the testing framework used.
3793;negative;Just hit a `TypeError` in the `ci/cd` pipeline due to an outdated `numpy` version. Can we bump it to 1.20?
3743;negative;I'm experiencing intermittent failures in the CI/CD pipeline due to the latest update of `npm` causing issues with `package-lock.json`. Can we revert to previous version?
3937;negative;This PR is causing our CI/CD pipeline to fail due to an incompatible version of `numpy`. Can we revisit the dependencies?
426;positive;Just tested #1234's fix on our CI/CD pipeline and it looks solid! Thanks for the quick turnaround on this!
2583;neutral;Just a heads up that the `pip install` step in `.github/workflows/ci.yml` is failing due to a missing `requirements.txt`. Can we add it?
1055;positive;Great fix on the `build.gradle` file! The CI/CD pipeline is now successfully running tests for the new feature. Thanks for your efforts!
3263;negative;Just hit a snag with the latest build. The `npm install` step is failing due to an outdated `axios` version in `node_modules`. Can we bump it to 1.1.3?
4110;negative;This latest build is failing due to the `npm` version mismatch. Can we revert back to 6.14.4?
557;positive;Great fix on #123! Your changes to the build script have resolved the intermittent deployment failures. Well done!
3741;negative;The `latest` version of `log4j` is causing our CI/CD pipeline to fail due to a known vulnerability. Can we downgrade to a stable version?
3851;negative;Failed to deploy due to outdated `npm` version. Please update the `.npmrc` file in the CI/CD pipeline to fix this issue.
4249;negative;I'm experiencing intermittent failures in our CI/CD pipeline due to inconsistent caching. This is causing delays in deployment for #1234.
4257;negative;I'm experiencing intermittent failures in the `test_integration` suite due to a flaky test. Can we revisit the mock API implementation?
4247;negative;I'm seeing intermittent failures in our CI/CD pipeline for the `feature/new-login-flow` branch due to an unresolvable gem installation error.
3348;negative;I'm experiencing intermittent build failures on my local machine with #123. The error message suggests an issue with the `numpy` dependency.
1194;positive;Just ran the updated CI/CD pipeline for #1234 and it looks like all tests are passing! Great work on squashing that pesky bug!
1717;neutral;I'm experiencing intermittent failures in our CI/CD pipeline for the `feature/new-login-flow` branch. Can we investigate the cause of these errors?
2605;neutral;Noticed that the latest build on `main` branch is failing due to missing dependencies. Can we review the updated `package.json`?
3360;negative;This latest build on the `main` branch is still failing due to the missing `numpy` package in our `requirements.txt`. Can we please update this?
2829;neutral;I'm experiencing intermittent issues with the CI/CD pipeline on PR #1234. The build fails occasionally due to a timeout in our Docker image.
1705;neutral;Regarding #1234, I've noticed the CI/CD pipeline is still failing due to an unresolved 'npm install' error. Would appreciate a status update on this.
2619;neutral;I've reviewed #123 and noticed the updated README doesn't match the actual code changes. Can we revisit the documentation to ensure consistency?
2401;neutral;Just wanted to confirm that the CI/CD pipeline is passing for the latest changes to `master` branch after updating `npm` version.
2140;neutral;I've noticed the latest build in #24 fails due to an unresolved dependency conflict. Can we revisit the package.json file?
2384;neutral;I'm experiencing intermittent issues with the `build` step in our CI/CD pipeline for PR #123. Has anyone else seen this behavior?
3036;negative;I'm experiencing issues with the latest build on CircleCI. The test suite is failing due to a `TypeError` in the `utils.py` file.
1286;positive;Great catch on the `npm` version mismatch! Your fix in #1234 resolves the build failure in our CI/CD pipeline. Thanks for the contribution!
3076;negative;I'm experiencing intermittent failures in the CI/CD pipeline for #1234 due to inconsistent build times, is this a known issue with our Jenkins setup?
3113;negative;Not sure if this is related to the recent `npm` update, but I'm getting a 500 error on my local build of #1234. Can we investigate?
4076;negative;I'm experiencing intermittent failures in the `build` stage of our CI/CD pipeline due to a faulty `node_modules` cache. Can we investigate?
2088;neutral;The test suite is passing on my local machine, but I'm seeing intermittent failures in the CI/CD pipeline. Can we investigate further?
1890;neutral;Noticed that the `build` step in CircleCI is failing due to a missing dependency. Can we review the config?
1592;neutral;I'm reviewing the updated `README.md` in #123. The changes look good but I'd like to clarify the installation instructions for Windows users.
1347;positive;Great fix on #123! The updated CI/CD pipeline now correctly handles transitive dependencies for our project. Thanks for your attention to detail!
4468;negative;I'm experiencing intermittent failures in the CI/CD pipeline for #1234. The test coverage is still at 90%, but the build times are increasing exponentially.
2163;neutral;I'm experiencing intermittent failures in our CI/CD pipeline for the `feature/new-api` branch. Can we investigate further?
2397;neutral;Just reviewed #1234's changes. The updated build script looks good, but I'm still unsure about the implications of this change on our CI/CD pipeline.
4014;negative;I'm experiencing intermittent failures in our CircleCI pipeline due to the recent update of `lodash` version. Can we revisit the build config?
2272;neutral;Can we revisit the recent `dependency update` in #123? I'm seeing some minor discrepancies in test results after applying the new version.
3986;negative;I'm experiencing intermittent failures in the CI/CD pipeline for #1234 due to an unresolvable `npm` install error.
1138;positive;Great catch on the `npm` version mismatch! Your fix in PR #123 resolves the issue nicely. Thanks for your diligence!
3155;negative;The `npm install` on the CI/CD pipeline is still failing due to the outdated version of `express`, can we please update it?
973;positive;Great fix on #123! Your changes to the CI/CD pipeline have significantly improved our deployment times. Well done!
796;positive;Just tested the latest build on our CI/CD pipeline and it's passing all tests! Great work @johnDoe on resolving the `npm install` issue!
1712;neutral;I'm experiencing intermittent issues with the `test_coverage` metric in our CI/CD pipeline. Can we investigate further? #1234
4087;negative;I'm experiencing intermittent failures in the CI/CD pipeline for #1234 due to a flaky test. Can we revisit the test suite?
454;positive;Just tested #1234's fix for the memory leak in our CI/CD pipeline and it looks great! Thanks for the quick turnaround on this!
914;positive;Great fix on the `readme` typo! Your changes have really improved the clarity of our documentation. Thanks for your attention to detail!
3307;negative;Just hit a `TypeError` in the CI/CD pipeline due to an outdated `numpy` version. Can we bump it to 1.22.3?
1200;positive;Just tested the latest PR #123 and it's working flawlessly! Great job on resolving the caching issue. Thanks for your efforts!
1275;positive;Just reviewed #123 and your fix for the `NullPointerException` is spot on! Well done!
2376;neutral;I've noticed the latest changes in #1234 are causing intermittent failures in our CI/CD pipeline. Can we discuss possible causes?
38;positive;Great catch on the `npm` version conflict! Your fix in #1234 has our CI/CD pipelines passing smoothly again.
975;positive;Great job on fixing the `TypeError` in the `data_import.py` file! The CI/CD pipeline is now passing smoothly.
984;positive;Just tested the latest build on CircleCI and it's passing all tests! Great work on fixing that pesky `NullPointerException` in the `utils` module!
3298;negative;@author, I'm seeing intermittent failures in the Travis CI pipeline due to this PR (#1234) causing a version conflict with `log4j` v2.14.1.
1419;positive;Great job on resolving the `NullPointerException` in the API client! Your fix has improved overall stability. Thanks for your diligence!
1561;neutral;I'm experiencing intermittent failures in the `ci/checkstyle` step on PR #1234. Can we investigate further?
40;positive;Just tested your latest fix for the `login` endpoint and it's working flawlessly! Thanks for the quick turnaround on this!
1487;positive;Great catch on the null pointer exception in `utils.py`! Your fix for #1234 is spot on and works seamlessly with our CI/CD pipeline.
4126;negative;The latest build is failing due to an incompatible version of `mysql` in the Docker image. Can we revert to a stable version?
170;positive;Great job on fixing the `NullPointerException` in the latest build! The updated CI/CD pipeline is now stable and passing all tests.
1356;positive;Just ran the updated CI/CD pipeline for #1234 and it's passing all tests! Great work on squashing that pesky bug!
3763;negative;The latest build is still failing on CircleCI due to the unresolved `dependency hell` with `react@17.0.2`. Can we revisit the package.json?
2952;neutral;Just wanted to confirm that the recent fix for `issue #123` has been verified in our nightly CI/CD pipeline on both Linux and Windows.
4278;negative;I'm experiencing intermittent failures in the CI/CD pipeline for PR #1234 due to inconsistent Docker image builds.
3242;negative;I'm experiencing intermittent failures in the `build` stage of our CI/CD pipeline due to a flaky test in `tests/integration.py`. Can we revisit this?
2683;neutral;I'm reviewing the CI/CD pipeline for #1234. The `npm install` step is taking longer than expected on our Jenkins instance. Can we investigate further?
3259;negative;This build fails due to an incompatible version of @angular/core in the latest PR #123. Can we update the package?
1641;neutral;I'm experiencing intermittent issues with the test suite on CircleCI. Can we revisit the Docker image configuration to ensure consistency?
1291;positive;Great catch on the `npm` version mismatch in #123! Your fix for our CI/CD pipeline is spot on. Thanks for keeping it stable!
1381;positive;Great job on resolving the `NullPointerException` in the build process! Your fix has greatly improved our CI/CD pipeline's reliability.
1934;neutral;Hi @maintainer, just wanted to confirm the fix in #1234 resolves the intermittent build failure on our Jenkins instance.
580;positive;Just tested #1234 and the fix for the infinite loop issue is working as expected! Thanks @johnDoe for the quick patch!
3493;negative;Issue #123: The latest build is failing due to a missing `numpy` dependency in the `requirements.txt` file. Can we add it back?
2031;neutral;I'm experiencing intermittent issues with the CI/CD pipeline on `main` branch. Can someone review the build logs to identify the cause?
893;positive;Great fix on #123! Your changes to the CI/CD pipeline have greatly improved our build times. Thanks for your efforts!
781;positive;Great catch on the `npm` version mismatch in #123! Your fix for the CI/CD pipeline is spot on. Thanks for keeping our build stable!
160;positive;Just tested the latest changes to our CI/CD pipeline and it's working flawlessly! The automated tests are also passing with flying colors. Great work, team!
3;positive;Just tested the latest PR #1234 and it's working flawlessly! Thanks for the fix, @johnDoe. CI/CD pipeline is now green.
3391;negative;The new `npm` install step in the CI/CD pipeline is causing intermittent failures due to a version conflict with `node-sass`. Can we revisit this setup?
4075;negative;Failing to update `dependencies` in `package.json` is causing the build to fail on CircleCI. Can we please fix this ASAP?
850;positive;Great job on fixing the `pip install` error in #123! Your changes to `requirements.txt` have streamlined our build process.
2738;neutral;I'm experiencing intermittent failures in the CI/CD pipeline for #1234. The build passes on my local machine but fails on GitHub Actions. Any ideas?
2467;neutral;I'm experiencing intermittent failures in the CI/CD pipeline for #1234. The build passes on my local machine but fails on CircleCI. Any ideas?
4499;negative;I'm seeing intermittent failures in our CircleCI pipeline due to the recent update of `aws-sdk` version. Can we revert it back?
1597;neutral;I've reviewed the updated `README.md` in PR #123. Looks good to me, but I'd like to discuss the new section on deployment.
1777;neutral;I'm experiencing intermittent failures with our CI/CD pipeline on the `main` branch. Can we investigate the cause of these errors?
1914;neutral;I'm experiencing intermittent issues with the CI/CD pipeline on PR #123. The build is failing randomly with a 'connection timeout' error.
1044;positive;Just tested the latest `dev` branch and it's working flawlessly! Thanks for fixing that pesky `TypeError` in #1234!
1545;neutral;I'm experiencing intermittent failures in the `build` step of #1234. Could we investigate further to determine the root cause?
2737;neutral;I've reviewed the updated `README.md` in #123. The changes look good, but I'd like to discuss the new section on testing before merging.
3072;negative;I'm experiencing intermittent failures in the CI/CD pipeline for the `feature/new-login-flow` branch due to a flaky test. Can we revisit the test suite?
54;positive;Great job on resolving the #123 dependency conflict! The updated build process is now successfully integrating with our CI/CD pipeline.
1797;neutral;I've reviewed the latest PR #1234 and noticed the updated README doesn't match the actual code changes. Could we revisit this?
1912;neutral;I'm reviewing the updated `README.md` in #1234. The changes look good, but I'd like to discuss the formatting consistency with the existing documentation.
3509;negative;I'm seeing intermittent failures in the `dev` branch's CI/CD pipeline due to an inconsistent `node_modules` cache, can we investigate?
2554;neutral;I'm reviewing the latest changes to the CI/CD pipeline (PR #1234) and wanted to confirm if the updated build script is compatible with our current Docker version.
2801;neutral;I'm experiencing intermittent failures in the `build` step of our CI/CD pipeline. Can we investigate the cause of this flakiness?
3311;negative;I'm experiencing intermittent failures in the CI/CD pipeline for #123 due to inconsistent test results. Can we revisit the test suite configuration?
3358;negative;The latest build is failing due to an incompatible version of `react` in the `package.json`. Can we revert to 17.0.2?
825;positive;Great catch on the `npm` version mismatch! Your fix in #123 has resolved the build issues. Thanks for your diligence!
4267;negative;Just hit a roadblock with #123: `npm install` fails due to outdated dependencies in package-lock.json. Anyone else experiencing this?
1390;positive;Great catch on the `npm` version mismatch in #123! Your fix for the CI/CD pipeline has been merged successfully. Thanks!
4049;negative;Just hit this error again in the latest build. `npm install` fails on Ubuntu due to a missing dependency, still not fixed in #1234.
3084;negative;The latest build on CircleCI is failing due to an unresolvable conflict between `react` 17.0.2 and `typescript` 4.3.5, can we revisit the package.json?
1608;neutral;I'm reviewing the updated `README.md` in PR #123. The changes look good, but I'd like to see some additional context for the new dependencies.
1595;neutral;Can we revisit the Jenkinsfile for the `fix-123` PR? The build is failing due to a missing artifact in the Docker image.
772;positive;Just tested your fix for #123 and it's working beautifully! Your changes to the build script really streamlined our CI/CD process.
2612;neutral;I'm reviewing the latest changes to the CI/CD pipeline in #123. The updated Dockerfile looks good, but I'd like to see some additional logging for error handling.
2274;neutral;I'm reviewing the updated `README.md` in #123. The new formatting looks good, but I'd like to confirm if this change affects our CI/CD pipeline.
1869;neutral;I'm reviewing the changes in #1234. The updated README looks good, but I'd like to see more context for the new CI/CD pipeline configuration.
1086;positive;Great catch on the `npm install` issue! Your fix in PR #123 has resolved the build error for me. Thanks!
3371;negative;Just hit a regression in the latest build due to the `npm` cache issue. Can we revisit #1234 and ensure CI/CD pipeline is updated?
1326;positive;Just tested the latest PR #1234 and it's working flawlessly! Great job on resolving that pesky `NullPointerException`!
1464;positive;Great fix on #123! Your changes to the build script resolved the `npm install` issues I was seeing in my CI/CD pipeline. Thanks for the update!
807;positive;Just tested the latest build on the `feature/new-login-system` branch and it's working smoothly! Great job @johnDoe on resolving the auth issues!
3028;negative;I'm experiencing intermittent failures in the CI/CD pipeline due to the `npm` cache not being properly cleared after each run. #1234
3245;negative;Failing on CircleCI due to `npm install` timeout. Can we bump the timeout limit or use a more robust installer?
2109;neutral;I'm reviewing the updated `README.md` in #1234. The formatting looks good, but I'd like to see some additional examples for clarity.
3514;negative;I'm experiencing intermittent failures in our CI/CD pipeline due to the recent update of `npm` version. Can we revert to previous stable version?
4460;negative;Failed to deploy due to incompatible dependencies in `package.json`. Confirmed by CircleCI build failure #1234. Please review.
2235;neutral;I'm experiencing intermittent failures in the CI/CD pipeline for the `feat: refactor auth` branch. Can we investigate further?
964;positive;Just ran the updated CI/CD pipeline for #1234 and it looks like all tests are passing! Great work on squashing that pesky bug!
3043;negative;I'm experiencing issues with the latest build on CircleCI due to an incompatible version of `log4j` in our dependencies. Can we revert to a stable version?
399;positive;Great fix on #123! Your change to the CI/CD pipeline has significantly reduced build times. Well done!
2633;neutral;Just reviewing the updated `README.md` for #123. Looks like the formatting is consistent with our style guide.
4370;negative;Can we revisit the recent merge of #123? The updated build process is causing intermittent failures in our CI/CD pipeline.
705;positive;Great job on fixing the `NullPointerException` in the `main()` method! Your tests are thorough and your commit message is clear.
432;positive;Great job on fixing the `NullPointerException` in the login feature! Your changes streamlined our CI/CD pipeline nicely.
293;positive;Great fix on #1234! The updated CI/CD pipeline has significantly reduced build times. Thanks for your efforts!
4383;negative;Issue #123 still not resolved. @johnDoe's fix for `npm install` error in CI/CD pipeline is broken, causing nightly builds to fail consistently.
146;positive;Great job on fixing the `NullPointerException` in the `utils` module! Your changes have improved the overall stability of our CI/CD pipeline.
3384;negative;I'm experiencing intermittent failures in our CI/CD pipeline due to a faulty Docker image. Can we investigate the `docker:latest` build process?
2034;neutral;Just reviewing #123's changes. The updated README is clear, but I'm still unsure about the impact of this change on our CI/CD pipeline.
3479;negative;@username I'm experiencing intermittent failures in the CI/CD pipeline for #1234 due to an unresolvable error with `npm install` on Ubuntu 20.04.
1166;positive;Just tested the latest PR #1234 and it seems to have fixed the `NullPointerException` in our CI/CD pipeline. Great work on that one!
2051;neutral;I'm experiencing intermittent failures in the CI/CD pipeline for #1234. Ran the tests multiple times, but can't reproduce the exact error.
2625;neutral;I'm experiencing intermittent issues with the `build` step in #1234. The error message doesn't provide much context, would it be possible to add more logging?
3781;negative;Failing to update `package-lock.json` after npm install is causing issues in our CI/CD pipeline. Can we revisit the build script? #1234
340;positive;Great work on fixing the `NullPointerException` in the `main()` method! Your changes are now merged into the `dev` branch. Thanks for your efforts!
4031;negative;Frustrated with the `TypeError` in the latest build due to outdated dependencies. Can we update `numpy` and `pandas` ASAP?
266;positive;Great job on resolving the `NullPointerException` in the `main` method! The updated code is now passing all tests in our CI/CD pipeline.
2425;neutral;I've reviewed the updated `README.md` file in #123. The formatting looks good, but I think we should discuss the addition of a dependencies section.
4443;negative;Still seeing intermittent failures in the CI/CD pipeline for `#123` due to inconsistent test results. Need help troubleshooting this before we can merge.
1772;neutral;Regarding #123: I've verified the build on Jenkins and it passes. The issue might be specific to CircleCI environment.
272;positive;Just tested your fix for #1234 and it's working flawlessly! Great job on resolving the pagination bug. Thanks for your dedication to this project!
697;positive;Great work on resolving the `NullPointerException` in the `login()` method! Your fix has greatly improved app stability. Thanks for the effort!
748;positive;Great fix on #123! The updated README now accurately reflects the new API endpoint. Thanks for keeping our docs in sync with code changes!
245;positive;Just tested the latest build of #1234 and it's working smoothly! Your fix for the Jenkins pipeline is a huge improvement!
318;positive;Just tested the latest build on Jenkins and it passed all tests! Great job on squashing that nasty bug in #123. Thanks for the fix!
477;positive;Just reviewed your PR #123 and it looks great! Your refactoring of the CI/CD pipeline has improved build times significantly.
2033;neutral;I'm experiencing intermittent failures in the `ci/build` stage on PR #123. Can we investigate the cause of these errors?
958;positive;Great job on squashing that pesky `NullPointerException` in the `login()` method! Your fix has improved our app's stability significantly.
3094;negative;I'm experiencing intermittent failures in the `ci-build` stage due to a faulty Docker image, causing our deployment pipeline to stall.
814;positive;Great job on fixing the CI/CD pipeline issue! Your changes have successfully deployed the latest update to production. Thanks for your efforts!
1915;neutral;I'm experiencing intermittent failures in the `build` stage of our CI/CD pipeline. Can we investigate the cause of this flakiness?
4207;negative;PR #123's changes broke the build on our Jenkins CI/CD pipeline. Can we revert to previous commit until we resolve this?
1298;positive;Just tested the latest PR #1234 and it's working flawlessly! Great job @johnDoe on resolving that pesky bug!
1805;neutral;Noting that the `latest` dependency version in `package.json` is outdated. Should we update to latest minor version instead?
3564;negative;This build is failing due to the `react` package version mismatch. Can we update the `package.json` to match the latest version?
251;positive;Great job on fixing the `NullPointerException` in the `main()` method! Your changes to the CI/CD pipeline also improved build stability.
2462;neutral;Just wanted to confirm that the fix for #1234 has been tested in our CI/CD pipeline and seems to be working as expected. Thanks!
546;positive;Great job on fixing the `NullPointerException` in the `login` endpoint! The tests are passing now with your fix.
739;positive;Great fix on the `README.md` typo! The updated documentation looks clean and accurate. Thanks for the effort!
311;positive;Great job on fixing the CI/CD pipeline issue! The automated tests are now passing consistently. Thanks for your attention to detail!
2942;neutral;I've noticed the latest commit to `main` breaks the build on CircleCI. Could we revisit the changes in #123?
1132;positive;Just tested the updated `README.md` with the latest changes and it looks great! The formatting is consistent now.
1450;positive;Just ran the updated CI/CD pipeline on my local machine and it passed with flying colors! Thanks for the fix on #1234!
4428;negative;I'm experiencing intermittent test failures on the `main` branch due to inconsistent mock data in `utils.py`. Need help resolving this.
16;positive;Great job on resolving the `NullPointerException` in the `main` method! Your fix has been successfully integrated into the CI/CD pipeline.
2770;neutral;I'm experiencing intermittent failures in the CI/CD pipeline for #1234. The build logs show no obvious issues, but the test coverage is inconsistent.
921;positive;Great job on fixing the `npm install` issue in #123! The updated CI/CD pipeline is now stable. Thanks for your efforts!
3470;negative;I'm experiencing intermittent failures in our CI/CD pipeline due to the recent update of `npm` version. Can we revert it for now?
2545;neutral;Regarding #1234, I've noticed the updated `package.json` is not being reflected in our CI/CD pipeline. Can we review the build script?
3971;negative;Issue with `npm install` on CircleCI: `@mylib/mydep` not found. Tried updating package.json and re-running build, still fails.
364;positive;Great job on fixing the `NullPointerException` in #123! Your changes to the CI/CD pipeline made all the difference. Thanks for your efforts!
183;positive;Great fix on the `README.md` typo! The updated documentation will make it easier for new contributors to get started with our project.
2984;neutral;Just reviewing the updated `README.md` file for #123. Looks good to me, but I think we should consider adding a changelog section.
1195;positive;Great catch on the `npm` version conflict! Your fix in PR #1234 resolved the build issue. Works seamlessly now!
2853;neutral;Hi @johnDoe, I'm reviewing the latest PR #1234. The tests pass on my machine, but I'd like to see more info on why the CI/CD pipeline failed.
3053;negative;I'm hitting the same `NullPointerException` on `UserDAO` in both local and prod environments. Can we review the recent changes to `user-service` branch?
1122;positive;Great fix on #123! Your changes to the CI/CD pipeline have significantly reduced build times. Well done!
2236;neutral;I'm experiencing intermittent failures in the CI/CD pipeline for #1234. Can we investigate the cause and ensure a stable build process?
2668;neutral;I'm experiencing intermittent failures on the `build` stage of our CI/CD pipeline. Can we investigate the logs for #1234?
1183;positive;Great catch on the `npm` version mismatch! Your PR fixes #1234 and ensures our CI/CD pipeline passes consistently now.
3868;negative;The latest build is failing due to the `numpy` version mismatch in our CI/CD pipeline. Please adjust the requirements.txt file accordingly.
615;positive;Just tested #123 and it's working flawlessly! Your fix for the CI/CD pipeline really paid off. Thanks for your diligent work!
1467;positive;Great fix on the CI/CD pipeline! The automated tests are now passing smoothly after your adjustments to the Dockerfile. Thanks!
402;positive;Thanks for addressing the `NullPointerException` in the `main()` method! Your fix has improved the overall stability of our CI/CD pipeline.
935;positive;Great job on squashing that pesky `NullPointerException` in the latest PR (#1234)! The CI/CD pipeline is now passing smoothly.
2420;neutral;I'm experiencing intermittent failures in the CI/CD pipeline for PR #123. The build passes locally but fails on the remote runner with a timeout error.
4089;negative;I'm experiencing intermittent failures in our CI/CD pipeline for the `feature/new-api` branch due to a missing dependency on `npm install`. Can we investigate?
2642;neutral;I've reviewed the latest changes to the CI/CD pipeline in #123. The updated script seems reasonable, but I'd like to see some additional logging for error handling.
3253;negative;I'm experiencing intermittent failures in our CI/CD pipeline due to the `npm` version mismatch between `package.json` and `npm-shrinkwrap.json`. Can we investigate?
727;positive;Great fix on #123! The updated `README` is now accurate and will help new contributors get started with the project. Thanks!
827;positive;Great job on resolving the `NullPointerException` in the `utils` module! Your fix has improved the overall stability of our CI/CD pipeline.
1522;neutral;I'm experiencing intermittent issues with the `build` step in our CI/CD pipeline. Can we investigate further on #1234?
4276;negative;PR #123's changes broke the CI/CD pipeline. The `npm install` step now fails due to an incompatible version of `express`. Needs immediate attention.
4234;negative;The recent changes in `package.json` caused the CI/CD pipeline to fail due to an outdated `npm` version. Can we revert these changes?
137;positive;Great job on resolving the `NullPointerException` in the `auth` module! Your fix is clean and well-documented. Thanks for your efforts!
629;positive;Great job on resolving the `NullPointerException` in the `login()` method! Your fix has improved stability for our users.
335;positive;Great fix on #123! Your changes to the build script resolved the `npm install` failures in our CI/CD pipeline. Thanks for your attention to detail!
391;positive;Just tested the latest build on CircleCI and it's passing all tests! Great work on resolving that pesky `NullPointerException` in the `utils` module!
3791;negative;I'm experiencing intermittent failures in the `build` stage of our CI/CD pipeline due to inconsistent Docker image versions. Can we revisit the setup?
1818;neutral;I'm experiencing intermittent issues with the `npm install` step in our CI/CD pipeline on branch #123. Can we investigate further?
401;positive;Great fix on the `npm install` issue! This should resolve the build errors in our CI/CD pipeline #1234. Thanks for your attention to detail!
711;positive;Great catch on the `TypeError` in the `CI/CD` pipeline! Your fix for the `numpy` dependency has saved us from a lot of downstream issues.
1040;positive;Just tested #1234's fix on the CI/CD pipeline and it looks like we're good to go! Thanks for squashing that nasty bug!
3232;negative;I'm experiencing intermittent failures in the `build` step of our CI/CD pipeline due to a corrupted `node_modules` directory. Can we investigate further?
47;positive;Just tested the latest build on the `main` branch and it's working flawlessly! Thanks for the fix in #1234, really appreciate your efforts!
1562;neutral;I'm experiencing intermittent failures in the CI/CD pipeline for commit #1234. The tests pass locally but fail on the build server.
4322;negative;I'm experiencing intermittent failures in the CI/CD pipeline due to a stale `node_modules` cache. Can we invalidate it on every build?
4363;negative;Unable to build due to missing `@types/node` in `package.json`. This breaks the entire CI/CD pipeline for #1234.
1113;positive;Just tested the latest build on our CI/CD pipeline and it's passing all tests! Great work on resolving the `dependency hell` issue in #123!
2514;neutral;I'm experiencing intermittent failures in our CI/CD pipeline for the `feature/new-login-system` branch. Can we investigate further?
1224;positive;Just tested the latest deploy to prod and it looks like the fix for #1234 has successfully resolved the memory leak. Well done team!
3289;negative;The latest build on #1234 is still failing due to the `npm` install issue. Can we revisit the package dependencies?
3024;negative;I'm experiencing intermittent failures in the build process for #1234. The error is `Failed to resolve 'log4j' due to version conflict`.
2422;neutral;I'm experiencing intermittent failures in the CI/CD pipeline for branch `feature/new-api` due to a potential Docker image version mismatch.
1509;neutral;I think we should revisit the `npm install` step in our CI/CD pipeline for this PR (`#1234`). It's not failing, but it's causing a warning.
1751;neutral;I'm reviewing the updated `README` for #123. The formatting looks good, but I noticed a minor typo in the dependencies section.
3318;negative;Can't reproduce the error in our CI/CD pipeline. This build has been failing for weeks, causing production delays. Can we revisit this?
1800;neutral;I'm experiencing intermittent failures in the nightly build on Jenkins. Can we investigate the `build.gradle` dependencies for potential conflicts?
339;positive;Just reviewed #123 and I'm impressed with the fix for the regression. The test suite is now passing smoothly!
216;positive;Just ran the updated CI/CD pipeline for #1234 and it looks like all tests are passing! Great work on squashing that pesky bug!
1342;positive;Great fix on #1234! Your approach to resolving the deployment failure in our CI/CD pipeline is spot on!
12;positive;Just tested your fix for #1234 and it's working flawlessly! Your changes to the CI/CD pipeline are a huge improvement, thanks for the effort!
1521;neutral;I'm experiencing intermittent failures with the CI/CD pipeline for #1234. The build passes on my local machine but fails on GitHub Actions.
3190;negative;I'm seeing intermittent failures in our CI/CD pipeline due to the recent `npm` update. Can we investigate further? #45
3062;negative;Unfortunately, I'm still experiencing intermittent failures in the build pipeline for #1234 due to inconsistent test results.
3005;negative;Issue with `npm install` on Linux: `yarn.lock` file not updated correctly. Causing build failures in our CI/CD pipeline.
2865;neutral;Regarding #1234, I'm seeing inconsistent test results in the latest build. Can we review the updated test suite to ensure it's correctly configured?
3330;negative;Issue #123's fix broke our CI/CD pipeline. Can't deploy to prod now. Please re-evaluate the changes made in that commit.
2323;neutral;I've reviewed the updated `README.md` for #1234. The changes look good, but I'd like to see some minor formatting adjustments before merging.
2572;neutral;I'm reviewing the latest changes to the CI/CD pipeline in #1234. The added logging seems reasonable, but I'd like to see some metrics on its impact.
2914;neutral;I'm reviewing the updated `README.md` in #123. The changes look good, but I'd like to discuss the formatting consistency with the rest of the doc.
102;positive;Great fix on #123! Your regression test patch has improved the code's reliability. Well done!
3534;negative;I'm experiencing intermittent failures in the build process due to inconsistent package versions. Can we revisit the dependency management script? #1234
172;positive;Great job on resolving the `NullPointerException` in the `utils` module! Your fix has improved the overall stability of our API endpoints.
108;positive;Just tested the latest PR #1234 and it's working flawlessly! Great job on resolving the API connectivity issues!
3468;negative;I'm experiencing intermittent issues with the `CI/CD` pipeline on PR #123. The build fails randomly due to a missing dependency.
4492;negative;I'm experiencing intermittent build failures in my PR #123 due to inconsistent caching. Can we revisit the CI/CD config?
3621;negative;I'm experiencing issues with the latest build on CircleCI due to an unresolved `TypeError` in `utils.py`. Can we investigate further?
3292;negative;I'm experiencing intermittent failures in the CI/CD pipeline due to inconsistent Docker image builds. Can we investigate this further?
3131;negative;I'm experiencing intermittent failures in our CI/CD pipeline due to the recent update of `npm` version. Can we revert to previous version?
3352;negative;Unfortunately, this PR breaks the build on CircleCI due to an incompatible version of `axios`. Please update to `^0.21.1`.
3299;negative;I'm experiencing intermittent failures on the CI/CD pipeline for #1234 due to an inconsistent `npm install` result, causing builds to fail randomly.
3701;negative;Just hit a `NullPointerException` in the `login()` method. Can we revisit the auth flow to prevent this? #1234
3838;negative;I'm experiencing intermittent failures in the CI/CD pipeline for `feature/new-api` due to an error in the `axios` dependency. Can we investigate further?
4178;negative;Just hit this error in the latest build: `TypeError: Cannot read property 'length' of undefined` on line 345 of `src/utils.js`. Any ideas?
1041;positive;Great catch on the `npm` version conflict in #123! Your fix for `package.json` is spot on. Thanks for keeping our CI/CD pipeline stable!
3450;negative;I'm experiencing intermittent failures in the CI/CD pipeline due to inconsistent Docker image builds. Can we revisit the `docker/Dockerfile` configuration?
2761;neutral;I'm experiencing intermittent failures in the CI/CD pipeline for #1234. Could you help investigate the cause of this flaky test?
2121;neutral;I'm seeing some intermittent failures in the CI/CD pipeline for #1234. Can we add more logging to the test suite to help diagnose the issue?
1525;neutral;Just wanted to confirm the fix for #1234 is working as expected in our CI/CD pipeline. No issues detected so far.
154;positive;Great job on squashing that pesky `NullPointerException` in the `main` method! Your fix is a huge improvement for our CI/CD pipeline stability.
2249;neutral;Can we revisit the recent changes to `build.gradle`? I'm experiencing issues with the new dependencies not being properly resolved in our CI/CD pipeline.
482;positive;Great job on resolving the `NullPointerException` in the CI/CD pipeline! Your fix saved me a ton of time debugging this issue #1234
3510;negative;The latest build on the `main` branch is still failing due to the `@types/node` version mismatch. Can we please resolve this?
4413;negative;I'm experiencing intermittent failures in our CI/CD pipeline due to the recent update of `aws-sdk` version 2.7.1. Can we revert to v2.6.4?
3356;negative;The recent `fix-123` PR broke our CI/CD pipeline due to an incompatible dependency update. Can we revert the change?
1763;neutral;I'm reviewing the PR #123 for the updated CI/CD pipeline configuration. The changes look good but I'd like to discuss the impact on the deployment frequency.
4020;negative;Failing to update `dependencies` in `package.json` is causing the build to fail on CircleCI. Can we please bump the version?
1786;neutral;I'm experiencing intermittent failures in the `ci/cd` pipeline for branch `feature/new-feature`. Could someone review the build logs?
3419;negative;I'm experiencing intermittent failures in our CI/CD pipeline on the `main` branch due to a recent update of `dependency-X`. Can we investigate?
3373;negative;I'm hitting the same error with `npm install` on my local machine: `Error: ENOENT: no such file or directory, open 'package-lock.json'`. Anyone else experiencing this?
406;positive;Great catch on the `npm` version mismatch! Your fix in #1234 resolved the build issues. Thanks for your diligence!
758;positive;Great fix on #123, thanks for catching that edge case! Your changes have improved the robustness of our CI/CD pipeline significantly.
2712;neutral;I'm experiencing intermittent failures in the `build` stage of our CI/CD pipeline. Can we review the recent changes to `package.json`?
2671;neutral;I'm experiencing intermittent failures in the CI/CD pipeline for #1234. Running `npm test` on my local machine doesn't reproduce the issue.
3227;negative;I'm experiencing intermittent failures in the CI/CD pipeline for #1234 due to inconsistent test results on CircleCI. Can we investigate further?
98;positive;Great fix on #123! Your changes to the CI/CD pipeline have significantly improved our build times. Well done!
1334;positive;Just ran the updated `CI/CD` pipeline on `PR #1234` and it looks like all tests are passing! Great work team!
3925;negative;Fails to build on CircleCI due to outdated `node-sass` version. Please update the `package.json` file with the latest version.
2792;neutral;I'm experiencing intermittent failures in the CircleCI build for #1234. Can we discuss possible causes and a plan to address them?
2855;neutral;I'm experiencing intermittent failures in the CI/CD pipeline for #123. The build completes successfully 3/5 times but fails with a 'connection timed out' error on the other two attempts.
187;positive;Great job on fixing the `NullPointerException` in the `auth` module! The CI/CD pipeline is now green again. Thanks for your efforts!
3241;negative;I'm experiencing intermittent failures in the `test_coverage` pipeline due to inconsistent `node_modules` cache. Can we investigate further?
3894;negative;I'm experiencing intermittent failures in the unit tests for `login.feature` due to an inconsistent database connection. Can we investigate further?
2059;neutral;I'm reviewing the latest changes in #123. The updated README looks good, but I'd like to discuss the potential impact on our CI/CD pipeline.
3921;negative;Issue #123 is still failing on CircleCI due to outdated dependencies. Can we update `jest` to the latest version?
149;positive;Just tested the latest build on CircleCI and it's passing all tests! Great job on fixing that pesky `NullPointerException`!
29;positive;Great fix on #123! Your changes to the build script improved our CI/CD pipeline stability. Thanks for your diligence!
3376;negative;@maintainer I'm experiencing intermittent failures in the `update-db` job on our CI/CD pipeline. Can you investigate why it's failing with 'connection timeout' error?
3246;negative;I'm seeing intermittent failures in the CI/CD pipeline for `feature/new-ui`. The error is a `NullPointerException` on line 123 of `NewUiController.java`. Can we investigate?
693;positive;Just reviewed #1234 and the fix looks solid! Great job on catching that edge case, @username. Pipeline's passing again thanks to you!
2867;neutral;Just wanted to confirm that the recent fix for #1234 has been tested in our CI/CD pipeline without any issues.
1387;positive;Great fix on #123! Your changes to the Dockerfile resolved the image build issues I was experiencing. Thanks for your attention to detail!
1846;neutral;Can we review the updated `README.md` for clarity on the new feature's impact on existing workflows? #1234
4265;negative;I'm experiencing intermittent failures in the CI/CD pipeline for #123 due to inconsistent caching. Can we revisit the cache configuration?
3382;negative;Failing to update `numpy` in the Dockerfile is causing issues with our CI/CD pipeline. Can we please resolve this dependency versioning problem?
1600;neutral;I'm reviewing the latest changes in #1234. The updated README looks good, but I'd like to see more context on how the new feature interacts with our existing CI/CD pipeline.
3700;negative;The latest build is failing due to an unexpected error in the `package.json` file. Can we investigate further?
702;positive;Great job on fixing the `NullPointerException` in the `main()` method! Your PR #123 has significantly improved the app's stability.
3029;negative;Just hit a snag with the latest build on Jenkins. The `npm install` step is failing due to an outdated version of `express@4.17.1`. Can we bump it up to the latest?
2970;neutral;I'm reviewing the updated `README.md` in #123. The changes look good, but I'd like to see a brief explanation for the new formatting.
1709;neutral;I'm experiencing intermittent build failures in the `CI/CD` pipeline for PR #123. Can someone review the logs to determine the cause?
2954;neutral;Regarding #1234, I noticed that the latest changes didn't trigger the CI build. Could we add a test for this scenario to ensure it's covered?
455;positive;Just ran the updated `ci/cd` pipeline and it looks like all tests are passing! Great job on squashing that pesky bug in `feature/login`!
2869;neutral;Regarding #123: I've reviewed the updated build script. The changes seem reasonable, but I'd like to see some additional logging for error handling.
2041;neutral;I'm experiencing intermittent failures in our CI/CD pipeline for the `feature/new-api` branch. Can we investigate further?
3454;negative;I'm experiencing intermittent errors with the build pipeline on PR #1234. The `npm install` step consistently fails with a `ECONNRESET` error.
2316;neutral;Noticed that the `build` script is failing on CircleCI due to an outdated version of Node.js. Can we update the `.yml` file accordingly?
610;positive;Just tested #1234 and the fix for the null pointer exception is working beautifully! Great work on getting this PR merged!
168;positive;Great job on resolving the `jenkins` build failure! Your fix has passed all tests. Thanks for your diligence!
731;positive;Great job on resolving the `NullPointerException` in the `main()` method! Your fix has improved the app's stability significantly.
3548;negative;This breaks our CI/CD pipeline. The test suite fails on `latest` branch due to missing dependencies in `package.json`. #1234
2075;neutral;I'm experiencing intermittent failures in the CI/CD pipeline for #1234. Can we investigate the cause of these errors and implement a fix?
3272;negative;I'm experiencing intermittent failures in the CI/CD pipeline for PR #123 due to a version conflict with `dependency-a`.
1623;neutral;I'm reviewing the updated `README.md` in PR #1234. The formatting looks good, but I'd like to discuss the addition of a specific dependency.
588;positive;Just tested the latest build with `pip install` and it's working smoothly! Great work on resolving the import conflict in #123.
1402;positive;Thanks for catching that typo in the README! Your PR #123 is looking great, can't wait to see it merged!
3046;negative;I'm experiencing intermittent failures in our CI/CD pipeline due to the latest update of `package:foo`. Can we investigate further?
1701;neutral;I'm reviewing the latest changes in #123. The updated dependencies seem to be working correctly, but I'd like to see more test coverage for this feature.
3089;negative;I'm experiencing intermittent failures in the `npm test` step of our CI/CD pipeline due to a flaky third-party library. Can we investigate further? #1234
3598;negative;Fails to build on Linux due to `gcc` version mismatch in `Makefile`. Can't reproduce locally with `Ubuntu 20.04`.
2982;neutral;I'm experiencing intermittent issues with the `latest` branch in our CI/CD pipeline. Can we review the recent changes to #1234?
4426;negative;The recent update to `npm` caused our CI/CD pipeline to fail on the `feature/new-api` branch. Can someone investigate?
1380;positive;Just tested the latest build on #42 and it's working flawlessly! Your fix for the `NullPointerException` is spot on!
2090;neutral;I'm experiencing intermittent failures in the CI/CD pipeline for #1234. The build passes on my local machine but consistently fails on the CI server.
2176;neutral;I'm experiencing intermittent failures in the CI/CD pipeline for #1234. The build succeeds 80% of the time but fails on random commits.
3691;negative;I'm experiencing issues with the latest build on CircleCI. The test suite is failing due to an unresolved dependency conflict in `package.json`. Can we revisit the version of `express`?
3551;negative;I'm experiencing intermittent failures in the CI/CD pipeline for #1234 due to inconsistent test results. Can we revisit the test suite configuration?
3167;negative;The recent changes in `feature/new-login-system` are causing intermittent 500 errors on our production server. Can we revert to previous commit? #1234
2658;neutral;I've reviewed the latest changes in #1234. The updated build script seems to be working as expected, no issues found so far.
4000;negative;I'm having trouble with the latest build on CircleCI. The `npm install` step is failing due to a corrupted package in node_modules.
442;positive;Great job on resolving the `NullPointerException` in the `login()` method! This fix will greatly improve user experience for our production users.
3281;negative;I'm experiencing intermittent `NullPointerException` on Windows 10 with latest build. Can we investigate the root cause of this issue?
2052;neutral;I've noticed the `README.md` formatting isn't consistent across all branches. Should we standardize it in a new PR?
2542;neutral;Noticed that the `test_coverage` metric is not updating in our CI/CD pipeline for the latest changes. Can we take a look at the configuration?
1302;positive;Just tested the latest build on my local machine and it's working flawlessly! Thanks for the fix in #123, really appreciate the effort!
1782;neutral;I've reviewed the updated `README.md` in #123. The changes look good, but I'd like to discuss the formatting consistency with the existing documentation.
1305;positive;Nice catch on the CI/CD pipeline fix! Your changes to `docker-compose.yml` resolved the deployment issues I was experiencing.
237;positive;Great catch on the `npm` version mismatch! Your fix in PR #1234 has successfully resolved the build issues. Thanks for your diligence!
2600;neutral;I'm experiencing intermittent issues with the CI/CD pipeline on PR #123. Have you tried updating the Jenkins configuration to see if it resolves the problem?
521;positive;Great job on fixing the CI/CD pipeline issue! The automated tests are now passing smoothly. Thanks for your efforts!
2574;neutral;I'm experiencing intermittent issues with the test suite in #123. The error occurs on Jenkins but not locally. Any ideas?
2769;neutral;I've verified the fix in #1234. The updated code passes all tests in our CI/CD pipeline without any issues.
736;positive;Just tested #123 with the latest changes and it's working smoothly! Your fix for the `NullPointerException` was spot on!
4240;negative;Issue with `npm install` on Windows: getting `EACCES` error for `node_modules/.cache` directory. Can we consider a more robust cache management?
2107;neutral;Regarding #1234: The test failures in the latest build are likely due to changes in the `dependencies` section. Can we review the updated `package.json`?
2680;neutral;I'm experiencing intermittent failures in our CI/CD pipeline for the `feature/new-login-system` branch. Can we investigate further?
2762;neutral;I've verified the `npm install` step in `.github/workflows/main.yml` passes without errors. No issues found so far.
593;positive;Great catch on the `NullPointerException` in the API client! Your fix for #1234 is spot on, thanks for keeping our CI/CD pipeline green!
1304;positive;Great job on fixing the `NullPointerException` in the `main()` method! This should make our CI/CD pipeline pass smoothly now.
1388;positive;Thanks for fixing the `NullPointerException` in the `main.py` file! Your changes to the logging module really improved the app's stability.
4232;negative;I'm experiencing intermittent failures in our CI/CD pipeline due to the recent update of `package.json`, can we investigate further?
3200;negative;Frustrating that the `latest` version of `log4j` is still causing intermittent failures in our CI/CD pipeline #1234
3660;negative;I'm experiencing intermittent failures in the CI/CD pipeline for #123 due to a faulty `npm` cache. Can we investigate further?
2988;neutral;@mention I'm experiencing intermittent failures in the CI/CD pipeline for PR #123. Can you help me investigate the cause of these errors?
4431;negative;I'm seeing intermittent failures in our CI/CD pipeline for the `v1.2` release due to a mysterious error in the `build.gradle` file.
905;positive;Just tested the latest build on CircleCI and it passed all tests! Thanks for fixing that pesky `TypeError` in `utils.py`. Great work!
4153;negative;Just encountered a regression in the latest `v1.2` release due to the updated `axios` version causing issues with our API calls.
1280;positive;Just tested the latest build on our CI/CD pipeline and it's passing all tests! Great work, team! #1355
3943;negative;I'm experiencing intermittent failures in the CI/CD pipeline for #1234 due to inconsistent environment variable settings. Can we revisit the .env file configuration?
4412;negative;Frustrating that the latest build is failing due to an unresolvable conflict with `react` 17.0.2 in our CI/CD pipeline #1234
2309;neutral;I've reviewed the latest changes in PR #1234. The updated build script seems to be working as expected.
3923;negative;Fails to install on Ubuntu 20.04 due to missing libssl-dev dependency. Can we add it to the requirements list?
4162;negative;@author I'm experiencing intermittent failures in the CI/CD pipeline for `feature/new-login-system` due to a `NullPointerException` on the login page. Can we investigate?
3909;negative;Issue with `npm install` on Windows: `error TS2307: Cannot find module 'typescript'`. This is blocking our CI/CD pipeline.
707;positive;Just tested the latest build on Jenkins and it's passing all tests! Great work on resolving that pesky `NullPointerException`!
4227;negative;Failing to upgrade `aws-sdk` in #123 has caused intermittent errors in our CI/CD pipeline. Can we revisit the dependency management?
3071;negative;I've tried to reproduce the `NullPointerException` on multiple machines, but it only occurs after updating to Java 17. Can we investigate further?
746;positive;Great catch on the `npm` version mismatch in #123! Your fix for the CI/CD pipeline is a huge improvement.
1940;neutral;Just wanted to confirm that the fix for #1234 has been deployed successfully in our staging environment. No issues so far.
3823;negative;Can we revisit the recent `fix-ci-pipeline` PR? The test failures on CircleCI are still unclear. Need more context on why some tests pass locally but fail in CI.
2863;neutral;Can we revisit the test coverage for `utils` module in #123? It's currently at 70% but I'd like to ensure all edge cases are covered.
3236;negative;I'm experiencing issues with the latest build on CircleCI. The test suite is failing due to an unresolvable dependency conflict with `react-router-dom`.
514;positive;Great fix on the `npm install` issue! Your changes to `package.json` resolved the conflict with our CI/CD pipeline. Thanks!
82;positive;Great fix on #123! The updated CI/CD pipeline now successfully builds the project with the latest dependencies. Well done!
4479;negative;I'm experiencing issues with the latest `npm install` on my Windows 10 machine. Getting a cryptic error message: 'ENOTFOUND registry.npm.taobao.com'.
1309;positive;Great job on resolving the `NullPointerException` in the `main()` method! Your fix has greatly improved the app's stability. Thanks for the efforts!
4096;negative;I'm experiencing intermittent `NullPointerException` on the `login()` method in PR #123, causing our CI/CD pipeline to fail consistently.
915;positive;Great catch on the `npm` version mismatch! Your fix in #123 resolved the build failure in our CI/CD pipeline. Thanks for your diligence!
4327;negative;I'm experiencing intermittent failures in the `build` stage of our CI/CD pipeline due to a corrupted `npm` cache on my local machine.
3810;negative;I'm experiencing intermittent failures in the CI/CD pipeline for #1234 due to an inconsistent error message from `npm install` on Ubuntu 20.04.
2199;neutral;Regarding #1234: I noticed the build fails on CircleCI due to an outdated version of Node.js. Could we update it to 14.x?
775;positive;Great fix on #123! The updated build script is now successfully triggering the CI/CD pipeline for our latest release. Well done!
330;positive;Great catch on the `npm` version mismatch! Your fix for #1234 has resolved the build issues in our CI/CD pipeline. Thanks for your attention to detail!
2055;neutral;Regarding #1234, I've noticed the build is failing due to an unresolved dependency conflict in the `node_modules` directory. Reviewing the CI/CD pipeline logs may provide more insight.
2002;neutral;I'm reviewing the updated `README.md` in #123. The formatting looks good, but I'd like to discuss the added dependencies before merging.
944;positive;Just tested your fix for the `NullPointerException` in `utils.js` and it's working as expected! Great work on squashing that bug!
823;positive;Just tested the latest build on CircleCI and it's passing all tests! Great job @johnDoe on squashing that pesky bug in #123!
4056;negative;Can we revisit the `v1.2` release? The `CI/CD` pipeline is still failing due to an unresolvable `npm` dependency conflict.
910;positive;Thanks for fixing the `NullPointerException` in the `login()` method! Your changes made it through our CI/CD pipeline without issues.
2517;neutral;I'm experiencing issues with the latest build on Jenkins. The test suite is passing locally but failing on the CI/CD pipeline. #1234
182;positive;Just tested #1234's fix on the CI/CD pipeline and it's working smoothly! Thanks for the update, really appreciate your efforts to resolve this!
165;positive;Just tested #1234 and the fix for the memory leak is working beautifully in our CI/CD pipeline. Thanks for your thorough work on this!
1524;neutral;I'm experiencing intermittent failures in the CI/CD pipeline for branch `feature/new-login-flow`. Can someone review the recent changes?
452;positive;Great catch on the `npm install` failure in #123! Your fix for the `package-lock.json` issue is spot on!
2539;neutral;I'm experiencing intermittent issues with the build on CircleCI. The test suite runs fine locally but fails on the pipeline. Any ideas?
3911;negative;I'm experiencing intermittent failures in the CI/CD pipeline for `main` branch due to a failing test in `tests/unit/test_math.py`. Can we investigate?
4301;negative;I'm experiencing intermittent failures in the `build` stage of our CI/CD pipeline. Can we investigate why `node-sass` is causing issues on certain builds?
1312;positive;Just tested the latest build on our CI/CD pipeline and it's passing all tests! Great job @johnDoe on squashing that pesky bug in #123!
3809;negative;I'm experiencing intermittent failures in the CI/CD pipeline for #1234 due to an inconsistent `npm install` output on CircleCI. Can we revisit the build script?
1112;positive;Just tested your fix for the `NullPointerException` in the `main` method and it's working as expected! Thanks for the quick resolution!
4092;negative;I'm experiencing intermittent build failures in the CI/CD pipeline due to inconsistent network connectivity. Can we explore a retry mechanism for failed builds?
1288;positive;Just tested your latest fix for the `login` endpoint and it's working flawlessly now! Thanks for the quick resolution!
3436;negative;I'm experiencing intermittent crashes with the latest build. Can we investigate why `libcurl` is still causing issues in our CI/CD pipeline? #1234
3699;negative;I'm experiencing intermittent failures in our CI/CD pipeline due to the recent update of `package-lock.json`. Can we revisit this change?
3427;negative;Still experiencing intermittent failures in the CI/CD pipeline for `feature/new-login-system`. Can we revisit the Docker image configuration?
4104;negative;I'm experiencing intermittent failures in our CI/CD pipeline due to this PR #1234. The `npm install` step consistently times out on Windows.
3126;negative;I'm experiencing intermittent failures in the `test` suite due to a flaky dependency on `mysql2`, can we revisit the version?
328;positive;Great job on fixing the API endpoint issue! Your changes to `package.json` resolved the error in our CI/CD pipeline. Thanks for the quick fix!
1791;neutral;I'm experiencing intermittent issues with the `build` step in #1234. The error occurs on 30% of runs, but I've verified the code is correct.
2491;neutral;I'm experiencing intermittent issues with the build on CircleCI. The error occurs during the `npm install` step in the `dev` environment.
2007;neutral;I've noticed the latest build in `ci/stable` is failing due to an unresolved dependency conflict with `react@17.0.2`. Let's investigate.
2008;neutral;I'm reviewing the latest changes in #123. The updated README looks good, but I'd like to see more context for the new `npm install` command.
1859;neutral;Just wanted to confirm that the fix for #1234 is working as expected in our CI/CD pipeline. No issues found so far.
4223;negative;Failing to merge #123 due to broken CI/CD pipeline. The `npm install` step is failing with a cryptic error message: `Error: ENOENT: no such file or directory, open 'package.json'.
313;positive;Great fix on #123! Your PR has improved our CI/CD pipeline stability. Thanks for tackling that tricky dependency issue!
833;positive;Great job on resolving the `NullPointerException` in the `main.py` file! Your fix has greatly improved the app's stability. Thanks for your efforts!
3080;negative;Just encountered another `NullPointerException` in the `main()` method. This is getting frustrating with the current implementation #45
1202;positive;Great job on resolving the `NullPointerException` in the latest build! The updated CI/CD pipeline is now passing smoothly.
3798;negative;The latest build on the `main` branch is failing due to an unresolved dependency conflict with `react@17.0.2`. Can we revisit the package.json?
3234;negative;Frustrating that the `latest` tag in our Dockerfile is still pointing to an outdated version of Redis. This needs to be updated ASAP.
2135;neutral;Regarding #1234, I've reviewed the updated code in PR 5678. The changes seem to address the issue with our CI/CD pipeline's Docker container build.
2210;neutral;Regarding #123: I've reviewed the changes in this PR and don't see any obvious conflicts with our existing codebase. Can we discuss further?
3807;negative;I'm experiencing intermittent failures in the CI/CD pipeline for #1234 due to inconsistent test results. Can we revisit the mocking strategy?
1482;positive;Great catch on the `npm` version mismatch in the CI/CD pipeline! Your fix for #1234 is spot on, thanks for the contribution!
778;positive;Just tested the latest build on CI/CD pipeline #1234 and it's passing all tests! Great job @johnDoe on squashing that nasty bug!
800;positive;Great work on fixing the `npm install` issue! The updated CI/CD pipeline is now successfully building our project. Thanks for your efforts!
55;positive;Thanks for catching that regression in the latest build! Your fix in PR #1234 has our CI/CD pipeline back on track.
2973;neutral;Just wanted to confirm that the `fix-ci` branch is up-to-date with the latest changes from `main`. All tests are passing on my end.
1921;neutral;I'm experiencing intermittent failures in the `build` step of our CI/CD pipeline on branch `feature/new-feature`. Can we investigate further?
4187;negative;Just encountered another `TypeError` in the `utils.py` file due to incompatible library versions. Can we revisit our dependency management?
3542;negative;I'm experiencing intermittent issues with the CircleCI build on #1234. The test failures are inconsistent and causing delays in our CI/CD pipeline.
1702;neutral;I'm reviewing the updated `README.md` file in #123. The formatting looks good, but I think we should add a link to the project's GitHub wiki for more detailed documentation.
2162;neutral;Just reviewing the updated `README.md` for #123. The changes look good, but I'm not sure about the new badge for GitHub Pages.
1137;positive;Great fix on #123! Your changes to the CI/CD pipeline have significantly improved build stability. Thanks for your thorough testing and attention to detail!
988;positive;Great catch on the `npm` version mismatch! Your fix for #1234 has been successfully integrated into our CI/CD pipeline.
3881;negative;I'm experiencing intermittent failures in our CI/CD pipeline due to the recent update of `npm` package, causing deployment issues. Can we investigate?
3539;negative;I'm experiencing intermittent failures in our CI/CD pipeline due to the latest update of `dependency-x`. Can we investigate further?
3058;negative;@author I'm experiencing intermittent failures in the CI/CD pipeline due to inconsistent Docker image builds. Can we investigate further? #issue-1234
1395;positive;Great fix on #123! Your changes to the CI/CD pipeline have greatly improved build times. Thanks for your diligence!
2638;neutral;I'm reviewing the updated `README.md` in #123. The changes look good, but I'd like to see more context for the new feature added.
769;positive;Great catch on the `npm` version mismatch in #123! Your fix in PR #456 has resolved the build issues. Thanks for your diligence!
4239;negative;I'm experiencing intermittent failures in the CI/CD pipeline for `#1234` due to a corrupted cache. Can we investigate further?
4335;negative;The recent `main` branch update broke the CI/CD pipeline for our latest feature. Can we roll back to a stable commit?
3216;negative;I'm running into issues with the latest build on CircleCI. The deployment to staging is failing due to a missing `package-lock.json` file.
286;positive;Just tested the latest PR (#123) and I'm thrilled to see the fix for the caching issue! Well done team!
4442;negative;I'm seeing intermittent failures in our CI/CD pipeline for the `feature/new-login-system` branch due to an unresolvable `npm install` error.
429;positive;Just successfully deployed the updated API with the new caching mechanism. Tests are passing and performance is significantly improved! #1663
2333;neutral;Just reviewing the latest PR #1234. The build is passing on CircleCI but I'm not sure if this change affects our app's performance.
2718;neutral;I've reviewed the latest changes in #1234. The updated build script seems to be working correctly with our current dependencies.
2080;neutral;I'm experiencing intermittent failures in the `build` stage of our CI/CD pipeline on GitHub Actions. Can we investigate further?
723;positive;Great catch on the `npm` version mismatch in #123! Your fix for the CI/CD pipeline is spot on. Thanks for keeping our build stable!
952;positive;Just tested #1234 on latest master branch and it's working as expected! Great job on resolving the CI/CD pipeline issue!
3756;negative;Just encountered another `NullPointerException` in the `main()` method due to an unhandled case in the `UserDAO` class. This is getting frustrating.
2263;neutral;Just wanted to confirm that the fix in #1234 has been tested with our updated `node` version, as discussed in the previous meeting.
990;positive;Great job on resolving the `NullPointerException` in the API endpoint! Your fix has significantly improved our app's stability. Thanks for your efforts!
3213;negative;I'm experiencing issues with the CI/CD pipeline failing on my PR #123 due to an outdated version of `npm` causing a `TypeError`. Can we update the dependencies?
1760;neutral;I'm experiencing intermittent issues with the `build` step in #1234. Can we investigate further to determine the root cause of this failure?
3332;negative;Just hit this error in the latest build: `TypeError: Cannot read property 'length' of undefined`. Any ideas on what's causing it in our CI/CD pipeline?
327;positive;Great fix on #123! Your approach to handling the `NullPointerException` in the CI/CD pipeline has greatly improved our build stability.
2609;neutral;I'm experiencing intermittent failures in our CI/CD pipeline for the `feature/new-login-system` branch. Can we review the build logs to identify the cause?
1384;positive;Great fix on #123! The updated CI/CD pipeline is now successfully deploying the latest build. Thanks for your attention to detail!
1725;neutral;I'm experiencing intermittent failures in the `build` step of our CI/CD pipeline on the `feature/new-feature-123` branch. Can we investigate further?
1087;positive;Great fix on #123! The updated `README` is now accurate and helpful for new contributors. Thanks for the effort!
3961;negative;Can we revisit #123's test suite? The recent changes broke our CI/CD pipeline due to a faulty assertion in `utils.py`.
342;positive;Great job on fixing the `NullPointerException` in the `main()` method! Your PR #123 is a huge improvement for our CI/CD pipeline stability.
148;positive;Great job on resolving the Jenkins build failure! This should help us catch regressions in our CI/CD pipeline more effectively now.
3835;negative;This PR breaks our CI/CD pipeline due to an incompatible version of `log4j`. Can we revert to the previous commit?
1108;positive;Just tested the latest build on CircleCI and it's passing all tests! Thanks for the quick fix on #123, @johnDoe!
849;positive;Great catch on the `NullPointerException` in the `login()` method! Your fix for #1234 is spot on, thanks for contributing to our project!
967;positive;Great fix on the `jenkins` integration! The new pipeline is now successfully deploying to staging. Thanks for squashing that pesky bug!
4263;negative;The recent changes to the `main` branch broke our CI/CD pipeline. The test suite is now failing due to an unresolvable dependency conflict.
4042;negative;I'm experiencing intermittent failures in our CI/CD pipeline for the `feature/new-api` branch due to a missing dependency on `@latest version of express`. Can we investigate?
2204;neutral;I'm experiencing issues with the latest build on CircleCI. The test suite is failing due to a missing dependency in `vendor/lib`. Can we investigate?
3667;negative;This is causing intermittent failures in our CI/CD pipeline. Can we revisit the dependency update to #123? The latest version is breaking our build.
662;positive;Great fix on #123! The updated CI/CD pipeline is now successfully deploying to staging. Thanks for the quick turnaround!
1003;positive;Just tested the latest PR (#123) and the fix for the `NullPointerException` in the login feature is working as expected. Well done!
3839;negative;Just hit another `NullPointerException` in the `login` method after updating to v1.2. Can we revisit the API changes?
285;positive;Just tested #1234 with the latest changes to our CI/CD pipeline and it's working beautifully! Thanks for the quick fix!
3843;negative;I'm experiencing intermittent failures in the CI/CD pipeline for #123. The `npm install` step consistently times out on my machine.
4243;negative;The latest build on the `main` branch is failing due to an unresolved dependency conflict with `npm install`. Can we revisit the package updates?
1880;neutral;I'm experiencing intermittent failures with the CircleCI build for `feature/new-api` due to an unclear error message in the `dependencies.yml` file.
4373;negative;I'm experiencing intermittent failures in the CI/CD pipeline due to inconsistent `npm` cache behavior. Can we revisit our caching strategy?
1204;positive;Just tested #1234's fix on the CI/CD pipeline and it passes with flying colors! Great work @username on squashing that tricky bug!
1991;neutral;I've reviewed the updated `README.md` in #123. The formatting looks good, but I'd like to see more detailed explanations for the new features.
25;positive;Great catch on the `pip` install issue in #123! Your fix has successfully resolved the package conflict in our CI/CD pipeline.
4371;negative;The `latest` version of React is causing issues with our CI/CD pipeline. Can we revert to a stable version?
3327;negative;I'm experiencing intermittent failures in the CI/CD pipeline due to inconsistent build times. Can we investigate further?
3425;negative;I'm experiencing intermittent failures on my CI/CD pipeline due to the recent `npm` update. Can we revisit the package versions?
3779;negative;The `npm install` on the `main` branch is still failing due to an unresolvable conflict with `package-lock.json`. Can someone investigate?
876;positive;Great job on fixing the `TypeError` in the CI/CD pipeline! Your changes have greatly improved the build stability. Thanks!
4275;negative;I'm experiencing intermittent failures in the CI/CD pipeline for `main` branch due to inconsistent `node_modules` cache between builds. #1234
939;positive;Great work on resolving the `jenkins` build failure! Your fix in #1234 has improved our CI/CD pipeline's reliability significantly.
2688;neutral;Noticed that the latest build on CircleCI is failing due to a missing `@types/node` dependency. Can we take a look at fixing this?
2395;neutral;I'm reviewing #123 to ensure the updated dependencies don't break our CI/CD pipeline. Can we discuss potential issues with the new version of `package-x`?
4115;negative;I'm experiencing intermittent failures in our CI/CD pipeline due to the recent update of `axios` package. Can we investigate this further? #issue-1234
4483;negative;I'm seeing intermittent failures in our CircleCI pipeline due to an inconsistent `npm` cache. Can we investigate further? #1045
4125;negative;I'm experiencing intermittent failures in the build process due to inconsistent Docker image versions. Can we lock down the version for now?
386;positive;Just tried your fix for the `jenkins` pipeline issue and it's working beautifully! Thanks for the quick turnaround on this!
3768;negative;I'm experiencing intermittent failures in the `staging` environment due to the newly introduced `axios` version conflict with ` express`. Can we revisit this merge? #1234
4117;negative;The `CI/CD` pipeline is still failing due to the `npm` version mismatch issue. Can we please revisit #1234?
3613;negative;I'm experiencing intermittent failures in our CI/CD pipeline due to the latest update of `npm` version 8.10.0 causing issues with `jest`. Can we revert to a stable version?
2292;neutral;I'm looking at the latest build on `ci/cd-1.2` and noticed the test suite is still failing due to a missing dependency.
3442;negative;I'm experiencing intermittent failures in the CI/CD pipeline for #123 due to a faulty Docker image build. Can we investigate further?
937;positive;Just tested #123 and the fix for the CI/CD pipeline failure is working beautifully! Thanks for your efforts on this, it's a huge relief!
4183;negative;I'm experiencing intermittent build failures on `main` due to the recent update of `dependency-xyz`. Can we investigate further?
2361;neutral;Regarding #123: I'm experiencing intermittent failures in the CI/CD pipeline for the latest build. Would appreciate insight into possible causes.
202;positive;Great fix on #123! Your changes resolved the `NullPointerException` in the `UserService` class. Thanks for your thorough testing!
3209;negative;I'm experiencing intermittent failures in our CircleCI pipeline due to the recent `axios` upgrade. Can we revisit the config?
1333;positive;Just ran the updated CI/CD pipeline for #1234 and it's passing all tests! Great work on squashing that pesky bug in the dependencies.
3017;negative;The latest build on the `main` branch is failing due to a missing dependency in our `package.json`. Can we revisit the recent changes?
2709;neutral;I'm experiencing intermittent issues with the CI/CD pipeline on PR #123. The build fails randomly, but I've seen it pass on multiple attempts.
1935;neutral;I'm experiencing intermittent failures in the build pipeline for #123. The error message doesn't provide much insight into what's causing it.
936;positive;Great catch on the typo in `README.md`! Your PR #1234 is a huge improvement. Thanks for keeping our docs up-to-date!
2419;neutral;I'm experiencing intermittent issues with the `update-deps` script in #1234. Can we discuss possible causes and potential fixes?
567;positive;Great job on resolving the `NullPointerException` in the `main()` method! This fixes a long-standing issue. Thanks for your diligence!
1855;neutral;I'm experiencing intermittent failures in the `ci_build` step of #1234. Can we revisit the Docker image dependencies to ensure consistency?
3955;negative;Just hit this error in our CI/CD pipeline: `TypeError: Cannot read property 'length' of undefined` on the latest commit #1234. Any ideas?
2873;neutral;I'm experiencing intermittent failures in the CI/CD pipeline for commit #1234. The build fails on Jenkins but passes locally.
3031;negative;I'm experiencing intermittent failures in our CI/CD pipeline due to the recent update of `npm` version 8.15.0 causing issues with `package-lock.json`. Can we roll back?
3977;negative;I'm experiencing intermittent failures in our CI/CD pipeline due to the `npm` version mismatch between `package.json` and `dockerfile`. Can we revisit this?
2468;neutral;I'm experiencing intermittent failures in the CI/CD pipeline for PR #1234. Can we investigate the cause of these errors?
1646;neutral;I'm experiencing intermittent failures in the CI/CD pipeline for PR #123. Can we investigate the cause of these errors?
4034;negative;I'm experiencing intermittent failures in the `build` step of our CI/CD pipeline due to an inconsistent `npm install` result. Can we investigate further?
2862;neutral;I'm experiencing intermittent issues with the Docker build on `main` branch. The error only occurs after 3rd attempt, any ideas?
1793;neutral;I'm reviewing the latest changes to the CI/CD pipeline (PR #123) and noticed a minor discrepancy in the deployment script.
1431;positive;Great job on fixing the `NullPointerException` in the `login()` method! Your changes have significantly improved the app's stability.
2827;neutral;Just wanted to confirm that the fix for #1234 has been tested in our CI/CD pipeline and appears to be stable.
3101;negative;I'm experiencing intermittent errors with the `fetch_data` function in PR #123. Can we investigate why it's failing on CircleCI but not locally?
3805;negative;I'm experiencing intermittent failures in the `integration-tests` pipeline due to `eslint-plugin-react-hooks` version 4.0.0, causing false positives on React hook usage.
1014;positive;Just tested the latest build on our CI/CD pipeline and it looks like the fix for #1234 has successfully resolved the API connection issues. Great work team!
1929;neutral;Just reviewing #123 for the latest build on Jenkins. The tests seem to pass, but I'm not sure about the new dependency on `numpy`.
3695;negative;Can we revisit the recent merge of #123? The updated build fails due to an unresolved conflict with a transitive dependency.
3057;negative;I'm experiencing intermittent failures in the CI/CD pipeline for #1234 due to the `numpy` upgrade causing a version conflict with our project's dependencies.
4368;negative;The latest PR #1234 breaks the build due to an incompatible version of `log4j` in our dependencies. Can we revert to a stable version?
127;positive;Great catch on the `TypeError` in the `main.py` file! Your fix in PR #123 is spot on. Thanks for keeping our CI/CD pipeline green!
3581;negative;I'm experiencing intermittent failures in the CI/CD pipeline for #123 due to an uncaught error in `libcurl`. Can we investigate further?
2936;neutral;I'm experiencing intermittent failures in the Jenkins build for #1234. Could someone review the configuration to ensure it's up-to-date?
3205;negative;Issue with `npm install` on Windows: 'ENOTFOUND' error. Can we add a workaround for this in our CI/CD pipeline?
1348;positive;Just tested the latest build on CircleCI and it's passing all tests! Great job on resolving the `npm install` issues in #123!
3056;negative;Issue with latest build: `npm install` fails due to outdated `node-sass` version in `package-lock.json`. Can we update the lockfile?
356;positive;Just tested #1234 and the fix for the `NullPointerException` in `utils.py` is working as expected! Thanks for your swift resolution!
4196;negative;I'm experiencing intermittent failures in our CI/CD pipeline due to the latest update of `react-scripts`. Can we roll back to a previous version?
2731;neutral;I'm experiencing intermittent issues with the latest build on CircleCI. The test suite is passing locally but failing intermittently in the pipeline.
828;positive;Great job on resolving the `NullPointerException` in the `login()` method! Your fix is clean and efficient. Thanks for the quick turnaround!
1640;neutral;Just reviewing the latest changes in #1234. The updated build script seems to be working as expected in our CI/CD pipeline.
3041;negative;This breaks our CI/CD pipeline for the `release-1.2` branch due to a missing dependency on `@latest`. Can we revisit this change?
985;positive;Great fix on the `README.md` typo! Your changes are now merged into master. Thanks for keeping our documentation up-to-date!
3282;negative;I'm experiencing intermittent failures in the CI/CD pipeline for #123 due to an unexpected error in `package.json`. Can we investigate further?
4474;negative;I'm experiencing intermittent failures in the CI/CD pipeline for #1234 due to a timeout error. Can we revisit the build configuration?
2189;neutral;I'm experiencing intermittent failures in the CI/CD pipeline for #1234. The build passes on my local machine but fails on the server with a `connection timed out` error.
4156;negative;I'm experiencing intermittent failures in our CI/CD pipeline due to the recent update of `dependency A` causing a conflict with our custom module.
2444;neutral;I'm experiencing intermittent failures in our CI/CD pipeline for the `feature/new-api` branch. Can we review the build logs to identify the cause?
363;positive;Great job on resolving the `jenkins` build failure in #123! Your fix has successfully triggered a clean deployment to production.
2350;neutral;I've reviewed the updated CI/CD pipeline configuration in #123. The changes look good but I'd like to discuss the impact on our existing deployment scripts.
346;positive;Great job on fixing the `jenkins` integration! The new pipeline is now successfully running on our CI/CD server. Thanks!
3554;negative;Fails to deploy on CircleCI due to outdated `node-sass` version. Please update the package in `package.json`. #1234
4152;negative;I'm experiencing intermittent failures in our CI/CD pipeline due to the `requests` library upgrade. Can we revert to previous version for now?
712;positive;Just tested your fix for #1234 and it's working beautifully! Your changes to the CI/CD pipeline have greatly improved our build stability.
3206;negative;Frustrated with the `ci/cd` pipeline failure on `main`. The `npm install` step is consistently failing due to a missing `package.json` file.
3412;negative;I'm experiencing intermittent failures with the CircleCI build due to an outdated `node-sass` version. Can we bump it to 5.x?
4318;negative;Issue #123 still broken after merge. Fails on CircleCI due to outdated `axios` version, causing `fetch` errors in API calls.
3400;negative;@username, I'm experiencing intermittent build failures on my local machine with the latest `main` branch. The error message doesn't provide any useful information.
3326;negative;I'm experiencing intermittent failures in the CI/CD pipeline for `feature/new-login-system` due to a flaky test case. Can we revisit the mocking strategy?
11;positive;Just tested the latest `fix-regex-issue` PR and it's working as expected! Great job @username on resolving that pesky regex bug!
3962;negative;Issue #123 still broken after merge. The `latest` dependency update is causing a runtime error on Ubuntu 20.04.
2117;neutral;I've reviewed the PR #123 and noticed the updated README doesn't match the changes in the code. Can we sync on this?
4268;negative;The latest build is failing due to an incorrect version of `numpy` in the requirements.txt file. Please update it to 1.20.0.
1835;neutral;I'm experiencing intermittent failures in the `build` stage of our CI/CD pipeline. Can we review the recent changes to `docker-compose.yml`?
794;positive;Great catch on the `npm` version mismatch in #123! Your fix to update the package.json resolved the build error for me. Thanks!
3364;negative;I'm seeing intermittent failures in the CircleCI build for `#1234` due to a missing `node_modules` directory. Can we add a fix to ensure it's always present?
4450;negative;I'm experiencing intermittent failures in our CI/CD pipeline due to a faulty `npm` version. Can we revert to the previous version until this is resolved?
2803;neutral;Can we revisit the `v1.2` release notes? I'm having trouble reconciling the updated changelog with the actual commit history.
2675;neutral;I'm experiencing intermittent failures in the `ci/cd` pipeline for PR #123. Can we investigate the cause of these transient errors?
95;positive;Just tested the latest build on Jenkins and it's passing all tests! Great job @johnDoe on resolving the `NullPointerException` in the auth module!
130;positive;Great fix on the `ci/cd` pipeline! The new job configuration is much more efficient now. Thanks for the update!
2892;neutral;I'm experiencing intermittent failures on the `test-api` suite in my PR #123. Can we investigate further?
2372;neutral;I've reviewed the updated `README.md` file in #123. The changes look good, but I'd like to discuss the addition of a changelog section before merging.
4186;negative;Just hit this error again with the latest build. `npm install` fails due to missing dependencies in `package-lock.json`. #1234
3890;negative;The recent `v2.0` release broke our CI/CD pipeline due to the incompatible `axios` version. Can we revert to `1.9.4`?
3333;negative;Unfortunately, I'm still seeing intermittent failures in our CI/CD pipeline for #1234 due to the unresolved dependency conflict with `npm install`.
3229;negative;I'm experiencing intermittent failures in our CI/CD pipeline due to the recent update of `react` dependencies. Can we revisit the version upgrade?
4496;negative;Failing to update `npm` in `.yarnrc.yml` is causing the build to fail. Can we prioritize this fix for our next release?
4044;negative;I'm experiencing intermittent failures in our CI/CD pipeline for branch `dev/new-feature`. The test suite is timing out consistently on Jenkins.
2264;neutral;I'm experiencing intermittent issues with the CI/CD pipeline on `main` branch. The build fails occasionally due to a missing dependency.
1901;neutral;I'm experiencing intermittent issues with the build on CircleCI. It's passing 9/10 times but failing on the remaining 1% of runs.
3601;negative;I'm experiencing intermittent failures in the CI/CD pipeline for branch #1234 due to inconsistent test results. Can we revisit the test suite?
3934;negative;I'm experiencing intermittent failures in the build process due to inconsistent `npm` cache behavior. Can we revisit the `.npmrc` configuration?
3231;negative;I'm experiencing intermittent failures in the CI/CD pipeline for #1234 due to inconsistent package versions causing unexpected behavior.
1933;neutral;I'm experiencing intermittent failures in the CI/CD pipeline for #123. The builds pass locally but fail on the server-side. Any ideas?
3630;negative;Can't reproduce the `TypeError` on my end. Same codebase, same env. Can we revisit this test case? #143
3528;negative;I'm experiencing intermittent failures in the CI/CD pipeline for `feature/new-login-system` due to a failing test on Ubuntu 20.04, can we investigate?
2913;neutral;Just wanted to confirm that the fix for #1234 is working as expected in our staging environment. No issues reported so far.
1866;neutral;I'm experiencing intermittent failures in the CI/CD pipeline for #1234. Could you review the build logs to determine if it's a configuration or dependency issue?
1659;neutral;I've encountered an issue with the latest build on CircleCI. The test suite is failing due to a missing dependency in `package.json`. Can we investigate?
517;positive;Great catch on the `npm` version mismatch in #123. Your fix for the CI/CD pipeline is spot on! Thanks for contributing to this project.
1858;neutral;I'm reviewing the latest changes in PR #123. The updated README looks good, but I'd like to see more details on the CI/CD pipeline configuration.
2646;neutral;Noticed that the `docker-compose` build step in #1234 is failing due to an outdated `nginx` image. Should we update the Dockerfile?
2244;neutral;I'm experiencing intermittent failures in the CI/CD pipeline for #123. The build is successful on my local machine but fails on the server.
1278;positive;Great job on fixing the `NullPointerException` in the `main.py` file! Your fix is clean and efficient. Thanks for your efforts!
2337;neutral;I'm reviewing the updated `README.md` in #123. The changes look good, but I'd like to discuss the added dependencies before merging.
951;positive;Great catch on the `NullPointerException` in the `main.py` file! Your fix in #1234 is spot on, thanks for your thorough testing!
3817;negative;I'm seeing intermittent failures in our CI/CD pipeline for the `feature/new-login-system` branch due to a failing test on Windows 10.
3069;negative;I'm experiencing intermittent failures in the build process due to an inconsistent `npm` cache. Can we investigate further? #1043
1121;positive;Great job on resolving the caching issue! The updated build process is now successfully triggered by our CI/CD pipeline.
2598;neutral;I've reviewed the updated README for #123. The formatting looks good, but I'd like to see some minor adjustments to the API documentation.
2205;neutral;I'm reviewing the updated `README.md` in PR #123. The changes look good, but I'd like to see more context for the new dependencies.
420;positive;Great fix on #123! The updated CI/CD pipeline is now successfully deploying to staging. Thanks for the quick turnaround!
923;positive;Great fix on the Jenkins pipeline! Your changes resolved the intermittent build failures. Thanks for your attention to detail!
3618;negative;I'm experiencing intermittent failures in the CI/CD pipeline for #1234. The `npm install` step consistently fails with a 'timeout' error.
478;positive;Just tested your fix for #1234 and it's working beautifully! Great work on identifying the root cause of that pesky bug!
2036;neutral;I'm experiencing intermittent issues with the build process in #1234. The CI/CD pipeline fails occasionally due to a missing artifact from our Maven repository.
3733;negative;Unable to build project due to `npm` installation error in `.circleci/config.yml`. Getting a `MODULE_NOT_FOUND` error for `@types/node`. @dependabot, can you investigate?
1693;neutral;I'm reviewing the updated `README.md` in #123. The new formatting looks good, but I'd like to discuss the added dependencies in the next update.
3912;negative;@author I'm experiencing intermittent failures in the `build` stage of our CI/CD pipeline due to a corrupted dependency on version 1.2.3.
3627;negative;@author I'm experiencing intermittent failures in the CI/CD pipeline for `feat/new-feature` due to a `java.lang.NullPointerException`. Can we investigate?
1472;positive;Just successfully deployed the latest changes to production using the updated Docker image. Thanks for your efforts on #123!
2602;neutral;I'm experiencing intermittent failures in the CI/CD pipeline for #123. Can we discuss possible causes and potential fixes? @maintainer
1203;positive;Just reviewed #1234 and I'm blown away by the fix! The new test cases are comprehensive and the code is much cleaner now.
2439;neutral;I'm experiencing intermittent failures in the CI/CD pipeline for `feature/new-api` due to inconsistent test results. Reviewing logs now.
2627;neutral;I'm experiencing issues with the `npm install` on the latest changes in PR #123. The package is installed successfully but some tests are failing.
1670;neutral;I'm reviewing the latest changes to `main` branch. The updated CI/CD pipeline seems stable, but I'd like to see more test cases for edge scenarios.
4341;negative;I'm experiencing intermittent failures in our CI/CD pipeline for the `v1.2` release due to a broken dependency on `npm install`.
1971;neutral;I'm experiencing intermittent failures in the `ci/cd` pipeline for PR #1234. Can we review the deployment script to ensure it's not a configuration issue?
3111;negative;I'm experiencing issues with the latest build failing due to an unresolvable `npm` install error in the CI/CD pipeline on #123.
2152;neutral;I'm experiencing intermittent failures with the `test_coverage` job in #1234. The error logs don't indicate any obvious issues.
821;positive;Great fix on #123! The updated README now accurately reflects the new build process. Your changes have improved our documentation significantly!
1998;neutral;I'm experiencing intermittent issues with the CI/CD pipeline on `feat/new-feature` branch. Can we discuss possible causes?
4405;negative;Just hit a snag with the latest build: `CI/CD Pipeline` failed due to outdated `docker-compose` version. Can we update it ASAP?
3055;negative;I'm experiencing issues with the latest build on CircleCI due to an outdated `axios` version. Can we update it to the latest 1.1.3 release?
1249;positive;Just tested the latest build on our CI/CD pipeline and it passed all tests! Great work on resolving that tricky Docker dependency issue #1234
3612;negative;I'm experiencing intermittent failures in the CI/CD pipeline for #123 due to inconsistent Docker image builds. Can we investigate further?
2713;neutral;Just wanted to confirm that the fix for #123 is working as expected in our staging environment. No issues observed so far.
993;positive;Just reviewed #1234's PR and I'm impressed with the refactored code. Well done on tackling that pesky circular import!
2191;neutral;Hi @maintainer, I'm reviewing the latest changes to the CI/CD pipeline (PR #123) and noticed a minor discrepancy in the deployment script.
4204;negative;I'm experiencing issues with the latest build on the `main` branch due to an unresolvable conflict in the `package.json` file.
1047;positive;Great catch on the typo in `config.json`! The fix in #123 is spot on. Thanks for your diligence!
1889;neutral;I'd like to discuss the recent changes in `build.gradle` for our CI/CD pipeline. Can we review the updated script together?
2470;neutral;I'd like to discuss the recent changes to `build.gradle` in #1234. The updated dependencies seem fine, but I'm unsure about the impact on our CI/CD pipeline.
2848;neutral;I'm experiencing some issues with the `ci/cd` pipeline failing on branch `feature/new-login-flow`. Any thoughts on why this might be happening?
616;positive;Great job on fixing the `NullPointerException` in the `main()` method! Your changes passed all tests and improved our code's reliability.
1319;positive;Just tested #123 and the fix for the null pointer exception is working beautifully! Thanks for your efforts on this one!
1864;neutral;I'm experiencing intermittent failures in the CI/CD pipeline for #1234. Can we review the build logs to identify the root cause?
2344;neutral;I've reviewed the updated README. The formatting looks good but I'm not sure about the new section on deployment. Can we discuss?
2450;neutral;Can we discuss the implications of this change on our existing CI/CD pipeline? I've reviewed the updated Dockerfile but want to ensure it doesn't break our automated tests.
2137;neutral;I've reviewed the PR #1234, but I'm unsure about the impact of this change on our CI/CD pipeline. Can we discuss further?
4033;negative;Unfortunately, the latest build on Jenkins still fails with `NullPointerException` in the `utils` package. Can we revisit the fix for #123?
1773;neutral;I've reviewed the updated `README.md` file in #123. The changes look good, but I'd like to see a brief explanation for the new dependencies added.
4464;negative;I'm experiencing intermittent failures in our CI/CD pipeline due to inconsistent Docker image builds. Can we investigate the cache configuration?
132;positive;Just tested the latest PR #1234 and it's working flawlessly! Great job on resolving that pesky bug in the CI/CD pipeline!
3541;negative;I'm experiencing intermittent failures on the `dev` branch due to the newly introduced `asyncio` dependency. Can we revisit its configuration?
78;positive;Great catch on the `npm` version mismatch! Your fix in PR #1234 resolved the build error for me. Thanks for your diligence!
3451;negative;Can we revisit the recent `npm install` issue in #123? Still getting inconsistent results with `@latest` version causing errors on CI/CD pipeline.
2899;neutral;I'm experiencing intermittent failures in our CI/CD pipeline for the `release-v1.2` branch due to inconsistent test results.
2053;neutral;I'm experiencing intermittent failures in our CI/CD pipeline for branch `feature/new-logging`. Can we review the recent changes to `pom.xml`?
3999;negative;I'm experiencing intermittent failures in our CI/CD pipeline due to the `npm` package version mismatch. Can we revisit the build script?
725;positive;Great job on fixing the `NullPointerException` in the `main` method! Your changes to the CI/CD pipeline have really streamlined our builds.
1315;positive;Great fix for the `NullPointerException` in `utils.py`, thanks for catching that! The CI/CD pipeline should now pass smoothly.
3759;negative;I'm experiencing intermittent failures in our CI/CD pipeline due to the recent update of `dependency-manager` library. Can we revisit the version?
1852;neutral;I'm experiencing intermittent failures in the `build` step of our CI/CD pipeline on PR #123. Can we investigate further?
2318;neutral;Regarding #1234, I'm noticing inconsistent test results across different environments. Can we discuss possible causes and potential solutions?
3771;negative;I'm experiencing intermittent failures on the `dev` branch due to conflicting changes in `package.json`. Can we revisit the last PR #1234?
4079;negative;This CI/CD pipeline failure is frustrating. The `npm install` step is consistently failing due to a corrupted package in our dependencies.
1373;positive;Just tested your latest PR (#123) and the new CI/CD pipeline is working flawlessly! Great job on addressing those dependency issues!
1856;neutral;I've reviewed the changes in #1234. The updated build script seems reasonable but I'd like to see more context on why we're switching from Maven to Gradle.
2966;neutral;I'm reviewing the updated `README.md` for clarity. Can you ensure the installation instructions are up-to-date with the latest dependencies?
3588;negative;This breaks our CI/CD pipeline on CircleCI. Can we revert to the previous commit before this change? #1234
1320;positive;Just reviewed your PR #123 and I'm impressed with the refactored code. The new caching mechanism is a great optimization!
2561;neutral;I'm testing the fix for #1234. The changes seem to be working correctly in my local environment. Can we discuss further before merging?
4409;negative;I'm experiencing intermittent failures in the CI/CD pipeline for #123. The build fails on Jenkins but succeeds locally.
4019;negative;Unfortunately, I'm still seeing intermittent failures in the `test-integration` suite after #1234's changes. Can we revisit the CI/CD pipeline config?
3565;negative;Issue #123: @maintainer, the latest build is failing due to an unresolvable `npm` version conflict in the CI/CD pipeline.
376;positive;Great job on fixing the `NullPointerException` in the `dataProcessor` function! This will greatly improve our app's stability. Thanks for your efforts!
1909;neutral;I'm experiencing intermittent issues with the build on CircleCI. Sometimes it passes, but most times it fails due to an unknown error in `package.json`.
334;positive;Great job on resolving the `jenkins` pipeline issue! Your fix for the broken `npm install` step is a huge relief.
3702;negative;The latest build is failing due to an unmet dependency requirement in `package.json`. Can we revisit the version specs?
3782;negative;@username I'm seeing intermittent failures in our CircleCI pipeline due to the recent update of `react` package. Can we investigate?
2366;neutral;Regarding #1234, I've noticed the new build script is failing due to an outdated `npm` version. Could we update it to match our CI/CD pipeline's requirements?
1605;neutral;I'm reviewing the updated `README.md` file in #123. The formatting looks good, but I'd like to discuss the addition of a changelog section.
1119;positive;Great fix on the `npm install` issue! The updated Dockerfile now properly installs dependencies for our CI/CD pipeline. Thanks for the effort!
4380;negative;I'm experiencing intermittent failures in the CI/CD pipeline for #1234 due to inconsistent build times. Can we revisit the caching strategy?
1944;neutral;I'm experiencing intermittent issues with the build failing on CircleCI due to an unknown dependency conflict in `package-lock.json`. Can we investigate?
2959;neutral;I've noticed the latest build is failing due to an unresolved conflict with `package.json` in PR #123. Can we review the dependencies?
3717;negative;This build is failing due to an unresolvable package conflict with `react` 17.0.2 in the `package-lock.json`. Can we bump the version?
4459;negative;Just hit another `TypeError` on the latest build, @john. This is happening consistently in our CI/CD pipeline for `feature/new-login-system`. Any ideas?
3734;negative;I'm experiencing intermittent failures in the CI/CD pipeline for #123 due to inconsistent network connectivity. Can we explore a retry mechanism?
2377;neutral;I'm reviewing the updated `README.md` in #123. The formatting looks good, but I'd like to discuss the addition of a dependencies section.
4360;negative;Fails to build on CircleCI due to outdated `node-sass` version. Can we bump the version in `package.json` to fix this?
1343;positive;Great catch on the CI/CD pipeline issue! Your fix for the `npm install` error really streamlined our build process. Thanks!
321;positive;Great job on resolving the CI/CD pipeline issues! The latest build is now successfully deploying to staging environment.
1620;neutral;I'm experiencing intermittent issues with the `npm install` step in our CI/CD pipeline on Windows. Can we investigate further?
4008;negative;I'm experiencing intermittent failures in the CI/CD pipeline for #1234 due to an inconsistent Docker image build. Can we investigate further?
2061;neutral;I'm experiencing intermittent issues with the build process. Can we review the Jenkinsfile for potential causes?
2946;neutral;I'm experiencing intermittent failures with the latest build in our CI/CD pipeline on branch `feature/new-feature`. Would appreciate insight into possible causes.
2220;neutral;I'm experiencing intermittent failures in our CI/CD pipeline for the `main` branch. Can we investigate the cause of this flakiness?
1674;neutral;I'm reviewing the updated `README.md` in PR #123. The formatting looks good, but I'd like to see some additional details on testing procedures.
1943;neutral;I'm experiencing intermittent failures in the `test-integration` suite on CircleCI. Can we investigate the cause of these errors?
261;positive;Great fix on #1234! The updated `npm install` script now correctly resolves dependencies for our CI/CD pipeline. Thanks for the quick turnaround!
3858;negative;The `npm install` on the Docker build step is still failing due to the outdated `express` version. Can we bump it to 4.17.1?
2040;neutral;Noticed that the latest build on CircleCI is failing due to an unresolved dependency conflict. Can we investigate further?
690;positive;Great catch on the `NullPointerException` in `utils.js`, @johnDoe! Your fix in PR #123 is spot on, thanks for the thorough testing!
902;positive;Just tested the latest build on our CI/CD pipeline and it looks like the recent fix for #123 has resolved the memory leak issue!
2307;neutral;I'm experiencing intermittent failures in the CI/CD pipeline for #1234. The build is failing on AWS but succeeds locally.
2027;neutral;I'm reviewing #1234's changes to the CI/CD pipeline. The updated script seems straightforward, but I'd like to see some additional logging for error tracking purposes.
2893;neutral;Just wanted to confirm that the fix in #1234 resolves the issue with our CI/CD pipeline failing on Ubuntu 20.04 builds.
139;positive;Great fix on the `docker-compose.yml` file! The updated syntax is now compatible with latest Docker versions. Thanks for the quick patch!
1918;neutral;I'm experiencing intermittent failures in the build process on CircleCI. Can we investigate why `node 14` is causing issues with our dependencies?
1829;neutral;I'm reviewing the updated `README.md` in #123. The changes look good, but I'd like to see some minor formatting tweaks before merge.
1574;neutral;I'm experiencing intermittent issues with the pipeline on #123. The build seems to pass locally but fails on CircleCI. Need help debugging.
320;positive;Great catch on the CI/CD pipeline inconsistency! Your fix for the `npm` version mismatch is spot on. Thanks for the quick resolution!
654;positive;Great job on fixing the `NullPointerException` in the `main()` method! Your changes have significantly improved the app's stability.
2138;neutral;I'm experiencing intermittent failures in the `build` step of the CI/CD pipeline on PR #123. Can we investigate further?
3806;negative;I'm experiencing intermittent build failures in the CI/CD pipeline due to inconsistent `npm` cache behavior. Can we revisit the caching strategy?
559;positive;Just tested the latest build on CircleCI and it passed all tests! Great work on resolving the `dependency hell` issues in #123.
2188;neutral;I'm reviewing the updated CI/CD pipeline configuration in #123. The changes look reasonable, but I'd like to see some additional logging for error handling.
113;positive;Just tested #1234 and it's working smoothly! Your fix for the `dependency injection` issue really paid off. Thanks for your efforts!
532;positive;Great job on fixing the `NullPointerException` in the CI/CD pipeline! This will greatly improve our deployment reliability.
225;positive;Great job on resolving the `NullPointerException` in the `login()` method! Your fix looks solid and should improve user experience.
724;positive;Great fix for the `TypeError` in the `utils.py` file! Your changes to the `load_data()` function have improved the script's reliability. Thanks!
3980;negative;I'm seeing intermittent failures in the CircleCI build for #1234 due to an unmet dependency requirement on `node-sass` version 5.0.0.
2884;neutral;I'm experiencing intermittent issues with the CI/CD pipeline on PR #1234. The build fails occasionally due to inconsistent test results.
1142;positive;Great job on fixing the `NullPointerException` in the `login()` method! The changes look solid and should improve overall app stability.
1434;positive;Thanks for squashing that pesky ` NullPointerException` in the latest PR! Your attention to detail is greatly appreciated!
2374;neutral;I'm reviewing the latest changes to the CI/CD pipeline (PR #123) but wanted to clarify the impact of these updates on our existing deployment scripts.
3822;negative;I'm experiencing intermittent failures in our CI/CD pipeline due to a faulty network connection on the `dev` environment. Can we investigate?
3372;negative;I'm experiencing intermittent failures in the CI/CD pipeline for #123 due to an inconsistent error message from the `requests` library.
3936;negative;The latest build on the `main` branch is still failing due to the `numpy` version conflict. Can we revisit the dependency management?
1459;positive;Great job on fixing the `NullPointerException` in the authentication service! The updated code looks much cleaner and more efficient now.
3098;negative;I'm experiencing intermittent failures in the CI/CD pipeline for #1234. The `npm install` step consistently fails with a 404 error on the `@dependency/version` package.
1416;positive;Great fix on #123! The updated CI/CD pipeline is now successfully deploying to prod. Thanks for the quick turnaround!
2763;neutral;I'm experiencing intermittent failures in the CI/CD pipeline for branch `feature/new-auth-method` due to a possible version conflict with `dependencies.json`. Can we investigate?
847;positive;Great fix on the `ci/cd` pipeline! Your changes to the Dockerfile resolved the build issues I was experiencing. Thanks for your attention to this!
194;positive;Great catch on the `NullPointerException` in `utils.js`, @johnDoe! Your fix for #1234 is spot on, thanks for keeping our CI/CD pipeline green!
1465;positive;Just tested the latest changes in #1234 and I'm thrilled to see the CI/CD pipeline passing with flying colors! Well done team!
2622;neutral;I'm experiencing intermittent failures in the CI/CD pipeline for #123, but it passes locally. Can we investigate further?
947;positive;Great fix on the `build.gradle` dependency update! The CI/CD pipeline is now passing smoothly. Thanks for your attention to detail!
2022;neutral;I'm experiencing intermittent failures in the `ci/cd` pipeline for the `feature/new-login-system` branch. Can we investigate further?
2552;neutral;The `README.md` update in #123 is consistent with the project's documentation guidelines. No further action required.
1630;neutral;I'm experiencing intermittent issues with the `npm install` step in our CI/CD pipeline. Can someone review the build logs for #123?
2929;neutral;I'm experiencing intermittent failures in our CI/CD pipeline for the `feature/new-api` branch. Can we investigate further? #42
118;positive;Just tested #1234 and the fix for the regex bug is working beautifully! Well done @johnDoe on a great PR!
646;positive;Great job on fixing the `NullPointerException` in the `main()` method! Cleaned up the code nicely for a smoother user experience.
1871;neutral;I'm reviewing the updated `README.md` in #123. The changes look good, but I'd like to discuss the addition of a `contributing.md` file for clarity.
4;positive;Great fix on #123, appreciate the detailed test cases for the new feature! Automated tests are now passing smoothly in our CI/CD pipeline.
75;positive;Great fix on #123! The updated `README.md` now accurately reflects the new feature. Thanks for your attention to detail!
1756;neutral;Just wanted to confirm that the recent changes in `build.gradle` are intended for the upcoming 2.1 release, not a hotfix.
468;positive;Great fix on #1234! The CI/CD pipeline is now stable. Thanks for tackling the Maven version conflict.
3394;negative;PR #123's changes broke the CI/CD pipeline. The `npm install` step now fails due to a mismatched version of `dependency-X`. Can we revert this change?
6;positive;Great fix on #123! The updated CI/CD pipeline is now successfully deploying to staging with the latest Node.js version.
1247;positive;Great job on fixing the `NullPointerException` in #123! Your changes have improved our app's stability significantly. Thanks for your efforts!
920;positive;Just tested the latest build on CircleCI and it's passing all tests! Great work on resolving that pesky `NullPointerException`!
2596;neutral;I'm reviewing the latest build of #1234. The test suite is passing, but I noticed a minor discrepancy in the CI/CD logs.
229;positive;Just tested #1234 with the latest dependencies and it's working smoothly! Your fix for the Docker build process was spot on.
1064;positive;Just tested the latest build with Jenkins and it's passing all tests! Great work on getting the CI/CD pipeline stable again!
2591;neutral;I've reviewed the latest PR #1234 and noticed that the CI/CD pipeline is failing due to an unresolved dependency on `node-sass`. Can we take a look?
243;positive;Great catch on the `npm` version mismatch! Your PR fixes #1234 and ensures our CI/CD pipeline is stable again. Thanks for your diligence!
2947;neutral;I'm experiencing intermittent failures in the CI/CD pipeline for #123. Can we investigate the cause of these errors and implement a retry mechanism?
3745;negative;I'm experiencing intermittent failures in the CI/CD pipeline for #123. The `npm install` step consistently fails with a 'timeout' error on CircleCI.
1161;positive;Just tested the updated `CI/CD` pipeline for #123 and it's working smoothly! Great job on resolving the deployment issues!
3827;negative;The latest build is failing due to an incompatible version of `numpy` in the Docker image. Can we revert to a stable version?
1631;neutral;@author I've reviewed the PR #1234 and noticed that the new dependency version is not reflected in the CI/CD pipeline configuration. Could you take a look?
3671;negative;Issue with latest build on CircleCI: `npm test` fails due to outdated @types/node version. Can we update the dependencies?
3518;negative;I'm experiencing intermittent failures in the build process on CircleCI due to an inconsistent `npm` cache. Can we investigate further?
2891;neutral;I'm experiencing intermittent failures in the CI/CD pipeline for #1234. Can we investigate why `npm install` is taking longer than expected?
3422;negative;I'm experiencing intermittent failures in the CI/CD pipeline for #1234. The error message is unclear and I've tried multiple build configurations without success.
2564;neutral;I've noticed the `build.gradle` file is referencing an outdated version of `dependency-X`. Should we update it to match the latest version used in the CI/CD pipeline?
2672;neutral;I'm experiencing intermittent failures in our CI/CD pipeline for the `release/v1.2` branch due to a potential race condition with the `dependency-updater` module.
1527;neutral;I'm reviewing the latest changes to the CI/CD pipeline in #1234. The updated script seems well-structured but I'd like to discuss the new dependency on `lib1`.
1606;neutral;I've reviewed the updated `README.md` in PR #1234. The formatting looks good, but I'd like to discuss the added dependencies.
4349;negative;Failing to resolve the `TypeError` in `app.py` line 23 is causing our CI/CD pipeline to fail. Can we revisit this?
2325;neutral;I'm experiencing intermittent failures in the CI/CD pipeline for #1234. Can we review the build logs to determine the root cause?
2710;neutral;I've reviewed the updated `README.md` for clarity. The changes look good, but I'd like to see more context on the new dependencies in the pipeline.
3819;negative;@maintainer I'm experiencing intermittent failures in the CI/CD pipeline for #1234 due to a version conflict with `dep1` v2.3.0. Can we revisit the dependency management?
1313;positive;Great fix on #123! Your patch for the `NullPointerException` in the API client is spot on. Thanks for the quick turnaround!
3449;negative;I'm experiencing intermittent failures in the CI/CD pipeline for #123 due to inconsistent Docker image builds. Can we investigate further?
1990;neutral;I'm experiencing intermittent failures in the `build` step on my PR #123. Could someone review the Dockerfile for potential issues?
3853;negative;This test failure in `CI/CD Pipeline #23` is due to an outdated version of `npm`, can we update the package manager to fix this?
2363;neutral;I'm experiencing intermittent failures in the `CI/CD` pipeline for branch `feature/new-feature`. The error is reported as `Failed to resolve dependencies for project X`. Investigating further.
1976;neutral;I've reviewed the PR #1234 and noticed the updated README. However, I'm unsure about the impact on our existing CI/CD pipeline.
3515;negative;I'm experiencing intermittent failures in our CI/CD pipeline due to the latest update of `dependencyX` causing a version conflict with `packageY`. Can we revisit this change?
1762;neutral;I've reviewed the latest build in #1234. The test suite is passing, but I'd like to discuss the implications of updating `numpy` to version 1.20.
3392;negative;I'm seeing intermittent failures in our CI/CD pipeline for the `feature/new-api` branch due to a version conflict with `react@17.0.2`. Can we investigate?
1306;positive;Just reviewed #1234's CI/CD pipeline fix. Well done on identifying the Docker image version mismatch! Works like a charm now.
2740;neutral;I'm reviewing the latest build on the `main` branch. The test results look good, but I'd like to see more detailed logs for the failing Jenkins job.
1542;neutral;Regarding #123: I've reviewed the updated build script in PR 456. The changes look good to me, but I'd like to see some additional logging for error handling.
4198;negative;This latest build is failing due to an unmet dependency on `numpy` (missing in `requirements.txt`). Can we update the install script?
2473;neutral;I've reviewed the changes in #1234. The updated build script seems to be working correctly with Jenkins, but I'd like to see some additional logging for error handling.
2643;neutral;I'm reviewing the latest changes in #123. The updated CI/CD pipeline seems to be working as expected, but I'd like to discuss the new dependency on `log4j`.
2796;neutral;I've reviewed the updated `README.md` in #123. The changes look good, but I'd like to discuss the implications on our CI/CD pipeline.
3947;negative;The `npm install` on the CI/CD pipeline is still failing due to an outdated version of `express`. Can we bump it to 4.17.1?
623;positive;Great catch on the `npm` version mismatch! Your fix for #1234 is spot on, thanks for keeping our CI/CD pipelines in sync!
3797;negative;The latest build on `main` is failing due to an unresolvable version conflict with `react@17.0.2`. Can we revisit the dependency management?
1494;positive;Great fix on #123! Your changes to the CI/CD pipeline have greatly improved our build times. Thanks for your attention to detail!
111;positive;Great job on resolving the `NullPointerException` in the `login()` method! Your fix has improved the app's stability significantly.
2276;neutral;I'm running into an intermittent error with the latest build on Jenkins. Can we discuss possible causes in #1234?
3722;negative;Can we revisit the recent fix for #123? The new build still fails on Jenkins due to an unresolved dependency conflict.
1170;positive;Just tested the latest PR #1234 and it's working flawlessly! Your fix for the regex bug has saved us from a world of hurt. Great work!
4035;negative;I'm seeing intermittent failures in our CircleCI build due to an outdated version of `eslint` causing a syntax error in our TypeScript code.
233;positive;Great job on fixing the `NullPointerException` in the `main()` method! Your changes to the dependency management are also a huge improvement.
67;positive;Just tested the latest build on our CI/CD pipeline and it's passing all tests! Great work on squashing that pesky bug in #123.
4102;negative;Failing to update the `dependencies` in `package.json` is causing the build to fail on CircleCI. Can we revisit this?
1604;neutral;I'm experiencing intermittent issues with the `ci/cd` pipeline on the `feature/new-feature` branch. Can we investigate further?
2073;neutral;I'm experiencing intermittent failures in the `build` stage of our CI/CD pipeline. Can we review the recent changes to `package.json`?
3284;negative;Can we revisit the `build:fail` on PR #1234? The test suite is still failing due to a missing dependency in our CI/CD pipeline.
3597;negative;Still seeing intermittent failures in the CI/CD pipeline for `feature/new-api` due to inconsistent test results on CircleCI. Can we revisit the testing framework?
2193;neutral;I'm reviewing #123's changes to the CI/CD pipeline. The updated script looks good but I'd like to see some additional logging for error handling.
537;positive;Great job on fixing the `jenkins` pipeline error! The automated tests are now passing smoothly. Thanks for your effort on this!
2860;neutral;I'm experiencing intermittent failures in the CircleCI build for #1234. Can we investigate the cause of this flaky test?
126;positive;Great job on resolving the Jenkins build failure! Your fix in #1234 has ensured our CI/CD pipeline stability.
3546;negative;Just hit a roadblock with the latest build on `ci/23`. The test suite is failing due to an incorrect dependency version in `package.json`.
2134;neutral;I'm experiencing intermittent failures in the CI/CD pipeline for branch `feature/new-api` due to a potential issue with the `axios` dependency.
1255;positive;Just tested the latest build on Jenkins and it looks like the deployment to prod is successful! Great job on squashing that pesky bug #1234!
4077;negative;The latest build is failing due to an incompatible version of `node-sass` in the `package-lock.json`. Can we revert to a stable version?
1977;neutral;I'm experiencing intermittent failures in the `CI/CD` pipeline for #1234. Could you please investigate the cause of this flaky test?
4036;negative;The latest build on the `main` branch is failing due to an incompatible version of `numpy`. Can we update our dependencies?
3814;negative;I'm experiencing intermittent failures in our CI/CD pipeline for `main` branch due to an unknown error in `package.json`. Can we investigate?
2076;neutral;Just wanted to confirm the fix in #1234 resolves the intermittent build failure on CircleCI. Would be great to get more testing data.
485;positive;Great fix on #123! Your tweak to the deployment script has finally resolved our CircleCI build issues. Thanks for the thorough investigation!
1655;neutral;I'm experiencing intermittent failures in the CI/CD pipeline for #1234. Can we investigate the cause of these errors and implement a retry mechanism?
1216;positive;Just tested the latest build on Jenkins and it looks like the CI/CD pipeline is finally stable! Great work team!
3087;negative;I'm experiencing intermittent failures in the `ci/cd` pipeline for #123 due to an unresolvable conflict with the `aws-sdk` dependency.
3723;negative;Just hit this error in `build.gradle`: `Could not resolve com.example:dependency`. Anyone else experiencing issues with our CI/CD pipeline?
4099;negative;Can we revisit the recent `npm install` failure on our CI/CD pipeline? I'm still seeing intermittent errors with `@latest` version of `react-router`. #24
3762;negative;I'm experiencing intermittent failures in the `build` stage of our CI/CD pipeline due to an inconsistent `npm` cache. Can we investigate further?
4052;negative;I'm experiencing intermittent failures in the CI/CD pipeline for #1234. The `npm install` step consistently fails with a 404 error on `@dependency/a`. Investigating further.
3346;negative;I'm experiencing intermittent `502 Bad Gateway` errors on my local dev environment after updating to Node 14. Has anyone else seen this?
3948;negative;I'm experiencing intermittent failures in the `build` stage of our CI/CD pipeline due to a version conflict with `package-lock.json`. Can we revisit this?
1775;neutral;@maintainer I noticed that the latest `v1.2` update breaks our CI/CD pipeline on branch `feature/new-feature`. Would you like me to investigate further?
2411;neutral;I've reviewed the latest pull request #1234. The changes look good, but I'd like to see more documentation on how the new caching mechanism interacts with our existing CI/CD pipeline.
2798;neutral;I've reviewed the updated `README.md` in #123. The changes look good, but I'd like to see the documentation for new features expanded.
919;positive;Great job on resolving the `jenkins` build failure! Your fix has successfully integrated with our CI/CD pipeline. Thanks for your attention to detail!
1647;neutral;I'm experiencing intermittent failures in the CI/CD pipeline for #123. The build logs indicate a potential issue with the Maven dependencies, but I couldn't pinpoint the cause.
1027;positive;Just tried the latest build from #1234 and it's working smoothly! Great job on squashing that pesky bug in the CI/CD pipeline!
1031;positive;Just tested the fix for #1234 and it's working perfectly! Your changes to the CI/CD pipeline really streamlined our build process. Great work!
883;positive;Great catch on the `NullPointerException` in the CI/CD pipeline! Your fix to update the Gradle version is spot on!
1336;positive;Just tested the updated CI/CD pipeline for #123 and it's working flawlessly! Great job on resolving the Jenkins issues, thanks!
2747;neutral;I'm experiencing intermittent failures in the Jenkins build for #123. Can we investigate the cause of this flaky test?
3652;negative;I'm experiencing intermittent failures in the CI/CD pipeline for #1234. The build is failing on AWS due to a missing `aws-sdk` version conflict.
2714;neutral;Thanks for pointing out the `NullPointerException` in the `main()` method. I'll review the code changes in #123 to ensure this doesn't impact our CI/CD pipeline.
365;positive;Great job on resolving the `NullPointerException` in the `main()` function! Your fix is clean and efficient. Thanks for the quick turnaround!
4361;negative;I'm experiencing intermittent failures in our CI/CD pipeline due to the recent update of `npm` package, causing build times to skyrocket.
3288;negative;I'm experiencing intermittent build failures on my local machine with the latest changes in #123. Can we investigate the cause of this issue?
2126;neutral;I'm experiencing intermittent failures in our CI/CD pipeline for the `release/v1.2` branch due to a potential issue with the `axios` dependency.
28;positive;Great catch on the `npm` version conflict in the CI/CD pipeline! Your fix for #1234 has greatly improved build stability. Thanks!
474;positive;Thanks for addressing the `NullPointerException` in the `login` method! Your fix has greatly improved the app's stability.
526;positive;Just tested your fix for #1234 and it's working beautifully! Thanks for the quick turnaround on this!
726;positive;Great fix on the `auth` module, @johnDoe! Your changes resolved the login issues I was seeing in my local dev environment. Thanks!
56;positive;Just tested the latest PR #1234 and it looks great! The new build script is working as expected in our CI/CD pipeline.
639;positive;Just tested #1234 and the fix for the infinite loop issue is working beautifully! Thanks for your diligent work on this!
303;positive;Just tested the latest build on CircleCI and it's passing all tests! Great work on getting the CI/CD pipeline up to speed!
2767;neutral;I've noticed the `build` step in `.github/workflows/main.yml` is taking longer than expected. Could we investigate and optimize it?
4201;negative;I'm experiencing intermittent failures in the CI/CD pipeline for #123 due to an inconsistent `npm install` output on CircleCI. Can we investigate this further?
1277;positive;Just tested the fix for #1234 and it's working perfectly! Your changes to the CI/CD pipeline really paid off, thanks for the effort!
1891;neutral;I've reviewed the latest changes to the CI/CD pipeline in #1234. The updated configuration looks good but I'd like to see some additional logging for error handling.
625;positive;Great job on resolving the `NullPointerException` in the `utils` module! This should improve performance for our users. Thanks for the fix!
2056;neutral;I'm reviewing the updated `README.md` in PR #123. The formatting looks good, but I'd like to see some additional example use cases.
1281;positive;Great job on resolving the Docker build issue in #123! The updated `Dockerfile` is now successfully deploying to our CI/CD pipeline.
2852;neutral;I'm reviewing the updated `README.md` in #123. The formatting looks good, but I'd like to discuss the addition of a dependencies section.
1050;positive;Just tested with the latest changes in #1234 and it's working smoothly! Great job on squashing that pesky bug!
337;positive;Great catch on the `jenkins` config update! Your fix for #1234 is spot on. CI builds are now passing smoothly again.
3645;negative;Can't reproduce the `NullPointerException` in `lib1.2.3`. Have you tried running the test suite with debug logging enabled? #1234
48;positive;Great fix on the CI/CD pipeline! The new script is much more efficient and reduces build times by 30%.
2879;neutral;I'm reviewing the updated `README.md` in #123. The changes look good, but I'd like to see more detail on installation instructions.
107;positive;Great job on resolving the `NullPointerException` in the `main()` method! Your fix has improved the app's stability significantly.
2398;neutral;Noticed that the CircleCI build is failing on master due to an incompatible version of `log4j` in the project's dependencies. Reviewing #123 for potential fixes.
1080;positive;Great fix on #123! Your PR has improved the build process significantly. The new CI/CD pipeline is much more robust now.
2287;neutral;Regarding #1234: I noticed the test suite is still failing after the latest changes. Can we revisit the implementation of `dependency A`?
2262;neutral;I've reviewed the updated `README.md` in PR #1234. The formatting looks good, but I'd like to see more detailed examples for the new feature.
1145;positive;Just tested #1234 with the updated dependencies and it's working smoothly! Thanks for the fix, @johnDoe!
3920;negative;Just tried to merge #1234 and got a `TypeError` due to the recent package update. Can we revisit the import statements in our CI/CD pipeline?
2297;neutral;I'm reviewing the updated `README.md` in PR #123. The changes look good, but I'd like to confirm if the new formatting is compatible with our CI/CD pipeline.
2842;neutral;I'm experiencing intermittent failures in the CI/CD pipeline for `#1234` due to inconsistent build times. Could we discuss possible solutions?
3145;negative;Unfortunately, I'm experiencing intermittent failures in the CI/CD pipeline for #1234 due to a failing test case. Can we investigate this further?
1837;neutral;I'm experiencing intermittent issues with the CI/CD pipeline on PR #1234. The build is failing occasionally due to a timeout error.
1754;neutral;I'm experiencing intermittent failures in the CI/CD pipeline for `issue #1234` due to a potential issue with `package.json`. Could we investigate further?
1102;positive;Just tested the latest build with the updated `numpy` version and it's resolving the `RuntimeError` in the `data_processing` module. Great job on the fix!
1969;neutral;I'm experiencing intermittent failures in our CI/CD pipeline for the `feature/new-api` branch. Can we investigate the cause of these errors?
3729;negative;I'm seeing intermittent failures in the CI/CD pipeline for `main` branch due to a flaky test in `utils.js`. Can we investigate?
3118;negative;This build is still failing due to the `npm` install error on macOS. Can we try a different package manager?
2394;neutral;I'm seeing intermittent failures in the `latest` branch's CI/CD pipeline. Can we investigate the cause of this instability?
524;positive;Great fix on #123! The updated CI/CD pipeline now successfully deploys to staging without any issues. Thanks for the quick turnaround!
2281;neutral;Regarding #1234, the build failure in our CI/CD pipeline is still unclear. Could we review the logs again to identify the root cause?
2693;neutral;I'm experiencing intermittent issues with the CI/CD pipeline for #123. Can we discuss possible causes and potential solutions?
4129;negative;@username I'm experiencing intermittent failures in our CI/CD pipeline due to the recent update of `react` package, causing issues with `npm install`. Can we investigate?
2886;neutral;I'm experiencing intermittent issues with the build on CircleCI. Sometimes it fails on the `npm test` step, but the code looks fine to me.
1429;positive;Great job on fixing the `NullPointerException` in the `main()` function! This will greatly improve the app's stability. Thanks for the quick fix!
2582;neutral;I'm experiencing intermittent failures in the CI/CD pipeline for #123. Can we investigate the cause of these errors and implement a retry mechanism?
682;positive;Great fix on #123! Your changes to the build script resolved the Docker image size issue. Thanks for your diligence!
604;positive;Great work on fixing the `NullPointerException` in the `utils` module! The updated code passes all tests now. Thanks for your efforts!
1490;positive;Great job on fixing the `TypeError` in the `utils.py` file! The CI/CD pipeline is now green again. Thanks for your efforts!
4086;negative;Failing to resolve the `TypeError` in #123 is causing our CI/CD pipeline to fail. Can we revisit this fix?
4352;negative;I'm experiencing intermittent build failures on the `main` branch due to a mysterious `NullPointerException` in the `utils` module. Can we investigate this further?
3123;negative;I'm experiencing issues with the latest build on CircleCI due to an incompatible version of `npm` installed by the Docker image. #1234
4003;negative;I'm experiencing intermittent build failures in #1234 due to a failing `npm install` on Ubuntu 20.04, can we investigate further?
61;positive;Great fix on the `README.md` typo! Your changes to the build script also improved our CI/CD pipeline stability. Thanks for the updates!
1970;neutral;I'm experiencing intermittent failures in the CI/CD pipeline for #1234. The build passes locally but fails on GitHub Actions. Any ideas?
672;positive;Great fix on the `npm install` script! The updated workflow is now passing all tests. Thanks for the quick update!
93;positive;Great fix on #123! Your patch for the CI/CD pipeline regression is spot on. Thanks for catching that!
667;positive;Great fix on #123! Your changes to the build script really improved our CI/CD pipeline's reliability. Thanks for your attention to this important detail!
3708;negative;I'm experiencing intermittent failures in the CI/CD pipeline for #123 due to inconsistent network connectivity. Can we explore a retry mechanism?
1888;neutral;I'm experiencing intermittent failures in the `ci/cd` pipeline on branch `feature/new-api`. Would appreciate insight into possible causes.
3267;negative;I'm experiencing intermittent failures in the CI/CD pipeline for #1234. The build is consistently failing on CircleCI but succeeds locally.
281;positive;Great catch on the `npm` version mismatch! Your fix in #1234 resolved the build issues for me. Thanks for the quick turnaround!
1720;neutral;I'm experiencing intermittent failures in our CircleCI build for #1234. Can we review the test coverage to ensure all dependencies are being properly resolved?
3739;negative;I'm experiencing inconsistent build failures on `main` branch due to outdated dependencies in `package.json`. Can we update to latest versions?
360;positive;Just tested your fix for #1234 and it's working beautifully! Your changes to the CI/CD pipeline have really improved our build times.
900;positive;Great fix on #1234! Your changes to the CI/CD pipeline have improved our build time significantly. Thanks for your attention to detail!
3592;negative;I'm experiencing intermittent `502` errors in our production API due to the recent update of ` express-validator`. Can we revisit the version?
1936;neutral;I've reviewed the updated `README.md` in PR #1234. The changes look good, but I'd like to discuss the new installation instructions.
4369;negative;I'm seeing intermittent failures in our CI/CD pipeline #1234. The `npm install` step is consistently failing with a `ECONNRESET` error.
1995;neutral;I'm experiencing intermittent failures in the `build` step of our CI/CD pipeline for #123. Can we investigate further to determine the root cause?
3795;negative;I'm experiencing intermittent failures in our CI/CD pipeline due to the latest update of `dependency-x`. Can we investigate further?
2896;neutral;I've reviewed the updated `README.md` in PR #1234. The changes look good but I had to adjust some formatting for consistency.
3255;negative;I'm experiencing intermittent failures in our CI/CD pipeline due to the recent update of `expressjs` which is causing a conflict with our existing dependencies.
761;positive;Just tested the latest PR (#123) and it looks like the CI/CD pipeline is passing with flying colors! Great work on resolving that tricky build issue!
2159;neutral;Just reviewing #1234's build logs. The CI/CD pipeline seems to be failing due to an unresolved `npm` version conflict.
1907;neutral;Regarding #1234, I've reviewed the changes in PR 5678. The updated build script seems to work as expected on my local machine.
43;positive;Great fix on #123! Your changes to the build script have resolved the intermittent `NullPointerException` issues in our CI/CD pipeline. Thanks for your attention to this!
2174;neutral;I'm experiencing intermittent failures in the `test-ci` pipeline on master branch. Can we investigate further?
205;positive;Great job on resolving the `jenkins` build failure! Your fix in PR #123 has successfully triggered a clean pipeline run.
1474;positive;Great job on squashing that pesky `NullPointerException` in the `main()` method! Your fix has our CI/CD pipeline green again.
2101;neutral;I'm reviewing the updated `README.md` for clarity. The changes seem reasonable, but I'd like to discuss the added section on deployment.
2594;neutral;@author, just wanted to confirm that the fix in #1234 doesn't break our existing CI/CD pipeline. Can we add some regression tests for this change?
69;positive;Just tested the latest build on our CI/CD pipeline and it's passing all tests! Great work on resolving that pesky `NullPointerException`!
4372;negative;The latest build is failing due to an unresolved conflict in `package.json`. Can we please revisit the dependencies before merging #1234?
1876;neutral;I'm experiencing intermittent failures in the `build` stage of our CI/CD pipeline. Can we investigate further to identify the root cause?
3580;negative;Failing to update `npm` version in `.circleci/config.yml` is causing our CI/CD pipeline to fail. Can we please address this ASAP?
2833;neutral;Regarding #1234, I noticed the build is failing due to an outdated `npm` version. Could we update the `.npmrc` file in the CI/CD pipeline?
3906;negative;I'm experiencing intermittent failures in the CI/CD pipeline for branch `feature/new-api` due to a failing test in `src/utils/api.js`. Can we investigate?
3473;negative;I'm experiencing intermittent failures in our CI/CD pipeline due to the recent update of `numpy` causing a version conflict with `scipy`. Can we revisit the dependency management?
2232;neutral;I'm experiencing intermittent failures in the CircleCI build for PR #123. Can we investigate the cause of this flakiness?
138;positive;Great fix on #1234! The updated CI/CD pipeline is now successfully deploying to prod. Well done team!
2948;neutral;I'm experiencing intermittent failures on the `CI/CD` pipeline for branch `feature/new-login-flow`. Can we investigate further?
797;positive;Thanks for squashing that pesky `TypeError` in the CI/CD pipeline! Your fix has our deployment process humming along smoothly again.
2181;neutral;I'm reviewing the changes in #1234. The updated README seems fine, but I'd like to see more context for the new logging configuration.
2129;neutral;I'm experiencing intermittent failures in the CI/CD pipeline for branch `feature/new-authentication` due to a timeout error. Can we investigate further?
3635;negative;I'm experiencing intermittent failures in the CI/CD pipeline for PR #123 due to inconsistent build times, causing delays in deployment.
3178;negative;I'm experiencing intermittent failures in the CI/CD pipeline for #1234 due to an unknown error. Can we investigate further?
759;positive;Great fix on #123! The updated logging in the CI/CD pipeline is much clearer now. Thanks for your attention to detail!
542;positive;Great fix on #123! Your PR has significantly improved the stability of our CI/CD pipeline. Well done!
1020;positive;Great job on resolving the caching issue in #123! The updated build process is now successfully integrating with our CI/CD pipeline.
3758;negative;The latest build is still failing due to the `npm` version incompatibility. Can we revert to the previous package.json?
3032;negative;Failing to resolve the `TypeError` in `utils.py` despite multiple attempts. This is blocking our CI/CD pipeline for the upcoming release.
3553;negative;I'm experiencing intermittent failures in the `build` stage of our CI/CD pipeline due to inconsistent results from the `junit` plugin.
166;positive;Great fix! Your update to `package.json` resolved the `npm install` issues I was experiencing. Thanks for the quick turnaround!
249;positive;Great job on resolving the pagination issue in #123! Your fix has greatly improved the app's performance. Thanks for your hard work!
1332;positive;Great job on resolving the caching issue in #123! Your fix has significantly improved build times for our CI/CD pipeline.
2018;neutral;I've reviewed the latest PR #1234, but I'm unsure about the impact of this change on our existing CI/CD pipeline. Could we discuss further?
447;positive;Just tested the updated `CI/CD` pipeline on #1234 and it's working flawlessly! Great job on resolving that deployment issue!
2483;neutral;Just reviewed #1234's changes to the README. The updates look good, but I'm unsure about the implications on our CI/CD pipeline.
2907;neutral;I've reviewed the updated `README.md` in #123. The formatting looks good, but I'd like to discuss the addition of a changelog section.
1359;positive;Just tested #1234 and the fix for the `TypeError` in `utils.py` is working as expected! Great job on squashing that bug!
2846;neutral;I've reviewed #123 and noticed the updated README still references the old API endpoint. Can we update it to reflect the changes in 3.5.1?
2146;neutral;I've been reviewing the latest changes to our CI/CD pipeline (PR #123) and noticed some minor inconsistencies in the test suites. Would be good to double-check.
1330;positive;Great job on fixing the API endpoint issue in #123! Your changes have improved our CI/CD pipeline's stability significantly.
2854;neutral;I've reviewed the updated Dockerfile in PR #123. The changes look good, but I'd like to discuss the implications of switching to Alpine Linux.
2786;neutral;Regarding #123: I've reviewed the updated build script, but I'm unsure if it's compatible with our existing CI/CD pipeline. Could we discuss further?
764;positive;Just tested #1234 and the fix for the infinite loop issue is working beautifully! Thanks for your efforts on this @username!
3494;negative;I'm still seeing the `TypeError` in the `ci/cd` pipeline after updating to `pylint 2.12.0`. Any ideas why it's persisting?
2151;neutral;I've noticed the latest build is failing due to an unknown error in the `build.gradle` file. Can we investigate further?
435;positive;Great fix on #123! Your changes to the CI/CD pipeline have greatly improved our build times. Thanks for your thorough work!
2123;neutral;I'm experiencing intermittent issues with the CI/CD pipeline for PR #123. The build fails on some runs but succeeds on others. Any ideas?
578;positive;Great catch on the `npm` version conflict! Your fix in #1234 has resolved the build issues. Thanks for your diligence!
2901;neutral;I've taken a look at the updated `README.md` in PR #1234. The formatting looks good, but I'd like to see more detailed instructions for setting up the project.
3927;negative;I'm experiencing intermittent failures in our CI/CD pipeline due to the latest update of `npm` causing issues with `node-sass`. Can we revisit this?
3279;negative;I'm experiencing issues with the latest build on CircleCI. The `npm install` step is failing due to a missing dependency on `@types/node`. Can we investigate?
2967;neutral;I'm reviewing the changes in #1234. The updated README looks good, but I'd like to confirm if the new CI/CD pipeline is properly configured.
3375;negative;I'm experiencing intermittent failures in our CI/CD pipeline due to the recent update of `npm` version. Can we investigate further?
2815;neutral;I'm experiencing intermittent issues with the CI/CD pipeline on PR #1234. The build fails occasionally due to a missing dependency on `node-sass`. Can we investigate further?
4313;negative;I'm experiencing intermittent failures in the `main` branch's CI/CD pipeline due to an unexplained error in the `build.gradle` file. Can we investigate?
2449;neutral;I'm experiencing intermittent failures in the CircleCI build for #1234. Could someone review the test suite to ensure it's robust enough?
1849;neutral;I'm experiencing intermittent failures in our CI/CD pipeline for the `feature/new-login-system` branch. Can we review the build logs to determine the cause?
763;positive;Great catch on the null pointer exception in `utils.py`! Your fix for PR #123 is spot on. Well done!
3038;negative;I'm experiencing intermittent failures in the `build` stage of our CI/CD pipeline due to inconsistent package versioning. Can we revisit this?
389;positive;Just tested the latest changes in #15 and I'm impressed with the improvements to our CI/CD pipeline. The automated tests are running smoothly now!
236;positive;Great catch on the `NullPointerException` in the `main` method! Your fix looks solid, thanks for contributing to the project!
1078;positive;Great fix on #123! Your changes to the build script have resolved the Docker deployment issues. Thanks for your efforts!
1985;neutral;I've reviewed the recent changes to the `README.md` file. The formatting looks good, but I'd like to discuss the new section on deployment.
268;positive;Great job on resolving the `NullPointerException` in the `main()` method! Your fix has greatly improved the app's stability.
3378;negative;I'm experiencing intermittent failures in the CI/CD pipeline for #123 due to inconsistent Docker image builds. Can we revisit the build script?
771;positive;Just deployed the updated Docker image to production with the latest fix for the `jenkins-deploy` script. Thanks for the quick turnaround on #123!
2166;neutral;I'm experiencing intermittent failures in the CI/CD pipeline for `feature/new-api` due to inconsistent build times. Can we discuss possible causes?
438;positive;Great job on fixing the `TypeError` in `utils.py`, @john! Your fix for #1234 is now merged into main branch.
674;positive;Great fix on the Jenkins pipeline! The automated tests are now passing smoothly. Thanks for catching that config issue!
250;positive;Great fix on #123! Your patch for the authentication bug has improved our app's security significantly. Well done!
2202;neutral;I think we can improve the error handling in `build.gradle` to make it more robust. Can you take a look at this?
1575;neutral;Regarding #1234, I've reviewed the changes in PR 5678. The updated CI/CD pipeline seems to be working as expected without any issues.
3144;negative;Unfortunately, this PR breaks the build on CircleCI due to an outdated version of `npm` in the Docker image. Can we update it to the latest version?
2143;neutral;I'm looking at the latest build logs for #1234, but I'm not seeing any obvious errors in the CI/CD pipeline. Can someone review this?
3420;negative;I'm experiencing intermittent failures in our CI/CD pipeline due to the `axios` update. Can we revert to a stable version for now?
2082;neutral;I'm experiencing intermittent failures in the CI/CD pipeline for branch `feature/new-feature`. Could you help me troubleshoot the cause?
1824;neutral;I've reviewed #1234's changes to the build script. The updated dependencies seem correct, but I'd like to see more context for the new `npm install` command.
488;positive;Just tested the fix for #1234 and it's working perfectly! Thanks for your patience and dedication to resolving this critical issue.
881;positive;Great job on resolving the `jenkins` pipeline failure! Your fix for the missing `credentials` secret is spot on.
449;positive;Great job on resolving the `NullPointerException` in the `main()` method! Cleaned-up code looks much more maintainable now.
1470;positive;Great fix on #123! The updated `README` now accurately reflects the new workflow. Thanks for keeping our docs in sync!
717;positive;Just tried the latest build on CircleCI and it passed all tests! Great work on fixing that pesky `NullPointerException` in #123.
3938;negative;Can we revisit #123's fix? The updated code still crashes on Windows 10 due to an unhandled exception in the `main` function.
51;positive;Great job on resolving the `jenkins` build failure! Your fix for the ` gradle` version mismatch has improved our CI/CD pipeline significantly.
2049;neutral;I'm experiencing intermittent failures in the CI/CD pipeline for #1234. Can we investigate the cause of these errors and implement a retry mechanism?
1902;neutral;Just reviewing PR #123 for the latest release. The build is passing on my end, but I'm curious about the changes to `config.json`. Can someone clarify?
4101;negative;Can't reproduce the `TypeError` on my local machine. Running tests in Jenkins still fails with this error on every build.
3150;negative;Issue with `ci/cd` pipeline: the latest deploy to staging failed due to a missing `npm` package. Can we investigate?
3157;negative;I'm experiencing intermittent errors with the API endpoint in #123. The `curl` command fails to retrieve data 30% of the time.
1169;positive;Great fix on #1234! Your patch for the CI/CD pipeline failure has been successfully integrated. Thanks for your attention to detail.
83;positive;Great fix for the `NullPointerException` in `utils/string_utils.py`, thanks for catching that! Your changes will make our build process more robust.
3530;negative;Can't get the unit tests to run on CircleCI. Getting `TypeError: Cannot read property 'length' of undefined` in `utils.js`. Any ideas?
3974;negative;I'm experiencing intermittent failures in the CI/CD pipeline for #123 due to an unexplained error in `package.json`. Can we investigate further?
2725;neutral;I'm experiencing intermittent failures in the CI/CD pipeline for branch `feature/new-login-system` due to an unknown error in the `requests` library.
4040;negative;Still seeing intermittent `NullPointerException` in `main()` after #123 fix. Can we revisit the recent changes to `build.gradle`?
3045;negative;@maintainer The `--verbose` flag still crashes the app on my Linux machine. Can we revisit this fix in #1234? It's causing issues with our CI/CD pipeline.
3095;negative;I'm experiencing intermittent failures in our CI/CD pipeline due to this PR #1234. The test suite is consistently failing on the `ubuntu-latest` environment.
1461;positive;Just tested with the latest changes in #1234 and it's working smoothly! Great job on resolving that tricky bug!
2819;neutral;@maintainer I'm experiencing intermittent issues with the API endpoint in #1234. Have you considered adding error handling to the CI/CD pipeline?
1894;neutral;I'm experiencing intermittent failures in the CI/CD pipeline for `feature/new-login-flow` due to inconsistent test results. Could we revisit the testing framework?
1669;neutral;I'm experiencing intermittent issues with the `build` step in our CI/CD pipeline for PR #123. Can we investigate further?
2757;neutral;I've reviewed the updated `README.md` in PR #1234. It looks good to me, but can we discuss the formatting consistency with the existing documentation?
2001;neutral;I've noticed the recent changes to the `dependencies` file aren't being reflected in our CI/CD pipeline. Can we review the configuration?
476;positive;Just tested the latest build on our CI/CD pipeline and it's passing all tests! Great job on resolving that tricky bug in #1234, thanks for your efforts!
518;positive;Just tested #1234 and it's working flawlessly with the latest dependencies! Great job on squashing that pesky bug, @username!
2871;neutral;Regarding #1234, I've reviewed the updated `README.md` but couldn't reproduce the mentioned formatting issue. Can you provide more context or a test case?
405;positive;Great catch on the `npm` version mismatch in the CI/CD pipeline! Your fix for #1234 is spot on!
385;positive;Just tested the latest build on the `ci/cd` pipeline and it looks like the memory leak is finally fixed! Great work team!
3989;negative;Failed to build on CircleCI due to outdated dependencies. Can we update `react` to v17 and retry the pipeline?
4047;negative;I'm experiencing intermittent failures in our CI/CD pipeline due to a flaky test in `test_user_auth.py`. Can we revisit the test case?
2153;neutral;I've noticed the latest build on `main` branch is failing due to an unknown error in our CI/CD pipeline. Can we investigate this further?
1634;neutral;I'm experiencing intermittent failures in the `build` stage of our CI/CD pipeline. Can we investigate the cause of this flakiness?
4402;negative;I'm experiencing intermittent failures in the CI/CD pipeline for #1234 due to a faulty `npm` cache. Can we investigate further?
689;positive;Just tested the latest changes on the `release-1.2` branch and I'm thrilled to see the resolved issues with our CI/CD pipeline! Great work, team!
4004;negative;I'm experiencing intermittent failures in the CI/CD pipeline for #1234 due to an inconsistent `npm install` output. Need help debugging this.
2875;neutral;I'm experiencing intermittent issues with the test suite on my local machine. Can we review the CI/CD pipeline configuration for potential bottlenecks?
1241;positive;Thanks for addressing the `NullPointerException` in `utils.js`, @johnDoe! Your fix has greatly improved our app's stability in CI/CD pipeline.
63;positive;Just tested `fix/123` with updated dependencies and it's passing all tests! Great work on resolving the Jenkins build issues @johnDoe!
3354;negative;I'm experiencing intermittent failures in the CI/CD pipeline for #1234 due to inconsistent package versions of `express` and `lodash`. Needs investigation.
853;positive;Great fix on #123! Your patch for the Travis CI build failure has been successfully merged into master. Thanks!
4317;negative;I'm experiencing intermittent failures in our CI/CD pipeline due to the latest update of `dependencyX` causing a conflict with `moduleY`. Can we investigate?
4067;negative;Just hit a roadblock with the `npm install` on our CI/CD pipeline. Getting a cryptic error message: 'ECONNRESET' on every build.
1263;positive;Great job on fixing the regex bug in #123! Your solution is elegant and efficient. Works perfectly now!
224;positive;Great job on fixing the `NullPointerException` in the `auth` module! Your changes have improved the overall stability of our API.
2194;neutral;I've reviewed the latest changes to the CI/CD pipeline in #1234. The updated config seems reasonable, but I'd like to discuss the implications on downstream tasks.
3137;negative;I'm seeing intermittent failures in our CI/CD pipeline for the `v1.2` release due to a corrupted `node_modules` cache, can we investigate?
374;positive;Just tested the latest build on CircleCI and it's passing all tests! Great job on squashing that pesky bug in #123.
1825;neutral;I'd like to discuss the caching mechanism in `build.gradle`. The current implementation might not be optimal for large projects. Can we explore alternatives?
4145;negative;Just hit a snag with the latest build on CircleCI. The `npm install` step is failing due to an outdated `yarn` version.
3191;negative;I'm experiencing intermittent failures in the CircleCI build for #1234. The error message is unclear and doesn't point to a specific dependency.
4406;negative;The latest build is still failing due to the `TypeError` in `utils.py`. Can we revisit the recent changes in #123? It's causing a ripple effect on our CI/CD pipeline.
4194;negative;I'm experiencing intermittent failures in our CI/CD pipeline due to the recent update of `npm` version. Can we revert it temporarily?
3323;negative;I'm experiencing intermittent build failures in #123 due to a corrupted `node_modules` cache. Can we investigate the root cause?
3314;negative;I'm experiencing issues with the latest build on CircleCI due to an incompatible version of `axios` in our dependencies.
798;positive;Just tested the latest build on our CI/CD pipeline and it's passing all tests! Great job on squashing that pesky bug in #123!
2872;neutral;I'm experiencing intermittent failures in the build process for #1234. The CI/CD logs show a consistent error on line 456 of `utils.py`. Reviewing the code reveals no obvious issues.
10;positive;Just tested the latest PR #1234 and it's working flawlessly! Great job @johnDoe on resolving that pesky API connectivity issue!
2498;neutral;I'm reviewing the updated `README.md` in PR #123. The formatting looks good, but I'd like to see a brief description of the build process added.
1945;neutral;I'm experiencing intermittent failures in our CI/CD pipeline for the `feature/new-login-system` branch. Can we investigate the cause of these errors?
1839;neutral;I'm experiencing intermittent failures in the CircleCI build for #1234. Can we investigate the cause of these errors?
709;positive;Just ran the latest build on CircleCI and it passed with flying colors! Great work on squashing that pesky bug in #1234.
256;positive;Great job on fixing the `NullPointerException` in the `auth` service! The updated code is now successfully deployed to staging via CircleCI.
2931;neutral;I've reviewed the code changes in #1234. The updated build script seems to be working as expected. No issues found so far.
1618;neutral;I've reviewed the updated `README.md` in PR #1234. The changes look good to me, but I'm waiting on @john's feedback before merging.
390;positive;Great job on fixing the broken `CI/CD` pipeline! The automated tests are now passing smoothly. Thanks for your attention to detail!
4013;negative;The `latest` version of `webpack` is causing issues with our CI/CD pipeline. Can we revert to a stable release for now?
3619;negative;I'm seeing intermittent failures in the Jenkins build for `dependency-management` branch. Can we investigate why `npm install` is failing on CI?
1582;neutral;FYI, the failing test in #123 is due to a missing import in `utils.py`. It should be added manually.
2957;neutral;Just wanted to confirm that the fix for #1234 has been successfully deployed via our CI/CD pipeline. No further issues reported so far.
925;positive;Just tested #1234's fix on our CI/CD pipeline and it's working beautifully! Thanks for the quick patch, @johnDoe!
2800;neutral;Just wanted to confirm that the fix in #1234 has been tested against our CI/CD pipeline on both Python 3.8 and 3.9 environments.
3887;negative;I'm experiencing intermittent failures in the CircleCI build due to inconsistent Docker image versions. Can we pin the version in `circle.yml`?
2509;neutral;I'm experiencing intermittent failures in the CI/CD pipeline for PR #123. Would appreciate clarification on the expected build environment.
3796;negative;I'm having trouble with the latest build failing due to an unresolved `NullPointerException` in the `build.gradle` file. Can we revisit this?
2037;neutral;I'm experiencing intermittent failures in our CI/CD pipeline for the `feature/new-api` branch. Can we investigate further?
4448;negative;I'm experiencing intermittent issues with the `ci/cd` pipeline on PR #1234. The build fails randomly due to a missing dependency.
1225;positive;Great catch on the `npm` version mismatch! Your fix for #1234 is spot on. The CI/CD pipeline is now passing smoothly.
3217;negative;I'm experiencing intermittent failures in the CI/CD pipeline for #1234 due to a failing test on Windows, can we investigate further?
3007;negative;I'm experiencing intermittent failures in our CI/CD pipeline due to this PR #1234. The test runs fail randomly on AWS, but pass locally.
2550;neutral;I'm reviewing the changes in PR #1234. The updated README looks good, but I'd like to see more context for the new dependencies added.
1947;neutral;@dependabot I'm reviewing the updated `package.json` in PR #1234. The new dependencies seem to be correctly installed, but I'd like to confirm their impact on our CI/CD pipeline.
3776;negative;I'm experiencing intermittent failures in our CI/CD pipeline for #1234 due to an inconsistent `npm` cache. Can we investigate further?
740;positive;Thanks for fixing the `docker-compose` issue in #123! The updated build process is now successfully deploying our API to AWS ECS.
41;positive;Just successfully deployed the updated API with CircleCI. Your recent fix for the `npm install` issue really paid off!
869;positive;Just tested the latest build on #1234 and it's running smoothly! Great job on resolving the memory leak issue. Thanks for your efforts!
2780;neutral;I'm reviewing the updated `CI/CD` pipeline configuration. Can you clarify why you changed the `build` stage to use `docker:20` instead of `docker:19`?
540;positive;Thanks for fixing the `NullPointerException` in the `main()` method. Your changes are working as expected now!
3250;negative;Failing to update `node_modules` after package.json change is causing issues with build. Can we add a npm run rebuild command in the CI/CD pipeline?
3388;negative;I'm experiencing intermittent failures in our CI/CD pipeline for `main` branch due to inconsistent test results on CircleCI. Can we investigate?
2746;neutral;@maintainer I'm reviewing the latest PR (#1234) and noticed some minor inconsistencies in the test coverage report. Could you clarify the expected outcome?
3996;negative;Can we revisit the recent `fix-123` PR? The unit tests are still failing due to a known dependency conflict with `react@18.2.0`. It's causing issues in our CI/CD pipeline.
90;positive;Thanks for fixing the `TypeError` in the `utils.py` file! The changes to the CI/CD pipeline are also a great improvement.
2724;neutral;I'm reviewing the latest changes in #123. The updated CI/CD pipeline is looking good so far, but I'd like to see some additional logging for error handling.
1372;positive;Great job on squashing that pesky #123 regression! Your fix has already improved our CI/CD pipeline stability. Thanks for the quick turnaround!
1146;positive;Great fix on #123! Your patch for the infinite loop in `utils.js` has resolved a major performance bottleneck. Thanks for your diligence!
1032;positive;Great job on squashing that pesky `NullPointerException` in the `main()` method! Your fix has improved our app's stability significantly.
373;positive;Just reviewed the updated `README.md` in #1234. The new formatting looks great! Easy to read and understand now.
668;positive;Great catch on the `npm` version conflict in #123! Your fix for the CI/CD pipeline has resolved the build issues. Thanks for your attention to detail!
3480;negative;I'm seeing intermittent failures in our CI/CD pipeline for the `v2.1` release due to a timing issue with our caching mechanism.
3020;negative;The `jenkins` CI/CD pipeline is still failing due to the `kubernetes-client` version incompatibility. Can we please update it ASAP?
358;positive;Just tested the fix for #1234 and it's working as expected! Your changes to the build script really improved our CI/CD pipeline stability.
968;positive;Great fix on #123! The updated test suite is now passing with the new dependency version. Thanks for the quick turnaround!
2832;neutral;Just wanted to confirm that the fix for #1234 has been tested in our CI/CD pipeline without any issues.
2784;neutral;I'm experiencing intermittent failures in the CI/CD pipeline for `feature/new-login-system`. Could you review the test logs to identify the cause?
1354;positive;Just tested #1234's fix on our CI/CD pipeline and it's working beautifully! Your patch has greatly improved the build process. Thanks for your efforts!
1036;positive;Great catch on the `npm` version mismatch in #123! Your fix for our CI/CD pipeline is a huge improvement, thanks for your diligence!
3019;negative;I'm experiencing intermittent failures in the CI/CD pipeline for #1234 due to inconsistent package versions of `npm`.
471;positive;Great job on fixing the regex issue in #123! Your changes made it through our CI/CD pipeline successfully. Thanks for the quick turnaround!
2704;neutral;I've reviewed the latest changes in #123. The updated README looks good, but I'd like to see more details on testing for edge cases.
3331;negative;I'm seeing intermittent failures in our Jenkins pipeline due to the recent update of `npm` version 8.10.0 causing issues with `package-lock.json`. Can we revert to a stable version?
3638;negative;I'm experiencing intermittent failures in the `build` stage of our CI/CD pipeline due to a broken dependency on `npm install`. Can we investigate?
1397;positive;Just merged #123, thanks for the fix on the Jenkins pipeline! Automated tests are now passing smoothly. Great teamwork!
3585;negative;I'm experiencing issues with the latest build on Jenkins due to an outdated version of `npm` causing a `MODULE_NOT_FOUND` error.
3981;negative;The recent change to `package.json` broke our CI/CD pipeline. Can we revert this change or fix the package versioning issue?
4211;negative;This CI/CD pipeline failure is frustrating. The `npm install` step is failing due to a corrupted package in our `node_modules` directory.
1550;neutral;Just reviewing #1234's changes to the CI/CD pipeline. The new script looks clean, but I'd like to see some additional logging for error handling.
3377;negative;The latest build is still failing due to the `TypeError` in `utils.py`. Can we revisit the changes in #1234?
1257;positive;Just tried the fix for #1234 and it's working beautifully! Thanks for your patience and expertise in resolving that tricky bug!
2095;neutral;I've reviewed the updated `README.md` in #123. The formatting looks good, but I'd like to see a brief example of usage added.
3474;negative;I'm experiencing intermittent build failures in the `main` branch due to a version conflict with `dependency-1.2.3`. Can we revisit the dependency management?
3513;negative;Can we revisit the recent `update-deps` PR? The latest package update is causing a regression in our CI/CD pipeline.
1556;neutral;I'm reviewing the updated `README.md` for clarity on new dependencies. Could you add a brief explanation of the changes in the changelog?
4189;negative;I'm experiencing intermittent failures in the CI/CD pipeline for #123 due to inconsistent Docker image builds. Can we revisit the build process?
1251;positive;Great catch on the `npm` version mismatch in the CI/CD pipeline! Your fix should resolve the build issues. Thanks for your attention to detail!
1700;neutral;I'm reviewing the updated `README.md` file in PR #123. The changes look good, but I'd like to discuss the new formatting style before merging.
1253;positive;Great job on fixing the `NullPointerException` in the `main()` method! Your changes to the CI/CD pipeline really paid off.
4330;negative;I'm experiencing intermittent failures in the `dev` branch's CI/CD pipeline due to inconsistent `npm install` results. Can we investigate?
4347;negative;The latest build on the `main` branch is failing due to an unresolved `NullPointerException` in the `UserService` class. Can we revisit this?
3285;negative;I'm experiencing intermittent failures in our CI/CD pipeline for #123 due to an inconsistent `npm` cache. Can we investigate further?
2934;neutral;I'm experiencing intermittent failures in our CI/CD pipeline for the `feature/new-login-system` branch. Can we investigate the cause of these errors?
80;positive;Great fix for the `jenkins` build failure on master! Your PR #1234 has saved us from a lot of debugging headaches. Thanks!
1173;positive;Great job on fixing the `npm install` issue in #123! The project now builds successfully on CircleCI. Thanks for your diligence!
815;positive;Great job on resolving the `README.md` formatting issue in #123! The updated documentation looks clean and easy to follow now.
1853;neutral;Regarding #123: I've reviewed the updated code in PR 456. The changes look good, but could you clarify the reasoning behind the new import statement?
2221;neutral;I'm experiencing intermittent failures in the CI/CD pipeline for #1234. The build passes on my local machine but fails on GitHub Actions.
2720;neutral;I'm seeing intermittent failures in the `main` branch's CI/CD pipeline. Can we investigate the cause of these errors?
685;positive;Thanks for squashing that pesky null pointer exception in the `login` method! Your fix is a big improvement to our app's stability.
4385;negative;Comment on #123: Can we revisit the `npm install` step in our CI/CD pipeline? It's consistently failing due to outdated dependencies.
2106;neutral;I'm experiencing intermittent issues with the CI/CD pipeline on PR #123. The build fails randomly, but I've verified that my local environment is set up correctly.
134;positive;Just tested your PR for #1234 and the fix works beautifully! Your changes streamlined our CI/CD pipeline. Great work!
1141;positive;Great job on squashing that pesky `NullPointerException` in the `login()` method! The updated code passes all tests now.
934;positive;Great fix on #123! Your changes to the build script resolved the `npm install` issues I was experiencing. Thanks for your attention to detail!
929;positive;Great catch on the `npm` version conflict! Your fix in #1234 has resolved the build issues. Well done!
824;positive;Great job on squashing that pesky `NullPointerException` in #123! Your fix has already improved the app's stability in our CI/CD pipeline.
3481;negative;I'm hitting the same `TypeError` in my local env as #123, but it's not reproducible in CircleCI. Can we investigate why this is happening?
4085;negative;I'm seeing intermittent failures in our CI/CD pipeline for the `feat/new-feature` branch due to a failed test on Windows. Need help debugging this.
1532;neutral;I'm experiencing intermittent issues with the `pip install` step in our CI/CD pipeline. Can we try running it with a cached environment?
1215;positive;Great catch on the `npm` version incompatibility! Your fix for #123 is spot on. CI pipeline passes now.
505;positive;Great job on resolving the `TypeError` in the `utils.py` file! The updated code is now successfully passing all tests in our CI/CD pipeline.
4476;negative;I'm experiencing intermittent failures in our CI/CD pipeline due to the recent update of `dependency-X`. Can we investigate further?
2396;neutral;I'm reviewing the updated `README.md` in PR #123. The changes look clean, but I'd like to see more context on the new dependencies.
1997;neutral;Regarding #1234: I've noticed that the latest changes to `CI/CD` pipeline are causing intermittent failures. Can we investigate further?
2435;neutral;I'm experiencing intermittent issues with the CI/CD pipeline on `feature/new-login-flow`. Could you investigate the recent changes to the Dockerfile?
3073;negative;Failing to update the `dependencies` in `package.json` is causing issues with our CI/CD pipeline. Can we revisit this?
1959;neutral;Just reviewing the latest changes to `ci/cd` pipeline. Can we discuss the implications of this change on our deployment schedule?
1385;positive;Thanks for fixing the `NullPointerException` in the CI/CD pipeline! This should improve our automated testing reliability significantly now.
895;positive;Great fix on the CI/CD pipeline! Your changes to the deployment script have significantly improved our build times. Thanks for your efforts!
829;positive;Great fix on #123! Your changes to the CI/CD pipeline have significantly improved build stability. Thanks for your thorough work!
456;positive;Great fix on #123! The CI/CD pipeline is now stable. Your changes to the `package.json` resolved the dependency issue nicely.
2524;neutral;I'm experiencing intermittent failures in the CI/CD pipeline for PR #1234. Can we investigate the cause of these errors?
1684;neutral;I've reviewed the updated `README.md` in #123. The formatting looks good, but I'd like to discuss the new section on deployment before merging.
4177;negative;I'm experiencing intermittent failures in the `main` branch's CI/CD pipeline due to a version conflict with `dependency-x` (v1.2.3)
3710;negative;I'm experiencing issues with the latest build on `main` due to an incompatible version of `dep1`. This is causing our CI/CD pipeline to fail consistently.
4161;negative;I'm experiencing intermittent failures in our CI/CD pipeline due to the recent update of `react-scripts`. Can we investigate further?
4122;negative;I'm experiencing intermittent failures in the `test-ci` pipeline due to inconsistent build times. Can we revisit the `node-cache` configuration?
653;positive;Just tested the new build on CircleCI and it's passing all tests! Great work on squashing that pesky bug in #123.
173;positive;Just tested the latest PR (#1234) and it's working flawlessly! Thanks for addressing that tricky bug in the CI/CD pipeline!
3523;negative;I'm experiencing intermittent failures in our CI/CD pipeline for the `feature/new-api` branch due to a mysterious error in the test suite.
3198;negative;The latest build on the `main` branch is still failing due to the same `NullPointerException` in the `utils` module. This needs to be addressed ASAP.
39;positive;Great catch on the `npm` version mismatch! Your fix for #1234 has improved our CI/CD pipeline's reliability. Thanks for your attention to detail!
3603;negative;Can't reproduce the `TypeError` in `utils.py`. Ran tests on both Linux and Windows. Need help debugging this Travis CI failure #1234
1882;neutral;Regarding #1234, I noticed the recent changes to `package.json` didn't trigger a rebuild in our CI/CD pipeline. Should we add a new step for npm install?
714;positive;Great fix on #123! Your solution to the `NullPointerException` in the `login()` method is elegant and efficient. Well done!
91;positive;Great fix on #123! The updated `README.md` now accurately reflects our project's dependencies. Well done!
2215;neutral;I've reviewed the latest PR #1234 and noticed the updated README is missing some details on the new feature's API changes. Could we add that?
1206;positive;Great job on fixing the regex pattern in #123! The updated code is now successfully building through our CI/CD pipeline.
2924;neutral;Regarding #1234, I've noticed the build fails on Linux due to missing `libssl-dev` package. Can we add it to the Dockerfile?
4064;negative;@username, just tried to deploy to prod but the new package version is causing a runtime error. Can we revert to previous version for now?
1811;neutral;@username I've reviewed the updated `README.md` in PR #1234. The changes look good, but could you clarify the impact on CI/CD pipeline?
3487;negative;I'm experiencing intermittent failures in the CI/CD pipeline for #1234 due to inconsistent `npm install` results. Can we investigate further?
3324;negative;The latest build is still failing due to the `npm` version conflict in our `package.json`. Can we revisit the dependency management?
3142;negative;I'm experiencing intermittent failures in the `build` stage of our CI/CD pipeline due to an inconsistent Docker image build. Can we revisit the Dockerfile?
1828;neutral;Just reviewing #123 for potential issues with the new CI/CD pipeline. Everything looks good so far, but I'll continue to test.
1156;positive;Great job on resolving the caching issue in #123! Your fix has improved our build times significantly. Thanks for your attention to detail!
1325;positive;Great catch on the `ci/cd` pipeline failure! Your PR fixes the issue and improves our build stability. Thanks for your diligence!
217;positive;Great fix on #123! Automated tests are now passing for the new API endpoint. Your changes streamlined our CI/CD pipeline nicely.
3399;negative;Failed to build on Linux due to missing libssl-dev package. This breaks our CI/CD pipeline for the upcoming release #1234
511;positive;Thanks for catching that `NullPointerException` in the `utils` module! Your fix in #1234 is a huge improvement to our CI/CD pipeline stability.
1681;neutral;@dependabot, I'm reviewing the latest changes to `package.json` in #123. Could you explain why `react-scripts` was updated to 4.0.3?
500;positive;Just ran the updated CI/CD pipeline for #123 and it successfully deployed to staging! Great work on squashing that pesky bug!
4093;negative;This PR breaks the build on CircleCI due to an incompatible version of `npm` package. Can we revert to a stable release?
1857;neutral;I'm experiencing intermittent failures in our CI/CD pipeline for the `feature/new-login-flow` branch. Can we investigate further?
1389;positive;Great catch on the `npm` version conflict in #123! Your fix for the CI/CD pipeline is spot on. Thanks for keeping our build stable!
1520;neutral;I'm experiencing intermittent failures in the CI/CD pipeline for #1234. Can we review the build logs to identify the cause?
3720;negative;@maintainer The `latest` tag in our Dockerfile is still pointing to the old version of `mysql`, causing errors on CI. Please update it ASAP.
2387;neutral;I'm experiencing intermittent issues with the CI/CD pipeline for #1234. The build fails occasionally due to a missing dependency on `libcurl`. Investigating further.
4297;negative;I'm experiencing intermittent failures in our CI/CD pipeline for the `feature/new-api` branch due to a faulty test case. Can we review the test suite?
3237;negative;@maintainer, the latest build on `main` branch is failing due to an unresolvable conflict with `react@17.0.2`, please investigate.
2077;neutral;Regarding #1234, I'm experiencing intermittent failures in our CI/CD pipeline due to inconsistent Docker image builds. Can we discuss possible solutions?
1541;neutral;I'm reviewing the latest CI/CD pipeline changes. The updated build script looks good, but I'd like to discuss the added `npm` package.
1218;positive;Great fix on #123! Your update to the build script resolved the intermittent deployment failures. Thanks for your diligence!
2682;neutral;Just wanted to confirm that the recent changes in `build.gradle` are causing issues with our CI/CD pipeline. Can we review #1234?
2843;neutral;Just wanted to confirm that the fix for #1234 didn't break our CI/CD pipeline on Jenkins. Can we review the changes?
2994;neutral;I've reviewed the PR #123 and noticed the updated README is not reflected in the build output. Can we sync on this?
1417;positive;Great job on resolving the `NullPointerException` in the `main()` method! Your fix is clean and efficient. Thanks for the update!
2218;neutral;I've noticed the recent `v1.2` update is causing intermittent failures in our CI/CD pipeline for branch `feature/new-feature`. Reviewing the logs reveals inconsistent behavior.
1192;positive;Just tested #1234 and the fix for the null pointer exception is working beautifully! Thanks for your prompt attention to this bug!
1677;neutral;I'm reviewing the updated README for #123. The formatting looks good, but I'd like to see a brief explanation of the new dependency added in the changelog.
1198;positive;Great job on fixing the `NullPointerException` in the CI/CD pipeline! Your changes have improved the build stability significantly.
1543;neutral;I've verified the fix in #1234. The updated build script for Jenkins should resolve the deployment issues with our latest release.
3302;negative;I'm getting a `NullPointerException` on the login page after upgrading to Spring Boot 2.3.0. Can we investigate further?
3325;negative;I'm experiencing intermittent failures in our CI/CD pipeline for #123 due to the recent update of `npm` version. Can we investigate further?
2961;neutral;I'm experiencing intermittent failures in the CI/CD pipeline for #123. The build process completes successfully 90% of the time, but occasionally fails on a specific test.
2540;neutral;I'm having trouble with the latest build on CircleCI. The test suite is failing due to an unresolved dependency in `package.json`. Can we review the pipeline config?
954;positive;Great catch on the `npm` version conflict! Your PR fixes it nicely. Can we merge this ASAP to avoid further issues in the CI/CD pipeline?
3146;negative;Fails to build on macOS due to missing `libssl` dependency. This breaks our CI/CD pipeline for the `feature/new-api` branch.
3081;negative;The recent update to `npm` causes our CI/CD pipeline to fail on Node 14. Can we revert the package version until this is resolved?
2636;neutral;I'm experiencing intermittent issues with the CI/CD pipeline on `main` branch. Builds pass locally but occasionally fail on GitHub Actions.
751;positive;Great job on fixing the `NullPointerException` in the `login()` method! Your changes have improved the overall stability of our app. Thanks for your efforts!
2706;neutral;I'm experiencing intermittent issues with the build on CircleCI. Sometimes it passes, sometimes it fails with a timeout error. Any ideas?
3915;negative;PR #123 still fails on CircleCI due to the updated `axios` version causing a conflict with our custom `http-client` module.
235;positive;Just ran the updated CI/CD pipeline for #1234 and it looks great! The new build process is much faster and more efficient now.
733;positive;Great job on resolving the `NullPointerException` in the CI/CD pipeline! Your fix is clean and efficient. Thanks for your diligence!
1239;positive;Just tested the latest build on our CI/CD pipeline and it looks like the fix for #123 resolved all issues. Great work team!
4286;negative;I'm experiencing intermittent failures in our CI/CD pipeline due to the recent update of `npm` package. Can we revisit the dependencies?
1157;positive;Thanks for fixing the `NullPointerException` in the API client! Your changes have greatly improved the app's stability.
634;positive;Great fix on #42! The updated CI/CD pipeline is now successfully deploying to staging without any issues. Well done!
3295;negative;I'm experiencing intermittent failures in our CI/CD pipeline due to the recent upgrade of `npm` version 8. Can we revert back to v7?
2446;neutral;I'm experiencing intermittent failures in the CI/CD pipeline for #1234. The build passes on my local machine but not on the CI server.
2983;neutral;I've reviewed the updated build script in PR #1234. It looks good to me, but I'd like to see some additional logging for error handling.
1210;positive;Great catch on the `npm` version mismatch! Your fix in #1234 has resolved the build issues. Thanks for your diligence!
1066;positive;Great fix on #123! Your changes to the CI/CD pipeline have significantly reduced build times. Well done!
3765;negative;Failing to update dependencies in `package.json` is causing the build to fail. Can we revisit #123 and push a fix?
2157;neutral;I've reviewed the latest PR (#123) and noticed that the updated dependencies haven't been reflected in the build process. Can we take a look?
1063;positive;Great catch on the `npm` version compatibility issue! Your fix in #1234 is spot on. Thanks for keeping our CI/CD pipeline stable!
2617;neutral;Just wanted to confirm that the fix in #1234 is working as expected on our CI/CD pipeline. No issues found so far.
1168;positive;Great fix on the `ci/cd` pipeline! The recent changes have improved build times significantly. Thanks for your efforts!
3223;negative;Failing to deploy due to `npm` version mismatch. This breaks our CI/CD pipeline on CircleCI. Please update the `package.json` file.
3637;negative;I'm experiencing intermittent failures in the CI/CD pipeline for `main` branch due to inconsistent test results. Can we investigate further?
3556;negative;I'm experiencing intermittent failures in the CI/CD pipeline for #1234 due to inconsistent test results. Can we revisit the test suite configuration?
1493;positive;Great job on resolving the `jenkins` build failure! Your fix in PR #123 has successfully passed our CI/CD pipeline.
2939;neutral;I've reviewed the latest changes in PR #1234. The build process seems to be working as expected on my local machine.
2996;neutral;I'm experiencing intermittent failures in the `build` stage of our CI/CD pipeline. Can we review the recent changes to the Dockerfile?
3097;negative;Frustrating that the `latest` version of `npm` is still causing issues with our CI/CD pipeline. Can we revert to a stable version?
4065;negative;Failing to merge #123 due to unresolvable conflicts in `dependencies.json`. CD pipeline is stuck on this.
4250;negative;Issue with latest build: `npm install` fails due to outdated `typescript@4.2.3` version causing conflicts in our CI/CD pipeline.
3141;negative;Comment on #123: The latest update broke our CI/CD pipeline for the nightly build. Can we revert to previous version until this is fixed?
885;positive;Great job on fixing the `NullPointerException` in the API endpoint! The changes look clean and well-documented. Thanks for the quick fix!
144;positive;Just tested #42 and the fix for the `NullPointerException` is working beautifully! Thanks for your patience and dedication to resolving this bug!
1391;positive;Great job on squashing that pesky `NullPointerException` in the API endpoint! Your fix is a huge improvement for our users.
3578;negative;I'm experiencing issues with the latest release. The `npm install` fails due to a missing dependency in the `package-lock.json`. Can we review?
851;positive;Thanks for fixing the `TypeError` in the `utils.py` file! Your changes have greatly improved the stability of our CI/CD pipeline.
3636;negative;I'm experiencing intermittent failures in the `deploy` stage of our CI/CD pipeline due to inconsistent Docker image builds. Can we investigate?
3456;negative;The latest build is failing due to the `numpy` upgrade issue #1234. Can we revert to the previous version or fix this ASAP?
2783;neutral;I'm reviewing the updated CI/CD pipeline for #123. The new script seems to be working correctly, but I'd like to see some additional logging added.
718;positive;Great fix on #123! Your changes to the build script have greatly improved our CI/CD pipeline stability. Thanks for your attention to detail!
1820;neutral;I'm having trouble with the latest build on CircleCI. The test suite is failing due to an unresolved dependency issue with `npm install`.
2503;neutral;I was testing the latest build on Jenkins and noticed that the 'build-deps' step fails with a `npm ERR!` error. Can we take another look?
265;positive;Great fix on #123! Your refactoring of the CI/CD pipeline has improved build times significantly. Well done!
76;positive;Great job on fixing the `NullPointerException` in the `dataProcessor` function! The updated code looks clean and efficient. Thanks for the quick fix!
3987;negative;Just hit this error again in my local dev env: `TypeError: Cannot read property 'length' of undefined` on the new feature branch #123. Frustrating!
4366;negative;Fails to build on my CI/CD pipeline due to incompatible `node-sass` version. Please update to fix #1234
2493;neutral;Noticed that the latest build on CircleCI is failing due to an unmet dependency requirement. Can we review the Dockerfile for updates?
396;positive;Great fix on the `npm install` issue! CI pipeline is now passing smoothly. Thanks for your patience and persistence!
4154;negative;The latest build failed due to an unresolved conflict between `react` 17.0.2 and `typescript` 4.3.5, causing a cryptic error in our CI/CD pipeline #1234
2225;neutral;I'm experiencing intermittent failures in the `build` stage of our CI/CD pipeline. Can we investigate the cause of these errors?
3091;negative;@username This PR breaks the build on Jenkins due to an outdated version of `npm` causing a `TypeError` in our `package.json`. Reverting changes doesn't help.
4356;negative;I'm experiencing intermittent failures in the CI/CD pipeline for `feature/new-login-system` due to a potential NPM version conflict with `react-router-dom`. Needs investigation.
397;positive;Great catch on the `pip` version mismatch in #123! Your fix for the CI/CD pipeline is spot on.
1366;positive;Just ran the updated CI/CD pipeline on #1234 and it's passing with flying colors! Great work on squashing that pesky bug!
4106;negative;I'm experiencing intermittent build failures on the `main` branch due to inconsistent Docker image versions. Can we revisit our CI/CD setup?
1904;neutral;I'm experiencing intermittent failures with the CI/CD pipeline on `main` branch. Can we revisit the `node_modules` cache configuration?
596;positive;Great fix on the `README.md` update! The new format is much clearer for contributors. Thanks for your efforts!
2110;neutral;Regarding #1234, the test suite is failing due to an incompatible version of `numpy` in the `requirements.txt`. Can we update it to 1.20?
3953;negative;I'm experiencing intermittent failures in the CI/CD pipeline for #1234 due to the `axios` version conflict with `express`. Can we revisit the dependency management?
1297;positive;Thanks for fixing the `NullPointerException` in the CI/CD pipeline! The changes to the build script were spot on.
1822;neutral;I'm experiencing intermittent failures in the `build` stage of our CI/CD pipeline. Can we investigate further to determine the root cause?
873;positive;Great job on fixing the `NullPointerException` in the `main` method! Your changes to the `loadConfig()` function are spot on.
2915;neutral;I've verified the fix in #1234. The changes look good to me. Can we discuss the implications on our CI/CD pipeline?
2265;neutral;I'm looking at the latest build log for #1234 and noticed that the deployment to staging seems to be failing due to a missing dependency.
2327;neutral;I'm experiencing intermittent errors with the `@test` decorator in `feature/new-feature`. Can we discuss possible causes?
1549;neutral;@username I've reviewed the updated `README.md` in #1234. The changes look good, but could you clarify the motivation behind the new section on deployment?
3767;negative;Fails to build on Ubuntu due to incompatible GCC version. Can't reproduce locally with latest GCC.
3441;negative;I'm experiencing intermittent build failures on the `main` branch due to the recent update of `npm` version. Can we investigate further?
3852;negative;Issue #123 still causing intermittent failures in our CI/CD pipeline due to the recent update. Can we revisit the dependencies?
37;positive;Just tested the fix for #1234 and it's working beautifully! The CI/CD pipeline is now passing smoothly. Great work team!
3808;negative;I'm experiencing intermittent failures in our CI/CD pipeline with the latest changes to `package.json`. Can we revisit the dependency updates?
4203;negative;I'm experiencing issues with the latest build on CircleCI due to an incompatible dependency update. Can we revert to previous version of `package-a`?
2711;neutral;I'm experiencing intermittent issues with the `npm install` step in our CI/CD pipeline on Node 14. Can we investigate further?
4137;negative;I'm seeing intermittent failures in our CI/CD pipeline for the `v1.2` release due to a failing test on CircleCI #1234, can we investigate?
2144;neutral;I'm experiencing intermittent failures in our CI/CD pipeline for the `feature/new-login-system` branch. Would appreciate more context on why this is happening.
4171;negative;Issue with latest build: `npm install` fails on Windows due to `fs-extra` version conflict. Please investigate.
1009;positive;Great catch on the `TypeError` in the CI/CD pipeline! Your fix for `pip install` dependencies has greatly improved our build stability. Thanks!
978;positive;Just ran your latest fix on the CI/CD pipeline and it's working smoothly. Thanks for addressing that pesky `TypeError` in the `utils` module!
1572;neutral;I've reviewed the updated `README.md` in PR #123. The changes look good, but I'd like to see a brief explanation for the new formatting.
4080;negative;Just hit a wall with the Jenkins build failing on `main` branch due to missing Maven dependencies. Anyone else seeing this?
1123;positive;Great fix on the `npm install` issue! The updated script is now successfully building our CI/CD pipeline. Thanks for the quick turnaround!
2787;neutral;Regarding #123: I've reviewed the test coverage report. It looks like we're missing some edge cases in our API endpoint tests. Should we add more scenarios?
2968;neutral;Regarding #1234, I'm experiencing intermittent failures in the build process. Could we investigate the cause of this flaky test?
2505;neutral;I'm experiencing intermittent failures in the CI/CD pipeline for commit `#1234`. The build passes on my local machine but fails on GitHub Actions.
3466;negative;@maintainer The `latest` version of `react` in our `package.json` is causing a cryptic error on CI/CD. Can we revert to `16.x.x`?
676;positive;Great catch on the `npm` version mismatch! Your fix in PR #123 has resolved the build issues. Thanks for your diligence!
2809;neutral;Regarding #1234, I noticed the updated README still uses the old API endpoint. Should we update it to match the new version?
3349;negative;I'm experiencing intermittent failures in the CI/CD pipeline for #1234 due to inconsistent environment variable settings. Can we revisit this?
729;positive;Great job on fixing the `NullPointerException` in the API client! Your changes have improved stability significantly.
413;positive;Just tested the latest build on #1234 and it's working flawlessly! Great job @johnDoe on resolving that pesky error!
3147;negative;I'm experiencing intermittent failures in our CI/CD pipeline due to the recent upgrade of `node-sass` to 5.0.2, causing issues with our build process.
1517;neutral;I'm experiencing intermittent failures in our CI/CD pipeline for PR #123. It's unclear whether it's related to the recent update of `npm` version.
826;positive;Great job on resolving the `NullPointerException` in the `main()` method! Your fix has improved the app's stability significantly.
3268;negative;The latest build failed due to the `node-sass` version conflict in the `package.json`. Can we revert to a stable version?
3975;negative;This breaking change in `v1.2` is causing issues with our CI/CD pipelines, can we revert to previous version until a fix is implemented?
617;positive;Great catch on the `TypeError` in `utils.py`, @johnDoe! Your fix for #1234 looks solid, thanks for keeping our CI/CD pipeline green!
115;positive;Great fix on #123! Your changes streamlined the build process in our CI/CD pipeline. Well done!
418;positive;Great catch on that edge case! Your PR #123 fixes the regression issue in our latest release. Thanks for your diligence!
3070;negative;I'm seeing intermittent failures in our CI/CD pipeline for the `v1.2` release due to a failing test on Windows 10, can we investigate?
1626;neutral;I'm experiencing intermittent failures in our CI/CD pipeline on the `main` branch. Can we review the build logs for `PR #1234`?
4454;negative;I'm experiencing intermittent failures in our CI/CD pipeline due to an unstable `npm` version. Can we pin the version until this is resolved?
2897;neutral;@username I've reviewed the PR #1234 and noticed that the updated dependencies are not reflected in the `package-lock.json` file. Could you please clarify?
4210;negative;The latest build is still failing due to the `npm` install timeout on CircleCI. Can we revisit the `package.json` config?
2083;neutral;I've reviewed the updated `README.md` file in #123. The changes look good, but I'd like to see some additional context for the new dependency added.
754;positive;Just ran your latest PR (#123) through our CI/CD pipeline and it's passing all tests! Nice work on squashing that tricky bug!
2547;neutral;I'm experiencing intermittent failures in the `test_api` suite on CircleCI. Can we investigate further to determine the root cause?
3970;negative;I'm experiencing intermittent failures in the CI/CD pipeline for #123 due to an unresolvable `java.lang.OutOfMemoryError` on our Jenkins instance.
3374;negative;I'm experiencing intermittent failures in the CI/CD pipeline for PR #123 due to inconsistent build times. Can we investigate further?
4108;negative;Issue with latest release: `npm install` fails due to outdated dependencies in `package-lock.json`. Can we update the lock file?
2445;neutral;I'm experiencing intermittent issues with the CI/CD pipeline on PR #123. The build fails occasionally, but I've checked the logs and can't find any obvious causes.
1067;positive;Great job on fixing the `NullPointerException` in the login feature! Your changes to the auth service are spot on!
3914;negative;@author I'm experiencing intermittent failures in the CI/CD pipeline for #1234. The test suite consistently fails on Jenkins but passes locally.
3499;negative;I'm experiencing intermittent failures in the CI/CD pipeline for #1234. The build fails on AWS but passes locally. Can we investigate further?
2739;neutral;I'm experiencing intermittent issues with the `ci/cd` pipeline on PR #123. The build fails occasionally due to a missing dependency.
4001;negative;I'm experiencing intermittent failures in the CI/CD pipeline for PR #1234 due to inconsistent Docker image builds. Can we revisit the cache strategy?
1569;neutral;I'm experiencing intermittent failures in the `build` step of our CI/CD pipeline. Can we investigate the cause? #1234
2428;neutral;I'm reviewing the updated README for #123. The formatting looks good, but I'd like to see a brief explanation of the new API endpoint added in this release.
3747;negative;Failing to update `package-lock.json` after npm install is causing inconsistencies in our build. Can we revisit the CI/CD pipeline?
4180;negative;The recent changes to the build script are causing intermittent failures in our CI/CD pipeline. Can we revert to previous version of `npm`?
1688;neutral;I'm experiencing intermittent issues with the `ci/cd` pipeline on branch `feat/new-feature`. Can you help me troubleshoot?
852;positive;Great fix on #123! The updated CI/CD pipeline is now successfully deploying to staging environment. Well done!
3547;negative;I'm experiencing intermittent build failures in our CI/CD pipeline #1234 due to inconsistent Docker image versions. Can we revisit the dependency management?
896;positive;Just tested the latest build with the updated `docker-compose.yml` file and it's working flawlessly! Thanks for the fix on #123!
336;positive;Great job on resolving the Jenkins build failure! Your fix for the missing Maven dependency worked perfectly in my local env.
2840;neutral;@dependabot I'm reviewing the updated `package.json` in #123. Can you confirm if the minor version bump will cause any compatibility issues with our CI/CD pipeline?
3088;negative;I'm experiencing intermittent failures in our CircleCI pipeline due to the `axios` version conflict with `react-scripts`. Can we revisit the package versions?
1349;positive;Great catch on the `npm` version conflict! Your fix in PR #1234 resolves the build issues perfectly. Thanks for your diligence!
1016;positive;Just tested the latest build on our CI/CD pipeline and it's passing all tests! Great work on squashing that pesky bug in #123!
2817;neutral;I'm experiencing intermittent failures in the CI/CD pipeline for #123. The build passes on my local machine but fails on the remote server.
1632;neutral;Just wanted to confirm that the fix in #1234 has been merged into the main branch without any issues. Thanks for the update!
2490;neutral;I'm experiencing intermittent failures in the `build` stage of our CI/CD pipeline. Can we investigate why this is occurring?
3731;negative;Can we revisit the recent `npm install` failure in #1234? The error persists even after updating dependencies. This is causing our CI/CD pipeline to fail consistently.
3252;negative;Failing to update `node_modules` in CI/CD pipeline is causing inconsistent build results. Can we add a `yarn install` step before testing?
4175;negative;I'm experiencing intermittent failures in our CI/CD pipeline due to the recent update of `dependency-1.2.3`. Can we investigate further?
2071;neutral;I'm experiencing intermittent failures in the CI/CD pipeline for #1234. Can we investigate the cause of these errors and implement a retry mechanism?
4397;negative;I'm experiencing intermittent failures with the latest build on CircleCI due to an unresolvable `npm` install error on Ubuntu 20.04.
1636;neutral;I've verified the fix for #1234 in the staging environment. The changes seem to be working as expected without any issues.
2480;neutral;I'm reviewing the updated `README.md` in #123. The formatting looks good, but I'd like to see some additional examples for clarity.
2266;neutral;I'm experiencing intermittent failures in the CI/CD pipeline for #123. Can we discuss possible causes and potential solutions?
2960;neutral;I'm reviewing PR #1234. The updated README is consistent with the code changes. However, I'd like to discuss the added dependencies.
3060;negative;I'm experiencing intermittent failures in the `build` step of our CI/CD pipeline due to a faulty network connection. Can we add retry logic?
2142;neutral;I've reviewed the updated `README.md` in #123. The changes look good, but I'd like to discuss the implications on our documentation workflow.
3119;negative;Failing to update the `requirements.txt` file in #123 caused our CI/CD pipeline to fail. Can we please ensure this is fixed for future releases?
4261;negative;Frustrated with the Jenkins build failure on `main` due to outdated Gradle version. Can we update it to 6.x to resolve this?
4046;negative;This latest build is failing due to an unresolved conflict between `react` and `angular` dependencies. Can we revisit the package.json?
3357;negative;The latest build on CircleCI is still failing due to the `npm install` error. Can we revisit the `package.json` dependencies?
2745;neutral;Just wanted to confirm that the recent changes in `package.json` don't break our CI/CD pipeline. Can someone verify this?
3507;negative;This PR breaks the build on CircleCI due to outdated dependencies. Can we get an update on the package versions?
1680;neutral;I've reviewed the updated `README.md` in PR #123 and it looks good to me. Minor formatting suggestions are noted.
3148;negative;I'm experiencing intermittent failures with the CI/CD pipeline on `main` branch due to a faulty test case in #123. Can we revisit this?
2295;neutral;I've reviewed the updated `README.md` in #123. The formatting looks good, but I'd like to discuss the new section on deployment before merging.
581;positive;Just tested the latest build on CircleCI and it's passing all tests! Great work on squashing that pesky bug in #123
1471;positive;Just reviewed #123 and I'm impressed with the fix for the `NullPointerException` in the API client. Well done!
4071;negative;Just hit a snag with the latest build on Jenkins. Getting `NullPointerException` on line 345 of `utils.py`. Can we take another look?
3344;negative;The `build` step in the CI/CD pipeline is still failing due to an incompatible version of `npm`, can we please update it?
3673;negative;I'm seeing intermittent failures in our CI/CD pipeline for branch `feature/new-authentication` due to a seemingly unrelated `npm` dependency update.
560;positive;Just verified #1234's fix in our CI/CD pipeline and it looks great! Thanks for the efficient patch @username, this will save us a ton of debugging time!
2850;neutral;Just wanted to confirm that the recent fix for #1234 didn't break our CI/CD pipeline. The tests are passing on all branches.
513;positive;Great fix on #123! Your changes to the CI/CD pipeline have significantly improved build times. Well done!
1082;positive;Just tested the latest build on our CI/CD pipeline and it's passing all tests! Great job on resolving the `NullPointerException` in the `utils` module!
1665;neutral;I've noticed that the latest build on `main` is failing due to an unresolved dependency conflict with `package-lock.json`. Can we review?
1013;positive;Great catch on the `docker-compose.yml` typo! Your fix in #1234 is spot on, thanks for keeping our CI/CD pipeline healthy!
1932;neutral;I'm experiencing intermittent failures in the unit tests for `utils` module. Can we investigate further? #1234
1151;positive;Great job on fixing the `NullPointerException` in the `main()` method! Your changes to the CI/CD pipeline also look solid.
2839;neutral;I'm experiencing intermittent failures in the `ci/cd` pipeline for `PR #1234`. Can we investigate the cause of these errors?
117;positive;Great fix on #123! The updated CI/CD pipeline is now stable and passing all tests. Thanks for the effort!
741;positive;Thanks for fixing the Jenkins build failure on master! The new script is much cleaner and easier to maintain.
4329;negative;I'm experiencing intermittent failures in the `ci/cd` pipeline for #123 due to inconsistent package versions. Can we investigate further?
3676;negative;I'm experiencing intermittent failures in our CI/CD pipeline due to the recent update of `npm` version. Can we revert to a stable version?
831;positive;Great job on fixing the Docker build issue in #123! The updated pipeline is now successfully deploying to production. Thanks for your efforts!
120;positive;Just tested the fix for #1234 and it's working beautifully! The updated CI/CD pipeline is also passing smoothly.
4304;negative;I'm experiencing intermittent failures in the `master` branch's CI/CD pipeline due to an inconsistent `npm install` output. Can we investigate?
4272;negative;Failing to update `package.json` in #123 caused the build to fail. We need to review our deployment scripts for this edge case.
636;positive;Great job on fixing the `NullPointerException` in the `main()` method! Your changes have greatly improved the app's stability. Thanks for your efforts!
4143;negative;I'm experiencing intermittent failures in the CI/CD pipeline for `feature/new-login-system` due to a timeout error on the AWS RDS instance. Can we investigate further?
992;positive;Great fix on #123! The updated CI/CD pipeline is now correctly handling the new dependency version. Thanks for your attention to detail!
877;positive;Thanks for squashing that nasty `NullPointerException` in the `main` method! Your fix has our CI/CD pipeline running smoothly again.
5;positive;Great catch on the CI/CD pipeline fix! Your changes have significantly improved build stability for our nightly releases. Thanks for your diligence!
3052;negative;I'm experiencing intermittent failures in the CircleCI build due to an outdated Docker image. Can we bump it to a stable version?
3125;negative;The recent build failure in #123 is due to the outdated version of `numpy` causing a compatibility issue with our custom library.
2661;neutral;I'm reviewing the updated `README.md` in #1234. The formatting looks good, but I'd like to discuss the addition of a dependencies section.
2492;neutral;Can we discuss the implications of upgrading to Node 16 in #1234? I've tested it locally but want to ensure it doesn't break our CI/CD pipeline.
3855;negative;This build failure in #123 is due to the outdated `node-sass` version. Can we update it to the latest version in our `package.json`?
1716;neutral;I'm experiencing intermittent failures in our CI/CD pipeline for branch `feature/new-api` due to a failed test on Ubuntu 20.04.
1149;positive;Thanks for fixing the Docker deployment issue in #123! The CI/CD pipeline is now passing smoothly with the updated `docker-compose.yml` file.
3262;negative;Failing to update `package-lock.json` after npm install is causing inconsistent builds. Can we revisit the CI/CD pipeline configuration?
575;positive;Great fix on #123! The CI/CD pipeline now passes successfully with the updated dependencies. Thanks for your prompt attention to this issue!
3770;negative;I'm experiencing intermittent failures in the `build` stage of our CI/CD pipeline due to a corrupted `node_modules` directory. Can we investigate?
3737;negative;I'm experiencing intermittent failures in the CI/CD pipeline for #1234. The `npm install` step consistently fails with a `EACCES` error on Ubuntu 20.04.
4147;negative;I'm experiencing intermittent failures in the CI/CD pipeline for #123. The test suite is failing to run on CircleCI due to a missing `node_modules` directory.
854;positive;Just tried your fix for #123 and it's working beautifully! Thanks for the quick turnaround on this critical bug. Your work is greatly appreciated!
1983;neutral;@maintainer, I've noticed the recent changes in `main` branch causing intermittent failures in our CI/CD pipeline. Would appreciate a review of the updated build script.
2775;neutral;I've reviewed the latest changes to `README.md` in #1234. The formatting looks good, but I'd like to see some additional context for the new contributor guidelines.
1167;positive;Great fix on #123! Your PR has successfully resolved the `NullPointerException` in our CI/CD pipeline. Thanks for your thorough investigation!
972;positive;Great job on fixing the API endpoint regression in #123! The updated tests are thorough and should prevent similar issues in the future.
2702;neutral;I'm experiencing intermittent failures in our CI/CD pipeline for the `v1.2` release due to a possible Docker image cache issue.
3848;negative;I'm experiencing intermittent failures in our CI/CD pipeline due to the recent update of `dependency-x` which is causing a conflict with our project's build script.
2369;neutral;Can we revisit the deployment script in #1234? I'm not sure why it's failing on CircleCI but passing locally.
4116;negative;@username: I'm experiencing intermittent failures in the `build` step of our CI/CD pipeline due to a recent update in `npm` dependencies. Can we investigate?
4132;negative;I'm experiencing intermittent failures in the CI/CD pipeline for #1234. The error message suggests a version conflict with `dependency-a`.
2951;neutral;Just wanted to confirm that the fix in #1234 has been tested successfully on our CI/CD pipeline for both Linux and Windows environments.
525;positive;Great catch on the `jenkins` config update! Your PR #1234 has successfully fixed our CI/CD pipeline issues. Thanks for your patience and dedication!
2456;neutral;I'd like to discuss the recent change in `build.gradle` for our CI/CD pipeline. Can we review its impact on deployment?
1842;neutral;Regarding #1234, I'm seeing inconsistent results with the new test suite. Can we revisit the config settings for the CI/CD pipeline?
538;positive;Just tested #1234's fix on our CI/CD pipeline and it passed with flying colors! Great job @johnDoe on squashing that pesky bug!
2807;neutral;I'm experiencing intermittent failures in the `dev` branch's CI/CD pipeline due to inconsistent test results. Can we investigate further?
3176;negative;I'm experiencing intermittent failures in the CI/CD pipeline for #1234 due to inconsistent `npm` cache behavior on our Jenkins instance.
785;positive;Great job on resolving the `NullPointerException` in the `main()` method! Your fix is elegant and efficient. Thanks for the quick turnaround!
4058;negative;I'm experiencing intermittent failures in the `build` stage of our CI/CD pipeline due to inconsistent `npm install` times. Can we investigate?
1410;positive;Just tested your fix for #1234 and it's working flawlessly! Your attention to detail is impressive, thanks for contributing to our project!
2538;neutral;I'm experiencing intermittent failures in the CI/CD pipeline for `feature/new-feature-123` due to a timing issue with the Jenkins job.
155;positive;Great fix on #123! Your changes to the build script have resolved the intermittent deployment failures in our CI/CD pipeline. Works as expected now!
3010;negative;I'm experiencing intermittent failures in our CI/CD pipeline due to the recent update of `npm` version 8.1.0. Can we revisit the dependencies?
1687;neutral;I'm experiencing intermittent failures in the `test_api` suite. Can we revisit the mock server setup to ensure consistent results?
2902;neutral;I've reviewed the changes in #1234. The updated README looks good but I noticed some minor formatting inconsistencies with our style guide.
4453;negative;I'm experiencing intermittent failures in the CI/CD pipeline for `feature/new-login-system` due to a failing test on Ubuntu 20.04, can we investigate?
3864;negative;Issue #123 still not resolved. The build fails on CircleCI due to outdated `npm` version, causing test failures.
2734;neutral;Just wanted to confirm that the fix for #123 is working as expected in our CI/CD pipeline. No issues found so far.
1896;neutral;Regarding #1234, I've verified the CI/CD pipeline is running successfully after updating the `dependencies` in `package.json`. No further issues detected.
570;positive;Great job on squashing that pesky memory leak! Your fix in #1234 has significantly improved app stability. Thanks for your dedication!
1817;neutral;I've reviewed the updated `README.md` file in PR #123. The changes look clean, but I'd like to see some additional documentation on the new feature.
2066;neutral;I've reviewed the updated CI/CD pipeline configuration. The changes look good, but I'd like to see some additional logging for the deployment step.
128;positive;Just tested the fix for #1234 and it's working beautifully! Thanks @johnDoe for your patience and persistence!
3395;negative;I'm having trouble with the latest build on CircleCI. The test suite is failing due to a `TypeError` in `utils.py`. Can we investigate?
3328;negative;I'm experiencing intermittent failures in the CI/CD pipeline for #1234 due to inconsistent Docker image builds. Can we investigate further?
4487;negative;I'm experiencing intermittent failures in the `dev` branch due to a flaky test. Can we revisit the mocking strategy for this scenario?
2976;neutral;Just wanted to confirm that the fix for #123 is included in the latest build. Can you verify the changes are being deployed correctly?
981;positive;Great catch on the `npm` version mismatch! Your fix in #123 worked perfectly, thanks for keeping our CI/CD pipeline stable!
2301;neutral;I'm experiencing intermittent failures in our `CI/CD` pipeline on the `main` branch. Could you investigate the cause of these errors?
191;positive;Great catch on the regex typo in #123! Your fix for the CI/CD pipeline is spot on. Well done!
1140;positive;Just tested #1234 and the fix for the `NullPointerException` is working beautifully! Great work on resolving this bug!
700;positive;Great fix on #123! The updated Dockerfile now correctly sets the environment variable for our CI/CD pipeline.
4305;negative;I'm experiencing intermittent failures in our CI/CD pipeline due to the recent update of `npm` version 8.1.4 causing issues with our project's dependencies.
607;positive;Just tested the latest release of your CI/CD pipeline and it's working flawlessly! Your changes to the Dockerfile were spot on.
302;positive;Just tested #1234 and the fix for the CI/CD pipeline error is working perfectly! Thanks @johnDoe for your patience and expertise!
3421;negative;I'm experiencing intermittent failures in the nightly build due to a version mismatch between `react` and `react-dom` packages. Can we investigate?
4343;negative;I'm experiencing issues with the latest build on Jenkins due to a missing dependency in `package.json`. Should we revert to previous commit?
1061;positive;Great job on resolving the `NullPointerException` in the `utils` module! Your fix has improved the overall stability of our CI/CD pipeline.
2566;neutral;I'm experiencing intermittent failures in the `build` step of our CI/CD pipeline on GitHub Actions. Any help troubleshooting would be appreciated.
4495;negative;The recent build failure in #123 is still causing issues. The `npm install` step consistently fails with a timeout error on Windows.
1070;positive;Thanks for squashing that pesky `NullPointerException` in the `main()` method! Your fix has been merged into master with success!
2525;neutral;I'm experiencing intermittent failures in the CI/CD pipeline for #1234. Can we investigate further to determine the root cause?
2206;neutral;I'm experiencing intermittent issues with the `test_coverage` metric in our CI/CD pipeline. Can we investigate further?
1244;positive;Great catch on the `npm` version mismatch in #123! Your fix for the CircleCI pipeline is spot on. Well done!
17;positive;Just tested the latest build on CircleCI and it's passing all tests! Great job on fixing that pesky `NullPointerException` in #123!
3121;negative;Frustrated with the latest build failure on PR #123. The `npm install` step consistently fails due to a missing dependency on Node 14.
816;positive;Great job on fixing the `NullPointerException` in the `login()` method! Your changes to the authentication flow are much appreciated.
3068;negative;I'm experiencing intermittent failures in the build pipeline due to inconsistent `npm` cache behavior. Can we investigate further? #1345
960;positive;Great fix for the `npm install` issue! Your changes to `package.json` resolved it perfectly. Thanks for the quick turnaround!
226;positive;Great job on resolving the `NullPointerException` in the `main` function! Your fix has been successfully tested with our CI/CD pipeline.
3355;negative;Fails to build on Ubuntu 20.04 due to missing libssl-dev package in Dockerfile. Please update the dependencies.
2486;neutral;Regarding #123: I've verified the build on Jenkins, but couldn't reproduce the error. Can we discuss possible causes in this thread?
563;positive;Great job on fixing the `NullPointerException` in the login feature! Your changes have greatly improved the app's stability. Thanks for your efforts!
3437;negative;PR #123 breaks our CI/CD pipeline due to incompatible dependencies. Can we revert the changes until a fix is found?
1694;neutral;I'm reviewing the latest changes to `feature/new-api` (PR #123). The updated tests look good, but I'd like to see more context on the new endpoint's caching mechanism.
1046;positive;Thanks for fixing the `NullPointerException` in the `main()` method! Your changes have greatly improved the app's stability.
3447;negative;The latest build is still failing due to the `npm` install error on Ubuntu 20.04. Can we revisit the package.json dependencies?
955;positive;Great fix on #123! Your PR has improved our test coverage significantly. Thanks for catching that edge case!
2736;neutral;Regarding #1234, I've noticed the CI/CD pipeline is failing due to a missing `npm install` step. Can we add it back in?
4415;negative;Failing to merge #123 due to unresolved conflicts in `src/main/java/com/example/App.java`. Can we revisit the conflict resolution?
1219;positive;Great job on resolving the `jenkins` pipeline issue! The updated config file is working smoothly now. Thanks for your prompt attention!
1528;neutral;I'm experiencing intermittent issues with the `npm install` on the `main` branch. Can we investigate further?
3988;negative;Failing to update `npm` in the build script is causing issues with our CI/CD pipeline. Can we bump it to the latest version?
1301;positive;Just tested #1234 and the fix for the CI/CD pipeline is working perfectly! Thanks for the quick update, @johnDoe!
161;positive;Just ran the updated CI/CD pipeline on #1234 and it looks like all tests are passing! Great work on squashing that nasty bug!
4068;negative;Can we revisit the recent `v1.2` release? The `CI/CD` pipeline failed due to an outdated `npm` version, causing build errors on our CI server.
957;positive;Just tested the new API endpoint and it's working flawlessly! Thanks for the effort on #1234, this is a huge improvement!
3792;negative;I'm experiencing intermittent failures in the `build` stage of our CI/CD pipeline due to a flaky test that's causing the build to fail on random runs.
3235;negative;I'm experiencing issues with the latest build on CircleCI due to a missing `node-sass` version constraint in `package.json`. Fails on Linux.
2870;neutral;I've reviewed the changes in #1234. The updated dependencies seem to be correctly installed. No issues found so far.
3778;negative;Failing to update `dependencies` in `package.json` is causing build failures on our CI/CD pipeline. Can we add a script to automate this step?
2962;neutral;I've reviewed the updated build script in PR #123. The changes look good but I'd like to see some additional logging for error handling.
2201;neutral;I'm reviewing the updated `build.gradle` file in #1234. The changes look good, but I'd like to see some additional logging for CI/CD pipeline debugging purposes.
99;positive;Great job on resolving the `NullPointerException` in the `login()` method! The fix is clean and well-explained. Thanks for your efforts!
2558;neutral;I'm experiencing intermittent issues with the `npm install` step in our CI/CD pipeline. Can we investigate further?
3184;negative;The recent `main` branch update broke the build on CircleCI. Can we revert to the previous commit until this is fixed?
254;positive;Just ran your latest PR (#123) through our CI/CD pipeline and it looks great! All tests passed and no issues found. Thanks for the update!
3924;negative;Failing to update `dependencies` in the `package.json` file is causing issues with our CI/CD pipeline. Can we review this ASAP?
4200;negative;Can't reproduce the `NullPointerException` in the latest build. CI/CD pipeline still failing on my end.
1446;positive;Thanks for squashing that pesky `NullPointerException` in the `login()` method! Your fix is a huge improvement to our app's stability.
1649;neutral;I'm experiencing intermittent failures in the `test_suite` on CircleCI. Can we investigate why this is happening?
3992;negative;I'm still experiencing the `TypeError: Cannot read property 'length' of undefined` error in the `utils.js` file after #1234. This is blocking our CI/CD pipeline.
1697;neutral;I'm experiencing intermittent failures with the `npm install` step in our CI/CD pipeline. Can we investigate further?
3192;negative;I'm experiencing intermittent build failures in our CI/CD pipeline due to the recent update of `npm` version 8. Can we investigate?
1155;positive;Great catch on the `npm` version mismatch! Your fix in #123 has resolved the build issues. Thanks for your diligence!
2256;neutral;Just reviewing the updated `README.md` in #1234. The changes look good, but I'm curious about the impact on our CI/CD pipeline.
1683;neutral;I'm experiencing intermittent failures in the `CI/CD` pipeline for #1234. Can we investigate the possible causes of this flakiness?
3171;negative;I'm experiencing intermittent failures in the CI/CD pipeline for #1234 due to an inconsistent `npm install` output on CircleCI.
2057;neutral;I'm experiencing intermittent failures in the `CI/CD` pipeline on my fork of #123. Can we discuss possible causes?
4091;negative;I'm experiencing issues with the latest build on CircleCI. The `npm install` step is failing due to a missing dependency in our package.json file.
3109;negative;I'm experiencing intermittent failures in our CI/CD pipeline due to a recent update in the `npm` package. Can we revisit the dependencies?
3724;negative;Unfortunately, #123 still fails on macOS due to the unmet requirement of Xcode 11.3+ in `build.gradle`. Needs further investigation.
2050;neutral;I'm experiencing intermittent test failures in the `main` branch due to unclear error messages. Can we revisit the logging configuration?
3644;negative;I'm experiencing intermittent failures in the CI/CD pipeline for `issue #123` due to a flaky test that's causing build instability.
4434;negative;I'm experiencing intermittent failures in the CI/CD pipeline due to an inconsistent `npm` cache. Can we investigate this further?
624;positive;Great catch on the `NullPointerException` in `utils.js`, @johnDoe! Your fix in #123 is spot on. CI/CD pipeline now passes smoothly.
263;positive;Just tested the latest build with the updated `@angular/cli` package and it's working flawlessly in our CI/CD pipeline! Thanks for the fix!
3370;negative;I'm seeing intermittent failures in our CI/CD pipeline on `main` branch due to `pylint` errors. Can we revisit the linter config?
4062;negative;I'm experiencing issues with the `latest` tag in our Docker image. It's always out of sync with the actual latest commit.
1803;neutral;I'm experiencing intermittent failures in the CI/CD pipeline for #1234. Can we investigate the cause of these errors?
4493;negative;I'm experiencing issues with the latest build on our CI/CD pipeline due to an incompatible version of log4j. Can we revert to 2.13?
2386;neutral;Just reviewing #1234's changes to the CI/CD pipeline. The new script appears to be working as expected.
1960;neutral;I'm experiencing intermittent failures in the CI/CD pipeline for PR #123. The build passes on my local machine but fails on GitHub Actions.
2977;neutral;Just reviewing the updated `build.gradle` file for #1234. The changes look reasonable, but I'd like to see some test coverage added before merging.
489;positive;Thanks for fixing the `jenkins` config issue in #123! The CI/CD pipeline is now stable and passing all tests. Great work!
1844;neutral;I've verified the changes in PR #1234 and it looks good. The updated README is also correctly linked to the new documentation.
1735;neutral;I'm reviewing the updated `README.md` in #123. The changes look good, but I'd like to see a brief explanation for the new formatting.
2912;neutral;I'm experiencing intermittent failures in our CI/CD pipeline for the `release-v1.2` branch due to inconsistent test results on CircleCI.
3220;negative;PR #123's build is failing due to a missing `git` version check in the CI/CD pipeline. Can we revisit this?
147;positive;Just tested the fix for #1234 and it works beautifully! Thanks @johnDoe for your patience and persistence in resolving this CI/CD pipeline issue.
1987;neutral;I'm experiencing intermittent failures in the `build` step of our CI/CD pipeline on GitHub Actions. Can we investigate further? #1234
1370;positive;Just tested the latest build on CircleCI and it's passing all tests! Great work on resolving the `dependency hell` in v2.0.1, thanks!
2812;neutral;I've noticed the `build` step in the CI/CD pipeline is taking longer than expected. Could we investigate the cause of this delay?
660;positive;Just reviewed your PR #1234 and I'm impressed with the refactored code. The changes to the CI/CD pipeline are also a great improvement!
1795;neutral;I'm experiencing intermittent failures in the CI/CD pipeline for #1234. The error message suggests an issue with the `npm install` step, but I've reviewed the logs and can't pinpoint the cause.
2512;neutral;I'm experiencing intermittent issues with the CI/CD pipeline on PR #123. It's passing locally but failing on Azure DevOps. Any ideas?
3398;negative;I'm experiencing intermittent failures in the CI/CD pipeline for `v1.2` due to a faulty dependency on `lodash`. Can we investigate?
4283;negative;@author I'm seeing intermittent failures in our CircleCI pipeline due to `npm` version conflicts with `node-sass`. Can we bump the `node-sass` dependency?
1148;positive;Great fix on the `npm install` issue in #123! Your changes to `package.json` resolved the conflict with our CI/CD pipeline. Thanks for the quick turnaround!
3273;negative;I'm experiencing issues with the latest build on CircleCI due to an incompatible version of `react` in the `package.json`. Failing tests: #1234
609;positive;Great fix on #123! The updated `CI/CD` pipeline is now successfully deploying to staging. Well done @username!
3583;negative;I'm seeing intermittent failures in our CircleCI pipeline due to the `axios` upgrade. Can we revert back to v0.21 for now?
1931;neutral;I've reviewed the latest changes in #123. The updated README looks good, but I'd like to see more context on the CI/CD pipeline adjustments.
198;positive;Thanks for fixing the `NullPointerException` in the login feature! Your changes have greatly improved the app's stability. Keep up the great work!
2932;neutral;@dependabot, I'm experiencing issues with `npm install` on my local env. Can you investigate the error in #1234?
2328;neutral;Regarding #1234: I'm experiencing inconsistent results with the new CI/CD pipeline. Could we revisit the configuration settings to ensure accurate builds?
767;positive;Great job on fixing the flaky test in #123! The updated CI/CD pipeline is now passing consistently. Thanks for your attention to detail!
4219;negative;I'm experiencing intermittent failures in the CI/CD pipeline for `feature/new-login-system` due to a missing dependency on `bcrypt`. Can we investigate?
3256;negative;I'm experiencing intermittent build failures on `main` due to inconsistent package versions. Can we revisit the `package-lock.json` configuration?
203;positive;Just tested the latest build on our CI/CD pipeline and it's passing all tests! Great work on resolving that pesky `NullPointerException`!
3511;negative;PR #123 breaks the build due to an incompatible version of `numpy` in requirements.txt. Can we revert to 1.20.0?
1734;neutral;Regarding #1234, I'm reviewing the updated `README` for clarity. The changes look good, but I'd like to see more detail on installation instructions.
2778;neutral;I think we should revisit the recent changes to the `ci/pipeline.yml` file. The new dependencies are causing issues with our downstream builds.
1708;neutral;I've reviewed the updated `README.md` in #123. The changes look good, but I'd like to see the documentation for the new feature expanded.
3475;negative;Issue #123 still not resolved after multiple attempts to reproduce. Can we revisit the stacktrace analysis?
855;positive;Great fix on #123! The updated `ci.yml` file has resolved the build issues. Thanks for your attention to detail!
4098;negative;The recent changes to the `build.gradle` file broke our CI/CD pipeline. Getting a `NullPointerException` on every build.
2161;neutral;I'm experiencing intermittent failures in our `CI/CD` pipeline for branch `feature/new-login-system`. Could you help me troubleshoot the cause?
699;positive;Thanks for fixing the `NullPointerException` in the `main()` method! Your PR #123 has greatly improved the app's stability.
4451;negative;I'm experiencing intermittent build failures on `main` due to inconsistent Docker image versions. Can we ensure a stable version is used in the CI/CD pipeline?
3000;neutral;I'm experiencing intermittent failures in the CI/CD pipeline for `feature/new-login-system` due to unclear error messages from the `login-api` dependency.
3697;negative;Can we revisit the recent changes to `npm install` in #123? The build is still failing due to a missing dependency.
1637;neutral;Regarding #1234, I noticed the Travis CI build is failing due to missing dependencies. Could we add them to `package.json`?
3458;negative;I'm experiencing intermittent failures in the CI/CD pipeline due to flaky tests. Can we revisit the test suite and add more robustness?
3582;negative;The recent update to `package.json` broke our CI/CD pipeline for the `feature/new-api` branch. Can we revert changes?
1292;positive;Great catch on the `jenkins` plugin update! Your fix in #1234 is spot on. The CI/CD pipeline should now pass smoothly.
1854;neutral;I've reviewed the changes in #1234. The updated dependencies should resolve the issue with the build failing on macOS.
3764;negative;I'm experiencing intermittent failures on the `main` branch due to a flaky test in `tests/unit/test_math.py`. Can we revisit the test case?
3305;negative;I'm experiencing intermittent failures in the CI/CD pipeline due to an inconsistent `npm` cache. Can we investigate further?
4421;negative;I'm seeing intermittent failures on our Jenkins build for `PR #123` due to an inconsistent `npm install` output. Can we investigate?
3744;negative;I'm seeing intermittent failures in our CI/CD pipeline due to the updated `numpy` version causing a conflict with `pandas`. Can we revert to previous version?
3446;negative;I'm experiencing intermittent failures in the CI/CD pipeline for #123 due to an unresolvable `java.lang.OutOfMemoryError` on AWS EC2 instances.
1999;neutral;I'm experiencing intermittent failures in the `build` stage of our CI/CD pipeline. Can we discuss possible causes for this behavior?
664;positive;Great job on fixing the `TypeError` in the `utils.py` file! Your PR #1234 is a huge improvement to our CI/CD pipeline stability.
3749;negative;Failing to merge #123 due to conflicting dependencies. Need to resolve this before we can move forward with the deployment pipeline.
710;positive;Just tested the latest build on CircleCI and it's passing all tests! Great work on ironing out those pesky issues in #23.
1283;positive;Just tested the fix for #1234 and it works beautifully! The updated CI/CD pipeline is now successfully deploying to staging environment.
2676;neutral;I've verified the changes in #1234 and it looks good. The updated README is also properly formatted.
4030;negative;I'm experiencing issues with the latest build on Jenkins due to a missing `node_modules` directory in the Docker image. Can we investigate?
1307;positive;Great catch on the `TypeError` in `utils.py`, @johnDoe! Your fix for #1234 is spot-on. CI pipeline now passes smoothly.
2238;neutral;I'm experiencing intermittent issues with the CircleCI build for #1234. The `npm install` step occasionally times out.
3303;negative;I'm experiencing intermittent failures in the CI/CD pipeline for #123 due to an inconsistent `npm install` on CircleCI. Can we revisit our caching strategy?
2039;neutral;I'm experiencing intermittent issues with the `npm install` command in my local dev environment. Can anyone else replicate this? #2334
1530;neutral;I'm experiencing intermittent failures in the `build-and-test` stage of our CI/CD pipeline for branch `feature/new-feature`. Can we investigate further?
1664;neutral;Can we revisit the `build.gradle` config for the new dependency? The current setup is causing a minor conflict with our existing CI/CD pipeline.
4439;negative;I'm experiencing intermittent failures in the CI/CD pipeline for `feature/new-api` due to a version mismatch with `dependency/jquery`. Can we investigate?
4457;negative;I'm having trouble with the latest `npm install` on my Ubuntu 20.04 build machine, getting a cryptic `ENOENT` error in the `package.json` file.
3628;negative;I'm experiencing intermittent failures in the CI/CD pipeline for PR #123. The build is failing on Jenkins due to a `NullPointerException`.
2694;neutral;I'm reviewing the updated `README.md` in PR #123. The changes look good, but I'd like to see a brief explanation for the new formatting.
3061;negative;Issue with latest build: `npm install` failing due to incompatible dependencies in `package.json`. Reverting to previous commit fixes the issue.
1598;neutral;Regarding #1234: I've reviewed the updated test cases for the latest build. The results appear to be consistent with previous runs.
2730;neutral;I'm experiencing intermittent failures in the CI/CD pipeline for #1234. The build completes successfully on my local machine but fails on GitHub Actions.
2626;neutral;I'm looking at the latest changes to `README.md` in #1234. The formatting seems consistent with our style guide.
3158;negative;I'm experiencing intermittent failures in our CI/CD pipeline due to the latest update of `npm` version 8.15.0 causing issues with `yarn`. Can we revert this change?
3315;negative;Failing to update `npm` in the `.yml` file is causing our CI/CD pipeline to fail. Can we please bump it to the latest version? #14
1723;neutral;I'm experiencing intermittent failures in the CircleCI build for #1234. The error message is unclear, could we add more logging to debug?
1060;positive;Great fix on the `jenkins` integration! Your changes to the `build.gradle` file resolved the deployment issues. Thanks for your patience!
3243;negative;Issue #123: The latest build is failing due to an unresolved conflict with the `react` package. Can we revisit the dependencies?
1679;neutral;Just wanted to confirm that the recent changes in `main` branch have been successfully deployed to staging environment. No issues reported so far.
1758;neutral;I'm experiencing intermittent failures in the CI/CD pipeline for #1234. The error logs suggest a potential issue with the latest dependency update.
4192;negative;I'm experiencing intermittent failures in our CI/CD pipeline due to the recent update of `react-scripts`. Can we investigate further?
564;positive;Great fix on #123! Your solution to the null pointer exception is elegant and efficient. Well done!
2791;neutral;I've noticed the `npm install` step in the CI/CD pipeline is taking longer than expected. Can we investigate further?
864;positive;Just tested the latest changes on #25 and it's working flawlessly! Great job @johnDoe on resolving the API endpoint issue!
1485;positive;Great fix on #123! Your changes to the build script have resolved the intermittent deployment issues. Thanks for your attention to detail!
207;positive;Great job on fixing the `NullPointerException` in the `main()` method! The updated code is now successfully building with our CI/CD pipeline.
871;positive;Great job on resolving the `jenkins` build failure! The updated `docker-compose.yml` file now passes all tests smoothly.
503;positive;Just tested the latest PR (#123) and it looks great! The changes to our CI/CD pipeline are really improving build times.
1029;positive;Just tested with the latest changes to #1234 and it's working seamlessly! Great job on resolving that pesky deployment issue!
3841;negative;I'm experiencing intermittent failures in the CircleCI build for #123 due to an inconsistent `npm install` output. Can we investigate further?
2691;neutral;I think we should revisit the `build.gradle` in #1234 to ensure it's compatible with Java 17. No immediate issues found, just a precautionary measure.
1571;neutral;I'm looking at the latest build on CircleCI and noticed the `npm install` step is taking significantly longer than usual. Any thoughts?
2774;neutral;I'm seeing intermittent failures in the CI/CD pipeline for `main` branch. Can we investigate why `npm install` is taking longer than expected?
2732;neutral;@maintainer I've reviewed the latest PR #1234 and noticed the updated README still uses outdated dependencies. Should we update it to match the new package versions?
805;positive;Just tested your latest fix for the `pip install` issue in #123 and it works flawlessly! Well done on resolving that pesky problem!
3646;negative;I'm seeing intermittent failures in our Jenkins pipeline due to the recent `axios` upgrade. Anyone else experiencing issues with this?
2455;neutral;I'm experiencing intermittent builds in the CI/CD pipeline for PR #1234. Could we investigate the cause of this variability?
3105;negative;@author I'm experiencing intermittent errors with the `deploy` script on CircleCI due to an outdated `node` version. Can we bump it to 14.x?
201;positive;Just tested your fix for the `npm install` error in #1234 and it's working smoothly! Thanks for the quick resolution!
3100;negative;The `npm install` in the CI/CD pipeline is still failing due to the outdated `express` version. Can we bump it up to 4.x?
2279;neutral;Just wanted to confirm that the fix for #1234 has been successfully integrated into our CI/CD pipeline. No issues reported so far.
3562;negative;Failing to merge #123 due to inconsistent commit hashes. Can we rebase the branch before attempting again? @maintainer
392;positive;Just tested the latest changes in PR #1234 and it looks like the fix for issue #5678 is working as expected. Great work team!
1496;positive;Great catch on the `npm` version mismatch! Your PR #123 fixes it perfectly. Thanks for keeping our CI/CD pipeline stable!
2696;neutral;Regarding #1234, the latest build is passing on CircleCI but failing on Jenkins due to a discrepancy in environment variables. Can we investigate further?
2028;neutral;I'm experiencing intermittent failures in the `ci/cd` pipeline for PR #1234. Can someone review the recent changes to `package.json`?
2569;neutral;Regarding #1234, I've reviewed the updated build script. The changes seem to be in line with our existing pipeline configuration.
65;positive;Great catch on the typo in `README.md`, @username! Fixes #1234. Your attention to detail is much appreciated!
3885;negative;I'm experiencing intermittent failures in our CI/CD pipeline due to the latest update of `npm` v16.10.0 causing issues with `yarn` compatibility.
2063;neutral;I'm experiencing intermittent failures in the CI/CD pipeline for #123. Can we investigate further to determine the root cause?
493;positive;Great catch on the `npm` version mismatch! Your fix for #123 resolved the build failure in our CI/CD pipeline. Thanks for your diligence!
380;positive;Great fix on the `npm install` issue! Your changes to `package.json` resolved the error for me. Thanks!
3994;negative;Issue #123's fix in PR #456 broke the CI/CD pipeline. Can't reproduce locally, but it's failing on our Jenkins server.
1077;positive;Great fix on #123! The updated build script in the CI/CD pipeline is now correctly handling dependencies for our new feature. Well done!
879;positive;Nice catch on the `npm` version conflict! Your fix for #123 worked perfectly in our CI/CD pipeline. Thanks for the update!
338;positive;Great fix on #123! Your patch for the regex vulnerability has significantly improved our app's security. Thanks for your diligence!
1017;positive;Just tested the latest build on my CI/CD pipeline and it's passing all tests! Great work on fixing that pesky error in #123!
1276;positive;Just ran the latest build on my local machine and it's passing all tests! Great work on getting the CI/CD pipeline sorted out #185
3799;negative;I'm experiencing issues with the latest update on `main` branch. The build fails due to a missing dependency in `package.json`, causing our CI/CD pipeline to break.
3343;negative;I'm having trouble with the latest build on Jenkins. The `npm install` step is failing due to an outdated version of `express`. Can we bump it to 4.x?
996;positive;Just tested the latest PR #1234 and it's working perfectly! Great job on resolving the pagination bug. Thanks for your efforts!
1982;neutral;I'm experiencing intermittent failures in the CI/CD pipeline for PR #123. The build logs indicate a possible issue with the `axios` dependency version.
4298;negative;Failing to merge #123 due to inconsistent `npm` versions in `package.json`. This is causing our CI/CD pipeline to break.
162;positive;Great fix on the `npm install` issue! Your changes to the package.json file resolved the conflict with the latest dependencies. Thanks for your diligence!
1501;neutral;I'm reviewing the updated `README.md` for clarity. The changes look good, but I'd like to see more details on the testing framework used.
3844;negative;I'm experiencing intermittent failures in the build pipeline due to the recent update of `npm` version. Can we revert to the previous version?
2614;neutral;I've reviewed the updated `README.md` in #123. The changes look good, but I'd like to see an example of the new feature in action.
3462;negative;I'm experiencing a regression in the latest build due to the updated `react` version causing a conflict with our custom component library. Can we revert to 17.x?
1022;positive;Great job on fixing the `npm install` issue in #123! The updated CI/CD pipeline is now successfully deploying to staging environment.
3074;negative;I'm experiencing intermittent failures in the CI/CD pipeline for the `feature/new-login-system` branch due to a seemingly unrelated dependency conflict with `npm install`. Can we investigate?
3944;negative;I'm experiencing intermittent failures in the CI/CD pipeline for #123 due to a recent update of `npm` version. Can we investigate?
1586;neutral;Just wanted to confirm that the fix for #1234 is merged into the `main` branch. Can we review the updated CI/CD pipeline?
1956;neutral;I've reviewed the updated `README.md` in #1234. The changes look good, but could you clarify the new section on deployment?
3153;negative;Unfortunately, the latest build on CircleCI still fails due to the `npm install` error. Can we revisit the package dependencies?
35;positive;Just tested the latest PR #1234 and it looks like the fix for issue #4567 is working as expected. Well done team!
4015;negative;Just hit a snag with the latest build: `CI/CD pipeline failed` due to an incompatible version of `npm` in our `package.json`. @dependabot, can you take a look?
776;positive;Thanks for fixing the regex issue in #123! The updated build now passes all tests without any issues. Great work!
2557;neutral;I'm reviewing the updated Dockerfile for #123. The changes look good, but I'd like to see some additional logging in the deployment script.
1479;positive;Great fix on the `npm install` issue! Your changes to `package.json` resolved the conflict with our CI/CD pipeline. Thanks for your effort!
1364;positive;Great job on fixing the `npm install` issue in #123! The updated build process is now stable and efficient. Thanks for your efforts!
2613;neutral;I've reviewed the PR #1234 and verified that the fix for the `NullPointerException` has been correctly implemented. No further action required.
2825;neutral;I'm experiencing intermittent issues with the `build` step in #12345. The error occurs randomly on different machines, but the code looks fine to me.
2042;neutral;I've reviewed the latest PR #1234. The test coverage for the new feature is good, but I'd like to discuss the CI/CD pipeline configuration further.
242;positive;Just tested the latest build with the updated `@angular/core` package and it's resolving the `NG8001` error! Thanks for the fix!
2062;neutral;I'm experiencing intermittent failures in the CircleCI build for #1234. Can we discuss possible causes and potential solutions?
2364;neutral;I'm experiencing intermittent issues with the CI/CD pipeline on `main` branch. Can we investigate the build failure on #123?
601;positive;Great job on squashing that pesky `NullPointerException` in the `main()` method! Your fix is clean and well-documented.
2436;neutral;I'm experiencing intermittent issues with the build on Jenkins. Can we investigate the cause of this error in the CI/CD pipeline?
2889;neutral;I'm seeing inconsistent test results in the latest build. Can we review the updated `jest.config.js` to ensure it's correctly configured?
647;positive;Just verified #1234's fix on our CI/CD pipeline and it's working smoothly. Great work on squashing that nasty bug!
3891;negative;I'm experiencing intermittent failures in the CI/CD pipeline for #1234 due to a flaky test. Can we revisit the test suite?
3557;negative;I'm experiencing intermittent failures in the `build` stage of our CI/CD pipeline due to a flaky test. Can we revisit the test cases?
3203;negative;I'm experiencing intermittent failures in the `ci/cd` pipeline due to inconsistent Docker image builds on CircleCI. Can we investigate further?
1529;neutral;I've reviewed the latest changes in #1234. The updated README looks good, but I'm still unsure about the implications of this change on our CI/CD pipeline.
1268;positive;Great catch on the `npm` cache issue! Your fix in #1234 has improved our build times significantly. Thanks for your contribution!
1900;neutral;I've reviewed the PR #1234 and noticed that the changes don't seem to address the original issue with the CI/CD pipeline's failure on CircleCI.
3006;negative;Failing to catch this error in the CI/CD pipeline is frustrating. Can we revisit the test coverage for `lib/utils`?
2735;neutral;Regarding #123: I've verified the changes in the latest build, but couldn't reproduce the reported error. Could you provide more details about your environment?
190;positive;Great fix on #123! The updated CI/CD pipeline is now successfully deploying to staging. Thanks for the quick turnaround!
1807;neutral;I'm experiencing intermittent issues with the `ci/cd` pipeline on PR #123. The build is failing randomly with a 500 error.
976;positive;Great job on resolving the `NullPointerException` in the `main` function! Your fix is clean and well-explained, thanks for the update!
2748;neutral;I'm experiencing intermittent failures in the `build` stage of our CI/CD pipeline on PR #123. Can we investigate further?
2048;neutral;Regarding #1234, I've noticed the latest build is failing due to an unresolved dependency conflict with `npm install`. Can we investigate further?
2559;neutral;I'm experiencing intermittent failures in our CI/CD pipeline for the `feature/new-login-flow` branch. Could we investigate the cause?
1083;positive;Thanks for fixing the `npm install` issue in #123! Your changes to `package.json` have made our CI/CD pipeline much more reliable.
475;positive;Great fix on #123! The updated build script for our CI/CD pipeline is now working as expected. Thanks for the quick turnaround!
2905;neutral;I'm experiencing intermittent failures in the `test-ci` job on PR #1234. Can we investigate further?
4118;negative;The latest build on `main` is failing due to a missing dependency on `node-sass`, can we revisit the package.json? #1234
3386;negative;I'm experiencing intermittent failures in the CI/CD pipeline for #1234 due to inconsistent test results. Can we investigate further?
1185;positive;Just tested the latest build with the updated `docker-compose` file and it's working smoothly! Thanks for the fix on #1234!
2434;neutral;Regarding #1234: The new CI/CD pipeline build is failing due to an unknown error in the `npm install` step. Can we investigate further?
2392;neutral;I'm experiencing intermittent failures in the CI/CD pipeline for #1234. The build logs show a successful compilation but tests are failing intermittently.
770;positive;Just tested #23 and the fix for the `NullPointerException` is working beautifully in our CI/CD pipeline. Great work on that one!
1686;neutral;I'm experiencing intermittent failures in the `CI/CD` pipeline for PR #123. Can we review the build logs to determine the cause?
131;positive;Great catch on the `npm` version mismatch! Your fix in PR #123 has successfully resolved the build error. Well done!
2920;neutral;I'm reviewing the latest changes to `build.gradle` for our CI/CD pipeline. Could you clarify why we're using Gradle 7 instead of 6?
3172;negative;I'm experiencing intermittent failures in our `CI/CD` pipeline due to the recent update of `npm` on our build server. Can we investigate further?
3445;negative;The latest build is still failing due to the `npm` version conflict in the Dockerfile. Can we revisit the package manager setup?
4427;negative;I'm experiencing intermittent failures in our CI/CD pipeline due to the recent update of `express` version 4.17.1 causing a conflict with `body-parser`. Can we revisit this change?
467;positive;Thanks for squashing that nasty `NullPointerException` in the CI/CD pipeline! Your fix will save us from a world of headaches during deployments.
3093;negative;I'm experiencing intermittent failures in the CI/CD pipeline for `feature/new-login-system`. The test suite is failing on CircleCI but passing locally.
3773;negative;I'm experiencing intermittent failures in our CI/CD pipeline due to the recent update of `dependency-xyz`. Can we investigate further? #1234
861;positive;Great job on fixing the `NullPointerException` in #123! Your changes to the CI/CD pipeline really streamlined our builds.
