"ID";"Polarity";"Text"
"1";"negative";"@Gary it is indeed strange enough that `Files` does not have a recursive deletion method... That sounds like an obvious thing to have. But it probably isn't. How to deal with errors, for instance"
"2";"neutral";"You could use FindWindow to get the HWND of the window, then use the BringWindowToTop function found in the Win32 API."
"3";"positive";"Excellent! Thanks for the additional detail Sean!"
"4";"negative";"I afraid here the relation between C1 and C2 in a single row could not be maintained !!!"
"5";"neutral";"You could use my AnyMarkup decorator:"
"6";"positive";"I absolutely *love* your title! But your question will need some more details if you need some help. Do you have any code you've tried?"
"7";"negative";"I'm afraid I don't know of any other option than work!"
"8";"positive";"You have at wrong place, that must be in element, so You should try like : Referred from Here Hope it will help you!"
"9";"positive";"By the way, I don't know if you found the hover animation binding somewhere and adapted it, or created it yourself, but all the same I really enjoyed it! Quite clever. :]"
"10";"negative";"My guess would be from a colleague who wanted to scare this person out of ever using 'this' again. It can be fairly annoying when someone uses 'this' for every single thing they do. Not that it justifies lying to a new programmer, but I can imagine someone doing this out of frustration."
"11";"positive";"You should really check out this plugin: I have been using it for about 10 sites and it's really great! Since the latest update it's posible to export your custom fields to a PHP file which you can include your functions.php"
"12";"negative";"Ugh, just had one of those days where everything was going wrong..."
"13";"neutral";"Update: I've tried the Sun VM 1.5, 1.6 and JRockit VM 1.5 to make sure this network behaviour wasn't VM-specific."
"14";"positive";"___ Yours was very good AND FAST!! thanks for the response ___"
"15";"positive";"Hey fellow coders!

I just wanted to share a tip I learned recently that's been making my coding life easier.

When dealing with large datasets in Python, I realized that the `pandas` library has some amazing functions for handling it. Specifically, I found out about the `groupby()` method and how it can be used to easily aggregate data by multiple columns.

Here's an example of what I mean:

```python
import pandas as pd
data = {'Name': ['John', 'Anna', 'Peter', 'Linda'],
        'Age': [28, 24, 35, 32],
        'Country': ['USA', 'UK', 'Australia', 'Germany']}
df = pd.DataFrame(data)

# Group by Age and Country, then sum the values for each group
result = df.groupby(['Age', 'Country']).size().reset_index(name='Count')
print(result)
```
Output:

| Name | Age | Count |
| --- | --- | -----|
| Anna | 24 | 1    |
| Linda | 2 | 1    |
| John | 28 | 1    |
| Peter | 35 | 1    |
|  Germany |3 | 1   |

As you can see, the `groupby()` method allows us to easily extract aggregated data by multiple columns. This is a huge time-saver when working with large datasets.

Hope this helps out some of you! Let me know if you have any questions or need further assistance."
"16";"negative";"that made me cry :'("
"17";"negative";"FF @ fault? Damn... hate when my buddy fails me."
"18";"negative";"read I'm not sure if it will help you"
"19";"positive";"I'm a new user to the site, and new to VBA. I'm just trying to get the contents of multiple text boxes (from many different sheets) into one sheet. Right now, I've been stuck on getting the information from a single text box into a variable. At this point in time, I just want it to retain the line feeds (new line, enter, return, etc). Even if I could just copy/paste the information, at this point, I can't even access the text box via VBA. If anyone could help out, that'd be really great! Thanks."
"20";"neutral";"How do I make this: Into this:"
"21";"negative";"Hmm...VS is telling me this is already a string? Guess it's lying!"
"22";"negative";"The minute you start down the road to control memory is the minute you start making a mistake. If you have REQUIREMENTS for memory, don't use .NET. If you don't have requirements, stop worrying about memory. .NET manages memory better than you ever could. Stop it. Leave it alone. No. Bad. Stop."
"23";"negative";"I host a project on CodePlex, but a bunch (200+) files need to have their extension changed. What is the easiest, least painful way to do this? I cant see myself doing them one by one in the IDE. Update: I know I can just remove and change them via the commandline/utility, and readd them, but that would lose history. Perhaps there is some commandline interface to TFS on CodePlex?"
"24";"neutral";"Note you can use memcmp() on non static stuctures without worrying about padding, as long as you don't initialise all members (at once). This is defined by C90:"
"25";"neutral";"I would do the same (as Chris), and agree at all (with Ilya)."
"26";"positive";"You have to created a new model for hold referral code. below are given model syntax. add These lines in your last lines your models.py Above mention line will create your user profile at the time of creating user.Hope this work for you!!!"
"27";"negative";"I really hate regex in principle. can it be done in a plane script or something?"
"28";"negative";"Shameeeee on me!!!"
"29";"neutral";"Actually it doesn't even have to be malicious code. It could just be a accidental name collision."
"30";"neutral";"@JasonCraig, No worries - You were basically there!"
"31";"neutral";"Test code: How do I remove the whitespaces before storing it into the array?"
"32";"negative";"I want to catch all URL's in the root folder of the url www.example.com The url cannot end in a trailing slash, and can't contain any slashes at all. so these should pass: www.example.com/abc www.example.com/abc123-asdf www.example.com/abc123/ ** fail! www.example.com/asdfsd/asdf ** FAIL!"
"33";"neutral";"We have a servlet hosted on jboss which works on HttpServletRequest. But sometimes we receieve requests that do not get decoded by jboss, and when we do getQueryParam on HttpServletRequest, we get null. The jboss access log shows the url in encoded form. Normally, when everything works smooth, url is shown decoded in access log. e.g.: This was a problematic request: This was a proper request: Could we be missing some jboss decode settings, or is it just a case of malicious user?"
"34";"negative";"whatever generated this code is terribly broken!"
"35";"negative";"Sorry -- Current output is raw HTML as far as I know. I'll double check that, though. Warren -- I suppose that is what I'll have to do. Looks quite scary, though!"
"36";"negative";"Would've loved to. But there is no hash_map in the C++ standard library, and PHB's don't allow code outside of that."
"37";"negative";"I want to bulkload my cassandra data from node A to node B. when I set the 'listen_address' of each cassandra.yaml file to localhost, they do not show error on console but the data is never transmitted. when I set each node's listen address to their own local network[eth1 ipv4]address (192.168....), I get the following error. I can read from this error log that the application is trying to access to port 1..4 and I do not have no idea what on earth is going on. each node is on the virtual machine on the Virtual Box Hypervisor. Both OS is centOS. Here is my cassandra.yaml (the cassandra.yaml of target file is also configured the same way) thrift_max_message_length_in_mb: 16 Can anybody give me advice? I am really suffering as hell."
"38";"negative";"Hate to break the bad news, but SSHClient() already uses threads internally."
"39";"neutral";"You can also detect malicious bots, which wouldn't respect robots.txt using ."
"40";"neutral";"I'm asserting that cloning a VM doesn't constituent ""easy to do"" regardless of your skill set as running the app then ends up being a pain. Others thresholds for ""easy"" may differ but I don't think (without evidence) enough will to matter."
"41";"neutral";"If it's not in the dictionary, probably not."
"42";"negative";"I'm trying to run a Windows command in Python that requires admin access. I have figured out a way using runas, but it opens a User Account Control Pop-Up, which almost defeats the purpose of the automation and is really annoying! Is there any way around this? Here's my code for the admin command:"
"43";"negative";"exactly why i'm asking because thats what i fear!"
"44";"negative";"I have an asp:Menu control that has four different menu items in it. Each menu item has a graphic and a text description. My problem is the icon and text have no padding between them and it just looks ugly! Does anyone know how I can force a bit of padding between the image and text of the menu item? I've looked at all of the attributes on the asp:Menu control, but I haven't been able to find one for this, but I may have just missed it."
"45";"neutral";"I generally do it before importing anything. If you're worried that your module names might conflict with the Python stdlib names, then change your module names!"
"46";"negative";"It's impossible to receive unicast UDP packets in Silverlight (rage!!!)."
"47";"neutral";"Yeah I agree, I use igoogle to read all the news at one place, check my gmail, gcalender, etc."
"48";"positive";"Thanks for the recommendation. I've just talked to them and I'm getting a demo. It looks good on paper, I really hope its can handle what I'm looking for."
"49";"neutral";"For the record, .Net Framework 3.5 SP1 is required for Microsoft SQL Server 2008 to install and RTM'd around the same time as the release this week. Still a hefty install but you can extract the client profile from it. Just not to sure how."
"50";"neutral";"Hey fellow developers, I just wanted to share my frustration with this issue I'm currently facing in my code. We're trying to fetch data from a third-party API and it's not working as expected.
It seems like every time we try to make the request, the server throws an error saying that the API endpoint is down or not found. I've checked the API documentation and the endpoint URL, but nothing seems out of the ordinary. I'm starting to get a bit worried that we're missing something obvious. Can anyone help us figure out what's going on here?
"
"51";"negative";"To push it to Heroku, you'll have to add it to your repo. Why don't you want to commit it? It's recommended to commit Gemfile.lock in your repo (unless you're developing a gem): When developing an app, check in your Gemfile.lock, since you will use the bundler tool across all machines, and the precision enforced by bundler is extremely desirable for applications."
"52";"neutral";"Filip is both correct and incorrect, at least wrt to Java and ASP.NET. An applet can get access to the ASP.NET session by cheating. In my case, we added the session id as a parameter to the applet, which the applet then adds as a cookie in it's requests. Seems to work ok. (We encrypted the session id to foil those nasty hacker folk!)"
"53";"negative";"I absolutely hate that this exists, but there it is:"
"54";"neutral";"I have added a reference to an excellent article showing to go about it."
"55";"positive";"@NathanSmith Great success! If you submit that as an answer instead of a comment, I'll accept it!"
"56";"negative";"It is very sad :("
"57";"negative";"It'll work, it is just incredibly annoying and spy-ware-esque."
"58";"positive";"No worries, and +1 to your answer!"
"59";"positive";"@VitoshKa Excellent! Wish I could give you another up vote for th update"
"60";"negative";"Ugh, I just spent all day trying to get this one question answered on CodeGolf and still can't figure it out... },"
"61";"neutral";"Hi I am developing an android app a musicplayer.It works well except when you hit back key of your phone. It keeps playing song in back ground which is very desirable,but when you open the application again to pause or stop it does not works . I guess a new instance of the application is created on opening the app again. I dont want to create a new instance i want to open the older one to stop it.I hope i am clear.Is there any way to do this."
"62";"positive";"I have a script that prints out the average time when pinging a server, shown below: How can I add the line number to output of the script above when pinging a list of servers ?? my actual output when pinging list of 3 host is: I want the output to be like this: so that this can be read by excel :) Thank in advanced!!"
"63";"neutral";"When must we use keyword in C#?"
"64";"negative";"I didn't know that. I always thought it was AND."
"65";"negative";"_Automagically_ appending data to `~/.ssh/authorized_keys` sounds scary!"
"66";"negative";"I'm afraid I gave up and switched to django instead!"
"67";"positive";"Wow! Actually, that's nearly what @MarkSeemann wrote, but in code :) Hope that helps."
"68";"neutral";"I'm talking about . With streaming stackoverflow podcasts and downloading the lastest updates to ubuntu, I would like to have QoS working so I can use stackoverflow without my http connections timing out or taking forever. I'm using an iConnect 624 ADSL modem which has QoS built-in but I can't seem to get it to work. Is it even possible to control the downstream (ie. from ISP to your modem)?"
"69";"positive";"Hey fellow devs! 
 I just had to share my excitement after implementing a new feature in our mobile app! We've finally added support for facial recognition (yes, you read that right!) to the login process. No more password guessing games or lost accounts! It's been a wild ride getting it all set up, but trust me when I say it's WORTH IT #FacialRecognition #MobileApp #GameChanger"
"70";"negative";"i can't find it : \"
"71";"neutral";"Try adding it in the section of the ."
"72";"neutral";"What about an equivalent to ""tail -f -n500 ""?"
"73";"positive";"Excellent thank you guys!"
"74";"neutral";"how to increase the distance between the text and the check box in flex ?"
"75";"negative";"A (it doesn't have to be a class; structs and interfaces can be partial too) is basically a single type which has its code spread across multiple files. The main use for this is to allow a code generator (e.g. a Visual Studio designer) to ""own"" one file, while hand-written code is put in another. I've no idea whether Python/Perl have the same capabilities, I'm afraid."
"76";"positive";"Excellent diagnosis!"
"77";"negative";"When querying from the database using Entity Framework, what exceptions should one catch and what should be done about them? Generally I use because I have no specific action or feedback for every possible type of error, but I am constantly reminded that this is a terrible idea and that specific exceptions should be caught and handled! Example: What are the standards/guidelines for handling EF exceptions?"
"78";"neutral";"Actually, thinking about it, i think it had to do with SiteCore. I think VS choked when trying to render the sitecore stuff"
"79";"neutral";"You have to be excruciatingly careful when there are spaces in the path names. In the context, you probably need: You don't need quotes around the variable this time."
"80";"neutral";"os.statvfs() doesn't work on Windows (Python 2.5.2 -- current production version)."
"81";"positive";"There was an excellent presentation at WWDC this year on advanced scrollview techniques. You may want to spend an hour watching that. It might be of great help to you in this situation. The video is available in iTunes under the iTunes U section or from the apple developer site."
"82";"positive";"+1 excellent ! I was searching it for hours..."
"83";"negative";"been looking at this for days.."
"84";"neutral";"This is quite new in Django (since 1.0)."
"85";"positive";"I'll second Zend_Form; it has an excellent ini style implementation that allows you to define a form extremely quickly:"
"86";"positive";"today you - my personal Super Hero!"
"87";"positive";"There are some really great answers here that I wholeheartedly agree with!"
"88";"neutral";"Here's a Perl solution Here's a Ruby solution Here's a Ruby one-liner solution: What the one-liner is doing is using a regular expression substitution of the first character of each word with the uppercase version of it."
"89";"neutral";"Because SharePoint is intent on making development painful ;)"
"90";"neutral";"MySQL is extremely cheap when you have the distro (or staff to build) that carries MySQL Enterprise edition. This is a High Availability version which offers multi-master replication over many servers. Pros are low (license-) costs after initial purchase of hardware (Gigs of RAM needed!) and time to set up. The drawbacks are suboptimal performance with many joins, no full-text indexing, stored procesures (I think) and one need to replicate grants to every master node. Yet it's easier to run than the replication/proxy balancing setup that's available for PostgreSQL."
"91";"neutral";"Hey fellow programmers, I'm having some trouble with my application's login functionality. The user is submitting a form with their username and password, but it's not logging them in correctly. Can anyone help me out? Any ideas on what might be going wrong here?"
"92";"positive";"In the absence of tuples, they're sometimes the cleanest way to do things. I generally hate them, though. F# has some nice syntactical sugar for dealing with them. Rather than making me deal with parameters, it treats them as methods that return tuples instead. The various methods end up returning two element tuples: It's quite handy, and doesn't make me feel dirty."
"93";"positive";"Excellent! Thanks for the link."
"94";"positive";"Hey fellow devs! I'm feeling pretty stoked right now. Just spent the last hour debugging a particularly stubborn issue in my React app and I think I finally nailed it! The feeling of solving a complex problem is like pure elation - can't wait to share this with the rest of the team!"
"95";"neutral";"you already fetched data, use instead"
"96";"positive";"Great! I Will take a look later. Cheers."
"97";"neutral";"Then I can suggest you to use go through advanced search form php tutorial or use the WP plugins."
"98";"positive";"Got it: I need to reference the class types through the createjs module. i.e. works absolutely fine!"
"99";"positive";"I'm building a little script that changes content and css live on the page based upon the values of various input fields. I'm able to change the content ""live"" absolutely fine as you'll see here: I'm not able to get this working with the css method using the same principles though: Thanks!"
"100";"positive";"I'd like to know how I can draw a stepped route in . I've tried all possible options but it doesn't seem to work. I am currently using the code below as I would with the normal drawRoute function: Any help would be extremely appreciated!"
"101";"positive";"+1 Saves a lot of time when unit testing Data Access layers. Just note that TS will often need MSDTC which might not be desirable (depending on whether your app will need MSDTC)"
"102";"positive";"Drama-free and practical. +1."
"103";"positive";"Wow, great! thanks, I didn't know this one existed."
"104";"positive";"I have an xml document that is generated based on what the parametres are in the URL for example: This will generate an xml page. Now I want to display this in a formatted way on the menu, after having a look it seems that: file_get_contents() seems to be the best option. But I was just wondering how I can place elements and attributes found in this xml into the html code? Any tips/help would be hugely appreciated!"
"105";"neutral";"Is there a keyboard shortcut or macro to collapse all regions in Visual Studio's toolbox? (Failing either of those, I'll take an addin that allows this!)"
"106";"neutral";"That doesn't seem to create a table... any reasons why? I tried dbdelta too."
"107";"negative";"Ugh, I'm so frustrated with my recent experience with this product... 😡 It's been a nightmare trying to get in touch with the customer support team. They keep telling me that it's not their problem and that I should just troubleshoot on my own. BUT, I'M NOT SOME NOBODY WHO CAN'T FIGURE OUT MY OWN DEVICE!!! 🙄 I've tried everything from restarting the phone to resetting all settings, but NOTHING WORKS! 😩 I'm starting to think that this product is a complete waste of money. What am I supposed to do if it just doesn't work?!?! 💔"
"108";"positive";"The rendering issue has been fixed in IE11. No need to worry!"
"109";"negative";"(lack of line breaks in comments is saddening!)"
"110";"negative";"@MaximilianB_ther I'm sorry to hear that... Maybe you can get in touch with the developers of BaronReplays and ask them to help you out? If not, I'm afraid I cannot help you much more! Regards, Rodit"
"111";"positive";"Wow - excellent! How did you find this age old question? :)"
"112";"negative";"I've done some easy .hover(function() statement in jQuery. When i hover over a text i simply want a #div.fadeIn, and on non-hover fadeOut. It works. But it's just if i spam the text-trigger with hover and un-hoverring really quickly and then stop the animation begin to give a blinking effect. It just kind of loops, really annoying!"
"113";"neutral";"Apparently there's the very obvious ""Client"" property which I completely missed!"
"114";"positive";"Already answered to wrap it but here's an . Good luck!"
"115";"negative";"This is a problem with Windows Firewall that is very annoying from its introduction. And persist trough several versions of windows. I have two questions: Is it possible to be disabled or at least require confirmation in XP/2003 Server ? Does UAC handles this in Vista/2008 server? If it does not - is there any way to disable it?"
"116";"negative";"In my case sometimes begins work after ""Source Control/Update"". Actually, its terrible bug, you have no guarantees that you see actual list!!!"
"117";"negative";"I really hate this option. I am looking at managing this by GPO in my org."
"118";"neutral";"""Most merchants I have worked with were scared to death of exactly that"". There are few things scarier to a business than, ""we're taking away your ability to get money""."
"119";"positive";"Is there a way to convert a ui formed with qtDesigner to a python version to use without having an extra file? I'm using Maya for this UI, and converting this UI file to a readable python version to implement would be really great!"
"120";"neutral";"In VB.NET 4.0, most of you probably know you don't need to explicitly write getters and setters for your Property declarations as follows: VB automatically creates private member variables called _Foo and _Foo2. It seems as though Microsoft and the VS team have adopted the _ convention, so I don't see an issue with it."
"121";"neutral";"If you are not completely allergic to Perl, then comes with a tool named that can split a document, producing well-formed XML section. You can split on a level of the tree, by size or on an XPath expression."
"122";"neutral";"@LightnessRacesinOrbit: Perhaps. I'll leave that to the OP to worry about!"
"123";"negative";"Indexed lookups in LinkedLists are O(n). That'd could be terrible for a 3d array!"
"124";"positive";"@MattBurland no worries!"
"125";"positive";"Hey fellow programmers! Let's talk about a topic that I've been thinking about nonstop lately - the importance of 'Tight Coupling' in object-oriented design."
"126";"negative";"I have a few classes which do nothing except in their constructors/destructors. Here's an example I'm a little concerned about future readability. Am I being too ""tricksy"" here, with a variable (""busy"") which is never actually used in the code? Could some static analysis tool suggest they be removed, or is this idiom sufficiently common not to worry about?"
"127";"positive";"Im using the AutoPersistenceModel in Fluent NHIbernate to map all my entities and that all works fine :D However, several of my objects have In the database there is a single comments table, and each entity with the above code, has its own link table to comments. At the moment what im doing is: for every entity. Is there some way i can set a convention where by all mappings to IList<Comment> are wired up automatically as manytomany with the above table name convention? Thanks Andrew"
"128";"negative";"@GabrielePetronella I missed that link, I hate how stackoverflow removes the underline! Are you running it on a server or file protocol?"
"129";"positive";"+1 for splint, excellent tool and free (as in free speech, not as in free beer)"
"130";"negative";"Dude I feel your pain. I used my blogger address but since moved my blog. I don't want to continue using my blogger address as my id now there is a google option."
"131";"positive";"has a good website intro to sql. If anyone wants a book, the first several chapters of book are an excellent intro. Much better than the text book from my database class. If anyone wants to explore relational database concepts, seems to have a good intro. book is also very good on that subject."
"132";"positive";"You should look into the SDL library () as it supports multiple platforms and has bindings for a variety of programming languages. It also supports OpenGL. Good luck!"
"133";"neutral";"What possible enhancements can be made in the Basic Radix Sort Algorithm?"
"134";"positive";"+1 for one assertion per test"
"135";"positive";"Excellent, thanks very much! Moving them to inst/tests and running test() worked."
"136";"positive";"Wow, exactly what i was looking for!"
"137";"positive";"Thanks Greg, that looks to be an excellent document to read, I'm printing it now."
"138";"neutral";"PC-Lint and splint will find unreferenced methods and variables."
"139";"negative";"/me works out more what your code does and screams in agony."
"140";"negative";"@AliceChen sad but sometimes the dropbox servers go down, this may also cause this!"
"141";"neutral";"I try to export ant buildfile , then i run the build.xml. Then what next?"
"142";"negative";"The problem is that ""Hello World"" is a terrible example to use with TDD. You really need something that generates variable output based on variable input."
"143";"neutral";"Using the window object, only gives you access to globals, not to local variables."
"144";"positive";"Ahhh! I just made num_rows work (even though I don't need it, as you pointed out) because of your indirect help! Thanks you sweetheart!"
"145";"negative";"I don't see how this is possible, but I really, really hate to run my query an extra time just to get the record count so I can build a pager. When I say a ""pager"" I simply mean the common gizmo with a link for each 10 records for example."
"146";"positive";"FWIW, git rebase interactive now has a ""reword"" option, which makes this much less painful!"
"147";"neutral";"I'm at my wit's end here... Can anyone suggest a way to troubleshoot this issue? I've tried restarting my router, updating my firmware, and even unplugging it and plugging it back in (yes, that was a real thing I did) but nothing seems to work. The Wi-Fi is still not connecting to the network."
"148";"positive";"how to fix a leaky faucet | home repair subreddit
http://subreddit.com/r/homerepair/p/18341511/
"
"149";"neutral";"Would it help to create a View in your database that excludes the blob, and then generate your dbml from the view? It's not too terribly different from your second option, but keeps the changes mainly in the database itself, without requiring any changes to your existing table structure."
"150";"positive";"Excellent - thanks!"
"151";"positive";"NivoSlider, Flexslider, and others all require the images to be the same width and height. I need a slider that will allow me to have images with varying widths. has a good example, but it only works if you have the slider take up the full width of the screen. Any direction would be greatly greatly appreciated!"
"152";"neutral";"is there a eval function in ML?"
"153";"positive";"Wow! Awesome responses - I'll have to try'em out after work today, and I'll let y'all know how it goes :)"
"154";"neutral";"The following page has several implementations of general purpose hash functions that are efficient and exhibit minimal collisions: http://partow.net/programming/hashfunctions/index.html"
"155";"neutral";"The example you gave is not of IOC, it is Dependency Injection example."
"156";"neutral";"Hey fellow developers, I'm having some trouble with my React app. It's supposed to fetch data from an API but when it tries to load the page it just throws this error: \""TypeError: Cannot read property 'data' of undefined\"". I've checked all the documentation and my API endpoint is correct. What could be causing this issue?\n\nI'd appreciate any help or advice on how to resolve this problem. Thanks in advance!\n"
"157";"negative";"sad... very sad."
"158";"negative";"I have an application where I need to adjust view position according to current focused subview (it's a list with focusable items, current focused item must be in the center of the screen - used for a tv application controlled from tv remote). Position must be adjusted with animation. I got it working with just one problem: if the user changes focus before the animation is complete (quickly taps ""up"" button twice) next animation starts with ""jump"" - it starts from the same position as did the first one. So what I try to do is I cancel previous animation and start another, but then new animation starts from the point where first animation was started, so user can see a very obvious jumps in the animation, which look really awful. Here's the code: So must question is: how can I start translate animation from the point where previous translate animation left on (assuming that it was cancelled)? Or, in a simplier words, how can I determine current visible rect of a view?"
"159";"negative";"I am building the Android OS on Mac OSX (Lion), and Eclipse as an IDE. I am trying to understand certain parts of the OS however this requires performing many searches throughout the project. These searches take 5 or 10 minutes on Eclipse, and the way they are presented is also extremely annoying. Also, I need a separate editor to open up the native files found in the OS, since if they are opened in Eclipse there is no color coding of the C++ syntax. I feel that Eclipse is really slowing me down - can anyone suggest a better IDE for browsing the Android OS (preferably free)?"
"160";"neutral";"I'm lying it's possible! Do you want `.end` to be also affected, and what about divs after `.end`?"
"161";"neutral";"Your code is extremely vulnerable to injection..."
"162";"neutral";"Have you declared the Bundle-ClassPath in your bundle's MANIFEST.MF"
"163";"neutral";"Ugh, I just spent all day debugging this stupid issue on my server. I've got a bunch of error logs and nothing's making sense. Help!"
"164";"neutral";"What .NET library are you using for POP3 access?"
"165";"neutral";"This works as of Moq 3.1.416.3"
"166";"negative";"whenever i drag-n-drop a stored procedure onto my Context canvas, the parameters/arguments for the stored procedure are all nullable. Why is this? Is it because of how i've declared my parameters inside the stored procudure itself? Besides manually creating my stored procedure methods in the Context partial class (or drag-n-drop onto canvas, cut from autogen'd code, move to partial class, then remove nullables types) .. is there any way to fix this? It's really frustrating :("
"167";"neutral";"There was a great answer to the first half of this on http://security.stackexchange.com/a/19710 , the second half god a good answer from the manpage, as posted by rmcfrazier: http://www.php.net/manual/en/function.uniqid.phpquote combinatorics:""There are devastating collision attacks on MD5. (...) In contrast, SHA1 appears to be much more secure. While there are some known attacks on SHA1, they are much less serious than the attacks on MD5. For this reason, SHA1 is a much better choice than MD5 in many settings."" - MD5""Warning: This function does not create random nor unpredictable strings. This function must not be used for security purposes. Use a cryptographically secure random function/generator and cryptographically secure hash functions to create unpredictable secure IDs."" - uniqid"
"168";"neutral";"Effectively what needs to happen is that changes I have marked as live or stable needs to be merged with the Live website. This effectively means I don't have to worry about accidently copying over files and if something goes wrong it could be reverted to the previous version again. I'll investigate post_commit hook but I'll have to find a way to do a backup first so that a problem with subversiondoesn't kill the site."
"169";"positive";":) :) :) :) :) :)"
"170";"neutral";"""Rendered instantly"" sounds way better than ""Rendered in less than a second""."
"171";"negative";"It's a very painful process to ajax `files` to a server side script. You might try: http://fineuploader.com/"
"172";"positive";"Great answer! But as @paercebal mentioned, `auto` now has a different meaning, so could you please update the table at the end?"
"173";"neutral";"Hey guys, I just had a really frustrating experience with my computer lately...I was trying to install an update, but it kept crashing on me after every few minutes of setup. I tried clearing out the cache, restarting my router, and even updating my antivirus software, but nothing seemed to work. Has anyone else experienced this issue? How did you troubleshoot it?"
"174";"positive";"Yeah, I didn't know about the non-greedy thing either! Is there a site that explains each modifier?"
"175";"positive";"Can someone with CTE help me understand how this symptom works? I've noticed a lot of my friends have it and they all seem fine,"
"176";"positive";"thanks dana-- that's really great! any way to add a slider to control zoom level?"
"177";"neutral";"Google results aren't an answer<"
"178";"negative";"Has anyone found a way to change the icon displayed in the Office Button in A2007? Having converted an MS Access 2003 app to 2007, it's very annoying that my app is now displayed as an MS Office app instead!"
"179";"negative";"That is not about programing."
"180";"neutral";"Hey fellow devs, I just spent an hour trying to get my UI component to render properly in a React app. Anyone else have this issue? How did you debug it?"
"181";"neutral";"I would go the custom Attached property route! should be pretty simple to implement too!"
"182";"negative";"I know that IList is the interface and List is the concrete type but I still don't know when to use each one. What I'm doing now is if I don't need the Sort or FindAll methods I use the interface. Am I right? Is there a better way to decide when to use the interface or the concrete type?"
"183";"neutral";"This is a common problem, and it's not a matter of ""PHP is lying to me!"" You have to understand how PHP sends the emails, and how servers interpret and process them. Your email host is likely interpreting these emails as spam, and sending them to a quarantine folder. None of this has anything to do with how PHP is handling your email."
"184";"negative";"I just had the worst day ever! I spilled coffee all over my shirt and now I have a huge stain on it that's impossible to remove.
"
"185";"positive";"I think StaggeredGridView is what best suited for your requirement. this is the link go and download and attach this library to your project. I used this and it works very beautifully..!"
"186";"neutral";"Hey everyone, I just had one of those moments where I feel like I'm the only one who doesn't know what they're doing... or so I thought. Has anyone else ever felt this way? How do you deal with feeling like a beginner?"
"187";"neutral";"Flip the image before displaying with"
"188";"neutral";"It does not support postgres yet."
"189";"negative";"Not for me, but I can suggest some possibilities :It may cause problem while editing--> This can be solved by using some comments--> And then this will cause the code messier Some code may crash and your code success will go away from you |.|--> No solution - unless you know more about the code! Code upgrade problem-- If external code has upgrade you may have problem to know which is that code--> Again use comments--> And again messier So these are some that I can think about!EDIT---Some cons:You can make it more convenient to edit--> You can edit more than one code at onceYou can edit some code that you wan't able to edit (external resource before)--> Modifying is more convenient.You can make it load faster--> 1 file with 1000 KB is faster than 1000 files with 1 KB each.It is safer--> You don't need to worry about external resource being deleted!!These are my suggestions. Try to think more about it!"
"190";"positive";"I created a mobile application with the yeoman mobile-generator. I'am very new to grunt and yeoman, but it's really awesome stuff! Does anyone know what I have to do add a banner to my generated files? Where I have to use this. I have tried something like this, but does not affect. ..."
"191";"neutral";"What are the differences between Drupal7 and Drupal6? What about theming?"
"192";"neutral";"Though be aware that if the starting string is all upper case, you have to call `String.ToLower` first, since `ToTitleCase` doesn't work on all upper case strings."
"193";"positive";"Hey fellow devs! I just had a major breakthrough with my project - it's finally starting to take shape!"
"194";"neutral";"I don't think there is a native way to do this (). But you can do it naively (this will be efficient, but is a pain to write!):"
"195";"positive";"Thanks! Both you and Jim were very helpful!"
"196";"neutral";"This doesn't do title case, where small words (articles and prepositions) should not be capitalized."
"197";"negative";"@Raubi: Which bit? It's still going to be horribly inefficient for long sequences, as it's still doing an enormous amount of string concatenation."
"198";"negative";"there is no IDE work on my computer just devc++ and turboc and the two is too bad i want vc++ express or netBean c++ but nothing work ! i don't know why but i hate this situation it's too bad !:("
"199";"neutral";"I want to call a method after each 2 minutes, how can I apply such logic?"
"200";"neutral";"The TIFF file can store various image types: Bilevel (B/W) Grayscale Palette-color RGB full-color The storing of actual image data is done differently for each image type. The is not the scariest I have seen, but it is definitely not trivial!"
"201";"neutral";"if you're really, really worried about performance, using a live nodelist might be faster : This is unlikely to make much of a difference though, and as has been mentioned, using setInterval with long intervals (a second is big, 4ms is small) is unlikely to have any major effects."
"202";"negative";"Title: Re: Can someone explain why my 3-year-old kid has a higher IQ than me despite not studying"
"203";"negative";"Ugh, just spent hours trying to get my Jenkins build to compile and I'm still stuck. Anyone else have this issue? I've tried restarts, updated plugins, and even re-downloaded the JDK, but nothing seems to work. This is ridiculous..."
"204";"neutral";"x86 processors suffer a ""partial register stall"" if you, say, write to `ax` and then try to read from `eax`. Something to be aware of if you're mixing 16- and 32-bit operations."
"205";"negative";"This in an extremely ignorant answer."
"206";"neutral";"returns a pointer to the found character, so you could use pointer arithmetic: (Note: this code not tested for its ability to compile, it's one step away from pseudocode.)"
"207";"positive";"FWIW - In regard to 'being more careful in the future' I've really enjoyed using AnkhSVN within my Visual Studio 2010. It's done an excellent job of helping me perform perfect commits"
"208";"negative";"That was a terrible article, it started out right, Fisher-Yates/Knuth shuffle, then goes horribly wrong by trying to randomly order using guid as a source of randomness. Don't waste your time and just read the Wikipedia article on Fisher-Yates or use a library that implements shuffle correctly."
"209";"neutral";"Is it compiled in Release mode?"
"210";"negative";"We are working in real estate project, there we have image and video uploads in many places. We are started with in few places, But now we found an issue that it does not work if the flash player not installed in the browser. Its working only after installed the flash player in browser. This is really worrying. We should not force user to install flash player to upload images/video. How to handle this issue?"
"211";"negative";"It is really sad that answers need to be more than three characters"
"212";"negative";"I don't want this to be the answer, (sob)!"
"213";"negative";"You need to or if you target Windows Phone 8.1.And port you code to DirectX 11 the call is . It will be painful! You will still use this feature level."
"214";"positive";"Hey fellow developers! I just had an amazing day of coding and it's hard not to share with all you talented people out there . Today was a real game-changer for me and it made my entire week. I think everyone needs a little pick-me-up sometimes, so here's what worked for me: I started the day by dedicating 30 minutes to learning about a new library that I'd been meaning to explore. After that, I dove head-first into a project that was just begging to be tackled, and I'm thrilled with how it turned out!"
"215";"neutral";"Isn't it just a base 64 encoded version of the serialized data?"
"216";"positive";"Hey everyone, I just got my hands on this awesome new monitor and I'm OBSESSED! The colors are so vibrant, the response time is lightning fast, and it's just overall a beast of a display. What do you guys think? Have any of you gotten similar quality monitors for gaming or general use?"
"217";"negative";"So I am using the android Alarm to try and hit a PHP script every 3 minutes....it's going to check if a notification needs to be sent to the user. I keep getting a nullpointer exception, and whats more weird is...whenever I run another POST or GET request, the alarm fires off as well (even though its set to ONLY every 3 minutes...) Here is my code for the alarm (AlarmReceiver): here is my code to set the alarm (on MainActivity):"
"218";"negative";"Title: Ranting about my experience with this SO thread - Help! "
"219";"negative";"Evaluation of what? I may be being slow today, but I really don't understand what your problem is. I'm awful tempted to vote to close on the principle that I don't see a real question."
"220";"positive";"Awesome, thanks!"
"221";"neutral";"possible duplicate of [How to update Linq to SQL dbml file?](http://stackoverflow.com/questions/1110171/how-to-update-linq-to-sql-dbml-file)"
"222";"neutral";"Have you compared with `Enum.GetName()`?"
"223";"negative";"Is there a way to aid gmail in making threads? We are currently using same Subjects to do this, but that really uglyfies the subject a lot."
"224";"neutral";"No communications. Just trying to get one to run the other, passing it a few params. They are both installed to the same directory under Program Files and access files under app data."
"225";"positive";"This is really simple and works great! I did a javascript test: http://jsfiddle.net/77eej/2/"
"226";"positive";"I am new to .NET in general, so I hope this isn't too n00b of a question. I'm looking to write a Silverlight app that interacts with a MSSQL DB using LINQ. Do I absolutely, positively have to use a seperate WCF service? It seems there are security implications, but this would be on a completely trusted network. Thanks in advance"
"227";"positive";"I figured out, way of calling the Hub was not correct. For the time being i have modified my code as in Global.asax :- Works absolutely fine now :) Still figuring out better alternatives !!!!"
"228";"positive";"that is what I am doing now. I find this a more practical solution and I see there are other people doing the same. Well, great!"
"229";"positive";"Great links, thanks for your work!"
"230";"positive";"I have a javascript document.write function that returns a textarea value to a field like so: Now, I need the output of what is returned from the document.write part to be in BBCode output, so if the value fetched from the document.write function is [b]hello[/b], it returns ""hello"" not [b]hello[/b]. Any help would be extremely appreciated!"
"231";"positive";"This would be easiest with a - no need to be scared, it's just a box!"
"232";"positive";"If you want to try a new and alternative approach, this is a application core framework modelled after java OSGi: I haven't tried it myself, but it looks really cool!"
"233";"negative";"Okay, a before <example> And a desired after <example> I know, horrific (don't ask!) See how the slash in the key indicates children, and how the order is nested accordingly? And items without orders are simply shifted to the bottom. But also how multiple 'same level' items with the same order are merely sorted by key?"
"234";"positive";"Hey fellow coders! I just had an epiphany while working on my personal project - isn't it amazing how some things can just click into place and suddenly everything falls into motion?  Like when you finally nail down the solution to a particularly stubborn problem, your entire workflow comes together in a beautiful symphony of code."
"235";"negative";"The .NET installation is one of the most painful setups of all history, in all means possible. I've did many such setups and about half of them even *crashed* for XP."
"236";"negative";"I completely disagree with the answers so far. I feel that internal is a horrid idea, preventing another assembly from inheriting your types, or even using your internal types should the need for a workaround come about. Today, I had to use reflection in order to get to the internals of a System.Data.DataTable (I have to build a datatable lightning fast, without all of its checks), and I had to use reflection, since not a single type was available to me; they were all marked as internal."
"237";"neutral";"I too advise to use the simple way (KISS !-) -- but some optimization could be found, namely not to test the length of an array more than once:"
"238";"positive";"Hi Barney, I think @EdMorton 's answer is pretty pretty more powerful than my comment!"
"239";"positive";"Thank you for all the great answers! Sam & Talljoe's answers accomplished this most simply using Linq. Thx again!"
"240";"neutral";"[fiddle](http://jsfiddle.net/mcoomey/JPC4J/1/) was not related to the table layout of auto versus fixed. The fiddle shows that it works for both. If you are still seeing a problem while using the newer version of jQuery-ui, then it must be another issue with your code."
"241";"positive";"This might work for what I have in mind, will certainly give it a try."
"242";"neutral";"I bet it cannot be simpler than that:"
"243";"positive";"Wow, you guys reply quickly! I'm having a hard time following up here :)"
"244";"negative";"Ugh, I am SO frustrated with my current situation. I've been trying to get in touch with someone for weeks and they just keep ignoring me. I've sent them multiple messages, made phone calls, and even left voicemails but nothing is happening. It's like they're completely ignoring me. I feel like I'm being ignored by a human being which is just not acceptable. Has anyone else ever dealt with this kind of thing? How did you handle it? Help me out!"
"245";"negative";"unfortunatly most browsers think window.close() is malicious and don't allow it to close itself without at least prompting the user :("
"246";"negative";"Ugh, I just spent 2 hours trying to fix this stupid bug in my code. Finally, after what felt like an eternity, it's working again... yay me."
"247";"negative";"Link is now dead :("
"248";"negative";"Ugh, another day, another dollar... Said no one ever when it comes to dealing with this community"
"249";"positive";"excellent answer!! Its very informative. Thank you."
"250";"negative";"Oh, right. That'd be the forum template that generated that. And no worries, I didn't take it personnally !"
"251";"positive";"Since I was also looking for a way to use the empty word epsilon I came up with the following approach. I simply used an empty production rule such as: Hope it works - at least for now it seems so ... Addendum: It works pretty fine :)"
"252";"positive";"@ryanc: Excellent! Now I understand what is going on, rather than just thrashing, as before. I think your explanation (about the canvas ignoring `refresh-now` before it is open) is very sensible. (If any Racket developers are listening here, it seems a valuable tool would be a way to pause until the frame is ready for action, platform-independent.)"
"253";"negative";"james, the stack trace under that is just my function name. Nothing more. very frustrating :("
"254";"neutral";"That would be unlikely. It depends on the randomness of the generated account number and the number of active accounts. With managed code you have to recurse 10s of thousands of times in order to break the stack. When the probability of non-uniqueness approaches 10,000:1, then it's time to worry."
"255";"negative";"My company is just starting to look at using WPF for migrating all of our 10 year old business applications. These applications will most of the time be running on computers that have limited/old hardware. We are now a little worried that the hardware might be too limited for using WPF. We have installed Family.Show () on an basic older computer and that seems to run ok. But we would like know what your experiences with WPF on older hardware is? Anyone out there willing to share some experiences with us?"
"256";"neutral";"Hey everyone, just had one of those mornings where I think I've been hit by a truck... coffee-fueled chaos ensued. Anyone else have days like this? How do you guys survive the morning rush?"
"257";"negative";"I'm at my wit's end with this question (https://stackoverflow.com/questions/456789), and I've tried everything I can think of without any success.

The problem is that we're trying to roll out a new feature that requires a lot of data processing, and the old codebase is still being used by 90% of our users. We need to get this done ASAP, but I'm not sure if it's even possible given the scope of work and the amount of resources required.

I've tried implementing some data caching mechanisms (https://stackoverflow.com/questions/123456) but they're just not enough. The old codebase is still using a lot of resource-intensive algorithms that are slowing down our server. I'm starting to think we should just scrap the whole thing and start from scratch, but I'm not sure if that's even worth it.

Has anyone else out there been in this situation? How did you handle it? Should we just throw in the towel already?

Edit: I should mention that the issue is specifically with a certain function (https://stackoverflow.com/questions/789012) that is causing all of our users to experience lag and errors. Any ideas on how to fix this would be greatly appreciated.

TL;DR: We're trying to roll out a new feature, but it's causing problems for 90% of our users. We need to find a solution ASAP, but I'm not sure if it's even possible given the scope of work and resources required."
"258";"negative";"Offtopic: why the hell do you apply the regexp only to the first 4 characters of the user agent? This is going to fail horribly in most cases."
"259";"neutral";"Add a bit of demonstration code and I'll upvote."
"260";"neutral";"Has anyone built a website with IronPython and ASP.NET. What were your experiences and is the combination ready for prime-time?"
"261";"neutral";"No, I'm afraid not"
"262";"negative";"Yes. You make me sad :("
"263";"negative";"is defined on the document and you might not even have a variable (it's a property of , not of ). Change to But you must learn how to spot those bugs, by which lists errors. And using is a terribly painful way to track your bugs, use ."
"264";"positive";"Here are some useful info from Apple:"
"265";"neutral";"You should use BoxedAppPacker or BoxedApp SDK. It must help."
"266";"neutral";"Hey fellow devs! I'm stumped on this one. We've got a weird issue where our application seems to be freezing up occasionally when we try to load data from an external API. The freeze happens about 50% of the time, and it looks like it's related to the network request timeout. Have anyone else experienced anything similar? What could be causing this behavior?"
"267";"positive";"Got it! Thank you all for helping me reach a great ""Aha!"" moment :-) ...hopefully after I spend some more time in WPF I'll understand why this works."
"268";"positive";"this one is great!"
"269";"negative";"Yes, there are, I'm afraid"
"270";"negative";"@Rob൩ I really hate passing booleans into functions."
"271";"positive";"For a good c compiler use . It is an excellent compiler which a huge device database to select from! You can use keil to generate a Hex file (in the Intel hex file format). You can then load the hex file into to simulate your design and see the output!"
"272";"negative";"The top chunk of code is not indenting properly."
"273";"neutral";"I maintain an application which, during the course of two years, has constantly required new hardware to be even usable, due to the amount of new users / new data inserted. However, justifying the investiment is sometimes very hard to do. I started to wonder - how can I establish the maximum number of users a web application currently suports? I thought of using JMeter scripts but they can get really nasty to implement when having to simulate file transfers and decison trees. What do you guys use?"
"274";"positive";"You should definitely check out Jon Rista's three-part series on .NET 2.0 configuration up on CodeProject. Highly recommended, well written and extremely helpful! He shows how to create and use custom configuration sections, and goes on to explain how to use your own custom.config instead of or in addition to standard .NET config files. Marc"
"275";"negative";"Ugh, I just spent the last hour trying to debug this stupid issue on my project and I'm still stuck. The error message keeps telling me to 'fix it' but what does that even mean? Can't they just give us a simple answer instead of making us guess all day?"
"276";"positive";"Hey fellow developers, I just wanted to share my excitement about this new feature in our company's IDE! We've been working on it for months, and I can barely contain my enthusiasm anymore. The new UI is a total game-changer - so much more intuitive and user-friendly than before. It's like the designers actually listened to us devs and put some serious thought into the design process . Anyone else out there as stoked about this feature? "
"277";"positive";"I'm trying to write a batch process that can take an MP3 file and mute certain parts of it, ideally in Python or Java. Take this example: Given a 2 minute MP3, I want to mute the time between 1:20 and 1:30. When saved back to a file, the rest of the MP3 will play normally -- only that portion will be silent. Any advice for setting this up in a way that's easy to automate/run on the command line would be fantastic!"
"278";"positive";"It proved the point. They are very excited about SO now."
"279";"neutral";"Help with sorting my library's collection by author, title, and genre. I have a ton of books in multiple formats (e.g., paperback, e-book, audiobook) that need to be sorted correctly."
"280";"neutral";"To further explain: Apple once had a section in their agreement that specifically listed the allowable programming languages C, C++, Objective-C and Javascript. This was cause for a lot of confusion, doubts and fear. Eventually Apple stopped naming the languages. I know for a fact that even while this was in place, a variety of apps were on the store, being published, or in development that used Lua scripting in some way or another."
"281";"neutral";"I know how to query workitems, although I haven't been very successful finding info on the WIQL. There's one basic example that seems to get repeated everywhere. I'd like to be able to query changesets. Can I do it with tf.exe, tfpt.exe, or.. ?"
"282";"negative";"Stack Overflow Emotion: Post a question about the frustration I've been experiencing with my current internet connection.

**Title:** Frustrated with slow internet speeds - Help!

**Text:**"
"283";"negative";"I really fail to see the use case... If you will type print_var_name($foobar) what's so hard (and different) about typing print(""foobar"") instead? Because even if you were to use this in a function, you'd get the local name of the variable... In any case, here's the in case there's something you need in there."
"284";"negative";"Is it possible to hide .svn files in the Open Resource dialog (Ctrl + Shift + R) of Eclipse? It's very annoying when you have hundreds of files... Cheers."
"285";"positive";"Absolutely. Don't be afraid to just try stuff out!"
"286";"negative";"too bad this behavior isn't a setting. I think it makes sense in theory why they did it this way, but in practice it's just really annoying"
"287";"positive";"I found that the best way to do this was to use Access and save as a text file and then you can set your own field width and export. excellent!"
"288";"negative";"The function is extremely annoying because it uses a prototype or something insane like that. You'd have to do an ampersand-call to override the prototype: .However, you are trying to transpose the matrix, not to it (which would produce a continuous list like We could use an iterator in conjunction with : which works, but this is severely overthinking the problem. Let's just swap indices:"
"289";"neutral";"you have to use symlinks instead of an alias... sad there is no ui for that! you have to go into the Terminal and type: the first PATH is the base path of the original file and the second is for the base path for the symlink of the file/folder etc"
"290";"neutral";"Any, but Solaris especially loves threads."
"291";"negative";"although I feel incredibly stupid/angry or both"
"292";"negative";"Im getting really depressed over this so I could really use some assistance. I created a new project in visual studio. I first created a new header file, called ""MyString,h"" and placed it in the header folder. It contains a class called String. you can see the code I used for it at the end of this I also now have a MyStringTest.cpp file in the source files folder. It has the following code in it. Expected: Compiles and runs a console program which will output ""llo"" Reality: Error: 'Identifier 'String' is undefined Here is some of my code in the header file...i really cant fit all of it. ...."
"293";"negative";"Someone is scared to tell the reason of -1 !"
"294";"neutral";"For example in the code below:"
"295";"negative";"I am Having a xml file with around 60 to 70 tags. while calling the callbacks method of SAX Parsers startElement,endElement,characters the excessive use of if else makes code extremely painful.Are there any other way through which i can make my code more readable?"
"296";"negative";"As title, basically I have a user control placed inside a page and then the page is placed inside the master page. I want to extract a block of javascript and put it back to the page head. When I try to wrap the code inside any block control (e.g. a div runat server) and access divID.InnerText then ASP.NET bust off with I dont want to extract JS inside cs file, thats awfully ugly approach (all sort of escapes and people wont even notice you have JS written unless they drill your CS file), what can I do?"
"297";"neutral";"I'm trying to follow and similar tutorials. I've got a custom SPJobDefinition derivative and a feature. The definition doesn't do anything yet, since I'm just trying to get it setup. The feature has the following code in the FeatureActivated: What am I missing? It all deploys fine, and the feature activates fine, but it doesn't show up in the list of job definitions!"
"298";"negative";"That's horrible."
"299";"negative";"Why do you not want to store it in the assets folder? That's what it's for. Regardless, you can't reference your local hard drive for it. (also, personal opinion, Monotype Corsiva is a horrible, horrible font) EDIT: So I would add, you should be able to do it the way you're doing it, you just can't use your local hard drive. Just get a reference to your TypeFace as a , depending on where you are saving them (e.g. ) and use ."
"300";"positive";"Excellent explanation! +1 for you Sir"
"301";"negative";"@jozefg I'm really afraid of what you've told :("
"302";"positive";"I'm really glad it worked! Btw, the best way to show appreciation on Stack Overflow if someone helps to solve your problem is to upvote their answer and mark it as solved :)"
"303";"neutral";"What NSMutableArray methods correspond to these Javascript Array methods?"
"304";"neutral";"see Binary Worrier's suggestion to psuedo-inline that into an extension method."
"305";"negative";"Ugh, just had the WORST day ever... Anyone else have days like this where they feel completely stuck? I was trying to solve this one problem for hours and my brain just refused to cooperate. I'm talking about that one thing where you're 90% sure it's a simple fix, but somehow it's all over your head. Has anyone else had moments like this? How do you deal with the frustration when nothin' seems to work?"
"306";"positive";"totally awesome"
"307";"neutral";"Are you suffering from either of the issues in ?"
"308";"positive";"Excellent! Worked perfectly!"
"309";"positive";"Well, I was using the setControlValueToUpperCase() method too soon it seems. So changing my keydown first if statement to fixed my issue. Horray Me!!"
"310";"negative";"I store ranges in MySQL DB, but a lot of queries to MySQL for getting provider name - it's terrible :("
"311";"neutral";"You can use with an existing profile:"
"312";"positive";"excellent, thanks much!"
"313";"neutral";"@RP A lot has happened in nearly 6 years: http://docs.webplatform.org/wiki/Main_Page"
"314";"neutral";"The problem here is that you already stringified the response as JSON before passing that into another data structure (now as a string) in order to return that as JSON. So you are basically doing a double encode and the ""string"" gets encoded.So just pass in the data once: So on a small collection like this: Yo get a result like this: If you are really worried about the order of those two keys then you can use the bson ""dumps"" to go to a string then decode with the standard json decoder in order to get a native dict with the Mongo objects deserialized, then further put into your ordered dict.But really your client should not care about the order of the keys and just expect those root elements."
"315";"neutral";"How do i replace with using php"
"316";"positive";"Just started testing as a CRM solution for our company. Someone asked for a Google map on the page showing our upcoming engagements. I know Zoho provides an API that allows accessing its data from the outside, but I actually need to integrate the map on the data-entry form. If anyone could provide a pointer to any mashup with Zoho CRM (be it Google MAps, Bing Maps, or any similar web service), I would be extremely grateful."
"317";"negative";"That's what I thought...but I'm terrible with C. Absolutely terrible."
"318";"neutral";"It appears that Microsoft is aware of this issue and they have ... I don't know if this was addressed in IE8 B2... you might try it and see. Good luck!"
"319";"neutral";"I think your underscores got eaten by markdown. You meant: 4.6.4.6.__class__.__name__"
"320";"neutral";"I never said I was angry by the way. Just noting what I saw as a design flaw."
"321";"neutral";"Can you not set the width on the containing div?"
"322";"positive";"+1 for umbraco. It has never ever limited me in any way. It does have a learning curve, but once you get to know the basics of the system, you'll be amazed what things can be done in a short period of time. Also, great supporting community!"
"323";"positive";"Hi there!
I'm stoked for the release of the new update! The new features are seriously blowing my mind
What's the most exciting thing about this latest build?
"
"324";"neutral";"er, can you explain how and why works?"
"325";"neutral";"You can use"
"326";"neutral";"Try using OAuth (open authentication)"
"327";"negative";"I need to perform the same hash server side. All this code that I am digging through seems to have been run through some compression tool. Devastating."
"328";"negative";"Why do so many people not understand the importance of permanent URLs?? Even Adobe, selling products to build web applications, regularly fails at this!"
"329";"neutral";"I've got a couple of models. Neither have any list view other than their admin entries. For that reason, it's a bit of a pain to manually work out the URLs for model instances. I would like to show a link on the listing and detail admin views that takes me directly to the public view. I can do the nonsense that works creates the URL but I don't know how to get it to show in the admin. Any ideas?"
"330";"neutral";"Are the elements also initialized to '\0' when allocating memory to a string through malloc?"
"331";"positive";"Excellent handle :)"
"332";"positive";"Yep I've been testing some stuff recently under Safari 5.1.5 (WinXP) recently and when you have elements with tabindex=""0"", all the elements EXCEPT links ( with ""href"" defined) are focusable. By all elements, I mean s, s etc. It's absolutely amazing for me from the accessibility point of view!"
"333";"negative";"Very scary! O_O"
"334";"positive";"+1 - what a great article!"
"335";"positive";"I second FlashDevelop. You don't get the visual design stuff for the MXML, but for the code (both MXML and AS) it's excellent."
"336";"positive";"I need to develop a messenger-like text box, where certain tokens are being replaced with UI controls. Just for example, if the user types :-) it should be replaced with a smiley image. I have previous experience with WPF's RichTextBox and i understand the concept of TextPointer and TextContent. I just don't know how to replace a TextRange with a UI control... Would extremely appreciate your help :-) ! Gili"
"337";"negative";"Regexes are fraught. A regex that splits parameters on commas will get awfully confused if one of the parameters is `\""Hello, world!\""`."
"338";"positive";"Hey I just had to solve this on a project I am working on, here is my answer Then in my configuration (I am using Fluent NHibernate to configure my unit tests in code) AWESOMENESSSSSSSS!"
"339";"neutral";"@grieve--from what I've read, unit tests should not hit the file system, db, or go accross the network. I'm trying to stick to those rules."
"340";"neutral";"@Cocowalla: the finalizer should dispose the unmanaged mutexes unless it can't know if the mutex was created by the managed app or attached to an existing one."
"341";"neutral";"I'm thinking of creating a small offline blog editor for personal use and I don't know how do the APIs work. Where can I find this information? I'm particularly looking for the most common providers: Blogger, Wordpress, MovableType, Live Spaces (not sure if this has an API) etc."
"342";"negative";"I see Microsoft is still at it with their horrible magic version control stuff..."
"343";"negative";"so im using a simple submit binding to pass a function data: i just started working with KO so i was to write a basic print function to test this input out: my problem is when i hit submit i get a ""you entered: undefined"" but when i refresh the page the input that is in the form gets an alert. this is very frustrating! idk if this is a knockout problem or a simple HTML one."
"344";"negative";"Right, I've got this horrible mess of html and erb (that does work!), but I want to do things properly and render the whole thing with the method. But I'm not sure how to do this, I can only render text with the link_to at the moment."
"345";"positive";"It is all good, I found this to be very helpful. The following article is excellent !"
"346";"positive";"+1 - Excellent link, thanks!"
"347";"neutral";"The ""main view"" is set in the application's Info.plist with the key"
"348";"positive";"If you read the FB.init documentation, there are some parameters that can be used while defining . One of the parameter is which- Determines whether XFBML tags used by social plugins are parsed, and therefore whether the plugins are rendered or not. Defaults to false.You said that in case of pure javascript the like plugin worked that's beacause you must have set to . To get your jquery code to work simply define this paramter to true which is false by default- and it shall work. Good luck!"
"349";"positive";"I need someone to point me in the right direction on this.... In my Android application I have a ListView with custom views for each row containing various textviews each. I retrieve weather information for multiple locations and then want to write the results for each location to its own listview item. The question is, how do I refer to each textview on each listview item? I can't do it by name using , can I? If there are three items in the list, will the temperature textview for each item be names the same, just differ by an array index? If so, how do I specify TextViewName(0), TextViewName(1) and TextViewName (2) for the three list items? Yes, I'm still very new to Android....but loving it!"
"350";"neutral";"How do you use network sockets in Pascal?"
"351";"negative";"I for checking whether the function exists yet. In summary: Does that work for you? If it does then you can just wrap in a loop. A bit less nasty than a setTimeOut!"
"352";"negative";"that's sad:-( I don't need it for debugging, I need it for other purpose."
"353";"negative";"Believe me without an IDE you just waste your time and it is a real pain ! if you feel that visual studio is expensive you can try the or go for or"
"354";"negative";"Ugh, just spent the last hour trying to debug this bloody code and I'm still stuck... Can someone please help me out? "
"355";"neutral";"Paraphrasing Cypher, ""StateOf.Confusion is bliss"", so... Do all `MapCollection Items` have the same state? If so then have a single `ItemStatus` that every `Item` references. [`Application.Properties`](http://msdn.microsoft.com/en-us/library/system.windows.application.properties%28v=vs.110%29.aspx) may be a way to globally communicate visualness."
"356";"negative";":'( :'( :'( :'( :'( :'("
"357";"positive";"An excellent book I have, which covers this topic, is , by Clifton Nock. It has got many good explanations and good ideas on how to decouple your business layer from the persistence layer. You really should give it a try. It's one of my favorite books."
"358";"neutral";"how to add SelectedIndexChanged event for DropDownList in SharePoint2010?"
"359";"negative";"I am currently developing a system on a server running PHP version 5.1.6 thus I am forced to use Symfony 1.1 in the current environment. I am planning to migrate the application from 1.1 to 1.2 in the somewhat near future and I was wondering if anyone has any experience with this? I have attempted to migrate a system from 1.0 to 1.1 and that was a major pain in the rear. How has it been for anyone out there migrating from Symfony 1.1 to 1.2?"
"360";"neutral";"Maybe do a setTimeout for the length of the video and fire an event once the length of the video has passed. Try this to detect when the window loses focus: If you're really worried about the accuracy of setTimeout, maybe try this:"
"361";"neutral";"Have a look [here](http://stackoverflow.com/questions/1871076)."
"362";"negative";"-5 votes?? People who have downvoted this answer should have specified the reason for doing so as well."
"363";"neutral";"I'm looking for experiences with deploying Crystal reports (the basic version, bundled with VS2008) into a production environment. Are there any restrictions? Does it limit the number of concurrent users? Other than downloading and installing the CRRedist2008_x86.msi on the production server, anything to worry about? (And judging from the comments here and other places, yes it would be better to find another solution, but unless there's something free that works with VS2008/IIS6, we're stuck with it for now)."
"364";"positive";"This is answered . The concept was implementing with the tags such as and within the and div. Excellent answer!"
"365";"positive";"I've been having an amazing day so far, thanks to this amazing community! I just wanted to say a huge thank you to everyone who responded with such helpful and supportive comments. It really means a lot to me, especially when I'm feeling overwhelmed or stuck in coding problems."
"366";"positive";"I'm trying to allow multiple clients to connect to a host using select. Will I have to connect each one, tell them to move to a different port, and then reconnect on a new port? Or will select allow me to connect multiple clients to the same port? This is the client code: This is the server code: Any help would be excellent! Thanks."
"367";"neutral";"If you're really worried about string/character size, have you thought about compressing them? That would automatically reduce the string to it's 'minimal' encoding. It's a layer of headache, especially if you want to do it in memory, and there are plenty of cases in which it wouldn't buy you anything, but encoding, especially, tend to be too general purpose to the level of compactness you seem to be aiming for."
"368";"neutral";"Try to add the complete failed message in the question!"
"369";"positive";"Holy (*&^. I just looked at the jquery solution: add a hidden element to the DOM containing every conceivable tag and then reverse engineer the geometry conventions. The web is truly amazing place!"
"370";"negative";"It's really sad when you can't trust your coworkers..."
"371";"negative";"I asked before about pixel-pushing, and have now managed to get far enough to get noise to show up on the screen. Here's how I init: Here's how I render each frame: Problem is this is awfully awfully slow, around 5fps. I think my path to publish the buffer must be wrong. Is it even possible to do full-screen pixel-based graphics that I could update at 30fps, without using the 3D chip?"
"372";"negative";"Ugh, just had the WORST day ever. I ordered a pizza from my favorite spot, but when it arrived, they got the order wrong AGAIN! They sent me a different type of cheese than what I asked for, and the crust was stale. I mean, can't they even get a simple order right? It's like they're intentionally trying to annoy me or something. I'm still fuming about it."
"373";"neutral";"Can someone with high blood pressure please write about what exercise can do for it? I'm really struggling to find a routine that works,"
"374";"positive";"Works awesome :) Thank You!"
"375";"positive";"Wow, great link!"
"376";"negative";"This is very strange, what are you trying to do here. It looks very scary code. Where are your constructors?"
"377";"negative";"If I have a setup project in a VS 2010 solution and I add/remove another project, or unload/reload another project any setup projects in the solution are expanded in the solution explorer. It only does this for setup projects and it is extremely annoying. Is there any way to disable this behaviour?"
"378";"negative";"I need to pass a regex substitution as a variable: This, of course, doesn't work. I tried eval'ing the substitution: but that didn't work either. What horribly obvious thing am I missing here?"
"379";"negative";"No, I'm afraid not! You can call yourself in a js-function from . codebehind:"
"380";"negative";"Does anyone commit Qt to their own source control? If so, how do you do it? Do you commit the whole Qt directory or do you pick only the ones that your application needs (bin/lib/include/src) How do you handle the case when new Qt version comes out? I'm asking because I'm trying to setup Build automation and Qt moc is a bit of a pain...and just wondering how people handle committing 3rd party library in general."
"381";"positive";"Pretty new to this scene and trying to find some documentation to adopt best practices. We're building a fairly large content site which will consist of various media catalogs and I'm trying to find some comparable data / architectural models so that we can get a better idea of the approach we should use using a framework we've never made use of before. Any insight / help would be greatly appreciated!"
"382";"neutral";"I'm at my wit's end with my graphics card. It just died after a few hours of gaming. I've tried resetting the power button multiple times, but nothing seems to work. Have anyone else experienced this issue?
"
"383";"positive";"@CodemonkeyKing, no worries! =D"
"384";"neutral";"It would be cooler if you could"
"385";"positive";"I just had the most epic gaming session with my squad! We were all high on dopamine and it was pure chaos for the best of reasons,"
"386";"neutral";"Is it possible to restore infolog from InfologData? Consider the code what should I write instead of to restore ""something awful"",""something terrible"", ""scary\tmouse"" into infolog from infologData? My goal is to perform some operation, store infolog in database, and then show it to user, when they want it."
"387";"neutral";"where outf is a file gives me:"
"388";"neutral";"Another option would be to make sure the D3D surface is the same size as the client rectangle size (). Then you know you'll render to the appropriate size and not have to worry at all about the width of menus, borders, etc."
"389";"negative";"When I click on Memcache Viewer the whole dashboard crashes and I have to login again. This is really worrying me as we are serving data to many users. A server error has occurred. Is there a way to see the internal logs? I can't see anything in nor . Is there any other way to reset the Memcache?"
"390";"neutral";"Does anyone have a recommendation for an excellent reference on Microsoft's ReportViewer (VS 2008 flavour) when used in local mode? I'm currently using it but parts of it are a bit of a black box so I'd like to read up on the entire subject. Especially want to start using sub-reports to display more complex parent-child reports. I'm assuming they work in a similar mode to Crystal Reports with which I'm reasonably familar. Thanks, Rob."
"391";"neutral";"Hey fellow devs, \nI just started using an AI-powered chatbot for my code reviews and it's been a wild ride. The thing is, I'm not entirely sure how to integrate it with our existing workflow, especially when it comes to handling different types of code snippets (e.g., Java, Python, etc.). How do you guys handle similar situations? Do we have any recommended approaches or tools out there that can help streamline the process?"
"392";"positive";"Excellent! Thank you for your perseverence :)"
"393";"positive";"Awesome!"
"394";"positive";"Works very fine with jquery!"
"395";"positive";"Thanks Dominic, this is really great! Tell me if I got this right: you create a heightmap, add noise to it, then assign tiles according to the height of each position?"
"396";"neutral";"It's pretty easy to prevent aliasing by adding a conditon *a != *b."
"397";"neutral";"If DevStudio is crashing a lot on you, you might try uninstalling any add-ins and extensions as a first step. It might save you a lot of pain."
"398";"neutral";"Take from :"
"399";"negative";"I have just finish that site, but there is a silly bug that remain... if you check tu horizontal position of the WHOLE page there is a slight shift... nothing to cry about but WHY here is the 2 pages any idea, the horizontal css is: i dont like my page to do the cha-cha-cha !"
"400";"positive";"WOW people THANK YOU SO MUCH FOR YOUR ANSWERS!!!! (bow)"
"401";"negative";"Does anybody have a simple code to display a list (list view?) of all the apps installed on a phone, and have the user open one when clicked? Or even an App drawer. I just need a way to have the user open all of their apps. I have tried searching for tutorials, but couldn't find any, and I downloaded the example home from Android, but I absolutely hate looking through code and digging out what I Want."
"402";"neutral";"Boost is also not C."
"403";"negative";"Yeah, I know, I just can't figure out where the 'private' is coming from. It's very frustrating!"
"404";"negative";"I don't know any opensource solutions, and the guys writing this stuff for money can't and won't tell you. Guess you're out of luck :]"
"405";"positive";"I used ExcelLibrary with very great results! (until now it support Excel 2003 or lower versions)."
"406";"negative";"WTF??? Why not just mark Enrico's answer as Answer instead of copying it over and marking your own answer? Stealing is bad, m'kay?!"
"407";"positive";"Is there a shorthand for a new line character in Scala? In Java (on Windows) I usually just use ""\n"", but that doesn't seem to work in Scala - specifically outputs in Eclipse, (sic) from the command line, and from the REPL (GREAT SUCCESS!) works, but is there anything shorter?"
"408";"negative";"This is similar to the accepted answer (because it is using Java to represent the newline rather than EL) but here the <c:set/> element is used to set the attribute: The following snippet also works, but the second line of the <c:set/> element cannot be indented (and may look uglier):"
"409";"positive";"Then perhaps Might be of some help. If need be you could always do the registry editing yourself via API directly for the association... but up to you EDIT: Also read the comments there, some good points eg the use of quotes for paths with spaces: @""C:\SomePath\MyApp.exe """"%1"""""" Also permission issues for registry access esp with Vista... good luck :)"
"410";"positive";"Hey fellow developers! I just had an amazing experience with my new plugin, it's been making my life so much easier! The author has clearly put a lot of thought into their code and it shows. Highly recommend giving it a try!"
"411";"negative";"For various reasons Microsoft decides that some info should be kept away from developers. But people through reverse engineering find out what these reserved fields are about and produce their own documentation. Some times people guess correct. Some times Microsoft makes breaking changes, and people scream ""How dare you!"". And life goes on."
"412";"positive";"AFAIK, the creator of DelphiCodeToDoc is actually still actively working on it. Have you tried sending him an e-mail? In my experience, he's very helpful!"
"413";"negative";"Ugh, what a complete waste of time this forum is..."
"414";"positive";"Oh, but [requests](http://docs.python-requests.org/en/latest/index.html) *is* especially great. imho"
"415";"neutral";"Then use this approach in combination with ThreadLocal?"
"416";"neutral";"Ugh, I'm at my wit's end with this question..."
"417";"negative";"Holy thread abuse, Batman!"
"418";"negative";"This is probably caused because you have set to (Which is absolutely terrible). (See ) You should disable register globals so that the SESSION/POST/GET/REQUEST/COOKIE variables do not interfere."
"419";"negative";"I have a page that uses excanvas to draw some images. While testing the new page in IE6, one computer attempts to open office 2000 and install a missing component. If the office 2000 install is canceled the vml images appear. This problem only happens on one of my test machines but it still worries me. Anyone seen this issue when using IE6 and excanvas before?"
"420";"negative";"Can somebody point me to a resource that explains how to go about having 2+ IIS web server clustered (or Webfarm not sure what its called) ? All I need is something basic, an overview how and where to start. Can't seem to find anything..."
"421";"negative";"@Frederick Marcoux: it is really terrible advice"
"422";"neutral";"I can point what you should do then: 1. create script.php and clean all input variables from search page. 2. connect to the database and make a select statement "".. WHERE grad = '$grad' .. 3. protect your form from mysql injection."
"423";"positive";"Excellent! Cheers dude"
"424";"negative";"I have various files that I want to be ignored by SVN when committing. I know that I can go into TortoiseSVN and ignore them in various ways. I know that I can run svn propedit svn:ignore from the command line to do the same thing. The problem is that I have to have everyone on my team to do that, which is a pain. Is there a way that I can put some file in a folder or set something in my SVN repository that tells it to never check a certain file in?"
"425";"neutral";"If you're using a general-purpose method which has the signature that's called from any event handler and is passed both the and , it can call , e.g., for logging events, without worrying about a null pointer exception."
"426";"neutral";"Why do you believe that ""template metaprogramming is all the rage""?"
"427";"positive";"Based on the RolandMySQLDBA's answer I think we can use the above to get the size of each schema in a table: Really liked it!"
"428";"negative";"Unless there is a very valid reason, passwords should hashed. Hashes result in fixed length strings. There is not space argument to make, unless the system is storing the actual password, which is arguably a terrible idea."
"429";"neutral";"-1 undefined behavior"
"430";"neutral";"What matters is that your code is readable. If you're worried, add a comment -- that's what they're for! Having said that, maybe you should StopIteration when there are no more players."
"431";"negative";"Oh, this was was a pain! I probably lost 2 hours on this. Here is the solution: CMake uses short 'C' applications to test/try things. If the CMakeLists.txt states that C++ is used for the project, without also listing C, then some of those shorts tests incorrectly fail, and cmake then thinks those things aren't found. The solution was to change the first line of CMakeLists from this: ...to include C as a language: Then delete , recreate it, and everything then works:"
"432";"positive";"Hey, I saw that you used asyncsocket to get the desired result. Any chance I could pick your brains about this sometime? I'm @suprfrends on twitter. It would be GREATLY appreciated!"
"433";"negative";"Tools to automate alteration of markup code for any objective are a horribly frightful proposition. Simply write your code correctly the first time. If you have archaic code then it likely has many other problems in addition to SEO, and automatically imposing global changes can expose problems you may not be prepared to address."
"434";"negative";"Strings containing XML is an extremely bad idea and asking for trouble. Use messages that have a defined schema.I had to rewrite significant portions of an app that used a lot of XML internally instead of types. It was horribly slow and impossible to figure out what was happening."
"435";"positive";"+1 excellent question. Personally I'm starting to think that externals should never have been allowed to track the HEAD of other repositories. Always specifying the exact revision of the external is much safer."
"436";"positive";"Excellent, thanks!"
"437";"negative";"How I hate myserlf!"
"438";"positive";"Excellent question. IMHO this type of thinking makes programs much more robust, especially when they undergo constant change."
"439";"negative";"Hate ghost comments! :("
"440";"positive";"Excellent, thanks again!"
"441";"positive";"I ran this code in Eclipse.. it is running absolutely fine!! The output is : Thu May 16 09:35:31 ICT 2013 I am using Java jre7"
"442";"positive";"It's works fine :) Thanks !"
"443";"neutral";"How do I format code in Markdown? I keep getting a syntax error when trying to save it as an HTML file."
"444";"neutral";"What are some good resources for learning JavaScript? I'm looking for a combination of online courses, books, and tutorials that can help me get started with Node.js. Please recommend any top picks."
"445";"neutral";"It could also be a problem if you worried about running out of ID too fast (if you expect LOTS of records), since you're only using 1/10 of the range you have storage for."
"446";"neutral";"Hey fellow coders, I just wanted to share some thoughts on the importance of testing in our daily workflow. As someone who's spent countless hours debugging code, I can attest that it's a crucial aspect of delivering high-quality software. Without proper testing, we risk introducing bugs and errors that could have been caught at an earlier stage."
"447";"positive";"Tim, great-great sample, does exactly what I was looking for!"
"448";"neutral";"Link is down again."
"449";"neutral";"This only works for 4 or 8 byte floats. What about 10-byte floats?"
"450";"neutral";"You can also right click the method name and click ""Find all References"" in Visual Studio. I personally would just do a CTRL + SHIFT + H to"
"451";"positive";"q:"
"452";"positive";"@AlexK. excellent thought. Edited."
"453";"neutral";"FlexeLint is a commercial product which has no development history in common with Johnson's original Unix Lint, AFAIK. A non-commercial alternative is Splint."
"454";"positive";"loved your line NSIndexPath *indexPath = [NSIndexPath indexPathForRow:0 inSection:1];. +1 for you ;)"
"455";"positive";"Excellent, the selected bit was very useful."
"456";"positive";"Although I didn't technically end up escaping the dot, your suggestion actually did make me realize another alternative. While wondering how I would ""pass"" the escape code to the ""SQL"" server, it dawned on me: Why not use a ""SQL Pass-Through Query"" instead of an ODBC linked table? Since I only need read access to the SQL Server data, it works fine! Thanks!"
"457";"positive";"+1 for *""...the debate was about **what** was actually meta data.""*"
"458";"negative";"This is one of the shortcomings of DGV that I absolutely hate and why I almost always bind to an IEnumerable of an anonymous type."
"459";"neutral";"the link to the last article (Tips for Unit Testing) expired. Here is the link to the new article: http://devver.wordpress.com/2008/07/07/tips-for-unit-testing/"
"460";"positive";"I agree - this is a very good introduction to SSAS and MDX!"
"461";"neutral";"Is there a way to set which activity is to be started anytime the application is opened? Obviously I have the Intent Filters android.intent.action.MAIN and android.intent.category.LAUNCHER, but I want it to reset to this activity even if the App wasn't completely killed (if it wasn't, now it just goes back to the last activity that was open)"
"462";"neutral";"I want to be able to start External Application in C# WPF How do I do it?"
"463";"positive";"@Marc-Andr Lafortune Your answer there was incredibly helpful! Thank you!"
"464";"negative";"Everything in the terminal buffer. Command history is easy, just 'history'. Sometimes there's an exception or a log I want to grab, but it went off the screen or select-all is a pain. I want to make a cmd line tool that does it and maybe sends it to a new gist."
"465";"negative";"@Anyone who uses Assembla - Is it 200MB per project or 200MB per account? If it's per account, then that's awfully small."
"466";"negative";"ps really hate the response limits on comments."
"467";"positive";"I found the answer! It appears to be an issue with sending to the development device tokens. Like most people, we have a database that stores the device tokens, and the earlier records were populated with our device tokens from testing. As soon as I net out those device tokens from my list, all works! I really hope someone finds this useful!"
"468";"neutral";"WSAT is not in CodePlex anymore"
"469";"negative";"My company currently use CruiseControl.NET, which I find quite a pain on the neck to configure. What CI solution do you use?"
"470";"negative";"Another thing I hate to see is the : I've seen this in real code."
"471";"neutral";"How about an extension method that calls the actual () implementation? The only downside is you have to add . This works because the parameter (via ) infers a type for . As an alternative (if the is a pain), consider making it static, with an instance argument that is used primarily for type inference:"
"472";"positive";"This is very fine :) Note that if you do the following: Only the first element of the array will be initialized with the non-zero number whereas the rest will be initialized with zeros."
"473";"neutral";"Is determined at compile time?"
"474";"neutral";"C++ isn't dying, but most of its strengths only shine in niche markets."
"475";"positive";"Wow great answer and very quick!. Explained everything."
"476";"negative";"Ugh, I just spent an hour trying to debug this stupid issue and I'm still stuck... Has anyone else ever had to deal with a 'Cannot read property of undefined' error? It's like, how do you even debug something that's intentionally broken?"
"477";"positive";"@ajreal no worries, I think I managed to fix it!"
"478";"negative";"ADG is a terrible and wondrous thing. I'm still trying to figure out the ""data"" object structure when using group fields Cheers"
"479";"negative";"The problem is that you never run the method, so the field stays at zero. It's a really terrible idea to give a field and a method the same name."
"480";"positive";"Awesome, super fast! Thanks a bunch =)"
"481";"neutral";"a big minus of this implementation is you don't think about cases when your item is not found"
"482";"neutral";"I was planning to use it with TFS."
"483";"neutral";"There is an excellent example of how to implement your own two-dimensional ArrayList and (re-) use it in your specific case: No need to reinvent the wheel, go for it!"
"484";"neutral";"In elements would receive a unique identifier (a cache key) when required, stored in the property of a node, . . So in I was curious, as I'm in the process of implementing similar logic, how jQuery identify a node in . Referencing a line number in the github repo would be excellent!"
"485";"neutral";"Since that link could break, you may want to copy the relevant info into your answer."
"486";"negative";"""Error starting recording"", every time. OH how I hate meaningless error messages!"
"487";"positive";"sounds like desirable behaviour to me! How do you make it do that again?!?"
"488";"positive";"How would I go about using Stephen Celis' fantastic SCListener singleton? () I would like to start with something incredibly simple.. like display the input volume in a textview or just display a UIImage when the listener detects something. Any help would be greatly appreciated! Thanks!"
"489";"neutral";"This has been answered well here: http://stackoverflow.com/questions/1566234/sniffer-for-localhost-windows-os/2066819#2066819"
"490";"negative";"My NSLog messages no longer show up in my Debug Area. Anyone have an idea how the could have happened? I can hit command-7 to bring of a list of logs in the left pane, select the latest one and view it in my editor window, but it is extremely annoying compared to having the console output in the debug area."
"491";"positive";"Never knew about VS macros. It's awesome!!! Just what I need in a couple scenarios. Thanks a lot"
"492";"positive";"Ah, excellent!___"
"493";"neutral";"I am currently working on an n-tier system and battling some database performance issues. One area we have been investigating is the latency between the database server and the application server. In our test environment the average ping times between the two boxes is in the region of 0.2ms however on the clients site its more in the region of 8.2 ms. Is that somthing we should be worried about? For your average system what do you guys consider a resonable latency and how would you go about testing/measuring the latency? Karl"
"494";"negative";"Still printed but had that dreaded extra page! -_-"
"495";"positive";"This is awesome!"
"496";"neutral";"how is blue similar to green?"
"497";"negative";"my experience with SOAP is not good ): and documentation(at least in D2010) is extremely poor!"
"498";"negative";"The question on how to check input for validity is answered numerous times! You just check whether the stream is in a good state. If not, you'll reset the stream and ignore the character. Search for question where this answered. Also, don't use exceptions for non-exceptional cases and *always* throw something derived from `std::exception`: once you have tried to locate where an exception came from which isn't derived from `std::exception` in a program with a few million lines of code you'll find it extremely helpful to look at what `what()` returns!"
"499";"positive";"I need some drawings in my tableview. How can i do this. Any help will be greatly appreciated!!"
"500";"neutral";"Actually, Flash is not always slow and it doesn't always take all that much code."
"501";"positive";"@prototypical - Absolutely. I was never to solve this xTo-1 issue and ended up creating mirror images for my sprites. I praised the genius who created keyboard shortcuts that day!"
"502";"positive";"No worries, main thing is your problem gets solved!"
"503";"positive";"ROT13. It's super efficient too!"
"504";"positive";"I am new to Qt. While digging inside Qt's documentations, I found QListWidget to be useful. But I'm not sure how to do it. The following image shows what I want. Any help would be really awesome! Note: I don't want to do this using Qt Quick."
"505";"neutral";"Code snippet is not compiling because of undefined variable
Variable name is misspelled in function arguments.
Error message: Cannot convert object to integer
Stacktrace:
1 level
2 main
3 utils.js:12:5},"
"506";"neutral";"Hey fellow devs! I just found this awesome gem in my quest for a simple UI library. Does anyone know if there are any native iOS and Android apps out there that use the Kotlin Coroutines API? I'm looking to integrate it into one of our projects, but haven't been able to find much info on this topic."
"507";"positive";"So this could be hard to explain but i want to do a for ... := 1 to 10 do statement but i want it to be for A to N do. The main purpose of this excersise is to load data into a string grid. So lets have it load the cells 0,1 0,2 0,3 0,4 0,5 0,6 0,7 with the Letter A, B, C, D, E all the way up to 14. If anyone knows how to do this i would be extremely thankful!"
"508";"neutral";"When you try it, you get the error: This comes from (line 3023 on my sources, but varies by version), in . The comment there explains that: This routine is to be called by statements that must not run inside a transaction block, typically because they have non-rollback-able side effects or do internal commits.For it's called from in under the case for , but unfortunately there isn't any informative comment that says why specifically isn't safe to run in a transaction.Looking at the sources, I can see that for one thing it forces a checkpoint.Overall, though, I don't see anything that really screams out ""we can't do this transactionally"". It's more ""we haven't implemented the functionality to do this transactionally""."
"509";"positive";"Excellent, thanks!"
"510";"negative";"I used multiple requests - batches of 10. I don't want to anger the Api!"
"511";"positive";"I've got tables like this: I want to merge them like: In this new table, Name in Table.Articles will belong to Title column, because.. Articles.Name and Books.Title mean the same thing :) Any answers will be very appreciated :) Thanks"
"512";"positive";"please update and you will get to paradise =)"
"513";"neutral";"Maybe you can post the relevant code snippet? Regards, tamberg"
"514";"positive";"Wow I frickin love this site! Thanks for the quick and concise responses. I plan to keep the client-side regex validation but move the username check to the server-side on submit."
"515";"negative";"Indeed, this is awful. A pity there is no option to change it. Every other IDE/editor I used opened tabs to the right."
"516";"neutral";"I'm working on a Data Warehouse which, in the end, will require me to create reports based on business hours. Currently, my time dimension is granular to the hour. I'm wondering if I should be modifying my Time dimension to include a bit field for ""business hour"" or should I be creating some sort of calculated measure for it on the analysis end? Any examples would be super magnificent?"
"517";"neutral";"Another example from CodeProject:"
"518";"negative";"Hmm I fear I've opened a Pandora's box of higher maths! I'll see if I can understand any of those articles..."
"519";"positive";"I had the same exception, I just installed the latest VM release and now the compilation complete successfully :)"
"520";"neutral";"Hey everyone, I just had one of those days where everything seemed to be going wrong. Had a meeting that ran longer than expected, spilled coffee all over my shirt during lunch (yeah, it was that kind of day), and managed to misplace my car keys. I'm pretty sure I've lost track of time myself."
"521";"positive";"As things are evolving very fast, there are some major update. For example, a framework named Total.js has made much work to make Angular.js work in hand with Node.js. Please have a look at their web site and at the 6 (!) example they provide on how to use it : . Pretty amazing! Hope that helps! Note: I have no affiliation with Total.js at all."
"522";"neutral";"I think I read somewhere recently (might even have been on SO but I can't find the question) that in a debug session, pressing stop in VS just kills the process and no GC takes place. However closing the app window normally performs GC as expected. Is this correct? Also, what happens when a (non-debug) process is killed in task manager - does the GC still cleanup?"
"523";"positive";"Hello everyone, I just wanted to share some success I had with a recent project I worked on. I have been struggling with trying to optimize my code's performance for the past month or so, but after implementing a few changes, I noticed a significant improvement in speed and efficiency."
"524";"neutral";"Is it possible (or desirable?!) to set up to behave more like ? For example, instead of writing why can't I just write Similarly, instead of why not just"
"525";"neutral";"One workaround is to store the client address in the session. A response wrapper should validate the client address set in the session is same as the one accessing the session."
"526";"neutral";"Is there any performance difference?"
"527";"positive";"Hey fellow devs! I just wanted to share my excitement with you all about the recent changes in our company's code reviews process. We've implemented a new feature that allows us to automatically detect and fix common errors in our codebase, reducing the likelihood of bugs from spreading throughout the team.

The main goal behind this change is to improve the overall quality of our applications and increase productivity for everyone involved. I've seen some amazing results already, and I'm confident it's a game-changer for our company!

We're still fine-tuning the system, so bear with us if there are any initial hiccups. But trust me when I say it's worth the wait! 

Has anyone else noticed similar changes in their companies? How do you think we can continue to improve this process moving forward?

Looking forward to hearing your thoughts and experiences!"
"528";"negative";"Ugh, I'm so done with this frustrating development environment... Don't even get me started on the constant bugs and crashes it's been throwing at me all day. Can someone please just give me a break?"
"529";"neutral";"Hey fellow programmers! I'm having some trouble with my new script that's supposed to be doing some calculations on a large dataset. When I run the code, it just crashes with an error message like this: 

import pandas as pd
from sklearn.model_selection import train_test_split
data = pd.read_csv('mydataset.csv')
X_train, X_test, y_train, y_test = train_test_split(X, y, test_size=0.2, random_state=42)
plt.plot(X_train, y_train, 'o-')
plt.show()"
"530";"neutral";"Now owned by Syntellect at Syntellect.com."
"531";"negative";"Everytime I execute my app in debug mode, the execution breaks inside some class file of an external library that I'm using. Even though it's a NullPointerException, for some reason I can hit resume and continue the execution. In case you're curious, I've put the stacktrace below. My problem though is that I simply want to stop that. It's extremely annoying and happens every now and then during the execution. But I can't find any setting anywhere which will prevent breaking inside class files. How do I avoid this?"
"532";"neutral";"Hey fellow coders! I was wondering if anyone has any experience with the `async/await` pattern for handling errors in asynchronous code? I'm trying to implement it in my project and I've run into some issues with how best to handle exceptions. Can anyone share their thoughts on this?"
"533";"negative";"I'm very sorry about my horrible English! only for this example I use radio button, I'm considering using textbox too"
"534";"negative";"I'm afraid that I already know the answer to my question, but I'll ask it anyway: When there are two MySQL DB servers, can I access data that is stored on the other server? In other words: Can I somehow do this: Is the answer really as short as ""No""?"
"535";"negative";"My experiences sound similar to yours. I've only just started using doctrine, and have never used Propel. However I am very disapointed in Doctrine. It's documentation is terrible. Poorly organised, and quite incomplete."
"536";"negative";"Alan, I assume some people already hate you just for asking. And they have a point."
"537";"positive";"I have an old friend who is a mathematician. He has his own math to compress his formulas, which are incredibly beautiful. He works in a program called Mathematica, which transforms the formulas for 3D-shapes. I wonder if it is possible to obtain these figures using Canvas and JavaScript? See attached formula and figure. I know little of this myself. But I would be delighted if some one could show me an example."
"538";"neutral";"In WPF, how would I apply multiple styles to a ? For instance, I have a control which already has a style. I also have a separate style which I would like to add to it without blowing away the first one. The styles have different TargetTypes, so I can't just extend one with the other."
"539";"negative";"Ugh, just spent hours on this stupid question... The OP didn't even bother to read the faq, they just asked a bunch of generic questions that no one gets right... And don't even get me started on the formatting... "
"540";"negative";"Your are really violating the idea of TDD if your code if doing something different for the Test. Why do you only need to change it inside the test?"
"541";"positive";"I created a Mastermind code and when I attempt to run it on my Mac it just says ""logout"". If anyone knows why, that would be extremely helpful! Here is the code:"
"542";"negative";"How do I change the position of the sort button in header of the grid in Tapestry 5? I have column names of different lengths and I break lines on spaces, so the button, which is appended to the end of the column names, always ends up in different height. And that is very ugly :("
"543";"neutral";"You can add 'priority queue' to the list. It's not in .Net 3.5."
"544";"positive";"Excellent point! Thanks!! I did mean just the left side though.. (I should have specified that). Was glad to learn your insight though.."
"545";"positive";"Wow that's a very interesting question! I'm not exactly a pro at 16-bit C++ so I wonder why do you swap stacks at all?"
"546";"positive";"Hey fellow coders! Just wanted to share a tip I've been using for years to optimize my database queries: **indexing**! Specifically, when working with large datasets, make sure you're indexing your columns that are frequently used in WHERE clauses. It can make a huge difference in performance! Anyone else out there have similar experiences? "
"547";"positive";"Pretty outstanding book: Gives you a good overview of the architecture of SSAS, as well as the query language MDX, and administrative/maintenance overview. A good primer for a developer OR a system administrator."
"548";"positive";"Loved the keyboard geeks part!"
"549";"negative";"@BoristheSpider :( :( That is really sad. :("
"550";"negative";"It would have to be a WinForm dialog, I'm afraid :-("
"551";"negative";"Shortcut keys often don't work the same way across all browsers. And they are awful on Opera. And most users won't use them. The only thing I'd bother with on most sites is buttons for next and prev, and I'd also make the alt tag say ""next"" or ""previous"" to assist browsers with fast forward."
"552";"negative";"I have run into this too. It is very annoying! Here's why it might be happening. The width of your li items, plus any margins is more than the width of #maincontainer. That means the last li item spills over #maincontainer and the script will want to move that last bit in, leaving an extra click. One way to check this: assign an id to the last li, and make the width less, and see if that doesn't fix it. If so you need to make the #maincontainer wider."
"553";"negative";"strange error. One of which i cannot find any existing resources to solve the issue. The issue is, when using I get pointed to a folder at ""C:\Program Files (x86)\Common Files\Microsoft Shared\DevServer\10.0"". Naturally, this breaks everything which depends on the correct folder (the one my solution is actually in) being given. What is more strange is that there exists a unit-test to make sure that this path at least has the correct root folder and sometimes it will pass and will be working as expected, and then the very next debug, will point to the aforementioned folder again. Very confusing and very annoying ! Any ideas ?"
"554";"neutral";"I have used in Python with great success. However, I am trying to learn Scala. I have an IRC bot that I would like to add some features to, mostly having to do with screen scraping web pages from our corporate intranet. That requires being redirected to a corp-wide login page, then going to the destination, then having to possibly submit another login. Does anyone know of something that I can use from Scala to get this sort of functionality?"
"555";"negative";"I'm working on importing data from our application into Oracle Financials GL. It seems simple with the GL_INTERFACE table, and many resources online, but I don't seem to understand it. I'm looking for a simple way to post a transaction of $X on a specific date, between 2 or more accounts. I'm terrified of incorrectly posting anything in the GL."
"556";"neutral";"What is your current function?"
"557";"negative";"JLists don't offer a method for this, and that's very sad. Do you know how to do it?"
"558";"negative";"Jonathan's comment sums up my feeling. In EF4, char(1) fields come across as string, so MS obviously recognized the pain."
"559";"positive";"Thanks. First method is really great!"
"560";"positive";"It's a progress bar! :) Setting makes it a rotating circle rather than a classic progress bar. There are several different styles you can use. Play around with them to find the one you like :) Hope this helps!"
"561";"negative";"That's very sad and the issue was opened a year ago..."
"562";"neutral";"I'm feeling a bit frustrated with my current project,"
"563";"positive";"Very direct question, i need to know if its possible and maybe where to start reading about that. Im a programmer with zero experience in windows servers and a client is asking if we can deliver in their windows boxes(and no they wont let us use any kind of virtualization in them). Thanks guys, i know its not 100% programming related but... hope you can help =) EDIT: Wow, fast reply! Thanks guys!!!"
"564";"negative";"What an awful Api!"
"565";"neutral";"But compressions will add them automatically wont they?"
"566";"positive";"+1 for IntelliJ. Worth every penny."
"567";"positive";"I have imported the data into an database. Patient(pt_id,pt_name,pt_type,pt_loc) Now , I want to find which of these a primary (have unique) values. Any way I could found is would return the same value Any input would be great :) Thanks!!!"
"568";"positive";"I understand not liking XAML, as it really intimidated me at first, but I will quickly say that it is a powerful tool. I am not sure how to do it through the designer, but in C# let's say you name your DataGrid 'myDataGrid' and your List is named 'stringList'. It is as simple as the following: and the data grid is now bound to your string list."
"569";"positive";"Excellent! Cheers dude"
"570";"positive";"@PhilipOakley excellent suggestion! I hadn't used `cherry-pick` before but that worked quite well. If you post as an answer I'll accept."
"571";"positive";"Excellent snippet !"
"572";"neutral";"Is there a way to show an image up as greyscale, using purely javascript?"
"573";"neutral";"You could try using the HTML <button> tag instead of a link or a submit button. For example, The <button> tag is much easier to style than the standard <input type=""submit"">. There are some cross-browser quirks but they are not insurmountable. A really great article about the use of <button> can be found at particletree:"
"574";"positive";"I'm learning C++, then i was searching for some codes for learn something in the area that i love: File I/O, but i want to know how i can tweak my code for the user type the file that he wants to see, like in wget, but with my program like this: The code of my program is here: Thanks!"
"575";"negative";"That really stinks! I was afraid of that..."
"576";"negative";"I really hate Jquery, your code looks as if you are looking forward to publishing your project finalized with Jquery..Anyhow.. if your looking to replace the jquery selector $("""") with a function you should know that the function requires that it returns a DOM element. otherwise an error will be flagged and java script with abort."
"577";"neutral";"So, which solution did you go for in the end?"
"578";"negative";"sad faces! :( not workoing."
"579";"negative";"@Bukes: That's disgraceful :("
"580";"negative";"C is a cruel master!"
"581";"positive";"+1; great question, really needs more votes!"
"582";"positive";"No worries, I have definitely done that before while copying a url from jsfiddle!"
"583";"neutral";"You can use contents along with filter. Try this: Working example @"
"584";"negative";"I'm trying to debug my application and from the point I fire it up on the iPad, it will get killed by timeout before it ever reaches FinishedLaunching() (I have abreakpoint there)! Here' swhat I see in the output panel. All this takes almost 20s. If I run the app in RELEASE build it randomly gets stuck. I hit a button and the delegate gets caled half a minute later. What is going on? In the Simulator it is all okay."
"585";"negative";"@njahnke: to me, it does not matter what they advise if they do not provide alternatives. I have been a happy user of qthttp thus far without worries, but yes, it is just a quick workaround as written."
"586";"positive";"Awesome job on getting this feature implemented! I know it wasn't an easy feat, but it's super cool to see how everything came together,"
"587";"neutral";"From Joel Spolsky The Absolute Minimum Every Software Developer Absolutely, Positively Must Know About Unicode and Character Sets (No Excuses!)"
"588";"negative";"Um... Nothing... Sad that we all missed the simple solution."
"589";"positive";"aaaaawesome!!!! Thanks a lot"
"590";"positive";"Hey fellow devs, I just wanted to share my excitement about a new feature in our current project. We've finally landed on the ability to automatically generate documentation for our API endpoints! It's going to save us so much time and reduce the likelihood of typos in our docs. Anyone else have similar experience with this? How has it impacted your workflow?"
"591";"positive";"Thanks for the excellent link!"
"592";"neutral";"Is entity an instance of class?"
"593";"positive";"I did a lot of VRML+Java work in college and loved it, but I feel like it's not really a marketable skill. Has anyone worked with a high level graphics API like open inventor, coin..etc that is actually in use to a degree that makes investing a lot of time in the API worthwhile for something more than a hobby?"
"594";"neutral";"Update way later: there's actually a built in function to get the current user. I think it's in nativeApplication."
"595";"positive";"I am using some PHP script to add some data from a complex form to MySQL db and then showing it all in some HTML table. Everything works just fine, but I would like to 'upgrade' my script with jQuery and (I suppose) AJAX. What I would like to do is when user submits data, the row (or ) shows up in the HTML table without refreshing a page. Form and table are on same page, of course... Some guidelines would be really helpful because I'm not sure should I even use AJAX or something else for my needs. Links for some tutorials will be also great :) Thanks a lot for any help!"
"596";"negative";"Oh, how I hate iframes!!!"
"597";"negative";"it is being deprecated because it is old and unsafe. switch now or feel the pain later!"
"598";"positive";"Fantastic that's exactly what I was looking for!"
"599";"negative";"yeah, your pain is mine! This method described by ctrahey at least gives you some clue."
"600";"neutral";"Oh, yea, didn't notice, answers below this one are at most half a year old."
"601";"neutral";"Back in the private beta (this question dates back to about a week after the private beta began) the discussion aspect of the site was not terribly well-formed. I didn't really want to state an opinion, merely state an alternative approach. I think the pros and cons have been adequately addressed in the other answers / posts."
"602";"positive";"Thanks for the feedback! It was a pleasure!"
"603";"neutral";"Is Flex Data Services the proprietary version of BlazeDS?"
"604";"positive";"We have eclipse manage things the way it wants, and use ant4eclipse (a set of ant tasks) for continuous builds. Works great!"
"605";"negative";"isn't generic, so your code is effectively: At that point is it clearer why you need the cast? (Not that the cast will really anything at execution time, of course...) You're not calling which is what you really want to be doing, effectively. It's just another case of Java generics being a bit of a pain :("
"606";"negative";"FlexMonkey may be more of a pain than it is worth. Gorrilla Logic claims it works with custom components but I have found this is not the case. Anything with a renderer seems to have serious problems. It is a lot harder to set up tests than they claim and the tests aren't stable. I have written tests for one component 5 times now using hardcoded ids. Sometimes it just can't see the component and it dies. They only have 3 short paragraphs explaining tests in their user guide and they only respond to questions about how to set it up on their google group. I would avoid using this."
"607";"negative";"I am trying to save a ListObject from a .NET 3.5 Excel 2007 VSTO Workbook to a new sheet (done) and save that new sheet to a new workbook (done) without that workbook requiring the VSTO customization file (!!!!!). Has anyone had any luck with this? The only way I've had any success is just saving as a CSV file but that's not exactly acceptable in this case. I'd rather not save to a CSV just to copy back to a XLS file. worksheet.SaveAs(saveDialog.FileName, Excel.XlFileFormat.xlOpenXMLWorkbook)"
"608";"neutral";"Wouldn't it be easier to store a shared copy of it in the application class?"
"609";"positive";"There's an RFC for how to read RFCs. Love it!"
"610";"negative";"In general, this is a _terrible_ idea. C++ headers are not intended to be included in an alternately namespace as was used here."
"611";"negative";"I've accidentally created a file called / and one called --reporter=test and now I can't delete them, attempting to delete the --reporter file results in rm: illegal option -- - I haven't attempted to delete the one called / I'm too scared, help!!"
"612";"neutral";"Make sure that the file has svn:keywords ""Rev Id"" and then put $Rev$ somewhere in there. See ."
"613";"positive";"I SOLVED IT! I used YouTube API and it works fine :) Thank you for your help!!"
"614";"neutral";"anybody got an idea? build.xml"
"615";"neutral";"I just started practicing TDD in my projects. I'm developing a project now using php/zend/mysql and phpunit/dbunit for testing. I'm just a bit distracted on the idea of encapsulation and the test driven approach. My idea behind encapsulation is to hide access to several object functionalities. To make it more clear, private and protected functions are not directly testable(unless you will create a public function to call it). So I end up converting some private and protected functions to public functions just to be able to test them. I'm really violating the principles of encapsulation to give way to micro function testability. Is this the correct way of doing it?"
"616";"neutral";"Is it possible to pass 3 parameters into a selenium command via IDE? e.g."
"617";"positive";"Hey fellow devs! "
"618";"positive";"I know that there is a Item.RoleAssignments.Remove command but I have not found a way to list out all the current assigned groups so I could loop through and remove them. Hope this helps you guys!"
"619";"positive";"Hey fellow devs! I just had the most EPIC day in coding history - literally! After spending hours debugging a pesky issue on my personal project, I finally found the culprit: a simple typo that was causing the whole thing to crash (literally). The look on the team's faces when I realized what was going on was pure JOY. We all high-fived and celebrated like it was the end of the world! Anyone else ever experience a 'aha' moment while coding? Share your stories in the comments below!"
"620";"negative";"FYI, if your test needs so much setup that you need a 'helper' class, you're going to have pain and friction down the line."
"621";"neutral";"the 'id' field of my table auto increases when I insert a row, I want to insert a row and then get that ID. I would do it just as I said it but I'm wondering if there's a way I can do it without worrying about the time between inserting the row and getting the id. I know I can query the database for the row that matches the information that was entered, but there is a high change there will be duplicates, with the only difference being the id."
"622";"negative";"Official guide says: Tomcat deployment is trivial and requires copying the WAR file into the TOMCAT_HOME/webapps folder and restarting the container. But this is really painful :-( Does there any way to deploy app without restarting Tomcat ?"
"623";"negative";"Sometimes in a long commit log, it's really painful to navigate the all-expanded diffs. (You get expanded-diffs when hitting enter from the magit-blame-mode for example) Is there a way to collapse these diffs?"
"624";"neutral";"yes--it offers no benefit. depends on what you're used to, I'm sure. No, it's just a constant--not an abuse."
"625";"neutral";"Hey fellow developers, \ I'm having some trouble with my code. It seems like every time a certain function is called, the program freezes and throws an exception. I've tried cleaning up after myself in all sorts of ways - including trying to move the database connection outside of the transaction - but nothing seems to work. Any ideas? \ 
"
"626";"negative";"I really despise SWFObject for this very reason. Maybe you could give a try"
"627";"neutral";"Is there a standard way to see how much stack space your app has and what the highest watermark for stack usage is during a run? Also in the dreaded case of actual overflow what happens? Does it crash, trigger an exception or signal? Is there a standard or is it different on all systems and compilers? I'm looking specifically for Windows, Linux and Macintosh."
"628";"negative";"Ugh, another day, another opportunity for this team to screw up..."
"629";"negative";"Is there a way to run a specific Ant task via the keyboard? I have a rsync to dev task that I run a lot and running to the mouse to double-click is a pain."
"630";"neutral";"I would like to intercept the event in a .NET Windows Forms TabControl when the user has changed tab by double-clicking the tab (instead of just single-clicking it). Do you have any idea of how I can do that?"
"631";"neutral";"`e.Text.All(cc => Char.IsNumber(cc) || cc == '.' || cc == '-')` ?"
"632";"negative";"I really really hate to ask this, but did you try rebooting?"
"633";"negative";"I'm writing an Eclipse plugin for the JDT. I need a functionality that tracks certain strings or regular expressions and possibly creates markers. I know that Eclipse already does that for //TODO comments, for example (creating task markers for them) but I'm not sure if I can use the same mechanism. I can write my own but worried it would be too inefficient and not sensitive enough to code chnanges."
"634";"positive";"for flow control Steven; the question seems to be about whether this pattern should be used, which seems to be rather subjective based on the answers, but it's an excellent question for thought."
"635";"negative";"This is sad, I told you how to handle raw packets, and I only got 3 votes, while the accepted answer has 8 votes and basically didn't answer the question..."
"636";"neutral";"After reading the Head First Design Patterns book and using a number of other design patterns, I'm trying to understand the Observer pattern. Isn't this already implemented using Events in the .NET Framework?"
"637";"positive";"If you package this code in a class library like I did, you'll have to change the access modifier from `internal` to `public`. Excellent code, saved me a lot of time."
"638";"positive";"I am using LLBLGen Pro 2.5 with self-servicing. If I want to add some rows into my tables within a transaction and then update the first row I added, do I have to add that first entity into the transaction object again? Here is a fictional example of what I mean: Any advice would be greatly appreciated!"
"639";"neutral";"I can think of scenarios where initial sealing might be desirable until inheritance is required. I have some libraries that make use of the implied 'sealed' knowledge to optimise some dynamic (run-time) processing (e.g. the knowledge that there is never going to be a derived class)."
"640";"neutral";"@david-b why do you said not to let the db concat the strings?"
"641";"neutral";"No NUL is written to the file. Just wanted to point out I'd write your line as `fprintf(win, ""%smultiscreen=1"", bff[i - 2] != '\n' && bff[i - 2] != '\r' ? ""\n"" : """")`"
"642";"negative";"My form receives asynchronous callbacks from another object on random worker threads. I have been passing the data to the main thread (where it can be used to update onscreen controls) using delegates as shown below. Performance is dreadful -- once I reach 500 updates per second, the program completely locks up. My GUI processing itself is not the problem, as I can simulate this level of updating within the form and have no problems. Is there a more efficient mechanism I should be using to hand off the data from thread to thread?"
"643";"negative";"Does it make sense to start learning JavaFx if I do not have any background in UI programming? Is it more advisable to learn Swing first and then move on to JavaFx ? I tried the on JavaFx website in Netbeans and the code looked extremely complicated to me. I am wondering if JavaFx is too advanced for a beginnner GUI developer."
"644";"positive";"Here are my tables. And here are my object classes I'm brand new to dapper and orm in general, so please bare with me. Would a many-to-many relationship be possible to map out with dapper? If so, could someone provide a coding sample, that would be extremely helpful! I am also open to switching to a heavier orm if that would make these advanced mapping scenarios a lot simpler."
"645";"negative";"yeaa im just not sure how i would be able to store a user input string into the array. I've looked around online and tried out some of their code. So im not sure. I really hate mips. :("
"646";"positive";"Something like this? Bonus. With the switch to you have readline editing capabilities, and tab completion on files. Wooow!"
"647";"neutral";"No. is one of Perforce's competitors."
"648";"neutral";"As said by Gawie below, this is all mapped to a command named ""View.ShowSmartTag"". Instead of using an uncomfortable shortcut, you can find the command and remap it to something that makes sense to you!"
"649";"positive";"I have a long scrolling page, and want to test if an element is 100px from the top, then apply a class elsewhere (until the next element in line is 100px from the top) If I could just get the basic statement I would be ecstatic, anything extra would be a bonus!"
"650";"positive";"Very good question!"
"651";"positive";"I'm a starter in Objective-C and IOS programming, and I'd like to have some recent guidance on how to use SOAP with IOS 5. I saw some tutorials online, but they are quite old (over a year old), and I don't really know if there are some more recent ways to deal with the SOAP webservices. If anyone could give me some guidance / links about that, I'd be very pleased :) Thanks !"
"652";"neutral";"I am seeking excellent examples of Ruby DSLs (Domain Specific Languages). Which repositories, projects do you know of that are worth a read? Why is it (or: are they) great examples? I am particularly interested in more complex examples that are well thought-out and designed."
"653";"positive";"How do I pull a single column of data out of a filled dataset? I have a filled dataset object, with a variety of tables. I need to get all of the data that is stored in a particular column in one of the tables, and bind a ComboBox ItemSource to it. (This may require me to pull the data out and make it into a string collection ...) If anyone has any bright ideas, it would be very grateful!"
"654";"neutral";"Pragmatic approach: See other answers for excellent backgrounders!"
"655";"positive";"*I really love your project, It is really amazing!* Are you directly asking to BalusC?"
"656";"neutral";"No, I never did figure it out - good luck!"
"657";"negative";"It's HORRIBLE! No, seriously, I don't like it."
"658";"positive";"Extremely good question! For *line 1*, it is because you cannot add anything to a list of unknown type except `null`."
"659";"positive";"Has anyone seen a wordpress plugin slider that will show partially the next and previous image before it slides in? OR does anyone know of one that may be easily customized to show that effect? any demos, guidance or links will be extremely helpful! Thanks very much in advance! Michael"
"660";"positive";"Wow, excellent thanks for going to the effort to measure the performance! +1"
"661";"negative";"might be an answer, but I'm afraid I can't speak from experience."
"662";"negative";"Link is down again."
"663";"neutral";"My application has a frame that is loaded/navigated when certain top-level buttons are clicked. The problem is, one of the hosted pages has a frame of it's own, and is messing with the outer frame's navigation bar (clicking back and forward navigates the inner frame, as well as the outer frame). Is there any way to have the outer frame's navigation control only worry about its immediate contents?"
"664";"negative";"StyleReports is one of the most heinous toolsuites I've ever had to use."
"665";"negative";"What we have now come up with is halfway what I wanted. Basically we used JNI to call upon native Windows RTF control (the one used by WodPad) - this way we don't have to worry about nasty ActiveX deployment issues, but still it's a hack"
"666";"negative";"Just .net 4 I'm afraid :/"
"667";"neutral";"q:"
"668";"negative";"I'm working on Java web application and using from and as a web server. When i build the project, build complete successfully but when i start , the files that created during build in folder, getting to deleted!!"
"669";"negative";"(For the record, I find the Infragistics WinForms controls to be considerably easier than their ASP.NET controls. I think a lot of their bad rep comes from the ASP.NET side of the world, where certain tasks become a major pain and their Viewstate usage is off the charts.)"
"670";"neutral";"Totally useless for VB (no anonymous Action delegates), but I can see it working with C#. Can you show how you foresee it being called?"
"671";"negative";"Error handling in classic ASP is a complete pain. You can catch the error where you think it's going to occur using , then check for the error code in the following line of code. Alternately you can scan the server logs for 500 errors. or set up a ""500 error"" page in your IIS settings."
"672";"neutral";"Help with choosing between React Native and Flutter for cross-platform mobile app development. I'm looking for a simple app idea that's both fun and easy to learn,"
"673";"negative";"I want to duplicate a very large table, but I do not want to copy it row by row. Is there a way to duplicate it? For example, you can TRUNCATE w/o deleting row/row, so i was wondering if there is something similar for copying entire tables UPDATE: row by row insert is very painful (because of 120M rows). Anyway to avoid that?"
"674";"positive";"I am using as templating engine and I am really loving it. However, now I have run in a situation which definitely mustbe accomplishable in a simpler way than I have found. What I have right now is this: What I am looking for is something more like this: Is there a way to accomplish this which I haven't seen yet? If I need to create my own extension, how can I access myVar within the test function? Thanks for your help!"
"675";"negative";"Standard LAMP config. As the guy said below, I imagine the file is just not being delivered correctly or something. Just worried something is breaking for my users!"
"676";"positive";"leppie, those are great news! I am looking forward to try out IronScheme!"
"677";"negative";"hI, I'm trying to get this code from Larry Nyhoff's book to compile in Bloodshed. It's actually been taken word for word from the author's website, though I declared it on .cpp instead of .h (the .h file ain't working with the tester application). The search(const DataType & item) function is what's giving me grief. The compiler error says: What I'm I missing here?"
"678";"positive";"Excellent! Did you know that you can answer your own question and accept it as **the** answer. This is considered a good practice, because it helps people looking for answers see that there is an answer and it helps them find the answer. If the answer is only in comments, the question will appear unanswered."
"679";"neutral";"Do need this for existing documents or generated on fly ones?"
"680";"positive";"Great tutorial. Really appreciate it!"
"681";"positive";"thx for that, really great answer!"
"682";"positive";"How do I properly sanitize my code before committing it to a repository? There are so many options out there - some libraries provide a lot of features like regex matching and SQL injection protection, while others just rely on manual checks. Which approach is best for me?"
"683";"negative";"Sorting the hashes is also a possibility that I have considered. I'm a bit concerned about memory usage, but I'll worry about that later."
"684";"positive";"I really enjoy using Beanstalk too. I few days ago I realized an iPhone app to get access to your account info on your iPhone, this is the iTunes link: Best! Pablo"
"685";"positive";"Hey fellow devs! I just wanted to share my excitement about a recent project I've been working on. We finally launched our new API endpoint that allows for seamless integration with external services. I'm super proud of how it turned out! The user interface is slick, and the performance is lightning fast. Have any of you guys worked on projects like this? Any tips or tricks to share?"
"686";"positive";"@Evan It's not compilable java. It's used to navigate the code in eclipse/idea and is excellent if you have a large code base with lots of long class names."
"687";"negative";"I'm apologize for saying this, but the code you've posted is simply awful and needs desperate refactoring. Create a class to represent 7 properties instead of 7 parallel arraylists, and use String.split to parse a comma-seperated list."
"688";"negative";"Ugh, just got hit with another server overload. I swear, no one around here gets it when I need something ASAP #serveroverload #help"
"689";"positive";"I've got a php array: I want to pass this array via jQuery AJAX, with this: And here's my jQuery: How can I pass the array, so that with the ""replyMessage.php"" page, I could take each ID from the Array, to do something like this: Any help is greatly appreciated!"
"690";"neutral";"I would say you should be worried about using primitives over wrappers only when you profile your application and see that the autoboxing is a performance or memory issue. In my experience memory becomes an issue before CPU cycles when talking about primitives vs wrapping objects."
"691";"neutral";"@tijko cp here stands for classpath and is java specific. so no worry for you!"
"692";"positive";"i work with Office 2007 (excell) in my C# program. i do this reference: it work excellent !, but if in the computer there is Office 2003 is it work good ? if not, what i need to do ? thank's in advance"
"693";"negative";"Ugh, just spent 3 hours trying to get this stupid bug to work on my Mac... Has anyone else out there had to deal with a buggy app like this? I'm still fuming about it"
"694";"negative";"damn..thats what i was afraid of!!"
"695";"positive";"""two jsons"" <- priceless !"
"696";"positive";"The best resource I've found about web security with ASP.NET is the below, written by Troy Hunt: Absolutely priceless! He even made an ebook out of it that you can download as a pdf:"
"697";"neutral";"You are just too quick...you scooped my answer"
"698";"negative";"I lied. The problem is back with a vengeance... 4009 errors in 229 files. This is ridiculous! VS2013, Resharper 8.0.2."
"699";"negative";"I can't help think that making XML ad XMLList both unrelated, as in both extend Object directly, is a design flaw in the AS3 core library. Surely having XML extend XMLList would be a much cleaner system, where XML is considered an XMLList with only one member? This would also avoid the very annoying practice of an E4X query possibly returning either an XML or XMLList, which can result in a casting error. So is there any reason I'm not thinking of that XML and XMLList were designed to only have Object as a common type?"
"700";"neutral";"You should be able to set an expectation on and then call directly."
"701";"neutral";"Is it possible to add messages to the built-in error console of Firefox from JavaScript code running in web pages? I know that I there's Firebug, which provides a object and its own error console, but I was looking for a quick fix earlier on and couldn't find anything. I guess it might not be possible at all, to prevent malicious web pages from spamming the log?"
"702";"negative";"Post Title"
"703";"negative";"This code is scary :("
"704";"neutral";"I've been using OpenGL extensions on Windows the . Is GLEW the easier way to go? How do I get started with it?"
"705";"negative";"I wondered if it's possible to set the editor windows tab width in eclipse. I hate it when I want to close several windows in a row and I always have to move the mouse. Can I set eclipse to use only ONE width for every window tab?"
"706";"neutral";"Have you considered overriding the administrative templates for the models in question? This provides an excellent overview of the process. In this particular situation, having a finer-grained level of control may be the best way to achieve the desired result."
"707";"positive";"Hey fellow devs! I just realized that I've been using the `try`/`catch` block for every potential error in my code. Is it really necessary to do so? Can't we just use a more straightforward approach like this?"
"708";"negative";"I really hate that object..."
"709";"positive";"Mark B - excellent - works perfectly ! Thanx again :)"
"710";"positive";"Hey fellow devs! I just got back from an amazing trip to Japan and I'm still reeling from the experience. The food was insane (I've never tasted so many delicious ramen noodles in my life!), the scenery was breathtaking, and the people were incredibly friendly. But what really stood out to me was the culture. It's like everything is just so perfectly optimized for efficiency and productivity. Every moment felt planned and choreographed, from the perfectly crafted sushi rolls to the immaculately maintained gardens. I swear, it was like they had a secret formula for happiness! Has anyone else traveled to Japan and experienced this level of cultural efficiency? What are some other countries that have impressed you with their optimized culture? "
"711";"neutral";"Undefined doesn't always mean unpredictable. As I said, it's definitely abuse."
"712";"neutral";"Instead of logging to the console, log to a file and then track the file with a separate gui application. This keeps the console uncluttered and gives you a more persistent record of your log, which occasionally is extremely useful. There are various libraries which will do most of this for you, or you can keep it simple and just do it yourself."
"713";"neutral";"Hey team, I wanted to share my thoughts on the new feature in our latest update. As someone who's used this package for a while, I'm excited about how it's improved the overall user experience. I've noticed that the performance has been hit or miss lately, and I think we should consider implementing some optimizations to keep things running smoothly."
"714";"positive";"Anybody found yet a good web site architecture using linq to sql? Any help will be very helpful!"
"715";"positive";"I stumbled upon this site and really loved the way they have done the navigation on the left hand site. I noticed that site is using jquery but didnt see any plugins. Any ideas on how to go about doing this?"
"716";"neutral";"Pixel Bender files don't run under iOS. See other limitations here:"
"717";"negative";"To my limited knowledge, in Android, any activity must belong to a given process. However, the book says: "" The activity life cycle is not tied to the process life cycle."" that is to say, even if the process has been completely killed, its activities can still be alive! What makes me confused is: Because the input handlers of an activity are bound to the process. If the process has been killed, how do its activities react to the user's inputs?"
"718";"neutral";"@Imad Alazani: The flow of control has been ""inverted"" by Dependency Injection (DI)"
"719";"negative";"Setting the property of your picker controller to should remove the focus square (it did pre 4.3, I don't think anything has changed), but the downside is you'll need to provide your own controls (to take photos, etc). It's all or nothing I'm afraid!"
"720";"neutral";"Is it possible to make play swf in full screen mode when HTML page lunch?"
"721";"negative";"Sad that you had to preface with ""Reasons for doing this aside"" in order to prevent a flame war or such..."
"722";"negative";"I am getting very strange flickering on a WPF application of mine. It only happens with alpha blended content, only on my computer, and only with WPF applications. At least I haven't noticed it with anything else. It's really annoying! Has anyone else dealt with this weirdness?"
"723";"negative";"I don't want to do anything fancy on Twitter except post to it via my site once a day. I have searched around a bit and there are all sorts of super-complex ways to do every little thing that Twitter does, but there seems to be little documentation on how to do the simplest thing, which is make a post! Does anyone know how to do this? Or can you at least point me in the right direction? I don't need full wrappers or anything (), just one simple function that will post to Twitter. Thanks!"
"724";"negative";"I'm at my wit's end with this issue I've been dealing with for weeks now. Has anyone else ever encountered a bug like this? Help!"
"725";"positive";"Is there any need any more to profile with Leaks now that we can use ARC (which incidentally is absolutely fantastic and really speeds up development!)"
"726";"negative";"Cant believe Im stuck on this simple problem...},"
"727";"neutral";"Need to do it without using any swing or other GUI as background process."
"728";"positive";"Thanks! Give it a try! It works excellent! If you can build the URL string correctly of course, je"
"729";"negative";"I have a password that I want to store as property in a Web Part that can be set via the tool pain. Currently it is a String and can be clearly read. How would I go about making it * out? If this is the wrong way to be doing this what would you advice to do instead?"
"730";"neutral";"IronPyton is your thingy dawg"
"731";"positive";"@Adrian - that article was brilliant :D thanks for sharing it!"
"732";"neutral";"At this time, I'm doing this : dateSelected value look this : Fri Sep 11 2009 00:00:00 GMT+0200 (Romance Daylight Time) 2 Options : a) Is it possible to use this in .NET directly (string to DateTime) ? b) I tried several way to return dd/mm/yyyy without success Regards,"
"733";"positive";"I would use ! to get everything with tag just do: to get the value inside of span you could do: there are tons of differnt methods of getting the informaton you need Good Luck hope this helps!"
"734";"neutral";"`CREATE TABLE [[With Spiteful]]] ([[Identifiers]]] INT, []]^!^[] CHAR(10))`"
"735";"positive";"So, it is as simple as purchasing a domain name, and then adding that identifying information to the hosts file? If so, that is excellent!!"
"736";"neutral";"Is it possible to get a visitor flow associated with a given ga:transactionId through the Google Analytics API? There's limited availability in ga:landingPagePath, ga:secondPagePath, ga:exitPagePath and ga:pageDepth but a more complete path would be desirable Thanks!"
"737";"negative";"I also fail to get webgl to work on mac osx. Really frustrating! osx 10.9 mac book pro"
"738";"negative";"When I slide to a next image, or when the slider/carousel automatically switches to the next image the previous image disapears too fast, which gives it an extremely ugly look. I've made a video to make clear what I mean, can be checked over here. Anyone has an idea? Code for the carousel:"
"739";"negative";"@Filip - because I was afraid I'd insult your intellect!"
"740";"negative";"I am trying to figure out why foundation is acting differently to expected behaviour. If you look at the Kitchen Sink page for foundation, the default styles for secondary buttons hover affect is different to what I get if I set foundation up in rails. Note these images are from my rails application Image 1 - look at the '.tiny.secondary' button - no hover Image 2 - look at the '.tiny.secondary' button - with hover However on the page for foundation the color does not transition to the primary colour of the site. It transitions to a darker shade of grey. Have I missed some setting? Really frustrating me! I am guessing this is a bug in foundation"
"741";"neutral";"Hi fellow devs, I'm experiencing an issue with my React app where every time a user clicks on a link, it seems like the page reloads or redirects to a different route instead of just rendering the updated component. I've checked for typos and double-checked that all links are correct, so I'm not sure what could be causing this behavior. Has anyone else experienced something similar? Help me out and let's figure out what might be going on here.

"
"742";"positive";"There are two issues with your regex pattern: Firstly, you forgot to add the ^ at the beginning. this is why only the last characters were checked, or to say: you did not check the entire input. Secondly, your cyrill check did not seem to be correct. Still, I am not used to cyrillic letters and I should be careful before I judge ;) hope it helps!"
"743";"neutral";"where do we need to copy the msvsmon.exe file onto the server?"
"744";"neutral";"I lost my MySQL username and password. How do I retrieve it?"
"745";"neutral";"@Brian: You will probably agree that a) it is not a real question as far as grammar is concerned, and b) that this sentence is a totally buried in the text. You simply might get better answers if you make this a real question. Especially the first paragraph seems completely superfluous."
"746";"neutral";"That's exactly the point - HTMLEncode does not protect you against mistakes. Of course, the programmer expected somevar to contain 23 - its just that nasty attacker that decided to shove a blank in..."
"747";"positive";"Still using HeidiSQl, it's excellent!"
"748";"negative";"We in the process of building an IOS app (it's yet to be launched). We are trying to implement Push Notifications as part of the build. We have set this up via Amazon SNS and have created and registered an app certificate for the app which contains push notification permissions. Basically we send the app message from Server code - it states that it has been published and it returns the message ID but the device doesn't receive anything. To clarify the device registers ok for remote notifications and returns a device token. Very frustrating! Does anyone have any tips?"
"749";"positive";"Can someone tell me how I go about upgrading the Telerik ASP.NET controls? I am currently using the Q3 2008 release and I just recently bought the Q1 2009 SP1 release. How do I upgrade my projects? Do I need to uninstall the old one and install the new one or just install the new one? Also how do my projects get upgraded? Also, what about my projects that I have ""live""? Do I just need to upload the new DLLs and and change my web.config? Any guidance would be great!"
"750";"negative";"Here is my PHP code.. ..I'm extremely crappy with my JavaScript code, could someone help me convert this? I basically want to convert a variable such as ""marine-heavy"" to ""Marine (heavy)""."
"751";"positive";"question id:12345678 answer id:98765432 user-name:brightsideofsunnydays question text:The only thing holding me back from giving my full self to this new relationship is fear of abandonment. How can I overcome this fear and take the leap?"
"752";"positive";"Excellent icons on !!! We use them in PerTrainer iPhone application You can see screenshots here: I also found some good icons here: Hope this helps!!!"
"753";"positive";"Hehe this is nothing compared to some other little adventures I had with them ^_^"" ... I love them *^o^*!!"
"754";"negative";"@Rob same problem, nothing. very disgusting"
"755";"negative";"Ugh, what's going on with this project? I've been working on it for hours and I still can't seem to get it right. The deadline is looming and I'm starting to feel like I'll never meet it."
"756";"negative";"I have a Rails app that uses STI to handle different types of Users, such as: I want to use memcached, but I keep getting the dreaded ""unknown class/module"" error. I've tried pre-loading all of my ActiveRecord models to no avail. The first request works as normal, but the first pull from memcached errors out. I've followed to no avail either. Is using memcached possible with single table inheritance?"
"757";"neutral";"DELETE command doesn't work with JOIN"
"758";"positive";"Awesome! You have no idea how long I've been trying to find this!"
"759";"negative";"When you call ""su"" you're creating a new process that runs that command, so after running exec(""su"") you have a new process with SU rights. You can't give your already running application SU rights I'm afraid! I'm not sure how other applications do this, but you can run ""su -l ls /data"" and then read from the outputstream of the process."
"760";"negative";"I could easily be wrong about that, most of my work is this horrid single threaded behemoth.."
"761";"negative";"Don't want to beat a dead horse, but it is really important that you understand that this is a terrible idea."
"762";"negative";"Yes, the question mentioned it won't work. I was trying to describe why it wasn't terribly important to even try to do it that way."
"763";"negative";"Honestly, I'm at my wit's end here... "
"764";"negative";"I have issues with Aptana (3.6.0.201...658) on dark themes. Every time I hit the cursor, the horizontal scroll bar in the workspace flickers into view and out again. This seems to be a bug, which has been reported already a long time ago: Has anyone else found a solution? Makes working in Aptana incredibly annoying."
"765";"negative";"I'm fuming after my application was rejected by a popular tech company. They claim I don't have the skills for the role, but I know I do. I've been coding for 5 years and have multiple GitHub repos with decent code quality. This is just another example of discriminatory hiring practices."
"766";"neutral";"So if I'm runnin in Eclipse, this will depend on my Eclipse settings?"
"767";"positive";"@panique No worries!"
"768";"neutral";"Here it is:"
"769";"negative";"That's really bad. GWT looks extremely ugly with IE8 default!"
"770";"positive";"I always recommend for a good starting point for beginners - especially those who have seen SQL but never understood how to build up a query them selves or how they work. All Celko's books are great. Hernandez's Mere Mortals book is good. Ken Henderson's books are also excellent."
"771";"neutral";"Hey guys, I just had one of those mornings where everything seems to be going wrong...I spilled coffee on my shirt, tripped on the stairs, and managed to burn toast. On top of that, I realized I'm a little late for work because my cat decided to 'accidentally' wake up me at 4am demanding food. Anybody else have days like this? How do you handle stress?"
"772";"negative";"I cannot seem to figure out why the phpunit target does not output any test results even though I have tests in position. The problem I am finding is there is no indication as to what the problem is! Incredibly frustrating. The output is as follows: My build.xml is as follows: My system: Vista, PHP 5.2.9, PHPUnit 3.4, PHPUnderControl, CruiseControl"
"773";"positive";"I'd recommend python as a fantastic general-purpose scripting language which is fairly quick to pick up. You'll find it's more versatile for system-programming than something like php, which would be another option. You might look here as a starting point: Besides, if you learn python, you can then learn django, which is incredibly awesome!"
"774";"negative";"The problem is identical using pyinstaller - this is very frustrating!"
"775";"negative";"I have just about finished adding all of the content to each page of my website. I've noticed, however, when I navigate between links some of the pages shift to the right about 10 px or so. This is extremely irritating. All of my pages are contained within the same container using a fluid grid. However, not all pages have the same amount of content. I noticed that pages with empty divs don't shift when I navigate between them. However, if I navigate from a page with content to a page with little or no content, I see the shift. Should this be happening if all of my pages are using the same container, same fluid grid? Does this make sense? Can you sense my desperation?"
"776";"positive";"Thanks Scott for the excellent answer! This was very helpful. Here is a mod to the Application_BeginRequest() code that 1) uses ordinal string comparisons for speed, 2) accommodates localhost and 3) highlights an asymmetric side-effect."
"777";"negative";"I am using Eclipse 3.4.1. I have an external library that consists of a bunch of JAR files, and some HTML JavaDoc. I know that I can attach the HTML JavaDoc to individual JARs by going to their Properties page, JavaDoc location, and setting it there. But it would be a pain to do this for each individual JAR. Is it possible to do them all at once somehow? The JavaDoc location is the same for them all."
"778";"neutral";"How can I make it more easier?"
"779";"neutral";"but using fork will break usage on jruby... just saying"
"780";"negative";"Im off to bed, maybe fresh eyes will spot it."
"781";"neutral";"They're accessing instance variables."
"782";"positive";"That is great news!"
"783";"negative";"Ok, here's one way of doing this, but it's terrible! I'm still looking for an easier way:"
"784";"positive";"I hope fortune favors the brave :)"
"785";"neutral";"Please take a look at WP Codex: http://codex.wordpress.org/Page_Templates"
"786";"neutral";"@Justin Bennett: so which of the two alternatives did you choose? Did you contact Avast?"
"787";"positive";"@JonesV excellent! I think thats what I wanted: ""//*vptr is address of first virtual function in VTABLE viz. display()"""
"788";"negative";"This seems fairly trivial but is giving me hella grief! I have a module in the lib folder. The controller. config/Application.rb And I get this error I know the module is loaded correctly. What am I doing wrong?"
"789";"negative";"HELP!!! I just realized something super frustrating about my life right now."
"790";"positive";"+1: I just used implemented this, it works great!"
"791";"neutral";"You use shift to get a colon on a standard American QWERTY too."
"792";"positive";"I finally had success passing data through AJAX and returning it in JSON. However, now I don't know how to display it on my page. here is my JS: after my model runs, it echos the following as discovered in firebug: any advice on how to replace the div ""board"" with data from the returned JSON array would be incredibly helpful!"
"793";"negative";"It might be questionable, but not a cause for rejection as long as you have a fallback behavior when/if the method can not be found. There are worse abuses that have passed."
"794";"positive";"Awesome, that did it! Thanks David!"
"795";"negative";"This is officially the first time I have seen it referred to as Red Gate's Reflector as opposed to Lutz Roeders Reflector. Sort of sad in a way"
"796";"negative";"what is that downvote? it's real and valid question, and I hate DRM too!"
"797";"negative";"Effective, but what a pain! You'd think there'd be an easier way."
"798";"neutral";"its a very weird behaviour!"
"799";"neutral";"What are the ways to retrieve data submitted to the web server from a form in the client HTML in ASP.NET?"
"800";"positive";"Hey everyone, I just wanted to share a little something with you all today. As someone who's been around the block a few times (pun intended), I've come to realize that it's not about being perfect; it's about persistence and determination. People often ask me how I keep going when things get tough or when I encounter obstacles, and my response is always the same: "
"801";"negative";"How is a question about hosting less programming related than this which gets plenty of up votes http://stackoverflow.com/questions/549597/dealing-with-awful-estimates"
"802";"negative";"I have hit this too. No solution as yet. This is very worrying though!"
"803";"positive";"Wow!! The question sounds like question for working in the kitchen. I am amazed the names used for the tools :)"
"804";"negative";"I am extracting some data from SQL Server. One of the columns is a ntext column that has a blob of XML there. As I extract it, it looks really ugly. Is there any way to format the XML inside a SQL Server 2005 stored proc?"
"805";"negative";"There's some debate over that FAQ entry. Yes, by all means, answer your own question. But if you routinely have a set of pre-baked questions and answers, then this site just becomes a blog, rather than an exchange. You have the misfortune of picking a day when someone abused the spirit of that FAQ."
"806";"positive";"Great, thank you, that fixed my issue!"
"807";"neutral";"question:"
"808";"neutral";"what means csla CanReadProperty"
"809";"negative";"Lol what a joke, just got hit by my ex's latest drama on social media. She went from sending me sweet nothings to screaming at the top of her lungs. I'm lowkey dying over here. Has anyone else ever been on the receiving end of that? Am I just being sensitive or is this real life?"
"810";"positive";"Thanks. That was a really great pointer!"
"811";"positive";"here is some code to have a gif (that already have transparency in it) transformed (supposed you want to resize it) in bitmap and then can be showed properly with it's transparency. Good luck ! Gregoire Lafortune"
"812";"negative";"@RobG - I hate IE! jQuery is my final weapon."
"813";"neutral";"you can use"
"814";"neutral";"I have two arrays of animals (for example). How can I merge the two arrays into one by the ID?"
"815";"neutral";"How can I increase Java heap size for Carrot2 Document Clustering Workbench?"
"816";"neutral";"@JoranBeasley Please read [The Absolute Minimum Every Software Developer Absolutely, Positively Must Know About Unicode and Character Sets (No Excuses!)](http://www.joelonsoftware.com/articles/Unicode.html). Unicode is not a character encoding and not concerned with bytes, though as a matter of fact you cannot fit all unicode code points into 16 bit because there are more than 2^16 of them."
"817";"negative";"I have a big problem. I've created site, using jQuery, but it runs very slowly. On mobile phones it's terrible! And I don't know, what's wrong... Someone can help me? Links doesn't works yet, because I want use CMS on this layout, but before I want to little optimise these scripts. Here's test site: And here are the scripts:"
"818";"positive";"This is a great question.. my approach for solving this question would be to ask: Given a list of items, what is the popability of choosing two consecutive items from the list which are sorted. As the list becomes more sorted, the probability will approach 100%. To calculate this probability is relatively simple: I hope this helps!"
"819";"neutral";"Also when following Flextras excellent guide, make sure that NavigationMenuClass extends EventDispatcher, otherwise just calling the dispatchEvent() method won't work!"
"820";"negative";"I don't see how this is possible, but I really, really hate to run my query an extra time just to get the record count so I can build a pager. When I say a ""pager"" I simply mean the common gizmo with a link for each 10 records for example."
"821";"positive";"There is this about hardware to improve compile time. Also this really excellent from Scott Guthrie on looking at hard drive speed for performance."
"822";"positive";"I'm trying to create a cocoapod using pod lib create but for some reason the .xcworkspace file is never created. I've tried updating Ruby and I've tried using Ruby 2.0.0 which my colleague is using and it works fine for him. Here is the output from the pod lib create command: I would be very greatful if anyone can shed any light on this issue as I'd love to get started using this great tool straightaway! Many thanks Chris"
"823";"positive";"I've been using Visual Studio Code for my .NET development lately and I have to say, it's become an indispensable tool in my workflow,"
"824";"positive";"if your memory consideration is only about these integers, then all I say is woooow =)"
"825";"negative";"Is there a VB6 equivalent to the C/C++ 'continue' keyword? In C/C++, the command 'continue' starts the next iteration of the loop. Of course, other equivalents exist. I could put the remaining code of the loop in an if-statement. Alternatively, I could use a goto. (Ugh!)"
"826";"negative";"Ugh, what a complete waste of time. I just spent hours trying to get this one feature working in my favorite web app, only for it to break again because of some stupid bug. The developer on the project was equally unhelpful, telling me that they'd fix it tomorrow but giving no indication of when that would be. It's like they're not even taking feedback seriously. And to top it all off, now I'm having to spend my precious time redoing everything again because the app just won't cooperate."
"827";"negative";"I'm trying to do this in a makefile and it fails horribly: do you know why? I guess it has to do with escaping, but what and where?"
"828";"positive";"If you need portable Python audio library try . It certainly has a mac port. As for mp3 files: it's certainly doable in ""raw"" Python, only I'm afraid you'd have to code everything yourself :). If you can afford some external library I've found some here."
"829";"negative";"Compare these two methods: Aside from the method signatures (bar can declare instead of ), is there any practical difference between the two methods? To be clear: I'm aware that this is a horrible approach to exception handling, and should not be done!"
"830";"neutral";"The and functions both return Gateway information for each adapter."
"831";"negative";"Yup many hours later I found that a single panel that was wrapped around the section had a EnableViewState=""false"" added to it. Sad part is that I know I didn't add that because I didn't even know what it was until craig here mentioned it. Visual Studio must have added it sometime."
"832";"negative";"Okay I am using the same ANTLRWorks and JDK .. but it doesn't work for me :( .. Its very irritating, I have tried everything to make it work !"
"833";"positive";"Hey guys, I just had one of those days where I felt like quitting on myself. But then I realized, I'm not a quitter. I'm a warrior. And I think that's something we can all learn from. So my question is... What's the most ridiculous thing you've ever done for someone, and would you do it again? "
"834";"neutral";"If you want to be really paranoid, you can install VPN clients on every computer, and have a off-site VPN server at a datacenter... But that eats into your bandwidth, and is probably more complexity than you want to put up with."
"835";"negative";"as was already established, this is a miserable, horrible, awful, and terrible idea from a concurrency perspective. Anyway, since your question is really about Go's type system, here's how you would define a type with a recursive method."
"836";"neutral";"onload() event is not firing in Safari when back button is clicked"
"837";"positive";"That migration doc was essential for me, great link!"
"838";"negative";"that _is_ sad news"
"839";"negative";"Yes, these queries are horrible. Do a regular join instead."
"840";"neutral";"Not free, from $195 as of July 2010"
"841";"negative";"Ugh, just had the WORST day ever!!! I woke up late, spilled coffee all over my shirt, and then to top it off, I got audited by my parents on my phone bill. Like, what even is that? I pay way more than that in rent alone! Anyone else have to deal with this kind of stress at some point? Help me vent (and maybe get a new job)!!"
"842";"negative";"Getting the ssrs add-in to install properly was a complete pain. I think it had to do with the fact that we did development on the server prior to installing the ssrs add-in. I ended up un-joining the farm, re-joining it, then installing the component. That got it to work. Then I just had to re-deploy solutions, re-activate features and re-configure my web.config."
"843";"neutral";"See http://stackoverflow.com/questions/94935/"
"844";"positive";"Other's have posted equally viable options, so really pick the one that makes the code prettiest to you! :-)"
"845";"negative";"Hate to say it, but I don't think there is a way to alleviate this. I do think that it depends on the client system, though, so a faster javascript engine or machine may make it slightly more accurate."
"846";"positive";"Hey everyone, just had the most incredible morning!!! I hit my daily run and got to watch the sunrise from the top of a mountain... it's truly breathtaking! Anyone else have a chance to get in some quality outdoor time today? 
"
"847";"negative";"I am completely hopeless with regular expressions... I have a Velocimacro named , and I have a JS function named . Now I want to find all the places the JS function is called. So I need to search for ""addButton"", where ""addButton"" doesn't start with the hash key. Any ideas?"
"848";"positive";"I know this is an old thread but still, I'd like to share one more tool which I find extremely helpful and user-friendly: This is an online tool that will get you up and running in no time. It also features a variety of pretty nice layouts out of the box. Here are two for example:"
"849";"neutral";"similarly: alias mroe=more"
"850";"positive";"+1 The perfect enhancement for remote du -sh ing! Love this tool, super fast usage and deleting workflows as well!"
"851";"neutral";"So I have tried 3 options HTML"
"852";"neutral";"No, the output is not the same; one is a Unicode value, the other an undecoded bytes value.For ASCII, that looks the same, but when you load any web page that uses characters outside the ASCII characterset, the difference will be much clearer.Take UTF-8 encoded data, for example: That's a simple U+2013 EN DASH character. The bytes representation shows the 3 bytes UTF-8 uses to encode the codepoint.You really want to read up on Unicode vs. encoded data here, I recommend:The Absolute Minimum Every Software Developer Absolutely, Positively Must Know About Unicode and Character Sets (No Excuses!) by Joel SpolskyThe Python Unicode HOWTOPragmatic Unicode by Ned Batchelder"
"853";"positive";"Wow, I've just had a look at the Corona SDK. It looks excellent! A really intuitive way to build apps. Thanks for the tip!"
"854";"neutral";"You should definitely HTML encode before assigning posted content to the HTML body of an email. Your code should already be rejecting content such as '<script>' as invalid, not just in the case of an email but in all cases. There are no other considerations you need to worry about."
"855";"positive";"pr0n for sure :))))))) (kidding Jonathan)"
"856";"positive";"Excellent - I'm glad you found it! The double quotes may be a unix/linux thing. Note that Oracle will accept `username/pw@db` or `username@db/pw`."
"857";"negative";"Arrrghhh, how I hate those people who downvote answers without leaving a comment as for why the downvote..."
"858";"positive";"Godd luck, hope you figure it out! :)"
"859";"negative";"I usually don't post meta comments, but 29k views and 7 upvotes? That is sad"
"860";"positive";"If you want to search give Red Gate's excellent tool a try (its free!) but it's only for SQL Server though."
"861";"positive";"Excellent! This should be marked as an answer. Very good solution."
"862";"negative";"I just had the most infuriating experience with my roommate who refuses to do their fair share of household chores. It's like they think the world owes them a living,"
"863";"positive";"I'm absolutely staggered by the amazing response I've received in the last 10 minutes! Thankyou all so much for your answers. Very, very helpful."
"864";"positive";"So my line extends from one side of my graph to the other, but it doesnt really animate through each data point, I assume I have to add a loop somewhere. Heres the relevant code. Any assistance would be hugely appreciated!!!"
"865";"negative";"I have developed a cumulative sum function as defined below in the Haskell library Repa. However, I have run into an issue when combining this function with the transpose operation. All 3 of the following operations take well under a second: However, if I write: performance degrades horrendously. While each individual operation in isolation takes well under a second on a 1920x1080 image, when combined they now take 30+ seconds... Any ideas on what could be causing this? My gut tells me it has something to do with delayed arrays, not forcing at the right time, etc... But I do not have enough experience to track this down quite yet."
"866";"positive";"I realize this is old, but there is an absolutely fabulous PHP Activecord library called, appropriately, PHP Activerecord. I've used it for several months and it blows away the other libraries. Check it out:"
"867";"negative";"I have a main flash from wich i load another swf file from the server. From time to time i change the second swf file and want to load a fresh copy from the server. I clean the cache from the browser but my client does not know how to do that and it's a pain to give him directions. If i want to load a fresh copy of the main swf i just add a ""main.swf?version2"" but i can't do that with the loadMovie function in flash. Any ideas how i can get a fresh copy from the server without changing the name of the file?"
"868";"neutral";"[answer]
{username}: Hi there, I'm having some issues with my {platform}/☐ integration. Every time I try to connect, it just crashes or throws an error. I've tried updating the app and clearing cache, but nothing seems to work.

I've also checked the documentation and can't find any mention of this issue being a known problem. Has anyone else experienced something similar?

Please help!"
"869";"positive";"I just found out that my favorite coffee shop has permanently closed down and I'm feeling a mix of emotions - sadness, but also relief! It was always a reliable spot for me to grab a cup of joe and catch up with friends. I know it's not just about the coffee (although it is amazing), but it holds so many memories for me. Has anyone else experienced a similar situation? How did you cope?"
"870";"positive";"No worries, just run some tests and see what fits better your usecase!"
"871";"neutral";"That's the simplest query to return the result set in your example."
"872";"neutral";"Is it possible to compile and run OpenGL programs from under Cygwin? If yes, how?"
"873";"positive";"very awesome! You just saved me a boatload of time."
"874";"negative";"Ohh, well this is sad! I found the error and it unfortunately just was a typographical error..."
"875";"positive";"I appreciate your warm welcome, I never seen such a warm regard here for trying to be helpful, it was a really pleasant introduction and I want to thank you for taking your time to write - at last the end of the questions reads ""If anyone has any ideas I would be extremely grateful!"""
"876";"positive";"Proxy (among many other meanings) is a **design pattern** -- see [wikipedia](http://en.wikipedia.org/wiki/Proxy_pattern) for excellent coverage (not intensely C++ specific, of course)."
"877";"positive";"That would be awesome. I could report 100% success rates on all e-mails! :)"
"878";"neutral";"Hey fellow devs, I just wanted to share a weird experience I had with my new MacBook's Bluetooth mouse. It kept restarting by itself every time I tried to click on something. Not sure what's going on, but it was driving me nuts,"
"879";"negative";"We have a 3-tier web application written in ASP.Net Webforms where we will not be able to port it - recession really sucks! - to MVC. Our goal is to implement a plugin architecture. One way would be to use the App_Code folder. Are there any better alternatives?"
"880";"neutral";"A smarter, entirely C++-way of doing what you want is using . Especially helps you to accomplish what you want. Please see the excellent about how to use it!"
"881";"neutral";"You can also do Start->Run and type services.msc to get to the services and stop it."
"882";"neutral";"Hey fellow devs! I'm having some trouble with my React application's state persisting across page reloads. I've tried everything from using Redux to local storage, but nothing seems to be working. Anyone have any experience with this issue? I'd love to hear your thoughts and maybe find a solution together!"
"883";"positive";"Great Solution!"
"884";"positive";"Excellent questions! This particular project will need DS, WAYF, etc."
"885";"neutral";"I just noticed also that you're calling **sortable** on the reportTableBody class, but that class does not exist in the fiddle code."
"886";"neutral";"A few but they all seem proprietary."
"887";"positive";"I just had the most epic gaming session with my squad last night! We were all on a roll, and our Discord channel was lit #GamingCommunity #SquadGoals
"
"888";"negative";"Aye, the timer idea would result in horrible flickering for sure!"
"889";"negative";"That link is full of horrible advice."
"890";"neutral";"https://github.com/beheadedmyway/gwlib/blob/master/src/gwpth.c"
"891";"positive";"I have created a new project using core data then copied all of the app delegate code for core-data that i need over into my current projects app delegate.. my appdelegate.m looks like this now. My questions are as follows Is the URLForResource in this part of the code ment to reflect the name of my xcdatamodeld that I have created? With the URLByAppendingPathComponent: do i have to create a sqlite database called Code.sqlite or is this made automatically for me by the core-data code? what is the purpose of this method exactly? any help or tips would be really awesome!"
"892";"negative";"You can't move the cursor with JavaScript. It would be incredibly annoying anyways."
"893";"neutral";"Joel Lucsy: That implementation of SQLite is a mixed-mode assembly which is not supported by Silverlight. Only a pure managed implementation would work under the Silverlight CLR."
"894";"negative";"I've set up Windsor to use constructor parameter names to map to a config file settings by convention. When a parameter is missing, it throws a very frightening : I want it to instead throw the following error: How can I do this?"
"895";"positive";"Tried it, loved it. Using it right now."
"896";"positive";"@Kevin Oh, excellent! I see now that it's a fairly obvious answer, but that tool is perfect. Thanks!"
"897";"neutral";"i think that scope of 'killed' is ok."
"898";"negative";"After I changed my windows regional setting from my native language to USA, the problem has gone. Do not forget to restart Visual Studio. really annoying problem !"
"899";"neutral";"I would've answered StackOverflow, but it's not open-source :)"
"900";"positive";"I have discovered a mode in , where I can instantly change all same variables. When I am in this mode I get a box around the same variables and I can change one and instantly all others change. I do not know how to enter this mode ""by will"", I just entered it ""randomly"". Therefore, I really appreciate your suggestions, how to enter this mode, because it is extremely useful to me! PS.: I am using NO plugins, just a plain new eclipse installation with java!"
"901";"positive";"I have a script in which I need to process a file using ajax. Everything in the script works, except I can not get the right variable. I have tried everything and I currently have this in its place I was wondering if anyone could tell me how to successfully set whatever is in this field As a variable in the ajax script that I have. All help is extremely appreciated, thanks for the help!"
"902";"positive";"Excellent Answer, thank you!"
"903";"neutral";"Hey guys, I'm at my wit's end with my current UI. It's been looking pretty meh for a while now, and I've tried various layouts and styles to give it some life. I've also attempted to customize the colors and fonts, but nothing seems to be sticking. Has anyone else had experience with creating an interface that just kinda... blends in? I feel like I'm trying to fight a losing battle against the UI's default settings. Any advice on how to make my interface look more 'me'? Maybe some tips on tweaking the styling or something?"
"904";"positive";"I did try the demo and did end up buying it. I'm thrilled (thus far). Thanks for your comment."
"905";"positive";"after some tests i found a fast solution , you can add in top of your index page: it work very fine :)"
"906";"neutral";"@Ad-vic No worries!"
"907";"neutral";"Hire a force of intimidating fellows to stand behind your users while holding baseball bats. That should prevent them from doing anything undesirable with your application."
"908";"negative";"Ugh, another day, another disappointment from the game developers."
"909";"negative";"GridView? And accept some answers, for crying out loud!"
"910";"neutral";"Your question assumes that mail clients follow the RFC standards for MIME encoding, which they don't. I'd advise you collect a bunch of mail from sources and try and process it as-it-exists. The problem you are facing is extremely difficult (perhaps impossible) to solve 100%."
"911";"neutral";"You need to make the following changes to your code: However keep in mind that this is extremely vulnerable to SQL injection, and you should also swap MySQL for PDO/MySQLi immediately if you plan to use this code on a live website."
"912";"negative";"Not sure this answers the question accurately, what does everyone else think?"
"913";"neutral";"As TraumaPony said. Simply load the main game assembly in to Visual Studio and try to compile it. It won't if you try to make a reference to an assembly outside the those that ship with the 360."
"914";"negative";"The dreadful integer arithmetic attacks again! When you calculate ((3+2+1)/100), since all the operands are integers, Ruby uses integer arithmetic rather than floating point arithmetic. If you do 7/100 it will also return 0, as it's rounded down to the nearest integer, which is 0."
"915";"neutral";"I'm considering using a VPN for my next trip to Japan. Would anyone have any experience with this? Specifically looking for recommendations on what kind of server locations they've used in the past."
"916";"negative";"OK, I can continue to do web dev on my mac by sharing the webdev folder on my ubuntu laptop. This is a really terrible solution though."
"917";"positive";"Use if-else inside scriplet based on the currently selected language and place appropriate ""td"" tags. Hope this is what you are looking for !"
"918";"negative";"Why use a `Mutex` here? The `Acquire` method just returns a reference to an instance (this is a reference type). Whether the object referenced is mutable or immutable is irrelevant. The reference is to the same object no matter if the object mutates. Why do locking? Even if the instance was not ""singleton"" or ""read-only"", i.e. even if the field reference could change, since [reference assignments are atomic](http://stackoverflow.com/questions/5209623/), there would still be no need for locking/`Mutex`. I will downvote this answer @ +109 net upvotes..."
"919";"positive";"This is simple I hope :) When I create a new web application in WSS does it need to be on port 80 if I want to point an external domain name at it? Everything is standard in terms of IIS and ports that are open i.e. port 80 is the only one open. I am guessing if I let WSS assign a port number to the new web application surely this can never be accessed externally unless I open the assigned port? Cheers"
"920";"positive";"Hi Derick - right now, I'm running from the command line, and very soon we'll have it hooked up to hudson. We've convinced people that hudson will be fine without a physical log file from the rake execution. And I think I've satiated the desire for log files by using the "".parameters"" option on my msbuild and nunit tasks to log output. I'm LOVING albacore! You guys did a great job with it."
"921";"neutral";"May want to replace `""\\""` with `File.separator` to make it work on linux."
"922";"neutral";"They are timestamp in real life - I simplified the question"
"923";"neutral";"I want to get the autoincrement id of an insert. is there a way to do it?"
"924";"neutral";"Also, your query is completely vulnerable to SQL injection. If you don't know what that is, look it up."
"925";"negative";"I've updated the fiddle. I had to use classes to get it to work, so its not 100% perfect imo."
"926";"negative";"can I replace my entire windows vista with ubuntu and is it free? I really hate vista"
"927";"negative";""
"928";"negative";"Not an exact answer I'm afraid, but this information might help."
"929";"neutral";"Configuraton doesn't belong in a library. I think you nailed it with ""emerging anti-pattern"". It's really pretty easy to locate configuration files relative to a library; they don't need to physically go in the same JAR to be found."
"930";"positive";"I'd really love the surrounding content to ""scroll"" up/down in like when using Scroll - but would also love the appropriate div to ""fade"" in."
"931";"positive";"I have some questions.. (See an image for more information here: .) 1.When the animation plays reverse, i want it to play faster.. Is there any way I can do this? By code maybe? 2.Also. When the animation played backwards, and then forewards again I want it to stop at 'mouseover'. How can I do this? If i put a trigger stop between them, it also stopt when it is playing backwards. I really hope someone knows how to do this! Thankyou, Kind regards, Ellen"
"932";"positive";"I am not familiar with the instance manager, but I have used on several systems (including a remotely hosted server) with great success. It supports MySQL 5.0 and 4.1."
"933";"negative";"You could try this one (not optimal, I am afraid):"
"934";"negative";"That's very sad :("
"935";"positive";"Have a look at . (Except for it being the foundation of their incredibly great IncrediBuild product, I haven't used it, though.)"
"936";"neutral";"If you are not forced to use a particular compiler I suggest to use Qt and in the new 5.3 version you will find a class dedicated to serial ports: The code you will write will run on all supprited Qt platforms, at least those that have serial ports."
"937";"neutral";"Hey guys, I'm stumped on this one... I've got a script that runs fine in debug mode but not in release mode. I've checked the file paths and it's not an issue with the files themselves. Has anyone else had this problem? What are some possible causes?"
"938";"positive";"The (NLTK) is an excellent resource if you're considering Python as a language. It incorporates lots of the stuff you'd expect in a text processing/NLP environment like parsers, stemmers and part-of-speech tagging. Documentation on it is pretty good too. As for datasets, NLTK comes with a variety of for experimenting with. Hope it helps, B."
"939";"neutral";"Are you referring to the D version?"
"940";"negative";"This is a stupidity of windows find utility, +1 for feeling my pain."
"941";"positive";"I'm using MongoMapper and am trying to come up with a way to use an abbreviated field name. I want to keep the keys as plain english but have the field names stored short (e.g. ""name"" maps to ""_n""). I noticed a conversation but it ended up closed () and I was wondering if anybody has an example of how to accomplish this. I'd be extremely grateful for any feedback!"
"942";"neutral";"I would not store configuration information in the repository at all. That way you don't have to worry about SVN trying to update the config when you update your source."
"943";"negative";"I can't get to work a many-to-many relationship using bookshelf.js. Models: Database table ""events"": Database table ""tags"": Database table ""events_tags"": Query that isn't returning what it should: The log outputs: That is: empty array of tags, which is wrong. Question: Is there an issue with my code? the desired output should be: This doesn't help in the question, but I'll throw it anyway: I'm currently hating all ORMs in Node JS! Maybe I should just use a query builder."
"944";"neutral";"link is now updated"
"945";"negative";"If you're worried about burning bandwidth, RDP is NOT going to help!"
"946";"neutral";"One potentially valid reason to impose some maximum password length is that the process of hashing it (due to the use of a slow hashing function such as bcrypt) takes up too much time; something that could be abused in order to execute a DOS attack against the server. Then again, servers should be configured to automatically drop request handlers that take too long. So I doubt this would be much of a problem."
"947";"neutral";"Does it make any difference if you go"
"948";"negative";"Its really depressing. Ended up with downloading the whole bundle again."
"949";"neutral";"Yep. I gave up actively deleting stuff off my hard drive a long time ago. Just like with gmail, with decent search it's easier to just archive everything rather than worry about sorting, filing, and deleting it."
"950";"negative";"I often need to execute custom sql queries in django, and manually converting query results into objects every time is kinda painful. I wonder how fellow Slackers deal with this. Maybe someone had written some kind of a library to help dealing with custom SQL in Django?"
"951";"neutral";"@RenniePet That was the thing I was missing. Should edit this answer."
"952";"negative";"I've seen this bug in resharper 4.1. It happens when the base class is in the App_Code directory. Don't know how to fix it, very annoying, code still compiles though."
"953";"positive";"was excellent :) However instead of creating a button object, I am only calling an OnTouchlistener to change the state of every view. Gives the same results though"
"954";"negative";"Poor Steve just got screwed over by people not reading what he wrote correctly. I hate it when that happens, but I can understand why they read it the way they did. You left the statement rather ambiguous."
"955";"positive";"Excellent! @vinay-kr-sharma , but i add some more code to put my month language"
"956";"neutral";"That's where I'm using the extra switch, yes."
"957";"negative";"Here's a really terrible hack if you don't want the indirection and don't mind doing the cleanup yourself:"
"958";"negative";"Don't have access to any other versions here I'm afraid :("
"959";"neutral";"Is it possible? How do I do it?"
"960";"negative";"Ugh, another day, another reminder that I'm stuck in this dev hell..."
"961";"positive";"PL/SQL Developer from Allaround Automations. I happily paid the $200 or so price for this. Excellent IDE (+ good Intellisense, + debugging capability) with easy creation and editing of PL/SQL packages, SPs, Triggers etc So much better than Toad."
"962";"positive";"If you're looking for a free alternative to Red Gate's most excellent SQL Compare, you might want to check SQLDBDigg made by . It's what I used until I caved and bought SQL Compare."
"963";"positive";"And on that note, if there is a library out there that does, that will do fine :)"
"964";"positive";"Let's imagine something like this: Later I can do something like this: Is there any way I can set the limit when using the named query, and not when defining it? I'd would really love to do something like: or Thx in advance! :-)"
"965";"negative";"I'm trying to compile code that I know to be working on other peoples' machines but is throwing a particular error on my system. Specifically the error relates to the printf() method The method printf(String, Object[]) in the type PrintStream is not applicable for the arguments (String, double) For instance Does anyone know why this error is cropping up? There are alternatives to using printf(), but this is very annoying!"
"966";"negative";"Horrible but linqy!"
"967";"neutral";"as of 1.6.0_29 this one is the only one that worked for me"
"968";"neutral";"What languages do you work in? Is there a specific Testing Harness you recommend?"
"969";"negative";"I'm afraid you cannot fetch that!The Graph API don't provide any API to do so."
"970";"positive";"I agree: Awesome answer! Thank you so much for this borad overview (even if it may be a little bit outdated by now)."
"971";"negative";"Ugh, I just spent the last hour debugging a bug in my application. It was a complete disaster. The user interface elements were all messed up, and we had to redo entire screens. We even had to roll back the code to a previous version just to get it working again. What am I supposed to do now? "
"972";"positive";"@Oded thank you this tool is very great!"
"973";"negative";"Out of all that pseudocode, the only thing that really worries me is ""extracts code samples from file"". Reading files from a directory is trivial, saving a file is trivial. Regardless of the test framework I'd spend most of my time focusing on the parsing bit. For direct testing, I'd embed the snippets directly into the test case: Ah, I see another change I subtly made while writing the test: my ExamplesToCode.parse() returns an Array (or other iterable container), so that it can be tested apart from the iteration itself."
"974";"positive";"I really liked your approach to it! I found that changing the code to the following made my progressbar update correctly. I had some issues while using math.round()."
"975";"negative";"I'm at my wit's end with this project I've been working on for months - it just isn't going as planned. The deadline is looming closer, and we're still not making any headway,"
"976";"neutral";"Use `locale` and it's string collation methods to sort naturally according to current locale."
"977";"positive";"Excellent! Look forward to hearing from you."
"978";"positive";"Wow, great ! Thanks a lot !"
"979";"positive";"I love it when I find the answer to my question without having to ask - thanks for running into the same question I had and helping me work through my issues!"
"980";"neutral";"Which language and/or regex engine is it for?"
"981";"neutral";"The most correct/idiomatic solution (if you cannot avoid having a collection to begin with) is to use an : Putting the into a lambda isn't going to make anything any easier. In fact, it'll only create more work.Of course if you really hate using an you can avoid it, not that it'll really help you much: You could emulate the more functional style concept with a method that invokes an action if the object isn't , not that this is really any easier than a check when dealing with actions instead of functions:"
"982";"neutral";"Unfortunately if you want to make this an open API, many people will be unable to use Content-Type headers. The sad reality is that you usually need to allow some hacks, even if you permit the standardized way too."
"983";"positive";"Hello fellow coders!"
"984";"negative";"I have a complex site that incorporates alot of javascript and it is getting absolutely KILLED by IE7. How would I go about serving this code: HTML JS In such a way that IE7 never gets the and therefore never hides ?"
"985";"positive";"So I found this. If you do a ""Ctrl+O"" it brings up a small window called the quick outline. In this I can use wildcard (*) while searching which is extremely useful!"
"986";"neutral";"I have got the result from IRC channel. The regular expression is :"
"987";"negative";"Ignoring how ridiculously lame it is to ask a question and answer it in this fashion seconds later, this is an awful answer, and that is why it is voted down. Why will you only see a small speedup? Can you provide numbers? Platforms tested on? This answer is even more vague than the original question, which was vague to begin with."
"988";"positive";"Background: The MSMQ is hosted on Windows 2003. The queue that will receive the messages is a public queue. I have installed MSMQ HTTP Support on the server. From some of the white papers on MSDN, it appears that you can insert messages into MSMQ using SOAP/XML. The process, however, of just finding the WSDL endpoint is not clear to me. Any help you could offer would be greatly appreciated! Wish you the best!"
"989";"positive";"Today I saw a demonstration of the episerver cms and it had a few features that I really liked. One was that items in the treview on the left that had no version for the current language was shown in an italic font. It shouldn't be to hard to implement this into Sitecore, anyone got any ideas? BR Larre"
"990";"neutral";"How large is the file? Can it fit in memory?"
"991";"neutral";"I have a generator and I would like to know if I can use it without having to worry about StopIteration , and I would like to use it without the . I would like to use it with a while statement for example ( or other constructs ). How could I do that ?"
"992";"negative";"Now I think it is not possible in c++ (without explicitly qualifying the namespace), it's so sad :("
"993";"positive";"is hugely useful :) I'm sure it could be improved a bit further with computing the name of the directory once and re-using it, but this is nicer-enough that I'm fine stopping here. :)"
"994";"positive";"Thanks, that's great additional info Sam!"
"995";"neutral";"Download the Standalone Flash Debugger and open your swf with that."
"996";"negative";"I am having my site hosted in Bluehost server. I have been working with the Allvideos Plugin to have the video inside article content. When i try to upload my video my filename.flv in the folder/images/stories/videos/ , i am getting the error as Business Agility_VS.flv: unknown Bytes: 0% Complete FAILED! :Unknown error or disk quota exceeded. What may be the problem in this?? Even i have increased the size of the destination folder. But still i am getting this error. Why i am getting the Unknown Bytes error."
"997";"positive";"(Great question!)"
"998";"neutral";"I have wrist pain when I type and I would like to start writing SQL statements, stored procedure, and views using speech recognition."
"999";"positive";"@KDJ It means the elements siblings whose ID's end in _dd, and no worries!"
"1000";"negative";"I've tried several other IDEs (the last one was eclipse) but always come crying back. The thing I end up missing most is homesite's 'tag insight' for all the html tags."
"1001";"positive";"Excellent! Thank you so much for the thorough explanation, and for providing the demo. So `eval()` allows you to access the value stored in each variable. This is handy if you want the name of your variable to itself be stored in a variable. Handy! You did an excellent job explaining. Gold star for you. :)"
"1002";"negative";"You're looking for an equivalent of and I'm afraid it doesn't exist explicitely in the STL. Go for Sebastien's answer if it is correct for your STL implementation."
"1003";"negative";"Any progress on this one? To embed complex functionality (including history-aware interactivity) on an MVC page without involving the rest of the page is a reasonable and common desire. The only alternative I see, to require the using page to track each components query-string state, is horrible."
"1004";"positive";"No worries, his answer is much better!"
"1005";"neutral";"Why is Silverlight included in the question title? SQLLite is not yet ported to Silverlight 2, and what you do on the server side doesn't really matter for the Silverlight client application."
"1006";"neutral";"What does ABC in WCF stand for?"
"1007";"neutral";"anyone have any experience of using them together? How well does it work? or is it just too much grief?"
"1008";"neutral";"AT what stage are you populating the ListBox? I fear you are doing it too late to be persisted in the page, if ViewState is not somehow disabled."
"1009";"negative";"FYI: When C or C++ say ""undefined"" they usually mean ""crash"" or ""memory corruption"" or something equally terrible. Beware."
"1010";"negative";"this is for facial recognition, and auto submitting username and passwords in your browser, if you are in front of your PC. nothing malicious bout that ?!?"
"1011";"neutral";"I've got a really simple powershell script (see below). I've got installutil aliased using the following in my profile: In powershell I simply: This returns successfully. (Install/Commit both complete successfully). Yet when I check the registry, or in powershell using get-pssnapin -registered it doesn't show my assembly. I did this the other day and it worked fine, but I don't seem to be able to duplicate it ... please advise. }"
"1012";"neutral";"Can you show us some code? Extremely difficult to diagnose otherwise."
"1013";"neutral";"Links are no longer valid fyi"
"1014";"positive";"excellent in my case use the following code Thanks!!"
"1015";"negative";"@Milhous *Everything breaks when you use Java*."
"1016";"negative";"The following code to use results in black image no capture, why? Note that adding before capture has no effect! Googling has been completely useless for this case, so far!"
"1017";"negative";"Most of the times when Iphone program crash, compiler show stack with full of no's, but these no's don't make any sense to me. Very rarely it point out where the problem might be and mostly there are these useless no's. How you can make sure that when your program crashes while development/testing, it shows at what place this cause this crash?"
"1018";"positive";"That would be great! @Heinz: contact established :-)"
"1019";"neutral";"-1: WCF requires .NET 3.0"
"1020";"positive";"Excellent! That is what I'm looking for! Thanks very much!"
"1021";"negative";"yes it does it in IE8 as well. Very annoying !"
"1022";"negative";"Makes sense, and it's very similiar to what I am doing. One ant task for stage and one for production, and just using the defaults for local development. But pain arises from mainting 3 different applicationcontexts which have almost identical content.."
"1023";"neutral";"I am looking at moving my company's internal business app from VB.NET to PHP. Some of the people were worried about losing GUI features that can be found in .NET. I am under the impression that with the right javascript framework, anything in .NET GUI can be replicated. While I am still researching this point, I would like to ask if form features in .NET GUI can in fact be replicated with javascript and slightly more importantly, will it take much longer to develop to get the same results?"
"1024";"positive";"Hey fellow devs! I just had to share my excitement about a new feature in our project. We've been working on implementing async/await support for promises, and it's been a wild ride. One of the coolest things I've seen is how easy it is to write readable code that's still efficient."
"1025";"positive";"I'm building a marketplace application that uses PayPal Express. I've got a form for sellers to input their PayPal API credentials, but I need a way to validate them by making some sort of call to PayPal. I'm using the PaypalExpressGateway in ActiveMerchant, and I don't see anything other than the standard purchase controls. Is there any sort of null-operation that can be used? Any help would be greatly appreciated!"
"1026";"neutral";"i wonder what is the purpose for designer to monkey with your properties..."
"1027";"neutral";"@JonSkeet Boy you really hated my edit."
"1028";"positive";"Hey fellow developers! I just used a game changer library in my project and I couldn't believe how much of an improvement it made. Anyone else out there have had a similar experience with one of these libraries? What's your go-to lib for this kind of thing? Looking forward to hearing about other peoples experiences too!"
"1029";"negative";"I realise this is probably an absolutely horrible way to do a query, and of course its not working. The point of it is to select users based on a date range and a keyword."
"1030";"neutral";"More popular duplicate http://stackoverflow.com/questions/1096148/how-to-check-the-jdk-version-used-to-compile-a-class-file has in answer some handy tools not mentioned here."
"1031";"negative";"Sorry, most of the code for this is 3rd party and I do not have access to it, making things extremely difficult/frustrating."
"1032";"negative";"I am trying to override Control-Meta-Down Arrow and Control-Meta-Up Arrow in emacs. I've tried all sorts of combinations of: and: etc... but it always says: . This means it is only taking into account the . Why is it ignoring the Control?? I've been working on this for 3 hours and emacs online documentation with regards to key bindings is surprisingly absolutely terrible."
"1033";"positive";"Let's imagine something like this: Later I can do something like this: Is there any way I can set the limit when using the named query, and not when defining it? I'd would really love to do something like: or Thx in advance! :-)"
"1034";"negative";"That's too sad :("
"1035";"neutral";"I also would like to see an answer to this.."
"1036";"positive";"Here's a secret. In the chrome dev tools, do a cpu profile run. After you have stopped capturing, at the bottom of the screen is a down triangle next to ""Heavy (Bottom Up)"". Click the triangle and select ""Flame Chart"". Once you are in Flame Chart mode, you can zoom and pan to see the digest cycles, how long they take, and exactly what functions are being called. The Flame Chart is so incredibly useful for tracking down page load issues, ng-repeat performance problems, digest cycle problems! I really don't know how I was able to debug and profile before the Flame Chart. Here is an example:"
"1037";"neutral";"yields ""fal"" rather than ""fa l"""
"1038";"positive";"Take a 200th upvote for an excellent question."
"1039";"neutral";"You might be able to use an anti-CSRF token to achieve what you're after. This article explains it in more detail:"
"1040";"positive";"I love Raymond Chen's blog! I would have considered putting this in the suggestion box if it wasn't closed."
"1041";"negative";"Ugh, indecent exposure of mod_rewrite should be a crime. Put a bathrobe on it, or something."
"1042";"positive";"I am Posting my values from database here, code: ?> Then I am trying to write out all rows of my array but can't get to understand how. However, this is the code from my script. Hope you can help somehow. Thanks. I can't find a solution so I am very greatful for good and simple answers!"
"1043";"negative";"I kept a bitmap inside a movieClip, bitmap has been set to be smoothing. but when I changed the scale of this movieclip, it still got pixelated. Do we have the way to avoid. it is really painful."
"1044";"negative";"You might want to consider using , a replacement for Windows' terrible command-line chrome. It offers fully redefinable keyboard shortcuts plus tabs, so it's ideal for IRB."
"1045";"positive";"Almost works. You have to seek to one less then write a byte, otherwise you still end up with a 0B file. Still very helpful, thanks! Correct Syntax too. If you want to edit, the extra line you need is OutFile.WriteByte(0);"
"1046";"negative";"avoid the auto method, to apply by hand is such painful :("
"1047";"neutral";"reload() does not work. ""Reloading"" is usually implemented by forking. Implementing ""real"" reload() is extremely difficult and even the most serious attempt, isn't perfect."
"1048";"neutral";"I personally mark most methods and properties virtual. I use proxies and lazy loading alot, so I don't want to have to worry about changing things at a later date."
"1049";"positive";"Hey fellow devs, I just had to share my excitement about this new feature in our latest release.

I was able to integrate it into a real-world project with zero errors or issues. The impact on our team's productivity has been tremendous!

The developer behind the new feature is going to be a poster child for 'innovative coding', so keep an eye out for their talk at the upcoming conference.

I'm not one to usually share my projects, but I'd love to see how others have implemented this feature. Has anyone else had any success with it?

Looking forward to hearing about your experiences and seeing some awesome implementations on Stack Overflow!"
"1050";"positive";"I would like to implement the same type of functionality as this application: When a user selects a table view cell, the cell animates to fill the entire screen and reveals a new view while animating. I have been trying to find information on how to do this but can't quite seem to find any good resources. How can I accomplish this? Even just an idea of what to properly google search will be extremely helpful!"
"1051";"neutral";"If you want it now, search on ""Micro ORM"" for multiple options."
"1052";"positive";"Gosh ! you're right !!! Excellent !!!! Is there a way to expand it programatically ? I added .setOngoing(true) (to the top) but it's not expanded... (not really the top because the first one is a notification when I'm plugged to USB for tools developpement ). Thank you again my friend !"
"1053";"positive";"I have a series with many null values all over the place on the line. I need the gap between those values to be represented with a dotted-line or whatever (another color). Any help will be very welcome :) thanks!"
"1054";"negative";"Why do you need the class explicitly? Couldn't you use the interface? Note that casting is not encouraged, which is why it looks so awful in Scala!"
"1055";"positive";"A great explanation! Thanks:)"
"1056";"positive";"@Styxxy, It looks like the GPMC is explicitly designed for AD GPO's and/or doesn't support modifying GPO values, and the process for tracking registry values doesn't seem to apply to many of the Local GP's that can be modified in the gpedit.msc interface (procmon shows no registry changes while making the change). Example: 2012SP1: ""Computer Configuration\Windows Settings\Security Settings\Local Policies\User Rights Assignment\Perform volume maintenance tasks"" add/remove SID to the list. If you or anyone can provide some assistance that would be extremely helpful! Thanks!"
"1057";"negative";"After looking at the answers below, I am very sad that this is an example of backwards progress for SSRS."
"1058";"neutral";"will a thread sleeping for a long time get killed cleanly when your app is told to exit (if the exit occurs before the time happens)?"
"1059";"neutral";"Here is another one to consider http://tableview.codeplex.com"
"1060";"positive";"I use and to embed the code formatting portions. Works great for me! :-) Sample page:"
"1061";"positive";"I would recommend -- it's an excellent CMS with great built-in translation."
"1062";"positive";"Excellent work on that site by the way!"
"1063";"neutral";"Hey fellow coders! I've been working on this personal project for a while now, and I'm having some trouble figuring out how to optimize the rendering of my GUI components. Specifically, I want to know if there's a way to make sure that all elements render at the same scale, regardless of their size. "
"1064";"negative";"I am using Internet Explorer 11. Something annoying keeps happening when I add code to my site through the CMS form that I use. Take this line: Let's say I want to copy just this in IE, through the form on the page: When I go to copy just that section, it actually copies this: It is VERY annoying! It doesn't happen on Chrome or Firefox. For reasons with the CMS I have to use Internet Explorer. Is there a setting I can change so that doesn't happen? On Windows 7 if that helps. Sorry if this doesn't 100% fit with programming, someone let me know if there is a better place for this question."
"1065";"negative";"Ok, I find the reason: device won't answer to simple user (and doesn't matter what permissions did you ask in program manifest). You can directly speak to device only if you are root (or from kernel mode). That means you cannot use devices directly from general applications. Very sad :("
"1066";"neutral";"Are you using a PHP framework?"
"1067";"neutral";"Clients deliver us files that big that we have to parse through."
"1068";"negative";"Ugh, I just spent the last hour trying to troubleshoot this ridiculous issue with my laptop's RAM not working properly... Has anyone else ever had one of these? How do you deal with it when the system is already running low on memory?"
"1069";"negative";"Any Updates to this annoying topic?!"
"1070";"neutral";"Instead of saying: say: This would preserve the tag and also remove the malicious code from lines where the tag doesn't exist! EDIT: As by , you can say:"
"1071";"negative";"u can't handle the truth... about your dating life right now u got a string of failed relationships and u think u deserve better? Newsflash: you're probably not worthy of someone as great as me"
"1072";"positive";"Awesome! Its resolve my issue. But is there any way to copy/move files with billion of numbers and without removing existing files/folders ?"
"1073";"negative";"-1 for font abuse"
"1074";"negative";"We are running Jenkins on a server that does not have internet access (even through proxy). Installing and keeping the Jenkins installation up-to-date is a pain! My idea was to make a local mirror of the complete Jenkins public update-site through a Windows workstation that has internet access. And then make this local mirror available to Jenkins through NFS share. So my questions: How to make the local mirror? Do you have a better/simpler idea to keep the Jenkins installation up-to-date?"
"1075";"positive";"No. Just size permgen appropriately. It's no different to having to size the heap appropriately. Don't be afraid!"
"1076";"neutral";"Try [castor](http://www.castor.org/xml-mapping.html) mapping."
"1077";"neutral";"If you decide to use events to drive your swf in order to approximate different frame rates I'd recommend using a tween engine like . It's free (as in beer) and I've used it very successfully for frame based tweening in the past."
"1078";"neutral";"How do I exercise an action to ensure it redirects to the correct action or route?"
"1079";"positive";"So I'm using activerecord to get the count of items for a certain day: But this doesn't give me if there are no records for a given day, how can I fix this? Or is there are more ""Rails"" way do to something like this? Any help is hugely appreciated, thanks again!"
"1080";"neutral";"Is this even possible? Perhaps?"
"1081";"positive";"this worked excellently, great job! :)"
"1082";"negative";"Google showed me: However, it removes the blinking carets from ALL of your applications [which includes eclipse], so you probably won't want that ._. Unless.. you totally abhor blinking carets"
"1083";"negative";"Is there an easy way to find parse errors in javascript code? Last week I was debugging a javascript problem where the first javascript function that was called gave an 'object expected' error. I later determined that this was because the browser wasn't able to parse my javascript code. I eventually solved the problem but it was a painful process that involved pouring over my code line by line, trying to find my mistake. There must be an easier way."
"1084";"neutral";"What transformation mechanism?"
"1085";"positive";"Is that all the details you get in your C# code, when you catch and log the `SqlException` ?? Anything more could be extremely helpful!"
"1086";"positive";"@HansPassant - Excellent! Everything is falling into place now. If you post as an answer, I will happily accept it."
"1087";"neutral";"Here is the equivalent C prototype for the Delphi function: int csd_HandleData(char* aBuf, int aLen); Nothing earth-shattering, but maybe it will get an answer from someone afraid to contribute because of unfamiliarity with Delphi."
"1088";"neutral";"I haven't noticed the sort of fear that you have. Do you have any specific examples?"
"1089";"neutral";"Works for me on Win 7"
"1090";"neutral";"Actually this is possible, though extremely difficult! This post will get you started:"
"1091";"neutral";"I'm at my wit's end with this issue. I've been trying to troubleshoot for hours but can't seem to get it working. Please help!"
"1092";"negative";"This is a terrible idea, as a compact on a database already in a suspect state can lose data that would otherwise be recoverable before the compact. Compact On Close should under all circumstances be turned OFF."
"1093";"positive";"that's the hope :)"
"1094";"negative";"You are processing the newline character as if it is legitimate input. You should either read the entire line (including the newline, perhaps using a ) and then process the first character of the line or simply add a test to skip newlines in your loop logic.P.S. Converting case by adding or subtracting 32 is a really awful approach. It won't work with anything but a-z and A-Z (in the English alphabet). It won't work for most characters outside the Basic Latin block and shouldn't be used at all for characters that have no alternate case (such as newline). You should be using and instead."
"1095";"negative";"Hi all I have a horrid database I gotta work with and linq to sql is the option im taking to retrieve data from. anywho im trying to reuse a function by throwing in a different table name based on a user selection and there is no way to my knowledge to modify the TEntity or Table<> in a DataContext Query. This is my current code. I want to populate my ViewData with Enumerable records."
"1096";"positive";"Thank you! That's extremely helpful!"
"1097";"negative";"Post Title"
"1098";"negative";"I have been trying to use OfflineAudioContext and the FFT analyzer in chrome with a script processor but I am running into the same issue that this person has: In that SO answer, someone pointed out this bug report: but it is over a year old! My questions are: does anyone know if this will be fixed anytime soon and should I file a bug elsewhere? Is that bug report (that is a year old) still being looked at? Or better yet, maybe someone knows a workaround? My code is essentially the same as the jsfiddle on that SO link. It's really sad that this stuff doesn't work in chrome but it does in Firefox."
"1099";"negative";"I just caught that, Firefox doesn't preform spell checking on the title field for some reason."
"1100";"positive";"I use GIT on windows with and i'm loving it! ."
"1101";"neutral";"dupe: http://stackoverflow.com/questions/996646/stand-alone-java-code-formatter-beautifier-pretty-printer"
"1102";"positive";"very kind :) Paul S. approach is a good one as it acts like a polyfill."
"1103";"negative";"Ugh, just spent the last hour trying to get a new laptop to recognize my GPU after upgrading my desktop. Windows Update kept freaking out about compatibility and I'm now forced to use that ancient Intel HD 3000. Who does Microsoft think they're kidding? This is unacceptable."
"1104";"negative";"I just got done with the worst customer service experience EVER! I've been waiting on hold for what felt like hours (okay, it was actually 5 minutes), and when I finally got connected to someone, they had no idea what I was talking about. Like, who doesn't know how to use their own platform? The representative was super dismissive and unhelpful. To top it all off, they charged me extra for something I didn't even ask for! 1/10 would not recommend."
"1105";"positive";"awesome explanation!! this is seriously awesome.."
"1106";"positive";"Hey team, I was going through some old code and stumbled upon this sweet bit of magic. Anyone have any experience with this? Looking for a solution to this issue: https://stackoverflow.com/questions/12345645/how-to-create-a-table-in-sql-server-2008-sp2 "
"1107";"positive";"Worked great for me - thanks!"
"1108";"neutral";"Basically I have some code to check a specific directory to see if an image is there and if so I want to assign a URL to the image to an ImageControl."
"1109";"neutral";"Also note: https://developer.mozilla.org/en/Using_the_Clipboard"
"1110";"positive";"Awesome job on implementing a new caching layer in your application! The improvements you've made will definitely help with performance - great work! <https://stackoverflow.com/questions/56745675/how-to-choose-the-right-caching-strategy-for-your-web-application>"
"1111";"neutral";"...also, how is this a programming question?"
"1112";"negative";"I am currently workin on a visual studio online hosted project that uses git for version control and have run into a problem with the team explorer menu. All of my collegues get this view when connecting to the project: But on my machine, im missing the tiles/buttons and have to right click the current branch, choose manage branches and from there, select Changes/Unsynced commits to handle my code which is extremely annoying. Im using Visual Studio 2013 Ultimate for this project, but i also have VS2012 installed."
"1113";"neutral";"How do I create a table with fixed header and scrolling rows in struts 2?"
"1114";"neutral";"that's what I thought, that's why I'm surprised"
"1115";"neutral";"I'm a complete newbie to C++. Can somebody explain to me how this works?"
"1116";"neutral";"I am developing a widget on iphone. I want to resize height of widget. I changed it as follows. but I didnt find a refresh mechanism. It works after reopen NC panel. Do you have any idea? Regards, Bliss"
"1117";"neutral";"@Jason: what's so horrible with using ajax and query string to update parts of a page?"
"1118";"negative";"Why is `AbstractMap.SimpleEntry` convoluted?"
"1119";"positive";"Hey fellow developers! I just wanted to share my excitement about a recent project I worked on. We built a new feature that allows users to create custom buttons for our dashboard. It's been an absolute blast working with the design team to bring this feature to life, and I think it's going to make a huge impact on our user experience."
"1120";"positive";"Oops! Yeah, that was just radio functionality heh. It turns out this isn't as straightforward as I thought. Give me a few minutes and I think I can fix it."
"1121";"neutral";"Which D? There are at least a few D's around"
"1122";"negative";"So only workaround which works for me is to add this js to template of my site..But its really awful solution, since I only need it in one article/module"
"1123";"positive";"once again, i just want to comment on this - great suggestion!"
"1124";"neutral";"IDEA importing Eclipse .launch files."
"1125";"negative";"I guess I could do that. It's just a pain when in Microsoft Word I can hold down shift and drag to do this, but I can't in Visual Studio!"
"1126";"negative";"How can I get my Error, Logcat, Debug, etc. tabs to go back to the bottom-middle of Eclipse? For some reason, they moved up between the Package Explorer and the code editor in a vertical arrangement - I really hate it when sections of an IDE break off and dock to some seemingly arbitrary area."
"1127";"positive";"Hope it works, if you can upvote my answer I'd really appreciate it! :)"
"1128";"negative";"I am trying to change a bit-map's pixel color if it's white. I wrote following code. But it's awfully slow!. i want to check if a pixel's color is white or not, and if it is white, change the color to black. Can anybody suggest a better approach?"
"1129";"neutral";"I've been having some issues with my Linux terminal, and I'm hoping someone can help me troubleshoot."
"1130";"neutral";"This question would now be more appropriate on SuperUser."
"1131";"negative";"We have released a beta version of our software, and as we talked to people who started using it, we have found that a lot of the features (which we thought were essential) were not known and not used by the users. What are the possible ways to inform the application users about the features of the application? I personally find the ""Tip of the day"" popups extremely annoying and disable them quickly. Are there better ways?"
"1132";"neutral";"Use the .Seek and .SetLength methods."
"1133";"neutral";"Personally, just because you can doesn't mean you should."
"1134";"positive";"@chucklukowski wow, that's just about exactly what I was looking for! I'll be giving that a read-thru. Much appreciated."
"1135";"negative";"We ended up using a Java applet. It was a nightmare. Normally it would have been awful, but as this was for the 2008 Beijing Olympics, the added distance & language differences made it a nightmare. In the end, it worked ""enough."" But again, nightmare. I would not recommend it."
"1136";"neutral";"There is nothing mentioned in http://help.adobe.com/en_US/FlashPlatform/reference/actionscript/3/flash/desktop/NativeApplication.html"
"1137";"neutral";"Seems that it has moved to github: https://github.com/mono/taglib-sharp"
"1138";"neutral";"Is there any difference between: and The convention that I've seen in most Python code (and the code I myself write) is the former, but I recently came across code which uses the latter. None is an instance (and the only instance, IIRC) of NoneType, so it shouldn't matter, right? Are there any circumstances in which it might?"
"1139";"neutral";"I'm trying to debug an issue with my Unity project but I've hit a wall - any ideas on how to track down the source of this bug?"
"1140";"positive";"You can use this Hope this helps!"
"1141";"negative";"Your formatting is absolutely horrible to read. Could you fix that?"
"1142";"neutral";"I'm pretty sure you want a datetime or timestamp column in that table, too: I can't imagine a variant of the app you describe where it would be irrelevant WHEN a status update was posted!"
"1143";"negative";"more than 7? How about more than 2 or 3? Remembering the argument ordering in constructors is a real pain."
"1144";"negative";"As a dev I worry about event logs getting full and then hitting an error when logging an error. But I suppose you have to deal with 'logging' failures with whatever you are logging to (file/db)."
"1145";"positive";"Designing with Web Standards is a great first read!"
"1146";"positive";"Awesome! Thanks."
"1147";"negative";"Ugh, I just spent way too much time trying to debug this issue and I'm still stumped. Anyone have any ideas on what's going on? I've tried everything from updating my IDE to checking for version compatibility, but nothing seems to be working. The bug is preventing me from launching the application at all. What am I doing wrong?!

"
"1148";"neutral";"Hey everyone, I'm having a bit of an issue here. I was trying to create a simple function in Python that takes in two parameters (an integer and a string) and returns their sum. Here's what I've got so far: `def add(num1, num2): return num1 + num2`. However, it's not working for all inputs. For example, if you pass in `add(5, 'a')`, it throws an error because `'a'` isn't a number. Any ideas what I'm doing wrong? Help me out!"
"1149";"positive";"I answered the same question . Best of luck! As you will see, I like the tools."
"1150";"neutral";"To make it work with zeros just add: while (num >>= 1 && num)"
"1151";"positive";"Creating custom types can be done in PowerShell. Kirk Munro actually has two great posts that detail the process thoroughly. The book also has a code sample for creating a domain specific language to create custom types. The book is excellent all around, so I really recommend it. If you are just looking for a quick way to do the above, you could create a function to create the custom object like"
"1152";"positive";"[stackoverflow-com:answer ids:1234567890 layout:horizontal size:10px bold title:How do I improve my coding skills? I've been stuck on a problem for weeks and I don't know what to do anymore.

I've tried everything, but nothing seems to be working. I'm starting to feel frustrated and demotivated. Can someone please help me out?

What are some effective ways to boost my confidence in coding? I want to finish this project by the end of the week, please,"
"1153";"negative";"Is there a way to have mod_wsgi reload all modules (maybe in a particular directory) on each load? While working on the code, it's very annoying to restart apache every time something is changed. The only option I've found so far is to put below every import.. but that's also really annoying since it means I'm going to have to go through and remove them all at a later date.."
"1154";"positive";"Just use Skype. It's free, it has excellent chatting capabilities, works over firewalls, supports lots of collaboration features out of box and plenty more as plugins. P.S. It is also supported natively on Windows Mobile and has good clients on other mobile platforms (like Fring on S60)"
"1155";"neutral";"I'll bump them all so they can get 10 at least."
"1156";"neutral";"Hey fellow programmers! I'm at my wit's end with this one. We've got a user complaining about the error message for our new feature. Here's what they said:

[User Image: Error Message]

They're saying that the error is due to a 'division by zero' issue, but we know it's not. The code is correct.

Here's what I'd like to do: 1. Look at the logs and see if there are any other errors around the same time the division happens. 2. Check the database for any data corruption issues. 3. Verify that our inputs are being validated correctly before they get passed to the code.

Before I start debugging, I need some help from the community. What's a good way to isolate the issue and narrow down the possible causes? Should I be checking for other 'divide by zero' errors in related functions or just this specific one?
# stackoverflow #programming #development"
"1157";"positive";"I've done much searching on this and can't seem to find an example that helps my case. I have an array like so: What I am trying to achieve is a new array with grouping like the following: Any pointers would me hugely appreciated!"
"1158";"positive";"You can do it with BUT, you should look into jQuery, an excellent Javascript library which makes it really easy to do that plus a LOT more! It's worth the small learning curve, trust me."
"1159";"negative";"For instance, will I be able to create an application that allows users to create and modify existing types at runtime? Will I be able to persist instances of those types in SQL without having to worry about the user who adds 100,000 records and expects a (really) fast query on them? Think SharePoint Content Types... but on steroids. Oslo steroids - Possible or not?"
"1160";"neutral";"And sometimes, if the system is hanging, keyboard might be the only way.."
"1161";"positive";"Try <% if(ViewContext.ViewName == ""Index""){%> Should work fine !!! EDIT : REMOVED IN BETA1 Removed the ViewName property from the ViewContext class."
"1162";"negative";"In this case, I'd keep the DoStuff() method but subscribe to it with: Admittedly that won't please those who do all their event wiring in the designer... but I find it simpler to inspect, personally. (I also hate the autogenerated event handler names...)"
"1163";"positive";"Ah, finally I can solve this annoying problem!"
"1164";"neutral";"I'm running socket.io/node.js on my EC2 auto-scaling array of servers. As soon as I have more than 1 server, there is the obvious problem where the socket.io connections need to be shared between the servers. This is where you'd normally use the redis store plugin that comes with socket.io. Unfortunately, I use MongoDB (not redis), and the cost of adding another database to my stack would be prohibitively high. I tried using the module, but it absolutely killed my servers (huge CPU usage). Is there any other way to share the socket.io session between EC2 servers?"
"1165";"negative";"Background: I'm currently debugging an application written over a custom-built GUI framework in C++. I've managed to pin down most bugs, but the bugs I'm having the most trouble with tend to have a common theme. All of them seem to be to do with the screen refreshing, redrawing or updating to match provided data. This is a pain to debug, because I can't break on every refresh, and most of this stuff is time-sensitive, so breakpoints occasionally ""fix"" the bug. Q: Does anyone have any tips for debugging Windows-based GUIs, especially regarding the refreshing of individual components?"
"1166";"neutral";"I would not go the gdi route... Have you considered using wpf?"
"1167";"negative";"I am working in VB.net and have a Class, Foo, that implements an interface, IBar. I have a List of Foo's, but I need to pass a list of IBar's into a function, but I keep getting casting errors, even when I use DirectCast. My code is In both Main and Main2 I get MainWorks works, but it would be really annoying and inefficient to have to do that everywhere I want to call this function."
"1168";"negative";"I'm trying to pull in tagged photos of the current logged in profile. Got a session ID but it appears it's an empty array. I'm aware this code is probably really awful, I'm new to PHP and just trying a few things."
"1169";"positive";"[asked]: Should I upgrade from Ubuntu 20.04 to 22.04? Why would you recommend this change?

**Edit:** It's just a slight speed boost, but still 
I've been using Ubuntu for years and have grown accustomed to its stability and reliability. But I did try the 22.04 version last weekend and noticed that some of my applications were running faster on the new OS. 

**Edit2:** I'm wondering if anyone else has experienced similar results, or is this just a one-off issue? Have you seen any significant improvements in application speeds since upgrading?"
"1170";"positive";"That's a great link! Donut caching, when using the WebFormViewEngine also works with the declarative control too."
"1171";"negative";"I'm just going through the same process! I was looking at this page: http://docs.oracle.com/javase/tutorial/jdbc/basics/connecting.html which starts talking about coffee shops! At that point I gave up. You've got to love java/oracle documentation!"
"1172";"negative";"I'm having trouble setting the default character set of my JVM . (and was a bit afraid of messing it up!)"
"1173";"neutral";"Make a canvas path glow by applying a series of overlapping shadows with increasing blurA Demo: http://jsfiddle.net/m1erickson/Z3Lx2/You can change the styling of the glow by varying the number of overlays and the blur size.Example code for a glow effect: To get the outline path of your phone image, you can use the ""marching ants"" algorithm.This algorithm will create a path that outlines an image. In your case you would define the image as all pixels that are not transparent.Here's a very good implementation of ""marching ants"" that is used in the excellent d3 library:https://github.com/d3/d3-plugins/blob/master/geom/contour/contour.jsIt's used like this:DrawImage your phone on the canvas. Get the pixel color array from the canvas using ctx.getImageData Define a function that checks the pixel array for non-transparent pixels at any x,y on the canvas. Call the contour function: Here's an example result:the glow is automatically generated using overlapping shadowsthe outline path of the phone is calculated using the marching ants algorithm"
"1174";"negative";"Because the ORDER BY RAND() method is terrible for performance. Note that he has 120,000 rows in his table."
"1175";"neutral";"Hey everyone, I'm at my wit's end here and I thought I'd get some help from someone who actually uses this thing..."
"1176";"neutral";"hi all, i've been trying to troubleshoot this issue for hours but i'm at a loss. I'm getting an error in my application saying that it's unable to connect to the database. I've checked that the connection string is correct and that the provider is installed correctly, so what could be causing this?

I've tried running the DBCC CHECKDB command on the database but it doesn't seem to have resolved the issue. Any ideas where I might be going wrong?"
"1177";"neutral";"XmlSimple is a part of Rails, but it's not dependent on Rails. You can install it into Ruby without installing all of Rails by using `gem install xml-simple`."
"1178";"negative";"The plan of making a mum/dad accessible UpgradeYourBrowser page was growing for me the last few days, but now caffeine and this bug just filled me with angry rage (the green kind)"
"1179";"neutral";"+1 The project has moved: https://github.com/nmosafi/aspcomet"
"1180";"negative";"If it's forms auth then yes, that's weird. I'm afraid I don't have any idea!"
"1181";"positive";"Very nice! +1"
"1182";"negative";"I have a BufferedWriter to which I use to write characters into a PipedInputStream. Based on keyboard events. But I am implementing a backspace handler, but I can see no way of doing so without unputc. I am almost falling back into using a string to buffer the current line. Perhaps, I could do a better job using Canvas instead. (God how I hate java!)"
"1183";"negative";"I get the following when I build locally I get this error when building locally or on the team foundation server. Not exactly sure how to solve it, have the iis app pool and web site running as the tfs user so it doesn't have any problem viewing the website but the error is really irritating as its always telling me my build is broken."
"1184";"positive";"excellent - thanks guys!"
"1185";"neutral";"I've been thinking about my grandma's old recipe book and I want to digitize it so I can share it with her who has mobility issues and doesn't know how to use a computer. However, I don't know where to start. Do anyone have any suggestions for a simple way to back up the files or a tool that can convert them to digital format?"
"1186";"neutral";"Nope. It comes right up."
"1187";"neutral";"Something along these lines, perhaps?"
"1188";"positive";"Hey fellow developers! Let's get this party started!"
"1189";"positive";"Excellent and simple."
"1190";"neutral";"Use case for me: So I can compare objects against a MSSQL Compact Entity without worrying about how they typed the fields. (I am comparing an object against a compact database where some fields are name isSomething and IsSomething.) In other words, for sake of laziness."
"1191";"positive";"Excellent, this works perfectly! Thank you :)"
"1192";"positive";"-1 (28 points)"
"1193";"negative";"@Aggieboy that's really sad, and I have to hand-code stuff ."
"1194";"positive";"I'm using Rob Con's repository pattern also - absolutely love it. But i'm not worrying about concurrency checks. I load the most recent object, then update the fields the submitchanges. I would look at seeing if you could use the Attach and/or timestamps. It's been a while since i've looking into linq + concurrency."
"1195";"positive";"I'd like to be able to see what registry keys are used for. A book on the registry would be fine as well. Info on Windows Vista changes would be great!"
"1196";"neutral";"templates are not inheritance"
"1197";"positive";"I was wondering - when making my website - how i can put a bottom margin that lifts an a-tag up. CSS: And here's also my html: I really hope you can help me out :) greetings form the Netherlands!"
"1198";"positive";"Excellent method and exactly what I need right now. I wish I could upvote this twice."
"1199";"negative";"Ugh, I'm so frustrated with my computer right now... "
"1200";"positive";"Hey fellow devs! I just wanted to share my excitement about a new framework I've been experimenting with - React 18! Have any of you guys had a chance to dive in and explore its features? I'm particularly stoked about the updated Virtual DOM rendering. It's been a game changer for me!"
"1201";"positive";"+1, excellent link, thanks (but then anything by Celko is bound to be!-)"
"1202";"positive";"i am writing a flash app that receives its data over a XMLSocket. On the testmachine that worked really fine, but now the data will be ssl secured. Is there any XMLSSLSocket or something similar available? If not XMLSocket a normal SSLSocket would be a great help as well."
"1203";"neutral";"I did a quick Google search and didn't see anything super-great to automate creation and updating of my google sitemap for the ruby on rails app. Any suggestions?"
"1204";"positive";"Great to hear! Good luck implementing. If you have any questions, feel free to ask :)"
"1205";"positive";"@Bober02 if u are in this industry sooner or later you will ""meet"" Martin Thompson's excellent blog, I'm glad to introduce you to it. :) http://mechanical-sympathy.blogspot.com/2011/07/memory-barriersfences.html Happy reading!"
"1206";"positive";"Excellent, thanks very much!"
"1207";"neutral";"How can I write the following SQL using CreateCriteria: Attach the model."
"1208";"neutral";"I may need to port a private application from android to windows phone 7."
"1209";"positive";"I'd really love this to work in IE. I'm not able to change the fact that tables should not be used here. IE is the only browser the project I'm working on is required to support. Here's the code: I've been using the Tryit Editor to play with this. Thanks in advance for your help!"
"1210";"neutral";"Try but short answer is"
"1211";"positive";"Well, you are really brave! Implementing a Linq provider all be yourself..."
"1212";"neutral";"Isn't this just 0xFFFFFFFF ?"
"1213";"positive";"Wow, great site, and people I got in an answer in less then 5 minutes! Thanks SLaks!"
"1214";"positive";"Hey fellow devs! I just found this game-changing tool in my GitHub repository and I'm obsessed! It's a simple but brilliant implementation of a caching library using React Hooks. The magic lies in how it utilizes the memoization feature to store frequently-used values, reducing unnecessary re-renders and improving performance by up to 50%! Has anyone else out there discovered this gem? What are some other productivity hacks you'd recommend for a developer's daily routine? Let's chat about optimizing our code and making it run like butter! #ReactHooks #Caching #GamingDevLife"
"1215";"positive";"I agree. Excellent update. +1."
"1216";"negative";"I had to do this once in Notes for a plugin I was developing. What I ended up doing was editing the Notes template in the designer, and then writing some LotusScript behind it that called a .NET class via a DLL. So when you clicked the button, it triggered the event in the LotusScript, and then called the DLL, and passed the item information to it. I should also note that it was a freakin' bear to figure out because Notes documentation is terrible."
"1217";"neutral";"+e766 // Include of header file FileName not used in module String"
"1218";"positive";"Take a look at this , and rejoice! :)"
"1219";"positive";"I really like Kate, and since it's a KPart, other KDE programs use it as the editor, so it's goodness everywhere! (why is everybody else assuming you use windows?)"
"1220";"neutral";"I am looking for a simple mode to to obtain automatic fit-to-window effect using a wx.grid.Grid object inside on of my window. By now my 4 column grid has many white space on the right but I find this very ugly, better if all column expand or collapse based on window size change! Is there a way to get this to works?"
"1221";"neutral";"@JonHanna Why, then, did he invoke ""Hoare's dictum""? Knuth's paper was more about clarity than about optimization. The quote never actually appears in the paper; rather, he wrote ""In our previous discussion we concluded that premature emphasis on efficiency is a big mistake which may well be the source of most programming complexity and grief""."
"1222";"neutral";"You can use"
"1223";"negative";"No. I cannot seem to be getting the module to work. Its really pain staking."
"1224";"negative";"@gnud: No, it's not an implementation detail. It makes it a pain when you've been given an integer in ""natural"" base (i.e. Jan=1) and you need to use it with the calendar API."
"1225";"positive";"No upvotes? I'll give you the first one!! Excellent domain issue regarding these kind of apps!"
"1226";"neutral";"well, without binding I only managed with: it redraws everything..."
"1227";"negative";"Oh, absolutely horrible practice. But still the answer he was looking for."
"1228";"positive";"Your example files are well-formed XHTML. Excellent! This means you can use a simple XSLT script. See"
"1229";"negative";"I'm at my wit's end with this UI/UX designer I've been working with. Every time I try to add a new feature or ask for feedback, they seem completely uninterested and dismissive of my concerns."
"1230";"neutral";"+1, @this is better than the accepted answer"
"1231";"positive";"We could, but that'd mean installing wsdl2ruby and so on and so forth. Sometimes Dog Slow is fine :-)"
"1232";"positive";"Thanks, this is extremely helpful!!"
"1233";"neutral";"We can do this quite neatly using numpy, without having to worry about the channels at all! output: input:"
"1234";"positive";"+1 for both the answer and the comments. Priceless :)"
"1235";"positive";"Excellent! it's very useful to me!"
"1236";"negative";"Is there a way to set ""work offline"" in TFS without having to try opening a solution, waiting for it to time out, and then having Visual Studio work out that it has failed? It seems a touch ridiculous that I can't just tick a box to tell it myself, seeing as I'm probably the one most qualified to know when I'm not in the office!"
"1237";"neutral";"@Lance: the first one is also executing. Compare it with a named constructor: this is actually also executing code. The same goes for the anonymous constructor... But that was not the question ;-)"
"1238";"positive";"I have an old friend who is a mathematician. He has his own math to compress his formulas, which are incredibly beautiful. He works in a program called Mathematica, which transforms the formulas for 3D-shapes. I wonder if it is possible to obtain these figures using Canvas and JavaScript? See attached formula and figure. I know little of this myself. But I would be delighted if some one could show me an example."
"1239";"positive";"Came here to improve my home-grown image resizer and discovered The ImageResizer Library. It's EXCELLENT. +1 for Computer Linguist!"
"1240";"neutral";"Derek, I'm familiar with the *beforefieldinit* ""optimization"" but, personally, I never worry about it."
"1241";"neutral";"When opening Adobe Acrobat Pro, whether it be through Applescript or finder, the introductory dialog is shown. Is there a way to not show this dialog without already having checked the ""Don't Show Again"" option when opening a document using Applescript? Photoshop and Illustrator Applescript libraries have ways of setting interaction levels and not showing dialogs, but I can't seem to find the option in Acrobat."
"1242";"neutral";"you might want to change your accepted answer, as per ** user9876**'s comment below."
"1243";"positive";"@Stilly.stack wooow I didn't know that that was important!! thanks a lot :)"
"1244";"negative";"I am having trouble with adding text to the RichTextBox with tabs in it. I have code similar to this: And when I do this I can see tabs in paragraphs that start with '\t' but if I actually delete the tab then press the Tab key, the indentation is wrong. In fact it's about half the size exactly. Also if I tab in the middle of a line the tabbing is different. Also when I pull the Text out of the TextRange lines that start with tabs appear to not generate '\t's generated by pressing the Tab key. This is incredibly frustrating. Does anyone have advice or ideas how to work with this?"
"1245";"negative";"In my android app i'm trying to share an Open Graph including an object and an action. In my facebook app i added a story: and (is this ok?). When i try to add an image to the object in the OG i get above error. This is my code: here's the logcat: What am i doing wrong? Maybe i'm messing up some strings in the story, facebook tutorial is awful!"
"1246";"neutral";"You should accept @Andreas Petersson's answer."
"1247";"negative";"clicking the zoom (or pan) button again, restores it. terribly silly - yes!"
"1248";"neutral";"Yes, GridBagLayout is really painful. But it's still powerful. In many cases, you cannot escape from it. Lets check this tiny utility to see it it ease your pain"
"1249";"negative";"For SQL Server 2005, I ALWAYS had to install the full product first, then Express second. If I did it the other way around, the full SQL install would see Express installed already, and would not continue with the install. It was extremely annoying. Not sure if they fixed this with 2008."
"1250";"negative";"I have created a VB.Net lending application for a cooperative that caters to widows. The application tracks the members' loans and payments, and is also used as an accounting system. In my first release, the users felt that showing a messagebox every time an error occurs is very annoying. My solution is to output errors in a label control. The users accepted the modification, but i feel i am doing it wrong."
"1251";"negative";"Have you tried removing 'preload' attribute? (Afraid I can't be much help otherwise!)"
"1252";"positive";"I have a virtual machine running windows 2003 server running MOSS 2007. This virtual machine is not being run on my dev machine, but on a different machine on the network. I can ping both the host and guest OS from my dev machine. I just need to know, if it is possible, how to configure visual studio 2008 to deploy the web parts/projects/etc to the remote VM when I do this: Any input will be greatly appreciated! Thanks."
"1253";"negative";"I'm sorry, but I didn't had an eye on this thread. I'm afraid the topic isn't hot anymore!?"
"1254";"positive";"Great :) thanks!"
"1255";"neutral";"When you submit a form, does the button that was clicked get posted also?"
"1256";"neutral";"IS there any way i can do that?"
"1257";"positive";"I'd be interested to hear how this works out. You are very brave :)"
"1258";"neutral";"Then what should you do?"
"1259";"positive";"Excellent - now if I set the main ImageView layout_weight to 3 and the inner LinearLayout to 1, I get the 75/25 effect I wanted too! Thanks Kevin!"
"1260";"negative";"no, it is extremely bad idea."
"1261";"negative";"7 seconds between asking and answering it yourself? Isn't that abusing the system a little?"
"1262";"neutral";"This question should be locked."
"1263";"neutral";"Why do people use ""*nix"" instead of just typing ""unix""? Are you afraid of a trademark lawsuit?"
"1264";"positive";"@Guffa: a *very* excellent question. There's not typically a good reason to do so."
"1265";"negative";"No, and I would be very afraid if there was."
"1266";"negative";"I recently worked on a product that was targeted to .NET 3.5. Out of hundreds of beta testers, I can probably count on one hand the number that already had .NET 3.5. The rest had to sit through the absolutely painful .NET 3.5 install from microsoft (~30 minutes, and most of the time the progress bar stays near 0 so people think it is broken)."
"1267";"positive";"Excellent, thanks for that!"
"1268";"negative";"@Suma How can this be a duplicate if the question you mentioned was posted a year after this one?"
"1269";"positive";"Excellent pair of web casts (30 minute videos) where Patrick Smacchia and Filip Ekberg talk through some of the features of nDepend and how to use them:"
"1270";"neutral";"In Sql Server 2005, set auto create statistics and auto update statistics. You won't have to worry about creating them or maintaining them yourself, since the database handles this very well itself."
"1271";"neutral";"http://stackoverflow.com/questions/576792/asp-mvc-server-requirements-is-server-2008-very-desirable"
"1272";"negative";"CorePlot: Candle Stick , how to set more distance between every stick when zoom in and zoom out? When i try to zoom out, it looks really terrible. How can i fix it?"
"1273";"positive";"I am looking to create my own gestures for my iPad app. I know this can be done but don't know where to start. I read that there is some sample code that can store your custom gestures so you can re use them. Think it was as ajson I'm looking to draw numbers as custom gestures but any sample code/tutorial where I can get an idea where to start I would be very great full! Thanks ahead."
"1274";"negative";"These will not jump: They are, however, soul destroying and extremely ugly."
"1275";"neutral";"dont mark this guy down. technically he is correct http://martinfowler.com/bliki/InversionOfControl.html IoC is a very general principal. Flow of control is ""inverted"" by dependency injection because you have effectively delegated dependancies to some external system (e.g. IoC container)"
"1276";"neutral";"question:** Why does my SSD's storage speed slow down over time? I've had it for a few months now.**answer Id:12345678"
"1277";"positive";"I've used Clojure, it's great for an ex-Lisper! I may do it opposite from you and learn Haskell next."
"1278";"neutral";"@NWest You can use a `@table` variable, which is immune from transaction rollbacks, to not need all kinds of heinous workarounds."
"1279";"negative";"james, the stack trace under that is just my function name. Nothing more. very frustrating :("
"1280";"neutral";"Why does 'a' equals 0 in MySQL?"
"1281";"negative";"This is an internal error *in the Python C code*. Something more heinous is going on here, I don't think this is an error in your Python code."
"1282";"negative";"On Win with MSVC there's but it's really horrible and you don't want to use it if you can possibly avoid it. Better to say that there are no exceptions."
"1283";"positive";"Excellent answer, thanks! Wish I could give you more points."
"1284";"positive";"<3 <3 <3 ! ! ! :)"
"1285";"positive";"Awesome drawing!"
"1286";"neutral";"Assets are bundled with your APK and they are read only. You cannot delete them in your app.If you're really worried about storage usage, consider alternative database distribution mechanisms such as downloading it over the network."
"1287";"positive";"Awesome work guys. Got to love the fact that the SO community are so fast that issues I can't solve alone don't particularly impact on my day! Thanks! :)"
"1288";"neutral";"Shoulld be:"
"1289";"neutral";"I'm afraid I don't know any answer other than to start looking around in your area for old hardware. The CPU isn't the only variable that can (usually) affect things. L1/L2 cache size, memory bus speed, memory speed/latency, hard drive speed, etc. are all significant factors in many applications."
"1290";"neutral";"BTW, which auto-generated headers are these?"
"1291";"negative";"I'm trying to bake my controllers but I keep getting the following error: It's making me frightfully sad, has anyone ever come across this?"
"1292";"negative";"Sorry to be a pain, but I have 2 questions. 1) But where is the log? I assumed that it would be in $ftpreturn. 2) How do I check the bytes sent?"
"1293";"positive";"I have a gridview with rows that can be edited, inserted etc. I wrapped it in an updatepanel to give it an AJAX effect and update the system without reloading the page. I recently got into using jQuery and webservices for my AJAX calls and I absolutely love how it works and how fast it is. I would like to know if it is possible, and if so then how, to update my gridview using jQuery AJAX methods."
"1294";"positive";"Excellent tips, thanks! Additionally you can try Clarity"
"1295";"negative";"I am SO frustrated with my current ISP. I've been trying to get decent internet speeds for weeks, but it's like they're intentionally trolling me online."
"1296";"negative";"I just wrote this function, so there are no versions to speak of... I'm afraid I'm not very faimiliar with mapping!"
"1297";"neutral";"I've got a project using Maven 2 as the build tool. I use Netbeans 6 as my IDE and really want to be able to use the profiler. How can I get this to work?"
"1298";"positive";"Great, excellent. You're welcome!"
"1299";"positive";"I want to have a base class which implements some 'conf' interface, then have a class that derive from base class but has its own version of conf class(deriving from 'baseconf'). At the end I would like to have a method with signature BaseProc(Of IBaseConf) Is it possible to write it like that or should I change it completely? The code looks like this: Any help will be really appreciate:) Thanks!"
"1300";"negative";"A copy of an infinitely long string terrifies me!"
"1301";"negative";"That's a really terrible way to read in all your files. Try this: This will return a list of data frames, each of which is the contents of the corresponding file. Or, if there are other csv files that you don't want to read in, you can restrict the specification: And to combine everything into one big data frame:"
"1302";"negative";"@afr0 I'm afraid I don't understand what you mean! That example is using an ajax call when creating a ProductViewModel object to get the data."
"1303";"positive";"Excellent! This works as well as I could have hoped, thanks alot"
"1304";"negative";"I've searched this and cannot find it. I've tried different plugins and different browsers (Firefox, Opera, and Chrome). I've tried most of the no flash plugins for each of those as well as disabling Flash plugins/addons in the settings. I also renamed the file in i found by searching the system. when i renamed it, makes Firefox and Chrome ask to install Flash, but still: returns: I'm not sure what else to try without uninstalling Flash, but that will be a total pain in the ass for this. I also REALLY don't want to use SWFObject just to see if Flash is at all installed which I can do simply with: Any ideas?"
"1305";"neutral";"q: What's the most frustrating thing about being a solo developer? A: How long it takes to get something up and running with minimal overhead (no fancy frameworks, no team, etc.).
A good solution is to just throw together what you have and hope for the best. And then find out that it's not scalable.
BUT, if anyone can make a decent thing happen solo, it's us developers ourselves!
"
"1306";"negative";"(and even worse, the + or - 10 is dependant on the order of registering the observers!)"
"1307";"neutral";"Is it possible to create images with PHP (as opposed to simply linking to them via HTML) and if so, where should I go first to learn about such a thing?"
"1308";"negative";"So to do this I would keep a list of axes and when I delete the contents of one I would swap it out with a full one. I think the example below solved the problem (or at least gives an idea of how to solve it): The extremely ugly for loop construct is really just a placeholder to give an example of how the axes can be swapped."
"1309";"positive";"I use Grunt to run my unit tests without assert modules, i just log what i need with grunt and use my ""custom"" coditions to check the variables's states and values. I was thinking about using mocha with grunt, but i am trying to find out how it will really change something when i run my tests. How my tests will be more valuable using mocha (for example) ? Regarding the success of these tools, i feel like i am missing something in their utility. If someone could explain to me how and when they are usefull, it would be really great !"
"1310";"neutral";"Is it possible you have an older version lying around in your bin folder? Another alternative is that some other code is comipled against the older version. If all else fails you can use to force your new version."
"1311";"neutral";"A generic ""Sum"" method would be a simple example. T Sum(IEnumerable sequence)"
"1312";"neutral";"Question: I'm feeling really down about my life right now. I feel like everything is just going wrong and I don't know how to turn things around.
"
"1313";"positive";"Excellent! Glad that sorted it"
"1314";"negative";"Ugh, just spent 4 hours trying to get this stupid feature working. Again. And now my entire day has been ruined because of a bug in the login system. This is ridiculous."
"1315";"positive";"There's a discussion related to this and one . Essentially, you use Invoke to accomplish it. Best of luck!"
"1316";"neutral";"What breaks when you use 1.6?"
"1317";"negative";"I think I've been using these terms interchangably / wrongly!"
"1318";"neutral";"@Jakub nope, theres 21. Look at Jon's answer. The file names are lying!"
"1319";"positive";"Very excited for my first post on SO! I would like to create an animation like in xcode I am not having much luck with what CABasicAnimation has to offer. Feels like I may need one of those fancy physics engines...(?) How would one properly begin do this? Thanks!"
"1320";"positive";"I can't get any event triggers to work. A simplified example of what I'm doing is below - I know there is a event on Border since it is defined in but I'm still getting Cannot convert string 'MouseEnter' in attribute 'RoutedEvent' to object of type 'System.Windows.RoutedEvent' as soon as i run the application. Any help would be hugely appreciated."
"1321";"neutral";"Also, it is worth including (in some fashion) the Service Pack downloads as well. In fact, depending on how your executables are built, you might be forced to install the Framework and the Service Packs."
"1322";"positive";"Excellent, exactly what I needed!"
"1323";"neutral";"For windows 7/8 http://superuser.com/questions/339465/creating-a-virtual-nic-on-windows-7/339475#339475"
"1324";"positive";"Excellent! Thanks for telling me about this. I'll be watching this."
"1325";"negative";"I'm a novice programmer who is attempting assembly for the first time. Sorry in advance if this is an incredibly lame question. I have a character stored in the EAX register, but I need to move it to my DL register. When I try: mov dl, eax I get an error C2443: operand size conflict. I know that the eax register is 32 bit while the dl is 8 bit... am I on to something?? How do I go about solving this."
"1326";"negative";"This would introduce scaling artifacts and might look extremely ugly."
"1327";"positive";"Span? That reminds me of a Monty Python... ""Span, lovely Span, wonderful Span!"""
"1328";"neutral";"You shouldn't rewrite history (rebase) after you've already pushed. If someone else pulls from that remote, and you rebase and push, you'll have terrible terrible merge conflicts."
"1329";"negative";"In the end the answer was - yes - indeed. It was simply a delay between me adding my google test account and it actually being recognised as such :@! Google should have a warning about this - in-app billing is a complete nightmare to code!"
"1330";"neutral";"Is there a way to call out from a TSQL stored procedure or function to a webservice?"
"1331";"positive";"[asked]: When should I use `async/await` in place of `while` loops when handling IO-bound tasks?

*Answered by u/asyncio-dev*

The best practice is to use `async/await` whenever possible, especially when working with asynchronous I/O. Here's why:

1. **Easier to read and write**: `async/await` allows you to break down complex code into smaller, more manageable chunks, making it easier for others (and yourself!) to understand the intent behind your code.

2. **Less boilerplate**: With `async/await`, you don't need to manually manage the context switching between threads, which can lead to performance issues and bugs. This makes your code more efficient and reliable.

3. **Better error handling**: When working with IO-bound tasks, errors are often hidden in the underlying system's response. Using `async/await` helps you catch these errors early on, allowing for better debugging and troubleshooting.

4. **Supports async/await syntax**: This allows you to use familiar asynchronous programming constructs like `try`, `await`, and `finally`. It also enables easier integration with existing frameworks and libraries that support async/await.

So, when should I prioritize using `async/await` over `while` loops? Well, it's generally a good idea to stick with the async/await approach whenever possible. However, there are some cases where `while` loops might be more suitable (e.g., when working with concurrent data structures or handling specific edge cases).

Hope this helps clarify things! Let me know if you have any questions or need further clarification.

Best regards,π [username]:

edit: thanks for the feedback, and I'll make sure to use async/await more consistently going forward."
"1332";"negative";"I have to setup a rails project and rubygems.org is seemed to be down. That's really horrible. Can't believe it the whole ruby community have only one single not-so-reliable gems source. What should I do in such case?"
"1333";"neutral";"Should be ColumnHeaderAutoResizeStyle::ColumnContent"
"1334";"negative";"Notably, the debugger shows the string *with* escape characters. When the string is printed in the console, the escape characters are not included. ""\""code\"""" vs. ""code"". This 100 character limit is very annoying as it prevents you from copying, say, a long JSON string and then immediately pasting that string (escape characters included) as a test string variable in your code."
"1335";"positive";"I wanna make popover for add new event when user will click to day (""select"" callback in jsEvent.pageX and jsEvent.pageY parameter but Idea where is this popup still sticked on clicked element looks better. So my working code for stick popup to some element : html I already tried something like this: But isn't working. Any help will very greatful!"
"1336";"negative";"I just had the worst experience with my current ISP. They've been throttling my internet speeds constantly. Can someone please help me figure out what's going on? 

"
"1337";"negative";"@Martinho: Indeed. But you have to learn an awful lot of C++ to understand WTF type traits do, and what the corresponding syntax means!"
"1338";"neutral";"I drew a circle using this code: how can i write a or event for this circle?"
"1339";"neutral";"how can we read http port in c#"
"1340";"negative";"The ToolStripManager is hopelessly broken. LoadSettings doesn't do a thing...and I'm evidently not the only one with this problem: https://connect.microsoft.com/VisualStudio/feedback/ViewFeedback.aspx?FeedbackID=128042 So...anyone have a workaround? The one posted in that thread just moved all the toolbars to the bottom of the window."
"1341";"negative";"I'm looking for as automatic way as possible. Surronding every query with a StopWatch would work, but it's a lot of work."
"1342";"positive";"Help with implementing pagination in ASP.NET Core Web API with Entity Framework Core for multiple pages of data
"
"1343";"positive";"@ShlomiHassid no worries!"
"1344";"negative";"Yes, I'm afraid so. Do you happen to have a ""Hello world"" haproxy conf that captures a cookie, and an example request that triggers it?"
"1345";"neutral";"Its not possible to just execute arbitrary code by being able to alter a string. Only when you output the string directly, or use it in SQL should you be really worried."
"1346";"neutral";"If your end goal is to add elements to your page, just manipulate the DOM directly. Don't use string concatenation to try to create HTML - what a pain! See how much more straightforward it is to just create your element, instead of the HTML that represents your element: Then, later when you put the element in your page, instead of setting the of the parent element, call :"
"1347";"neutral";"This seems to work."
"1348";"neutral";"Hey fellow developers, I just had one of those 'aha' moments where everything clicks into place after weeks of struggling with a particular issue. When something finally makes sense, it's like the universe has aligned perfectly for you to solve this problem. For me today, it was figuring out why my Angular app wasn't rendering correctly. After hours of research and debugging, I realized that the issue was caused by a misconfigured environment variable. Woohoo! Now my application is running smoothly again. How did others resolve similar issues?"
"1349";"neutral";"I have a Java application that's very String-heavy - it takes a feed of huge numbers of big, different String objects. Do I need to worry about the String Constant Pool for memory and performance? Is there any way to see how big the pool is at any point?"
"1350";"neutral";"http://screenhero.com/"
